"auto_id","quoteid","source","invoice_id","trams_remarks","total_amount","trams_received_amount","reference_no","balance_amount","payment_method","process_date","modified_date","modified_by","pay_type","added_on","added_by","cleared_date","cleared_by","is_reconciliated"
"1","2261017","initial",NULL,NULL,"41226",NULL,NULL,NULL,,NULL,NULL,,,"2024-11-08 11:15:23"," Mathew",NULL,NULL,NULL
"2","2261017",,NULL,"29/10/2024	TRAVEL CAREFREE INTERNATIONAL	32949		TDU23103",,"32949",,NULL,"12","2024-10-29 00:00:00",NULL,,"BANK TRANSFER","2024-11-08 11:29:50"," Mathew",NULL,NULL,NULL
"3","2261017",,NULL,"06/11/2024	TRAVEL CAREFREE INTERNATIONAL	17011		TDU23103",,"17011","TDU23103",NULL,"12","2024-11-17 00:00:00",NULL,,"BANK TRANSFER","2024-11-08 11:30:23"," Mathew",NULL,NULL,NULL
"4","2261017","final",NULL,NULL,"41856",NULL,NULL,NULL,,NULL,NULL,,,"2024-11-08 18:39:46","Kunal Ramchandani",NULL,NULL,NULL
"5","2259779","initial",NULL,NULL,"123519",NULL,NULL,NULL,,NULL,NULL,,,"2024-11-11 10:10:52"," Mathew",NULL,NULL,NULL
"6","2259779",,NULL,"06/11/2024	MAKEMYTRIP INDIA PRIVATE LIMITED	50000		TDU23077",,"50000","TDU23077",NULL,"12","2024-11-06 00:00:00",NULL,,"BANK TRANSFER","2024-11-11 10:11:49"," Mathew",NULL,NULL,NULL
"7","2347402","initial",NULL,NULL,"111992",NULL,NULL,NULL,,NULL,NULL,,,"2024-11-12 09:48:12"," Mathew",NULL,NULL,NULL
"8","2347402",,NULL,"11/11/2024	KESARI TOURS PVT LTD	77540		TDU23504",,"77540","TDU23504",NULL,"12","2024-11-11 00:00:00",NULL,,"BANK TRANSFER","2024-11-12 09:48:48"," Mathew",NULL,NULL,NULL
"9","2347188","initial",NULL,NULL,"30",NULL,NULL,NULL,,NULL,NULL,,,"2024-11-12 10:10:33"," Mathew",NULL,NULL,NULL
"10","2347188",,NULL,"04/10/2024	FLYREMIT PRIVATE LIMITED	24300		TDU23488",,"24300","TDU23488",NULL,"12","2024-10-04 00:00:00",NULL,,"BANK TRANSFER","2024-11-12 10:12:19"," Mathew",NULL,NULL,NULL
"11","2347188",,NULL,"8/10/2024	FLYWIRE	5921	TDU23488",,"5921","TDU23488",NULL,"12","2024-10-08 00:00:00",NULL,,"FLYWIRE","2024-11-12 10:13:12"," Mathew",NULL,NULL,NULL
"12","2347213","initial",NULL,NULL,"29873",NULL,NULL,NULL,,NULL,NULL,,,"2024-11-12 10:14:56"," Mathew",NULL,NULL,NULL
"13","2347213",,NULL,"12/09/2024	JETCHOICE TOURS AND TRAVELS PRIVATE	6500		TDU22070",,"6500","TDU22070",NULL,"12","2024-09-12 00:00:00",NULL,,"BANK TRANSFER","2024-11-12 10:15:39"," Mathew",NULL,NULL,NULL
"14","2347213",,NULL,"04/10/2024	JET CHOICE TOUR AND TRAVELS PVT LTD	24610		TDU22070",,"24610","TDU22070",NULL,"12","2024-10-04 00:00:00",NULL,,"BANK TRANSFER","2024-11-12 10:16:16"," Mathew",NULL,NULL,NULL
"18","2228623","initial",NULL,NULL,"25108",NULL,NULL,NULL,,NULL,NULL,,,"2024-11-25 21:14:23","Hemant Dongrani",NULL,NULL,NULL
"19","2347122","initial",NULL,NULL,"91251",NULL,NULL,NULL,,NULL,NULL,,,"2024-12-02 22:20:08","Rakesh Mulchandani",NULL,NULL,NULL
"20","2347451","initial",NULL,NULL,"98466",NULL,NULL,NULL,,NULL,NULL,,,"2024-12-03 01:11:56","Rakesh Mulchandani",NULL,NULL,NULL
"24","2347122",,NULL,,,"69926","TDU20279",NULL,"12","2024-11-22 00:00:00",NULL,,"BANK TRANSFER","2024-12-03 09:44:28","Job Mathew",NULL,NULL,NULL
"25","2347451",,NULL,,,"75514","TDU23505",NULL,"12","2024-11-25 00:00:00",NULL,,"BANK TRANSFER","2024-12-03 11:06:10","Job Mathew",NULL,NULL,NULL
"26","2347157","initial",NULL,NULL,"18681",NULL,NULL,NULL,,NULL,NULL,,,"2024-12-13 15:29:51","Job Mathew",NULL,NULL,NULL
"27","2347157",,NULL,"23/11/2024	COMMONWEALTH TRAVEL SERVICE CORPORA	9143",,"9143","TDU22685",NULL,"12","2024-11-23 00:00:00",NULL,,"BANK TRANSFER","2024-12-13 15:32:04","Job Mathew",NULL,NULL,NULL
"28","2347157",,NULL,,,"9372","TDU22685",NULL,"12","2024-12-12 00:00:00",NULL,,"BANK TRANSFER","2024-12-13 15:32:32","Job Mathew",NULL,NULL,NULL
"30","2259779",,NULL,,,"69100","TDU23077",NULL,"12","2024-11-27 00:00:00",NULL,,"BANK TRANSFER","2024-12-13 17:49:19","Job Mathew",NULL,NULL,NULL
"33","40","initial",NULL,NULL,"43441",NULL,NULL,NULL,,NULL,NULL,,,"2024-12-23 09:56:01","Job Mathew",NULL,NULL,NULL
"34","40",,NULL,"21/11/2024	PAPH TRAVEL AND TOURS	16201		TDU19615",,"16201","TDU19615",NULL,"12","2024-11-21 00:00:00",NULL,,"BANK TRANSFER","2024-12-23 09:57:01","Job Mathew",NULL,NULL,NULL
"35","40",,NULL,"23/12/2024	PAPH TRAVEL AND TOURS	21123		TDU19615",,"21123","TDU19615",NULL,"12","2024-12-23 00:00:00",NULL,,"BANK TRANSFER","2024-12-23 15:44:03","Job Mathew",NULL,NULL,NULL
"37","40","final",NULL,NULL,"43411",NULL,NULL,NULL,,NULL,NULL,,,"2024-12-23 18:24:40","Prasanta Dawn",NULL,NULL,NULL
"38","2347898","initial",NULL,NULL,"2094",NULL,NULL,NULL,,NULL,NULL,,,"2024-12-23 21:19:41","Karthik Suriyan",NULL,NULL,NULL
"42","2228623","initial",NULL,NULL,"30556",NULL,NULL,NULL,,NULL,NULL,,,"2024-12-26 21:04:44","Karthik Suriyan",NULL,NULL,NULL
"43","2228623","initial",NULL,NULL,"30556",NULL,NULL,NULL,,NULL,NULL,,,"2024-12-26 21:04:48","Karthik Suriyan",NULL,NULL,NULL
"45","2228623",,NULL,"Fast Transfer From SHINE CLEANING AND GA",,"8000","tdu22708",NULL,"12","2024-12-14 00:00:00",NULL,,"Bank transfer ","2024-12-26 21:10:06","Arya Prajapati",NULL,NULL,NULL
"46","2228623",,NULL,"Fast Transfer From METRO SUPPLIER PTY LT",,"9545","TDU22708",NULL,"12","2024-12-14 00:00:00",NULL,,"Bank transfer ","2024-12-26 21:10:57","Arya Prajapati",NULL,NULL,NULL
"47","2228623",,NULL,"AVILA TOURS AND TRAVELS PRIVATE LIM",,"6891","TDU22708",NULL,"12","2024-12-14 00:00:00",NULL,,"Bank transfer ","2024-12-26 21:11:46","Arya Prajapati",NULL,NULL,NULL
"48","2228623",,NULL,"VIRA & CO PTY LTD",,"6120","TDU22708",NULL,"12","2024-12-18 00:00:00",NULL,,"Bank transfer ","2024-12-26 21:21:51","Arya Prajapati",NULL,NULL,NULL
"50","2228623","final",NULL,NULL,"30526",NULL,NULL,NULL,,NULL,NULL,,,"2024-12-26 21:24:29","Karthik Suriyan",NULL,NULL,NULL
"53","2347763",,NULL,"AVILA TOURS AND TRAVELS PRIVATE LIM",,"36008.56","TDU25107G",NULL,"12","2024-12-11 00:00:00",NULL,,"Bank transfer ","2024-12-27 14:43:33","Arya Prajapati",NULL,NULL,NULL
"54","2347763",,NULL,"AVILA TOURS AND TRAVELS PRIVATE LIM",,"20676.5","TDU25107G",NULL,"12","2024-12-27 00:00:00",NULL,,"Bank transfer ","2024-12-27 14:44:32","Arya Prajapati",NULL,NULL,NULL
"56","2347788","initial",NULL,NULL,"4962.12",NULL,NULL,NULL,,NULL,NULL,,,"2024-12-30 18:16:43","Arun Karotiya",NULL,NULL,NULL
"57","2347788",,NULL,"NA",,"4962.12","TDU25116G",NULL,"12","2024-12-31 00:00:00",NULL,,"Bank transfer ","2024-12-31 15:57:40","Arya Prajapati",NULL,NULL,NULL
"58","2347788","final",NULL,NULL,"4932.12",NULL,NULL,NULL,,NULL,NULL,,,"2024-12-31 15:59:25","Rakesh Mulchandani",NULL,NULL,NULL
"59","2347788",,NULL,,,"1",,NULL,"12","2024-12-31 00:00:00",NULL,,"Bank Transfer","2024-12-31 16:10:27","Abhishek Sonthalia",NULL,NULL,NULL
"66","2347638","initial",NULL,NULL,"3715",NULL,NULL,NULL,,NULL,NULL,,,"2025-01-07 11:46:16","Maharshi Mankodi",NULL,NULL,NULL
"68","2347064",,NULL,"03/01/2025	1/RAGHUVEER R PATLOLLA	17,501.20",,"17501.2","TDU21779",NULL,"12","2025-01-09 00:00:00",NULL,,"BANK TRANSFER","2025-01-09 10:26:41","Job Mathew",NULL,NULL,NULL
"69","2347637",,NULL,"09/01/2025	1/MERCHANTRADE ASIA SDN. BHD.	7121",,"7121","TDU25053G",NULL,"12","2025-01-09 00:00:00",NULL,,"BANK TRANSFER","2025-01-09 14:01:47","Job Mathew",NULL,NULL,NULL
"71","2347638",,NULL,"10 Jan 2025 Merchantrade Asia Sd$3,715.00",,"3715","TDU25054G",NULL,"12","2025-01-10 00:00:00",NULL,,"BANK TRANSFER","2025-01-10 10:39:24","Job Mathew",NULL,NULL,NULL
"72","2348193","initial",NULL,NULL,"9583",NULL,NULL,NULL,,NULL,NULL,,,"2025-01-12 05:32:45","Pankaj Bisht",NULL,NULL,NULL
"73","2347649",,NULL,"03/01/2025	SANJAY+HEMA SHAH 2011 TR	15168.45		TDU21042/ TDU25057G",,"15168.45","TDU21042/ TDU25057G",NULL,"12","2025-01-03 00:00:00",NULL,,"BANK TRANSFER","2025-01-13 10:39:48","Job Mathew",NULL,NULL,NULL
"74","40",,NULL,"30/12/2024	PAPH TRAVEL AND TOURS	6104		TDU19615 ",,"6104","TDU19615 ",NULL,"12","2024-12-30 00:00:00",NULL,,"BANK TRANSFER","2025-01-13 10:50:01","Job Mathew",NULL,NULL,NULL
"75","18",,NULL,"02/10/2024	FLYREMIT PRIVATE LIMITED	41884		TDU15168",,"41884","TDU15168",NULL,"12","2024-10-02 00:00:00",NULL,,"BANK TRANSFER","2025-01-13 10:52:09","Job Mathew",NULL,NULL,NULL
"76","23",,NULL,"06/10/2024	PARTHKUMAR PATEL Work payment	20000	TDU17642	",,"20000","TDU17642",NULL,"12","2024-10-06 00:00:00",NULL,,"BANK TRANSFER","2025-01-13 10:55:22","Job Mathew",NULL,NULL,NULL
"78","23",,NULL,"31/10/2024	PRAHAAN HOLIDAYS	45011		TDU17642",,"45011","TDU17642",NULL,"12","2024-10-31 00:00:00",NULL,,"BANK TRANSFER","2025-01-13 10:56:42","Job Mathew",NULL,NULL,NULL
"79","23",,NULL,"14/11/2024	FLYREMIT PRIVATE LIMITED TO	30000		TDU17642",,"30000","TDU17642",NULL,"12","2024-11-14 00:00:00",NULL,,"BANK TRANSFER","2025-01-13 10:57:38","Job Mathew",NULL,NULL,NULL
"80","2275421",,NULL,"28/10/2024	INFINITY TOURS	65011		TDU23342 ",,"65011","TDU23342 ",NULL,"12","2024-10-28 00:00:00",NULL,,"BANK TRANSFER","2025-01-13 11:03:07","Job Mathew",NULL,NULL,NULL
"81","2348193",,NULL,"BFN received from SOTC",,"9583.00","CFT 2500079",NULL,"12","2025-01-08 00:00:00",NULL,,"BFN","2025-01-13 17:14:31","Arya Prajapati",NULL,NULL,NULL
"82","2347649",,NULL,,,"8880","TDU25057G/TDU21042",NULL,"12","2024-12-18 00:00:00",NULL,,"BANK TRANSFER","2025-01-14 12:29:02","Job Mathew",NULL,NULL,NULL
"84","2347649",,NULL,,,"5455","TDU25057G/TDU21042",NULL,"12","2024-12-17 00:00:00",NULL,,"BANK TRANSFER","2025-01-14 12:29:53","Job Mathew",NULL,NULL,NULL
"91","2347643","initial",NULL,NULL,"93625",NULL,NULL,NULL,,NULL,NULL,,,"2025-01-16 01:20:29","Arun Karotiya",NULL,NULL,NULL
"92","2347064",,NULL,"30/12/2024	Rajput,Hu&Sh	3000		TDU24727G/TDU21779",,"3000","TDU24727G/TDU21779",NULL,"12","2024-12-30 00:00:00",NULL,,"BANK TRANSFER","2025-01-16 18:08:31","Job Mathew",NULL,NULL,NULL
"93","2347064",,NULL,"10/01/2025	R R Patlolla, V K R	1000		TDU24727G/TDU21779",,"1000","TDU24727G/TDU21779",NULL,"12","2025-01-10 00:00:00",NULL,,"BANK TRANSFER","2025-01-16 18:09:36","Job Mathew",NULL,NULL,NULL
"95","2347064",,NULL,"13/01/2025	Patel,Jayeshk	10000		TDU24727G/TDU21779",,"10000","TDU24727G/TDU21779",NULL,"12","2025-01-10 00:00:00",NULL,,"BANK TRANSFER","2025-01-16 18:10:47","Job Mathew",NULL,NULL,NULL
"97","2348223","initial",NULL,NULL,"2738.84",NULL,NULL,NULL,,NULL,NULL,,,"2025-01-18 19:42:29","Nishant Dhaybar",NULL,NULL,NULL
"98","2348223","final",NULL,NULL,"2708.84",NULL,NULL,NULL,,NULL,NULL,,,"2025-01-18 19:43:03","Nishant Dhaybar",NULL,NULL,NULL
"99","2348223",,NULL,"TRAIL BLAZER TOURS INDIA PVT LTD    2740",,"2740","TDU30265",NULL,"12","2025-01-14 00:00:00",NULL,,"Bank transfer ","2025-01-18 19:46:35","Nishant Dhaybar",NULL,NULL,NULL
"102","2347378","initial",NULL,NULL,"79840",NULL,NULL,NULL,,NULL,NULL,,,"2025-01-21 02:16:31","Dhiraj Salvi",NULL,NULL,NULL
"108","2348413","initial",NULL,NULL,"2416",NULL,NULL,NULL,,NULL,NULL,,,"2025-01-22 17:34:14","Job Mathew",NULL,NULL,NULL
"109","2347064",,NULL,"R R Patlolla, V K R",,"16023","TDU24727G/TDU21779",NULL,"12","2025-01-13 00:00:00",NULL,,"Bank transfer ","2025-01-22 18:52:13","Arya Prajapati",NULL,NULL,NULL
"110","2347064","initial",NULL,NULL,"47554",NULL,NULL,NULL,,NULL,NULL,,,"2025-01-22 18:52:50","Arya Prajapati",NULL,NULL,NULL
"120","2311427",,NULL,"1/RAGHUVEER R PATLOLLA",,"17410.3","TDU24060G",NULL,"12","2024-12-27 00:00:00",NULL,,"Bank transfer ","2025-01-22 21:34:53","Arya Prajapati",NULL,NULL,NULL
"121","2311427",,NULL,"1/RAGHUVEER R PATLOLLA",,"6511.68","TDU24060G",NULL,"12","2024-12-30 00:00:00",NULL,,"Bank transfer ","2025-01-22 21:36:04","Arya Prajapati",NULL,NULL,NULL
"123","2311427",,NULL,"R R Patlolla, V K R",,"1095","TDU24060G",NULL,"12","2025-01-13 00:00:00",NULL,,"Bank transfer ","2025-01-22 21:37:45","Arya Prajapati",NULL,NULL,NULL
"124","2311427",,NULL,"1/RAJESHWARI MALLAGARI",,"17477.63","TDU24060G",NULL,"12","2025-01-17 00:00:00",NULL,,"Bank transfer ","2025-01-22 21:41:27","Arya Prajapati",NULL,NULL,NULL
"125","2311427",,NULL,"Mr H B Abdullah And",,"20000","TDU24060G",NULL,"12","2025-01-21 00:00:00",NULL,,"Bank transfer ","2025-01-22 21:43:48","Arya Prajapati",NULL,NULL,NULL
"126","2311427",,NULL,"Abdullah H B",,"5000","TDU24060G",NULL,"12","2025-01-21 00:00:00",NULL,,"Bank transfer ","2025-01-22 21:44:45","Arya Prajapati",NULL,NULL,NULL
"127","2311427",,NULL,"1/RAJESHWARI MALLAGARI",,"16273","TDU24060G",NULL,"12","2025-01-22 00:00:00",NULL,,"Bank transfer ","2025-01-22 21:50:03","Arya Prajapati",NULL,NULL,NULL
"129","2348408",,NULL,"Fast Transfer From travel star pte",,"1694","TDU26705 ",NULL,"12","2025-01-23 00:00:00",NULL,,"Bank transfer ","2025-01-23 18:13:00","Arya Prajapati",NULL,NULL,NULL
"130","2348408","initial",NULL,NULL,"1716",NULL,NULL,NULL,,NULL,NULL,,,"2025-01-23 18:13:12","Arya Prajapati",NULL,NULL,NULL
"137","2348545",,NULL,"TDU30458",,"2120","TDU30458",NULL,"12","2025-01-23 00:00:00",NULL,,"FLYWIRE ","2025-01-24 14:05:08","Job Mathew",NULL,NULL,NULL
"138","2348545","final",NULL,NULL,"2120",NULL,NULL,NULL,,NULL,NULL,,,"2025-01-24 14:06:49","Lee N",NULL,NULL,NULL
"139","2348545","initial",NULL,NULL,"2150",NULL,NULL,NULL,,NULL,NULL,,,"2025-01-24 14:21:49","Lee N",NULL,NULL,NULL
"140","2347643",,NULL,"SOMANS LEISURE TOURS INDIA PRIVATE",,"40000","TDU25055G",NULL,"12","2025-01-23 00:00:00",NULL,,"Bank transfer ","2025-01-24 15:46:00","Arya Prajapati",NULL,NULL,NULL
"141","2348185",,NULL,"22/01/2025	EXPRESS HOLIDAYS	9976		TDU25198G",,"9976","TDU25198G",NULL,"12","2025-01-22 00:00:00",NULL,,"BANK TRANSFER","2025-01-24 16:01:10","Job Mathew",NULL,NULL,NULL
"143","2348185",,NULL,"24/01/2025	EXPRESS HOLIDAYS		15976	TDU25198G",,"15976","TDU25198G",NULL,"12","2025-01-24 00:00:00",NULL,,"BANK TRANSFER","2025-01-24 16:02:29","Job Mathew",NULL,NULL,NULL
"144","2347645",,NULL,"20/01/2025	SOMAN S LEISURE TOURS INDIA 
37669	TDU23528/TDU25056G",,"37669","TDU23528/TDU25056G",NULL,"12","2025-01-20 00:00:00",NULL,,"BANK TRANSFER","2025-01-24 17:03:53","Job Mathew",NULL,NULL,NULL
"145","2348388",,NULL,"RISING STAR TOURS AND TRAVELS",,"2510","TDU26318",NULL,"12","2025-01-16 00:00:00",NULL,,"Bank transfer ","2025-01-24 23:23:36","Arya Prajapati",NULL,NULL,NULL
"146","2348463",,NULL,"TRAVEL STAR PTE LTD",,"2914.44","TDU30412",NULL,"12","2025-01-27 00:00:00",NULL,,"Bank transfer ","2025-01-27 16:11:40","Arya Prajapati",NULL,NULL,NULL
"147","2348459",,NULL,"MORNING STAR TRAVELS PRIVATE LIMITE
",,"6750","TDU30409",NULL,"12","2025-01-23 00:00:00",NULL,,"Bank transfer ","2025-01-27 18:11:51","Arya Prajapati",NULL,NULL,NULL
"150","2347098","initial",NULL,NULL,"114270",NULL,NULL,NULL,,NULL,NULL,,,"2025-01-28 10:36:03","Job Mathew",NULL,NULL,NULL
"151","2347098",,NULL,"23/01/2025	Mr H B Abdullah And	20000",,"20000","TDU24749G",NULL,"12","2025-01-23 00:00:00",NULL,,"BANK TRANSFER","2025-01-28 10:36:55","Job Mathew",NULL,NULL,NULL
"152","2348459","final",NULL,NULL,"7634",NULL,NULL,NULL,,NULL,NULL,,,"2025-01-28 11:35:09","Job Mathew",NULL,NULL,NULL
"153","2348185",,NULL,"28/01/2025    EXPRESS HOLIDAYS        19976    TDU25198G
",,"19976","TDU25198G",NULL,"12","2025-01-28 00:00:00",NULL,,"BANK TRANSFER","2025-01-28 17:51:40","Job Mathew",NULL,NULL,NULL
"155","2347898",,NULL,,,"2080","TDU25172G",NULL,"12","2024-12-31 00:00:00",NULL,,"BANK TRANSFER","2025-01-29 10:51:02","Job Mathew",NULL,NULL,NULL
"156","2347432",,NULL,"28/01/2025	TRILOCHAN TRAVEL AND TOURISM W L L		30538.46	TDU24943G / TDU24729",,"30538.46","TDU24943G / TDU24729",NULL,"12","2025-01-28 00:00:00",NULL,,"BANK TRANSFER","2025-01-29 11:04:28","Job Mathew",NULL,NULL,NULL
"157","2348185",,NULL,,,"14976","TDU25198g",NULL,"12","2025-01-29 00:00:00",NULL,,"BANK TRANSFER","2025-01-29 15:21:44","Job Mathew",NULL,NULL,NULL
"158","2311427","initial",NULL,NULL,"125544",NULL,NULL,NULL,,NULL,NULL,,,"2025-01-29 23:51:01","Arun Karotiya",NULL,NULL,NULL
"159","2348459",,NULL,"XTT247320992
",,"150","TDU30409",NULL,"12","2025-01-28 00:00:00",NULL,,"Credit card","2025-01-30 00:15:25","Arya Prajapati",NULL,NULL,NULL
"161","2348459","initial",NULL,NULL,"6781",NULL,NULL,NULL,,NULL,NULL,,,"2025-01-31 10:20:26","Lee N",NULL,NULL,NULL
"164","2311427",,NULL,"KISHORE PULAGAM",,"15595.67","TDU24060G",NULL,"12","2025-01-31 00:00:00",NULL,,"Bank transfer ","2025-01-31 17:31:18","Arya Prajapati",NULL,NULL,NULL
"165","2311427",,NULL,"1/NIKHILA VUMMENTHALA",,"16569.1","TDU24060G",NULL,"12","2025-01-31 00:00:00",NULL,,"Bank transfer ","2025-01-31 17:32:11","Arya Prajapati",NULL,NULL,NULL
"166","2347469",,NULL,"53 TAKEOFFS PRIVATE LIMITED",,"8535","TDU24967",NULL,"12","2025-02-03 00:00:00",NULL,,"Bank transfer ","2025-02-03 18:28:53","Arya Prajapati",NULL,NULL,NULL
"167","2348406",,NULL,"SOTC",,"3918","TDU30372",NULL,"12","2025-02-03 00:00:00",NULL,,"BFN","2025-02-03 18:32:59","Arya Prajapati",NULL,NULL,NULL
"168","2348406","initial",NULL,NULL,"3948",NULL,NULL,NULL,,NULL,NULL,,,"2025-02-03 18:33:13","Arya Prajapati",NULL,NULL,NULL
"169","2349450","initial",NULL,NULL,"948",NULL,NULL,NULL,,NULL,NULL,,,"2025-02-03 21:39:29","Priyanka Pandav",NULL,NULL,NULL
"170","2347645",,NULL,"SOMANS LEISURE TOURS INDIA PRIVATE",,"20000","TDU25056G",NULL,"12","2025-02-03 00:00:00",NULL,,"Bank transfer ","2025-02-03 22:17:56","Arya Prajapati",NULL,NULL,NULL
"172","2347643",,NULL,"SOMANS LEISURE TOURS INDIA PRIVATE
",,"35000","TDU25055G",NULL,"12","2025-02-03 00:00:00",NULL,,"Bank transfer ","2025-02-03 22:22:09","Arya Prajapati",NULL,NULL,NULL
"173","2347432",,NULL,"Fast Transfer From Inv 2673",,"16513","TDU24943G",NULL,"12","2025-01-30 00:00:00",NULL,,"Bank transfer ","2025-02-03 22:24:07","Arya Prajapati",NULL,NULL,NULL
"174","2348463","initial",NULL,NULL,"2948",NULL,NULL,NULL,,NULL,NULL,,,"2025-02-04 12:32:55","Maharshi Mankodi",NULL,NULL,NULL
"175","2348463",,NULL,,,"3.56",,NULL,"12","2025-02-04 00:00:00",NULL,,"BANK CHARGES","2025-02-04 12:35:54","Job Mathew",NULL,NULL,NULL
"176","2347432","initial",NULL,NULL,"50094",NULL,NULL,NULL,,NULL,NULL,,,"2025-02-04 12:36:50","Job Mathew",NULL,NULL,NULL
"177","2348251",,NULL,"Fast Transfer From NAVINKUMAR PATEL",,"4915","TDU30279",NULL,"12","2025-02-02 00:00:00",NULL,,"Bank transfer ","2025-02-04 16:08:46","Arya Prajapati",NULL,NULL,NULL
"178","2348251","initial",NULL,NULL,"4946",NULL,NULL,NULL,,NULL,NULL,,,"2025-02-04 16:09:05","Arya Prajapati",NULL,NULL,NULL
"179","2348251",,NULL,"bank charges",,"1","TDU30279",NULL,"12","2025-02-02 00:00:00",NULL,,"Bank transfer ","2025-02-04 16:12:24","Arya Prajapati",NULL,NULL,NULL
"181","2348349","initial",NULL,NULL,"1042",NULL,NULL,NULL,,NULL,NULL,,,"2025-02-04 18:12:13","Maharshi Mankodi",NULL,NULL,NULL
"182","2186233",,NULL,"05/02/2025	PARICHAY TOUR HOLIDAYS		5000	TDU22242G",,"5000","TDU22242G",NULL,"12","2025-02-05 00:00:00",NULL,,"BANK TRANSFER","2025-02-06 10:35:56","Job Mathew",NULL,NULL,NULL
"184","2348452","initial",NULL,NULL,"3486",NULL,NULL,NULL,,NULL,NULL,,,"2025-02-09 11:56:32","Maharshi Mankodi",NULL,NULL,NULL
"185","2349450",,NULL,,,"955","TDU25314G",NULL,"12","2025-02-07 00:00:00",NULL,,"BANK TRANSFER","2025-02-10 10:51:32","Job Mathew",NULL,NULL,NULL
"186","2348185",,NULL,,,"3755","TDU25198G",NULL,"12","2025-02-07 00:00:00",NULL,,"BANK TRANSFER","2025-02-10 10:52:38","Job Mathew",NULL,NULL,NULL
"187","2347098",,NULL,,,"17252.15","TDU24749G",NULL,"12","2025-02-10 00:00:00",NULL,,"BANK TRANSFER","2025-02-10 14:11:12","Job Mathew",NULL,NULL,NULL
"188","2347378",,NULL,,,"40000","TDU24192g",NULL,"12","2025-01-28 00:00:00",NULL,,"BANK TRANSFER","2025-02-10 15:26:20","Job Mathew",NULL,NULL,NULL
"189","2347378",,NULL,,,"23952","TDU24192g",NULL,"12","2025-02-07 00:00:00",NULL,,"BANK TRANSFER","2025-02-10 15:26:50","Job Mathew",NULL,NULL,NULL
"190","2348452",,NULL,,,"5002","TDU25247G",NULL,"12","2025-02-10 00:00:00",NULL,,"BANK TRANSFER","2025-02-11 12:32:32","Job Mathew",NULL,NULL,NULL
"191","2349400",,NULL,"XTT2025-02-11",,"2348","TDU30548",NULL,"12","2025-02-07 00:00:00",NULL,,"Credit card","2025-02-12 16:13:13","Arya Prajapati",NULL,NULL,NULL
"192","2347331",,NULL,,,"12179","TDU24882G",NULL,"12","2025-02-03 00:00:00",NULL,,"BANK TRANSFER","2025-02-12 17:13:27","Job Mathew",NULL,NULL,NULL
"193","2349548",,NULL,"Thomas Cook(BFN)",,"6140","TDU30643",NULL,"12","2025-02-12 00:00:00",NULL,,"BFN","2025-02-12 21:37:04","Arya Prajapati",NULL,NULL,NULL
"194","2349548","initial",NULL,NULL,"6170",NULL,NULL,NULL,,NULL,NULL,,,"2025-02-12 21:37:55","Arya Prajapati",NULL,NULL,NULL
"196","2347098",,NULL,,,"28194.03","TDU24749G",NULL,"12","2025-02-14 00:00:00",NULL,,"BANK TRANSFER","2025-02-14 13:39:22","Job Mathew",NULL,NULL,NULL
"199","2348226",,NULL,,,"5000","TDU25205G",NULL,"12","2025-02-05 00:00:00",NULL,,"BANK TRANSFER","2025-02-14 13:41:51","Job Mathew",NULL,NULL,NULL
"200","2348226",,NULL,,,"30000","TDU25205G",NULL,"12","2025-02-14 00:00:00",NULL,,"BANK TRANSFER","2025-02-14 13:42:42","Job Mathew",NULL,NULL,NULL
"201","51",,NULL,"BLUE SKY TRAVEL HUB",,"60011.42","TDU00026G/TDU21092",NULL,"12","2025-02-13 00:00:00",NULL,,"Bank transfer ","2025-02-14 14:20:13","Arya Prajapati",NULL,NULL,NULL
"202","2347098",,NULL,"Abdullah H B",,"2300","TDU24749G",NULL,"12","2025-02-04 00:00:00",NULL,,"Bank transfer ","2025-02-14 14:23:05","Arya Prajapati",NULL,NULL,NULL
"204","2349400","initial",NULL,NULL,"2048",NULL,NULL,NULL,,NULL,NULL,,,"2025-02-14 14:58:20","Arya Prajapati",NULL,NULL,NULL
"206","18","final",NULL,NULL,"46052",NULL,NULL,NULL,,NULL,NULL,,,"2025-02-14 15:16:47","Lee N",NULL,NULL,NULL
"208","2347606",,NULL,,,"28930","TDU25204G",NULL,"12","2025-02-14 00:00:00",NULL,,"BANK TRANSFER","2025-02-14 17:31:22","Job Mathew",NULL,NULL,NULL
"209","2348352","initial",NULL,NULL,"7130",NULL,NULL,NULL,,NULL,NULL,,,"2025-02-14 17:59:17","Maharshi Mankodi",NULL,NULL,NULL
"212","2348352","final",NULL,NULL,"6260",NULL,NULL,NULL,,NULL,NULL,,,"2025-02-14 18:31:36","Maharshi Mankodi",NULL,NULL,NULL
"214","2349463","initial",NULL,NULL,"3602",NULL,NULL,NULL,,NULL,NULL,,,"2025-02-15 17:41:30","Job Mathew",NULL,NULL,NULL
"215","2349463",,NULL,"Kunal approval - 15/02/2024",,"3572","TDU30856",NULL,"12","2025-02-15 00:00:00",NULL,,"BANK TRANSFER","2025-02-15 17:42:37","Job Mathew",NULL,NULL,NULL
"218","2348231","initial",NULL,NULL,"2578",NULL,NULL,NULL,,NULL,NULL,,,"2025-02-19 01:57:00","Pankaj Bisht",NULL,NULL,NULL
"219","2348352",,NULL,,,"6260","TDU25232G",NULL,"12","2025-02-18 00:00:00",NULL,,"BANK TRANSFER","2025-02-19 11:21:06","Job Mathew",NULL,NULL,NULL
"220","2347649",,NULL,"Fast Transfer From PIYUSHKUMAR PATEL",,"9523","TDU25057G/TDU21042",NULL,"12","2025-02-17 00:00:00",NULL,,"Bank transfer ","2025-02-19 19:42:58","Arya Prajapati",NULL,NULL,NULL
"221","2186233",,NULL,,,"20000","TDU22242G",NULL,"12","2025-02-14 00:00:00",NULL,,"BANK TRANSFER","2025-02-20 16:03:03","Job Mathew",NULL,NULL,NULL
"224","2347649",,NULL,"BHAVANI ENTERPRISE PT",,"4700","TDU25057G/TDU21042",NULL,"12","2024-12-23 00:00:00",NULL,,"Bank transfer ","2025-02-21 21:21:53","Arya Prajapati",NULL,NULL,NULL
"225","2347649",,NULL,"Fast Transfer From MR KEVIN VIJAYKUMAR S",,"1000","TDU25057G/TDU21042",NULL,"12","2025-01-21 00:00:00",NULL,,"Bank transfer ","2025-02-21 21:24:01","Arya Prajapati",NULL,NULL,NULL
"226","2347649",,NULL,"Fast Transfer From MR KEVIN VIJAYKUMAR S",,"14650","TDU25057G/TDU21042",NULL,"12","2025-01-22 00:00:00",NULL,,"Bank transfer ","2025-02-21 21:25:05","Arya Prajapati",NULL,NULL,NULL
"227","2349680",,NULL,"XTT387193990",,"954","TDU30705",NULL,"12","2025-02-21 00:00:00",NULL,,"Credit card","2025-02-21 22:19:15","Arya Prajapati",NULL,NULL,NULL
"228","2349680","initial",NULL,NULL,"984",NULL,NULL,NULL,,NULL,NULL,,,"2025-02-21 22:19:25","Arya Prajapati",NULL,NULL,NULL
"230","2348456","initial",NULL,NULL,"4674",NULL,NULL,NULL,,NULL,NULL,,,"2025-02-25 18:51:48","Sneha Sawant",NULL,NULL,NULL
"231","2348231",,NULL,"MAKEMYTRIP INDIA PRIVATE LIMITED",,"2548","TDU30268 ",NULL,"12","2025-02-24 00:00:00",NULL,,"Bank transfer ","2025-02-25 22:07:33","Arya Prajapati",NULL,NULL,NULL
"233","2348484",,NULL,"CLUB 7 HOLIDAYS LTD",,"6560","TDU30428",NULL,"12","2025-02-24 00:00:00",NULL,,"Bank transfer ","2025-02-25 23:07:16","Arya Prajapati",NULL,NULL,NULL
"235","2348484","initial",NULL,NULL,"6590",NULL,NULL,NULL,,NULL,NULL,,,"2025-02-26 17:13:38","Lee N",NULL,NULL,NULL
"236","2349625","initial",NULL,NULL,"3140",NULL,NULL,NULL,,NULL,NULL,,,"2025-02-26 20:46:09","Sneha Sawant",NULL,NULL,NULL
"240","2348349","final",NULL,NULL,"4312",NULL,NULL,NULL,,NULL,NULL,,,"2025-02-28 11:15:07","Job Mathew",NULL,NULL,NULL
"243","2347378","final",NULL,NULL,"100666",NULL,NULL,NULL,,NULL,NULL,,,"2025-02-28 11:22:57","Job Mathew",NULL,NULL,NULL
"244","2349450","final",NULL,NULL,"918",NULL,NULL,NULL,,NULL,NULL,,,"2025-02-28 11:24:26","Job Mathew",NULL,NULL,NULL
"246","2347432","final",NULL,NULL,"50064",NULL,NULL,NULL,,NULL,NULL,,,"2025-02-28 11:27:07","Job Mathew",NULL,NULL,NULL
"248","2311427","final",NULL,NULL,"133186",NULL,NULL,NULL,,NULL,NULL,,,"2025-02-28 11:44:39","Job Mathew",NULL,NULL,NULL
"249","2347098","final",NULL,NULL,"114240",NULL,NULL,NULL,,NULL,NULL,,,"2025-02-28 11:54:13","Job Mathew",NULL,NULL,NULL
"250","2347098",,NULL,"17/02/2025	TRILOCHAN TRAVEL AND TOURISM W.L.L	25000		TDU24749G/TDU24748",,"25000","TDU24749G/TDU24748",NULL,"12","2025-02-17 00:00:00",NULL,,"BANK TRANSFER","2025-02-28 11:56:24","Job Mathew",NULL,NULL,NULL
"251","2347098",,NULL,"24/02/2025	TRILOCHAN TRAVEL AND TOURISM W.L.L	5000		TDU24749G/TDU24748",,"5000","TDU24749G/TDU24748",NULL,"12","2025-02-24 00:00:00",NULL,,"BANK TRANSFER","2025-02-28 11:57:17","Job Mathew",NULL,NULL,NULL
"252","2347098",,NULL,"24/02/2025	TRILOCHAN TRAVEL AND TOURISM W.L.L	10000		TDU24749G/TDU24748",,"10000","TDU24749G/TDU24748",NULL,"12","2025-02-24 00:00:00",NULL,,"BANK TRANSFER","2025-02-28 11:58:04","Job Mathew",NULL,NULL,NULL
"254","2347637","initial",NULL,NULL,"6845",NULL,NULL,NULL,,NULL,NULL,,,"2025-02-28 12:07:02","Job Mathew",NULL,NULL,NULL
"255","2347637","final",NULL,NULL,"6815",NULL,NULL,NULL,,NULL,NULL,,,"2025-02-28 12:07:12","Job Mathew",NULL,NULL,NULL
"257","2186233",,NULL,"PARICHAY TOUR HOLIDAYS",,"8033","TDU22242G",NULL,"12","2025-02-28 00:00:00",NULL,,"Bank transfer ","2025-02-28 22:10:32","Arya Prajapati",NULL,NULL,NULL
"258","2347098",,NULL,"TRILOCHAN TRAVEL AND TOURISM W.L.L",,"4500","TDU24749G",NULL,"12","2025-02-28 00:00:00",NULL,,"Bank transfer ","2025-02-28 22:12:26","Arya Prajapati",NULL,NULL,NULL
"259","2348226",,NULL,"PARICHAY TOUR HOLIDAYS",,"8834","TDU25205G",NULL,"12","2025-02-28 00:00:00",NULL,,"Bank transfer ","2025-02-28 22:14:00","Arya Prajapati",NULL,NULL,NULL
"260","2349625",,NULL,"FLYREMIT PRIVATE LIMITED TO",,"3110","TDU30679",NULL,"12","2025-03-03 00:00:00",NULL,,"Bank transfer ","2025-03-03 16:47:48","Arya Prajapati",NULL,NULL,NULL
"261","2349723","initial",NULL,NULL,"3214",NULL,NULL,NULL,,NULL,NULL,,,"2025-03-03 16:54:47","Arya Prajapati",NULL,NULL,NULL
"267","2349667","initial",NULL,NULL,"6870",NULL,NULL,NULL,,NULL,NULL,,,"2025-03-04 18:12:06","Mayur P",NULL,NULL,NULL
"271","2348226","initial",NULL,NULL,"43864",NULL,NULL,NULL,,NULL,NULL,,,"2025-03-04 19:17:45","Rakesh Mulchandani",NULL,NULL,NULL
"272","2347723",,NULL,"28/02/2025	MAKEMYTRIP INDIA PRIVATE LIMITED	65000		TDU25089G",,"65000","TDU25089G",NULL,"12","2025-02-28 00:00:00",NULL,,"BANK TRANSFER","2025-03-05 11:26:03","Job Mathew",NULL,NULL,NULL
"274","51","initial",NULL,NULL,"62040",NULL,NULL,NULL,,NULL,NULL,,,"2025-03-06 13:43:38","Job Mathew",NULL,NULL,NULL
"275","2349667",,NULL,"06/03/2025    IMAD HOLIDAYS AND VISAS OPC PRIVATE 6930
TDU30695",,"6930","TDU30695",NULL,"12","2025-03-06 00:00:00",NULL,,"BANK TRANSFER","2025-03-06 16:31:12","Job Mathew",NULL,NULL,NULL
"277","2348486","initial",NULL,NULL,"1992",NULL,NULL,NULL,,NULL,NULL,,,"2025-03-06 23:49:37","Rohit Mokal",NULL,NULL,NULL
"278","2348496","initial",NULL,NULL,"1248",NULL,NULL,NULL,,NULL,NULL,,,"2025-03-06 23:50:43","Rohit Mokal",NULL,NULL,NULL
"284","2186233","initial",NULL,NULL,"30984",NULL,NULL,NULL,,NULL,NULL,,,"2025-03-07 14:45:40","Maharshi Mankodi",NULL,NULL,NULL
"285","2348452","final",NULL,NULL,"3600",NULL,NULL,NULL,,NULL,NULL,,,"2025-03-07 16:35:36","Maharshi Mankodi",NULL,NULL,NULL
"286","2349723",,NULL,,,"3184","TDU30728",NULL,"12","2025-03-07 00:00:00",NULL,,"BANK TRANSFER","2025-03-07 16:38:13","Job Mathew",NULL,NULL,NULL
"288","2349938",,NULL,"EXOTIC ALLEY TDU23630 Refund task Credit note adjustment.",,"1134","TDU30869",NULL,"12","2025-03-07 00:00:00",NULL,,"Credit note adjustment.","2025-03-07 18:10:48","Arya Prajapati",NULL,NULL,NULL
"290","2349891",,NULL,"EXOTIC ALLEY TDU23630 Refund task Credit note adjustment.",,"674","TDU30836",NULL,"12","2025-03-07 00:00:00",NULL,,"Credit note adjustment.","2025-03-07 18:14:52","Arya Prajapati",NULL,NULL,NULL
"291","2349891","initial",NULL,NULL,"704",NULL,NULL,NULL,,NULL,NULL,,,"2025-03-07 18:15:06","Arya Prajapati",NULL,NULL,NULL
"292","2349579","initial",NULL,NULL,"2433",NULL,NULL,NULL,,NULL,NULL,,,"2025-03-07 19:04:50","Rohit Mokal",NULL,NULL,NULL
"293","2349532",,NULL,"MAKEMYTRIP INDIA PRIVATE LIMITED",,"3600","TDU30633",NULL,"12","2025-03-10 00:00:00",NULL,,"Bank transfer ","2025-03-10 16:08:06","Arya Prajapati",NULL,NULL,NULL
"294","2349532","initial",NULL,NULL,"3600",NULL,NULL,NULL,,NULL,NULL,,,"2025-03-10 16:08:34","Arya Prajapati",NULL,NULL,NULL
"297","2348496","final",NULL,NULL,"1257",NULL,NULL,NULL,,NULL,NULL,,,"2025-03-11 16:54:58","Karthik Suriyan",NULL,NULL,NULL
"299","2289892",,NULL,"11/03/2025	MAKEMYTRIP INDIA PRIVATE LIMITED	47644		TDU23621G",,"47644","TDU23621G",NULL,"12","2025-03-11 00:00:00",NULL,,"BANK TRANSFER","2025-03-11 17:19:40","Job Mathew",NULL,NULL,NULL
"302","2347331","initial",NULL,NULL,"12192",NULL,NULL,NULL,,NULL,NULL,,,"2025-03-13 13:56:08","Maharshi Mankodi",NULL,NULL,NULL
"303","2349809",,NULL,"MAKEMYTRIP INDIA PRIVATE LIMITED",,"496","TDU30783",NULL,"12","2025-02-28 00:00:00",NULL,,"Bank transfer ","2025-03-13 15:39:13","Arya Prajapati",NULL,NULL,NULL
"305","2349809","initial",NULL,NULL,"526",NULL,NULL,NULL,,NULL,NULL,,,"2025-03-13 20:24:40","Maharshi Mankodi",NULL,NULL,NULL
"308","2349918",,NULL,"XTT507933651",,"3370","TDU30856",NULL,"12","2025-03-15 00:00:00",NULL,,"Credit card","2025-03-17 15:45:35","Arya Prajapati",NULL,NULL,NULL
"309","2349918","initial",NULL,NULL,"3400",NULL,NULL,NULL,,NULL,NULL,,,"2025-03-17 15:45:52","Arya Prajapati",NULL,NULL,NULL
"311","2349832",,NULL,"SKY WAYS HOLIDAYS PVT LTD",,"17877","TDU25477G",NULL,"12","2025-03-12 00:00:00",NULL,,"Bank transfer ","2025-03-17 21:49:49","Arya Prajapati",NULL,NULL,NULL
"314","2350056","initial",NULL,NULL,"602",NULL,NULL,NULL,,NULL,NULL,,,"2025-03-18 16:46:19","Job Mathew",NULL,NULL,NULL
"315","2350056",,NULL,,,"572",,NULL,"12","2025-03-18 00:00:00",NULL,,"credit note","2025-03-18 16:48:15","Job Mathew",NULL,NULL,NULL
"316","2349579",,NULL,"SOMANS LEISURE TOURS INDIA PRIVATE",,"2409","TDU30663 ",NULL,"12","2025-03-18 00:00:00",NULL,,"Bank transfer ","2025-03-18 16:53:41","Arya Prajapati",NULL,NULL,NULL
"318","2349890",,NULL,"18/03/2025	VELAYUTHAN NAIR VENU GOPAL	6728		TDU25497G",,"6728","TDU25497G",NULL,"12","2025-03-18 00:00:00",NULL,,"BANK TRANSFER","2025-03-19 16:22:57","Job Mathew",NULL,NULL,NULL
"319","2349890",,NULL,"18/03/2025	CHACKO T S	6278		TDU25497G",,"6278","TDU25497G",NULL,"12","2025-03-18 00:00:00",NULL,,"BANK TRANSFER","2025-03-19 16:23:41","Job Mathew",NULL,NULL,NULL
"320","2349890",,NULL,"18/03/2025	JAYASREE RAJAMMA LAKSHMANAN PILLAI	4656		TDU25497G",,"4656","TDU25497G",NULL,"12","2025-03-18 00:00:00",NULL,,"BANK TRANSFER","2025-03-19 16:24:30","Job Mathew",NULL,NULL,NULL
"321","2349890",,NULL,"18/03/2025	DEEPA GEORGE	3140		TDU25497G",,"3140","TDU25497G",NULL,"12","2025-03-18 00:00:00",NULL,,"BANK TRANSFER","2025-03-19 16:25:08","Job Mathew",NULL,NULL,NULL
"322","2348486",,NULL,,,"1962","TDU30429",NULL,"12","2025-03-19 00:00:00",NULL,,"BANK TRANSFER","2025-03-19 16:34:50","Job Mathew",NULL,NULL,NULL
"323","2348496",,NULL,,,"1257","TDU30432",NULL,"12","2025-03-19 00:00:00",NULL,,"BANK TRANSFER","2025-03-19 16:35:30","Job Mathew",NULL,NULL,NULL
"324","2349464","initial",NULL,NULL,"5620",NULL,NULL,NULL,,NULL,NULL,,,"2025-03-20 14:04:10","Maharshi Mankodi",NULL,NULL,NULL
"325","2349696","initial",NULL,NULL,"5469",NULL,NULL,NULL,,NULL,NULL,,,"2025-03-20 16:13:08","Job Mathew",NULL,NULL,NULL
"328","2349696",,NULL,"FLYREMIT PRIVATE LIMITED TO",,"5439","TDU30717",NULL,"12","2025-03-20 00:00:00",NULL,,"Bank transfer ","2025-03-20 17:08:15","Arya Prajapati",NULL,NULL,NULL
"329","2349997",,NULL,"PLATINUM HOLIDAYS PRIVATE LIMITED",,"1309","TDU30916",NULL,"12","2025-03-20 00:00:00",NULL,,"Bank transfer ","2025-03-20 17:10:26","Arya Prajapati",NULL,NULL,NULL
"330","2347732",,NULL,,,"9973.63","TDU25092G ",NULL,"12","2025-03-19 00:00:00",NULL,,"BANK TRANSFER","2025-03-20 17:33:39","Job Mathew",NULL,NULL,NULL
"332","2349997","initial",NULL,NULL,"1339",NULL,NULL,NULL,,NULL,NULL,,,"2025-03-21 09:47:23","Job Mathew",NULL,NULL,NULL
"335","2349938","initial",NULL,NULL,"1164",NULL,NULL,NULL,,NULL,NULL,,,"2025-03-21 16:09:18","Job Mathew",NULL,NULL,NULL
"336","2349938","final",NULL,NULL,"2414",NULL,NULL,NULL,,NULL,NULL,,,"2025-03-21 16:11:21","Job Mathew",NULL,NULL,NULL
"337","2349938",,NULL,,,"1280","TDU30869",NULL,"12","2025-03-21 00:00:00",NULL,,"credit note ","2025-03-21 16:12:16","Job Mathew",NULL,NULL,NULL
"338","2349890","initial",NULL,NULL,"27234",NULL,NULL,NULL,,NULL,NULL,,,"2025-03-21 17:21:19","Job Mathew",NULL,NULL,NULL
"339","2350091",,NULL,"XTT261499615",,"2580","TDU31000",NULL,"12","2025-03-21 00:00:00",NULL,,"Credit card","2025-03-22 18:17:39","Arya Prajapati",NULL,NULL,NULL
"341","2349832",,NULL,,,"25573","TDU25477G/TDU21927",NULL,"12","2025-03-24 00:00:00",NULL,,"BANK TRANSFER","2025-03-24 12:26:01","Job Mathew",NULL,NULL,NULL
"342","2349890",,NULL,"SUSEELAMMA THANKAMMA",,"3460","TDU25497G",NULL,"12","2025-03-24 00:00:00",NULL,,"Bank transfer ","2025-03-24 14:34:23","Arya Prajapati",NULL,NULL,NULL
"346","2350171",,NULL,,,"27000","TDU30824",NULL,"12","2025-03-20 00:00:00",NULL,,"BANK TRANSFER","2025-03-21 11:23:45","Job Mathew",NULL,NULL,NULL
"347","51","final",NULL,NULL,"62010",NULL,NULL,NULL,,NULL,NULL,,,"2025-03-25 10:51:37","Job Mathew",NULL,NULL,NULL
"349","2350091","initial",NULL,NULL,"2388",NULL,NULL,NULL,,NULL,NULL,,,"2025-03-25 11:27:35","Job Mathew",NULL,NULL,NULL
"350","2349678","initial",NULL,NULL,"2622",NULL,NULL,NULL,,NULL,NULL,,,"2025-03-25 12:27:54","Maharshi Mankodi",NULL,NULL,NULL
"351","2349678","final",NULL,NULL,"2592",NULL,NULL,NULL,,NULL,NULL,,,"2025-03-25 12:28:04","Maharshi Mankodi",NULL,NULL,NULL
"352","2349400",,NULL,,,"96",,NULL,"12","2025-03-21 00:00:00",NULL,,"bank charges","2025-03-25 12:38:16","Maharshi Mankodi",NULL,NULL,NULL
"353","2350048","initial",NULL,NULL,"663",NULL,NULL,NULL,,NULL,NULL,,,"2025-03-25 12:43:52","Maharshi Mankodi",NULL,NULL,NULL
"354","2350048","final",NULL,NULL,"633",NULL,NULL,NULL,,NULL,NULL,,,"2025-03-25 12:44:05","Maharshi Mankodi",NULL,NULL,NULL
"359","2349890",,NULL,"SUPRIYA BELLIE",,"3070","TDU25497G",NULL,"12","2025-03-25 00:00:00",NULL,,"Bank transfer ","2025-03-25 15:47:41","Arya Prajapati",NULL,NULL,NULL
"360","2347432",,NULL,,,"2000","TDU24943G",NULL,"12","2025-02-18 00:00:00",NULL,,"BANK TRANSFER","2025-03-25 16:30:35","Job Mathew",NULL,NULL,NULL
"361","2349400","final",NULL,NULL,"1316",NULL,NULL,NULL,,NULL,NULL,,,"2025-03-25 17:40:17","Job Mathew",NULL,NULL,NULL
"362","2349890","final",NULL,NULL,"26604",NULL,NULL,NULL,,NULL,NULL,,,"2025-03-25 20:41:05","Arya Prajapati",NULL,NULL,NULL
"363","2347645",,NULL,"SOMAN S LEISURE TOURS INDIA PRIVATE",,"10299","TDU23528/TDU25056G",NULL,"12","2025-02-11 00:00:00",NULL,,"Bank transfer ","2025-03-25 21:31:24","Arya Prajapati",NULL,NULL,NULL
"364","2347643","final",NULL,NULL,"89408",NULL,NULL,NULL,,NULL,NULL,,,"2025-03-25 22:55:11","Arun Karotiya",NULL,NULL,NULL
"368","2349426",,NULL,"26/03/2025	Fast Transfer From MR AMRIK SINGH CREDIT TO ACCOUNT	3000		TDU30570",,"3000","TDU30570",NULL,"12","2025-03-26 00:00:00",NULL,,"BANK TRANSFER","2025-03-27 12:20:14","Job Mathew",NULL,NULL,NULL
"369","2350205",,NULL,,,"1600","TDU31091",NULL,"12","2025-03-27 00:00:00",NULL,,"Booking guranteed.","2025-03-27 14:02:19","Arya Prajapati",NULL,NULL,NULL
"370","2350205","initial",NULL,NULL,"1630",NULL,NULL,NULL,,NULL,NULL,,,"2025-03-27 14:02:34","Arya Prajapati",NULL,NULL,NULL
"371","2350206",,NULL,"Thomas Cook BFN.",,"3225","TDU31092",NULL,"12","2025-03-27 00:00:00",NULL,,"BFN","2025-03-27 14:04:28","Arya Prajapati",NULL,NULL,NULL
"372","2350206","initial",NULL,NULL,"3255",NULL,NULL,NULL,,NULL,NULL,,,"2025-03-27 14:04:35","Arya Prajapati",NULL,NULL,NULL
"376","2349672",,NULL,"JUZGO HOLIDAY WORLDE LLP",,"2950","TDU30698",NULL,"12","2025-03-27 00:00:00",NULL,,"Bank transfer ","2025-03-27 16:44:24","Arya Prajapati",NULL,NULL,NULL
"377","2349672","initial",NULL,NULL,"2974",NULL,NULL,NULL,,NULL,NULL,,,"2025-03-27 16:44:36","Arya Prajapati",NULL,NULL,NULL
"378","2350222","initial",NULL,NULL,"315",NULL,NULL,NULL,,NULL,NULL,,,"2025-03-27 18:17:08","Maharshi Mankodi",NULL,NULL,NULL
"379","2350222","final",NULL,NULL,"285",NULL,NULL,NULL,,NULL,NULL,,,"2025-03-27 18:17:14","Maharshi Mankodi",NULL,NULL,NULL
"380","2350048",,NULL,"TDU30548 Refund Adjustment.",,"633","TDU30963",NULL,"12","2025-03-27 00:00:00",NULL,,"Credit note adjustment.","2025-03-27 18:57:43","Arya Prajapati",NULL,NULL,NULL
"381","2350222",,NULL,"XTT2025-03-27 (Wrong TDU mentioned in payment TDU31100)",,"315","TDU31103",NULL,"12","2025-03-26 00:00:00",NULL,,"Credit card","2025-03-27 20:12:37","Arya Prajapati",NULL,NULL,NULL
"382","2349759",,NULL,"FLYREMIT PRIVATE LIMITED TO TRANSAC",,"4732","TDU30756",NULL,"12","2025-03-26 00:00:00",NULL,,"Bank transfer ","2025-03-27 21:43:05","Arya Prajapati",NULL,NULL,NULL
"383","2349759","initial",NULL,NULL,"4762",NULL,NULL,NULL,,NULL,NULL,,,"2025-03-27 21:43:16","Arya Prajapati",NULL,NULL,NULL
"384","2349678",,NULL,"27/03/2025	Fast Transfer From Raj	2592		TDU30703",,"2592","TDU30703",NULL,"12","2025-03-27 00:00:00",NULL,,"BANK TRANSFER","2025-03-28 13:46:15","Job Mathew",NULL,NULL,NULL
"386","2183852",,NULL,"MAKEMYTRIP INDIA PRIVATE LIMITED",,"72609","TDU22211G",NULL,"12","2025-03-24 00:00:00",NULL,,"Bank transfer ","2025-03-30 18:38:59","Arya Prajapati",NULL,NULL,NULL
"387","2347732",,NULL,"31/03/2025	JETCHOICE TOURS AND TRAVELS PVT LTD	24342.55		TDU25092G",,"24342.55","TDU25092G ",NULL,"12","2025-03-31 00:00:00",NULL,,"BANK TRANSFER","2025-03-31 15:34:26","Job Mathew",NULL,NULL,NULL
"389","2347731",,NULL,"JETCHOICE TOURS AND TRAVELS PVT LTD",,"18685","TDU25091G",NULL,"12","2025-03-28 00:00:00",NULL,,"Bank transfer ","2025-04-01 05:18:36","Arya Prajapati",NULL,NULL,NULL
"390","2347731",,NULL,"JETCHOICE TOURS AND TRAVELS PVT LTD",,"28076","TDU25091G",NULL,"12","2025-03-31 00:00:00",NULL,,"Bank transfer ","2025-04-01 05:19:54","Arya Prajapati",NULL,NULL,NULL
"391","2350074","initial",NULL,NULL,"3218",NULL,NULL,NULL,,NULL,NULL,,,"2025-04-02 11:21:53","Maharshi Mankodi",NULL,NULL,NULL
"392","2350074","final",NULL,NULL,"3188",NULL,NULL,NULL,,NULL,NULL,,,"2025-04-02 11:22:05","Maharshi Mankodi",NULL,NULL,NULL
"393","2350116","initial",NULL,NULL,"3864",NULL,NULL,NULL,,NULL,NULL,,,"2025-04-02 13:18:12","Job Mathew",NULL,NULL,NULL
"394","2347731",,NULL,"04/03/2025	JETCHOICE TOURS AND TRAVELS PVT LTD	5594		TDU25091G",,"5594","TDU25091G",NULL,"12","2025-03-04 00:00:00",NULL,,"Bank Transfer","2025-04-02 17:35:05","Job Mathew",NULL,NULL,NULL
"396","2350292","initial",NULL,NULL,"1004",NULL,NULL,NULL,,NULL,NULL,,,"2025-04-03 15:58:05","Job Mathew",NULL,NULL,NULL
"397","2350292",,NULL,"Hairsha narayanppa - GTX manager",,"974","TDU31152",NULL,"12","2025-04-03 00:00:00",NULL,,"CREDIT","2025-04-03 15:59:25","Job Mathew",NULL,NULL,NULL
"398","2183852","initial",NULL,NULL,"79519",NULL,NULL,NULL,,NULL,NULL,,,"2025-04-03 19:28:37","Priyanka Pandav",NULL,NULL,NULL
"399","2347731","initial",NULL,NULL,"53622",NULL,NULL,NULL,,NULL,NULL,,,"2025-04-03 20:08:07","Priyanka Pandav",NULL,NULL,NULL
"400","2347731",,NULL,"Adjustment of TDU22070 credit note ",,"1200","TDU25091G",NULL,"12","2025-04-03 00:00:00",NULL,,"Credit note adjustment.","2025-04-03 20:51:46","Arya Prajapati",NULL,NULL,NULL
"401","2347731",,NULL,,,"37","TDU25091G",NULL,"12","2025-04-03 00:00:00",NULL,,"Bank Charges","2025-04-03 20:53:30","Arya Prajapati",NULL,NULL,NULL
"402","2349426",,NULL,"Fast Transfer From - SUKHWINDER SINGH",,"2250","TDU30570",NULL,"12","2025-04-03 00:00:00",NULL,,"Bank transfer ","2025-04-04 16:22:59","Arya Prajapati",NULL,NULL,NULL
"403","2349426",,NULL,"Fast Transfer From MRS SUKHWINDER KAUR",,"1030","TDU30570",NULL,"12","2025-04-03 00:00:00",NULL,,"Bank transfer ","2025-04-04 19:48:41","Arya Prajapati",NULL,NULL,NULL
"404","2349426",,NULL,"Fast Transfer From JOBANPREET SINGH",,"1440","TDU30570",NULL,"12","2025-04-03 00:00:00",NULL,,"Bank transfer ","2025-04-04 19:49:39","Arya Prajapati",NULL,NULL,NULL
"405","2347732",,NULL,"JETCHOICE TOURS AND TRAVELS PVT LTD",,"36553.37","TDU25092G",NULL,"12","2025-04-04 00:00:00",NULL,,"Bank transfer ","2025-04-04 20:00:50","Arya Prajapati",NULL,NULL,NULL
"406","2349426",,NULL,"Fast Transfer From MR PARMINDER SINGH VI",,"4604","TDU30570 ",NULL,"12","2025-04-04 00:00:00",NULL,,"Bank transfer ","2025-04-04 21:37:40","Arya Prajapati",NULL,NULL,NULL
"407","2347731",,NULL,"XTT627416407",,"1440","TDU25091G",NULL,"12","2025-04-04 00:00:00",NULL,,"Credit card","2025-04-07 16:34:51","Arya Prajapati",NULL,NULL,NULL
"408","2347731",,NULL,"XTT686798778",,"1010","TDU25091G",NULL,"12","2025-04-05 00:00:00",NULL,,"Credit card","2025-04-07 16:35:52","Arya Prajapati",NULL,NULL,NULL
"409","2347731",,NULL,"XTT473465458",,"380","TDU25091G",NULL,"12","2025-04-07 00:00:00",NULL,,"Credit card","2025-04-07 17:28:50","Arya Prajapati",NULL,NULL,NULL
"411","2350171",,NULL,"07/04/2025	CELEBRITY TRAVEL AND TOURS	9952		TDU25552G",,"9952","TDU25552G",NULL,"12","2025-04-07 00:00:00",NULL,,"BANK TRANSFER","2025-04-08 11:25:12","Job Mathew",NULL,NULL,NULL
"413","2349770",,NULL,"D PAULS TRAVELAND TOURS LTD",,"4306","TDU30762 ",NULL,"12","2025-04-08 00:00:00",NULL,,"Bank transfer ","2025-04-08 15:39:29","Arya Prajapati",NULL,NULL,NULL
"416","2350116",,NULL," TDU31019 - GOPIO - Hotel Bookings",,"3834"," TDU31019 - GOPIO - Hotel Bookings",NULL,"12","2025-04-09 00:00:00",NULL,,"CREDIT","2025-04-09 12:45:50","Job Mathew",NULL,NULL,NULL
"417","2348274",,NULL,"SOMANS LEISURE TOURS INDIA PRIVATE",,"18000","TDU25210G",NULL,"12","2025-04-09 00:00:00",NULL,,"Bank transfer ","2025-04-09 13:38:52","Arya Prajapati",NULL,NULL,NULL
"421","2348456",,NULL,"MORNING STAR TRAVELS PRIVATE LIMITE",,"4650","TDU30406",NULL,"12","2025-04-08 00:00:00",NULL,,"Bank transfer ","2025-04-09 13:52:55","Arya Prajapati",NULL,NULL,NULL
"422","2350375",,NULL,"BHAUMIKKUMAR PATEL",,"7298","TDU25609G",NULL,"12","2025-04-08 00:00:00",NULL,,"Bank transfer ","2025-04-09 13:54:08","Arya Prajapati",NULL,NULL,NULL
"423","2347732","initial",NULL,NULL,"76110",NULL,NULL,NULL,,NULL,NULL,,,"2025-04-09 14:37:03","Job Mathew",NULL,NULL,NULL
"426","2350370",,NULL,"BFN Received from Thomas Cook.",,"3446","TDU31204",NULL,"12","2025-04-08 00:00:00",NULL,,"BFN","2025-04-09 16:47:24","Arya Prajapati",NULL,NULL,NULL
"428","2348283",,NULL,"SOMANS LEISURE TOURS INDIA PRIVATE",,"30035","TDU25214G",NULL,"12","2025-03-21 00:00:00",NULL,,"Bank transfer ","2025-04-09 17:27:41","Arya Prajapati",NULL,NULL,NULL
"429","2347643",,NULL,"SOMANS LEISURE TOURS INDIA PRIVATE",,"12023","TDU25055G",NULL,"12","2025-03-21 00:00:00",NULL,,"Bank transfer ","2025-04-09 17:29:13","Arya Prajapati",NULL,NULL,NULL
"430","2348274",,NULL,"20/03/2025	SOMANS LEISURE TOURS INDIA PRIVATE",,"30035","TDU25210G",NULL,"12","2025-03-20 00:00:00",NULL,,"BANK CHARGES","2025-04-09 17:56:33","Job Mathew",NULL,NULL,NULL
"432","2349770","initial",NULL,NULL,"4336",NULL,NULL,NULL,,NULL,NULL,,,"2025-04-09 18:05:16","Job Mathew",NULL,NULL,NULL
"434","2350189","initial",NULL,NULL,"2898",NULL,NULL,NULL,,NULL,NULL,,,"2025-04-09 18:36:41","Rohit Mokal",NULL,NULL,NULL
"435","2350103","initial",NULL,NULL,"4654",NULL,NULL,NULL,,NULL,NULL,,,"2025-04-09 18:45:40","Mayur P",NULL,NULL,NULL
"437","2350171","initial",NULL,NULL,"36401",NULL,NULL,NULL,,NULL,NULL,,,"2025-04-10 09:49:20","Maharshi Mankodi",NULL,NULL,NULL
"438","2350171","final",NULL,NULL,"37771",NULL,NULL,NULL,,NULL,NULL,,,"2025-04-10 09:51:47","Maharshi Mankodi",NULL,NULL,NULL
"439","2347732",,NULL,"YXX895685803",,"700","TDU25092G",NULL,"12","2025-04-10 00:00:00",NULL,,"Credit card","2025-04-10 15:19:24","Arya Prajapati",NULL,NULL,NULL
"440","2347723",,NULL,"MAKEMYTRIP INDIA PRIVATE LIMITED",,"100000","TDU25089G",NULL,"12","2025-04-09 00:00:00",NULL,,"Bank transfer ","2025-04-10 15:58:43","Arya Prajapati",NULL,NULL,NULL
"442","2350171",,NULL,,,"849","TDU25552G",NULL,"12","2025-04-10 00:00:00",NULL,,"BANK TRANSFER","2025-04-10 16:02:47","Job Mathew",NULL,NULL,NULL
"443","2347732","final",NULL,NULL,"71524",NULL,NULL,NULL,,NULL,NULL,,,"2025-04-10 16:28:43","Job Mathew",NULL,NULL,NULL
"444","2350189",,NULL,"FLY AIR INC",,"2880","TDU31078 ",NULL,"12","2025-04-10 00:00:00",NULL,,"Bank transfer ","2025-04-10 16:59:31","Arya Prajapati",NULL,NULL,NULL
"445","2350097",,NULL,"FORTUNE DESTINATION MANAGEMENT INDI",,"3177","TDU31004 ",NULL,"12","2025-04-10 00:00:00",NULL,,"Bank transfer ","2025-04-10 17:02:35","Arya Prajapati",NULL,NULL,NULL
"446","2350097","initial",NULL,NULL,"3184",NULL,NULL,NULL,,NULL,NULL,,,"2025-04-10 17:03:58","Arya Prajapati",NULL,NULL,NULL
"447","2348283",,NULL,,,"35000","TDU25214G",NULL,"12","2025-04-10 00:00:00",NULL,,"BANK TRANSFER","2025-04-10 18:05:48","Job Mathew",NULL,NULL,NULL
"448","2350253",,NULL,"KAJAL RAVARIA",,"5912","TDU31126 ",NULL,"12","2025-04-10 00:00:00",NULL,,"Bank transfer ","2025-04-10 21:58:51","Arya Prajapati",NULL,NULL,NULL
"449","2350253","initial",NULL,NULL,"5938",NULL,NULL,NULL,,NULL,NULL,,,"2025-04-10 21:59:07","Arya Prajapati",NULL,NULL,NULL
"450","2348274","initial",NULL,NULL,"58110",NULL,NULL,NULL,,NULL,NULL,,,"2025-04-11 10:43:33","Job Mathew",NULL,NULL,NULL
"451","2348283","initial",NULL,NULL,"77646",NULL,NULL,NULL,,NULL,NULL,,,"2025-04-11 13:03:02","Job Mathew",NULL,NULL,NULL
"454","2350403",,NULL,"Balance.",,"130","TDU31225",NULL,"12","2025-04-11 00:00:00",NULL,,"Credit balance","2025-04-11 17:33:57","Arya Prajapati",NULL,NULL,NULL
"455","2350403","initial",NULL,NULL,"160",NULL,NULL,NULL,,NULL,NULL,,,"2025-04-11 17:34:29","Arya Prajapati",NULL,NULL,NULL
"457","2350224",,NULL,,,"50164","TDU25562G",NULL,"12","2025-04-09 00:00:00",NULL,,"BANK TRANSFER","2025-04-14 17:37:09","Job Mathew",NULL,NULL,NULL
"458","2350243",,NULL,"BLU VACATIONS",,"5963","TDU31116 ",NULL,"12","2025-04-14 00:00:00",NULL,,"Bank transfer ","2025-04-14 18:02:37","Arya Prajapati",NULL,NULL,NULL
"459","2350243","initial",NULL,NULL,"5973",NULL,NULL,NULL,,NULL,NULL,,,"2025-04-14 18:03:07","Arya Prajapati",NULL,NULL,NULL
"460","2350474",,NULL,"XTT559839171",,"125","TDU31274",NULL,"12","2025-04-14 00:00:00",NULL,,"Credit card","2025-04-14 21:56:23","Arya Prajapati",NULL,NULL,NULL
"461","2350474","initial",NULL,NULL,"150",NULL,NULL,NULL,,NULL,NULL,,,"2025-04-14 21:56:35","Arya Prajapati",NULL,NULL,NULL
"462","2348579",,NULL,"XTT155236759",,"24500","TDU25265G",NULL,"12","2025-04-14 00:00:00",NULL,,"Credit card","2025-04-14 22:31:51","Arya Prajapati",NULL,NULL,NULL
"463","2348579",,NULL,"XTT835617615",,"7250","TDU25265G",NULL,"12","2025-04-14 00:00:00",NULL,,"Credit card","2025-04-14 22:32:55","Arya Prajapati",NULL,NULL,NULL
"467","2350230","initial",NULL,NULL,"7869",NULL,NULL,NULL,,NULL,NULL,,,"2025-04-15 14:42:27","Sidhikka Lotlikar",NULL,NULL,NULL
"468","2350267","initial",NULL,NULL,"5769",NULL,NULL,NULL,,NULL,NULL,,,"2025-04-15 14:52:50","Dhiraj Salvi",NULL,NULL,NULL
"469","2350103",,NULL,"53 TAKEOFFS PRIVATE LIMITED",,"4514","TDU31010",NULL,"12","2025-04-15 00:00:00",NULL,,"Bank transfer ","2025-04-15 14:58:35","Arya Prajapati",NULL,NULL,NULL
"471","2348283","final",NULL,NULL,"76468",NULL,NULL,NULL,,NULL,NULL,,,"2025-04-15 18:18:08","Arun Karotiya",NULL,NULL,NULL
"472","2348274","final",NULL,NULL,"120480",NULL,NULL,NULL,,NULL,NULL,,,"2025-04-15 18:28:31","Arun Karotiya",NULL,NULL,NULL
"475","2350267",,NULL,"ADAPT HOLIDAY",,"5769","TDU31136",NULL,"12","2025-04-15 00:00:00",NULL,,"Bank transfer ","2025-04-16 13:05:58","Arya Prajapati",NULL,NULL,NULL
"476","2348274",,NULL,"SOMAN S LEISURE TOURS INDIA PRIVATE",,"9625","TDU25210G",NULL,"12","2025-04-16 00:00:00",NULL,,"Bank transfer ","2025-04-16 16:15:05","Arya Prajapati",NULL,NULL,NULL
"477","2347732",,NULL,"YXX777707077",,"1752","TDU25092G",NULL,"12","2025-04-15 00:00:00",NULL,,"Credit card","2025-04-16 16:56:43","Arya Prajapati",NULL,NULL,NULL
"478","2350170","initial",NULL,NULL,"11256",NULL,NULL,NULL,,NULL,NULL,,,"2025-04-16 18:47:08","Rachana Hingorani",NULL,NULL,NULL
"479","2349357","initial",NULL,NULL,"1874",NULL,NULL,NULL,,NULL,NULL,,,"2025-04-16 20:54:19","Pradeep Shukla",NULL,NULL,NULL
"480","2350124","initial",NULL,NULL,"6699",NULL,NULL,NULL,,NULL,NULL,,,"2025-04-16 22:20:20","Sidhikka Lotlikar",NULL,NULL,NULL
"483","2350103",,NULL,"TDU31010 - approved by kunal",,"110","TDU31010 - approved by kunal",NULL,"12","2025-04-17 00:00:00",NULL,,"adjsutment ","2025-04-17 16:55:01","Job Mathew",NULL,NULL,NULL
"484","2350375","initial",NULL,NULL,"7097",NULL,NULL,NULL,,NULL,NULL,,,"2025-04-17 22:10:09","Priyanka Pandav",NULL,NULL,NULL
"485","2350532",,NULL,"Eco Travels Au",,"452","TDU26882/TDU31322 ",NULL,"12","2025-04-16 00:00:00",NULL,,"Bank transfer ","2025-04-18 22:05:21","Arya Prajapati",NULL,NULL,NULL
"487","2350230",,NULL,"XTT991620874",,"8205","TDU31106",NULL,"12","2025-04-21 00:00:00",NULL,,"Credit card","2025-04-21 18:16:29","Arya Prajapati",NULL,NULL,NULL
"488","2350471",,NULL,"XTT991620874",,"126","TDU31271",NULL,"12","2025-04-21 00:00:00",NULL,,"Credit card","2025-04-21 18:17:30","Arya Prajapati",NULL,NULL,NULL
"489","2350375","final",NULL,NULL,"7067",NULL,NULL,NULL,,NULL,NULL,,,"2025-04-21 22:09:51","Karthik Suriyan",NULL,NULL,NULL
"490","2350124",,NULL,"Fast Transfer From PURVA MISTRY",,"3000","TDU31025",NULL,"12","2025-04-21 00:00:00",NULL,,"Bank transfer ","2025-04-21 23:03:38","Arya Prajapati",NULL,NULL,NULL
"491","2350124",,NULL,"Fast Transfer From PURVA MISTRY",,"3669","TDU31025 ",NULL,"12","2025-04-21 00:00:00",NULL,,"Bank transfer ","2025-04-21 23:04:19","Arya Prajapati",NULL,NULL,NULL
"492","2349955",,NULL,"Fast Transfer From PURVA MISTRY",,"801","TDU30883 ",NULL,"12","2025-04-21 00:00:00",NULL,,"Bank transfer ","2025-04-21 23:05:32","Arya Prajapati",NULL,NULL,NULL
"494","2350471","initial",NULL,NULL,"156",NULL,NULL,NULL,,NULL,NULL,,,"2025-04-22 09:49:55","Job Mathew",NULL,NULL,NULL
"495","2349357",,NULL,"FLYREMIT PRIVATE LIMITED TO",,"1844","TDU30515 ",NULL,"12","2025-04-22 00:00:00",NULL,,"Bank transfer ","2025-04-22 15:40:51","Arya Prajapati",NULL,NULL,NULL
"496","2348509","initial",NULL,NULL,"9874",NULL,NULL,NULL,,NULL,NULL,,,"2025-04-22 17:15:53","Mayur P",NULL,NULL,NULL
"497","2350584","initial",NULL,NULL,"350",NULL,NULL,NULL,,NULL,NULL,,,"2025-04-22 17:36:19","Job Mathew",NULL,NULL,NULL
"498","2350584",,NULL,"TDU31362",,"320","TDU31362",NULL,"12","2025-04-22 00:00:00",NULL,,"BANK TRANSFER","2025-04-22 17:36:58","Job Mathew",NULL,NULL,NULL
"499","2350424",,NULL,"XTT130639527",,"17688","TDU31241",NULL,"12","2025-04-22 00:00:00",NULL,,"Credit card","2025-04-22 18:03:15","Arya Prajapati",NULL,NULL,NULL
"501","2350420","initial",NULL,NULL,"1914",NULL,NULL,NULL,,NULL,NULL,,,"2025-04-22 21:14:14","Mayur P",NULL,NULL,NULL
"502","2350420",,NULL,"Thomas Cook BFN",,"1884","TDU31238",NULL,"12","2025-04-22 00:00:00",NULL,,"BFN","2025-04-22 21:16:22","Arya Prajapati",NULL,NULL,NULL
"503","2350081","initial",NULL,NULL,"10125",NULL,NULL,NULL,,NULL,NULL,,,"2025-04-22 21:44:30","Mayur P",NULL,NULL,NULL
"504","2348579",,NULL,,,"18030","TDU25265G",NULL,"12","2025-04-22 00:00:00",NULL,,"BANK TRANSFER","2025-04-23 14:17:31","Job Mathew",NULL,NULL,NULL
"505","2347525",,NULL,"MAKEMYTRIP INDIA PRIVATE LIMITED",,"63408","TDU25002G",NULL,"12","2025-04-23 00:00:00",NULL,,"Bank transfer ","2025-04-23 14:35:12","Arya Prajapati",NULL,NULL,NULL
"507","2350170",,NULL,"THE YELLOW PROJECT",,"11256","TDU31061",NULL,"12","2025-04-23 00:00:00",NULL,,"Bank transfer ","2025-04-23 15:38:33","Arya Prajapati",NULL,NULL,NULL
"508","2350424","initial",NULL,NULL,"17652",NULL,NULL,NULL,,NULL,NULL,,,"2025-04-23 17:04:44","Maharshi Mankodi",NULL,NULL,NULL
"510","2350534","initial",NULL,NULL,"510",NULL,NULL,NULL,,NULL,NULL,,,"2025-04-24 17:04:49","Dhiraj Salvi",NULL,NULL,NULL
"512","2350612","initial",NULL,NULL,"3941",NULL,NULL,NULL,,NULL,NULL,,,"2025-04-24 17:32:33","Mayur P",NULL,NULL,NULL
"515","2347331","final",NULL,NULL,"12288",NULL,NULL,NULL,,NULL,NULL,,,"2025-04-24 17:48:50","Job Mathew",NULL,NULL,NULL
"516","2350534",,NULL,"XTT870931900",,"480","TDU31324",NULL,"12","2025-04-24 00:00:00",NULL,,"Credit card","2025-04-24 17:58:11","Arya Prajapati",NULL,NULL,NULL
"518","2350612",,NULL,"SIGNATURE TRAVELS",,"4076","TDU31384",NULL,"12","2025-04-24 00:00:00",NULL,,"Bank transfer ","2025-04-24 18:51:57","Arya Prajapati",NULL,NULL,NULL
"519","2347731",,NULL,"XTT838955351",,"884","TDU25091G",NULL,"12","2025-04-09 00:00:00",NULL,,"Credit card","2025-04-24 19:11:01","Arya Prajapati",NULL,NULL,NULL
"520","2350019","initial",NULL,NULL,"3538",NULL,NULL,NULL,,NULL,NULL,,,"2025-04-24 19:40:00","Pradeep Shukla",NULL,NULL,NULL
"521","2350019",,NULL,"XTT596016339",,"3508","TDU30936",NULL,"12","2025-04-24 00:00:00",NULL,,"Credit card","2025-04-24 22:48:10","Arya Prajapati",NULL,NULL,NULL
"522","2347378",,NULL,"22/04/2025	MAKEMYTRIP INDIA PRIVATE LIMITED	37507		TDU24912G",,"37057","TDU24912G",NULL,"12","2025-04-22 00:00:00",NULL,,"BANK TRANSFER","2025-04-25 11:19:52","Job Mathew",NULL,NULL,NULL
"525","2183852",,NULL,,,"4350","TDU22211g",NULL,"12","2025-04-21 00:00:00",NULL,,"BANK TRANSFER","2025-04-25 12:05:35","Job Mathew",NULL,NULL,NULL
"527","2350583","initial",NULL,NULL,"7621",NULL,NULL,NULL,,NULL,NULL,,,"2025-04-28 12:33:57","Maharshi Mankodi",NULL,NULL,NULL
"528","2349955",,NULL,"STAR HOLIDAYS",,"6641","TDU30883",NULL,"12","2025-04-28 00:00:00",NULL,,"Bank transfer ","2025-04-28 14:52:45","Arya Prajapati",NULL,NULL,NULL
"530","2349731",,NULL,"XTT122436497",,"4316","TDU30734",NULL,"12","2025-04-24 00:00:00",NULL,,"Bank transfer ","2025-04-28 16:40:07","Arya Prajapati",NULL,NULL,NULL
"532","2349731","initial",NULL,NULL,"7598",NULL,NULL,NULL,,NULL,NULL,,,"2025-04-28 16:40:37","Arya Prajapati",NULL,NULL,NULL
"535","2347526",,NULL,,,"5740","TDU25003G ",NULL,"12","2025-04-23 00:00:00",NULL,,"BANK TRANSFER","2025-04-29 10:18:37","Job Mathew",NULL,NULL,NULL
"536","2347526",,NULL,,,"5740","TDU25003G ",NULL,"12","2025-04-28 00:00:00",NULL,,"BANK TRANSFER","2025-04-29 10:19:25","Job Mathew",NULL,NULL,NULL
"537","2350594","initial",NULL,NULL,"2878",NULL,NULL,NULL,,NULL,NULL,,,"2025-04-29 13:35:50","Dhiraj Salvi",NULL,NULL,NULL
"538","2350422","initial",NULL,NULL,"3095",NULL,NULL,NULL,,NULL,NULL,,,"2025-04-29 14:12:49","Job Mathew",NULL,NULL,NULL
"539","2347731","final",NULL,NULL,"57282",NULL,NULL,NULL,,NULL,NULL,,,"2025-04-29 15:07:57","Maharshi Mankodi",NULL,NULL,NULL
"542","2350448",,NULL,"Fast Transfer From PRASAD MUTEKAR",,"30","TDU31254 ",NULL,"12","2025-04-28 00:00:00",NULL,,"Bank transfer ","2025-04-29 16:13:45","Arya Prajapati",NULL,NULL,NULL
"543","2350448",,NULL,"Fast Transfer From PRASAD MUTEKAR",,"2700","TDU31254 ",NULL,"12","2025-04-29 00:00:00",NULL,,"Bank transfer ","2025-04-29 16:14:42","Arya Prajapati",NULL,NULL,NULL
"545","2350594",,NULL,"XTT756350433",,"2990","TDU31372 ",NULL,"12","2025-04-26 00:00:00",NULL,,"Credit card","2025-04-29 17:27:52","Arya Prajapati",NULL,NULL,NULL
"546","2349955","initial",NULL,NULL,"7470",NULL,NULL,NULL,,NULL,NULL,,,"2025-04-29 17:47:32","Mayur P",NULL,NULL,NULL
"549","2349731","final",NULL,NULL,"8374",NULL,NULL,NULL,,NULL,NULL,,,"2025-04-29 18:20:28","Karthik Suriyan",NULL,NULL,NULL
"550","2349731",,NULL,"XTT663951440",,"4300","TDU30734",NULL,"12","2025-04-29 00:00:00",NULL,,"Credit card","2025-04-29 18:23:28","Arya Prajapati",NULL,NULL,NULL
"551","2350617","initial",NULL,NULL,"11398",NULL,NULL,NULL,,NULL,NULL,,,"2025-04-29 18:30:28","Karthik Suriyan",NULL,NULL,NULL
"552","2350536","initial",NULL,NULL,"7497",NULL,NULL,NULL,,NULL,NULL,,,"2025-04-29 19:08:21","Mayur P",NULL,NULL,NULL
"553","2350536",,NULL,"BFN :CFT2504544
",,"7467","TDU31325",NULL,"12","2025-04-29 00:00:00",NULL,,"BFN","2025-04-29 19:12:22","Arya Prajapati",NULL,NULL,NULL
"558","2348579","initial",NULL,NULL,"65730",NULL,NULL,NULL,,NULL,NULL,,,"2025-04-29 21:30:22","Arun Karotiya",NULL,NULL,NULL
"559","2350551",,NULL,"BFN - File No:CFS2502174
",,"5271","TDU31336",NULL,"12","2025-04-30 00:00:00",NULL,,"BFN","2025-04-30 11:43:10","Arya Prajapati",NULL,NULL,NULL
"560","2350551","initial",NULL,NULL,"5301",NULL,NULL,NULL,,NULL,NULL,,,"2025-04-30 11:43:33","Arya Prajapati",NULL,NULL,NULL
"561","2350676","initial",NULL,NULL,"606",NULL,NULL,NULL,,NULL,NULL,,,"2025-04-30 11:52:30","Job Mathew",NULL,NULL,NULL
"562","2350676",,NULL,"Kunal's approval",,"576","Kunal's approval",NULL,"12","2025-04-29 00:00:00",NULL,,"BANK TRANSFER","2025-04-30 11:57:51","Job Mathew",NULL,NULL,NULL
"563","2348509",,NULL,"INTERNATIONAL TRAVEL HOUSE LIMITED",,"9870","TDU30436 ",NULL,"12","2025-04-30 00:00:00",NULL,,"Bank transfer ","2025-04-30 14:55:21","Arya Prajapati",NULL,NULL,NULL
"565","2350507",,NULL,"From TOPPLUS PTY LTD",,"16075","TDU31302",NULL,"12","2025-04-30 00:00:00",NULL,,"Bank transfer ","2025-04-30 17:32:43","Arya Prajapati",NULL,NULL,NULL
"570","2350507","initial",NULL,NULL,"15863",NULL,NULL,NULL,,NULL,NULL,,,"2025-04-30 18:09:15","Mayur P",NULL,NULL,NULL
"571","2350494",,NULL,"Thomas Cook Ref No. : CFT2504029",,"16188","TDU31291",NULL,"12","2025-04-30 00:00:00",NULL,,"BFN","2025-04-30 19:28:27","Arya Prajapati",NULL,NULL,NULL
"572","2350494","initial",NULL,NULL,"16218",NULL,NULL,NULL,,NULL,NULL,,,"2025-04-30 19:28:58","Arya Prajapati",NULL,NULL,NULL
"573","2350422",,NULL,,,"3065","TDU31240 ",NULL,"12","2025-05-02 00:00:00",NULL,,"BANK TRANSFER","2025-05-02 12:20:15","Job Mathew",NULL,NULL,NULL
"575","2350573",,NULL,"FLYREMIT PRIVATE LIMITED TO",,"37308","TDU31353 ",NULL,"12","2025-05-01 00:00:00",NULL,,"Bank transfer ","2025-05-02 15:43:14","Arya Prajapati",NULL,NULL,NULL
"576","2350573","initial",NULL,NULL,"29046",NULL,NULL,NULL,,NULL,NULL,,,"2025-05-02 15:43:59","Arya Prajapati",NULL,NULL,NULL
"579","2350609","initial",NULL,NULL,"22716",NULL,NULL,NULL,,NULL,NULL,,,"2025-05-02 17:48:43","Mayur P",NULL,NULL,NULL
"580","2350243",,NULL,"XTT175334234",,"846","TDU31116 ",NULL,"12","2025-04-24 00:00:00",NULL,,"Credit card","2025-05-02 19:35:09","Arya Prajapati",NULL,NULL,NULL
"581","2350256",,NULL,"XTT402727641",,"3740","TDU31129",NULL,"12","2025-05-02 00:00:00",NULL,,"Credit card","2025-05-02 19:37:48","Arya Prajapati",NULL,NULL,NULL
"582","2183852","final",NULL,NULL,"88489",NULL,NULL,NULL,,NULL,NULL,,,"2025-05-03 17:03:04","Priyanka Pandav",NULL,NULL,NULL
"586","2349704",,NULL,"05/05/2024	FLYREMIT PRIVATE LIMITED TO	19600		TDU25426G",,"19600","TDU25426G",NULL,"12","2025-05-05 00:00:00",NULL,,"BANK TRANSFER","2025-05-05 11:16:52","Job Mathew",NULL,NULL,NULL
"587","2350256","initial",NULL,NULL,"4078",NULL,NULL,NULL,,NULL,NULL,,,"2025-05-05 15:58:37","Job Mathew",NULL,NULL,NULL
"588","2350256",,NULL,"XTT150700947",,"350","TDU31129",NULL,"12","2025-05-05 00:00:00",NULL,,"Credit card","2025-05-05 16:24:56","Arya Prajapati",NULL,NULL,NULL
"589","2350705",,NULL,"30/04/2025	3S TRAVEL NETWORK PRIVATE LIMITED	59607",,"59607","TDU25684G",NULL,"12","2025-04-30 00:00:00",NULL,,"BANK TRANSFER","2025-05-05 17:36:22","Job Mathew",NULL,NULL,NULL
"590","2350705",,NULL,"22/04/2025	3S TRAVEL NETWORK PRIVATE LIMITED 11805",,"11805","TDU25684G",NULL,"12","2025-04-22 00:00:00",NULL,,"BANK TRANSFER","2025-05-05 17:37:15","Job Mathew",NULL,NULL,NULL
"591","2350224",,NULL,"23/04/2025	3S TRAVEL NETWORK PRIVATE LIMITED	50164	TDU25562G",,"50164","TDU25562G",NULL,"12","2025-04-23 00:00:00",NULL,,"BANK TRANSFER","2025-05-05 17:38:43","Job Mathew",NULL,NULL,NULL
"592","2350224",,NULL,,,"6048","TDU25562G",NULL,"12","2025-04-22 00:00:00",NULL,,"BANK TRANSFER","2025-05-05 17:39:10","Job Mathew",NULL,NULL,NULL
"594","2349832","initial",NULL,NULL,"43730",NULL,NULL,NULL,,NULL,NULL,,,"2025-05-05 20:52:14","Arya Prajapati",NULL,NULL,NULL
"595","2350524",,NULL,"XTT951296446",,"12000","TDU31314",NULL,"12","2025-05-05 00:00:00",NULL,,"Credit card","2025-05-05 21:00:46","Arya Prajapati",NULL,NULL,NULL
"596","2349832","final",NULL,NULL,"43700",NULL,NULL,NULL,,NULL,NULL,,,"2025-05-05 21:36:26","Arya Prajapati",NULL,NULL,NULL
"597","2350740",,NULL,"BHAUMIKKUMAR PATEL",,"15000","TDU31485",NULL,"12","2025-05-05 00:00:00",NULL,,"Bank transfer ","2025-05-05 23:12:38","Arya Prajapati",NULL,NULL,NULL
"601","2350529",,NULL,"BFN : CFS2502339 / CFS2502341
",,"3225","TDU31319",NULL,"12","2025-05-06 00:00:00",NULL,,"BFN","2025-05-06 13:42:04","Arya Prajapati",NULL,NULL,NULL
"604","2350609",,NULL,"MORNING STAR TRAVELS PRIVATE LIMITE",,"22092","TDU31382 ",NULL,"12","2025-05-06 00:00:00",NULL,,"Bank transfer ","2025-05-06 15:28:40","Arya Prajapati",NULL,NULL,NULL
"607","2350718",,NULL,"Fast Transfer From SWAPNIL PANDIT",,"4806","TDU31467",NULL,"12","2025-05-06 00:00:00",NULL,,"Bank transfer ","2025-05-06 16:48:29","Arya Prajapati",NULL,NULL,NULL
"608","2350529","final",NULL,NULL,"3225",NULL,NULL,NULL,,NULL,NULL,,,"2025-05-06 17:05:07","Arya Prajapati",NULL,NULL,NULL
"609","2350529","initial",NULL,NULL,"3255",NULL,NULL,NULL,,NULL,NULL,,,"2025-05-06 17:05:18","Arya Prajapati",NULL,NULL,NULL
"611","2350718","initial",NULL,NULL,"4734",NULL,NULL,NULL,,NULL,NULL,,,"2025-05-06 17:56:19","Arya Prajapati",NULL,NULL,NULL
"612","2350651",,NULL,"Fast Transfer From VAINIK AJAYKUMAR PATE",,"8070","TDU31413 ",NULL,"12","2025-05-06 00:00:00",NULL,,"Bank transfer ","2025-05-06 20:18:35","Arya Prajapati",NULL,NULL,NULL
"613","2350651","initial",NULL,NULL,"8097",NULL,NULL,NULL,,NULL,NULL,,,"2025-05-06 20:18:57","Arya Prajapati",NULL,NULL,NULL
"614","2350255",,NULL,"FLYREMIT PRIVATE LIMITED TO",,"1728","TDU31128",NULL,"12","2025-05-07 00:00:00",NULL,,"Bank transfer ","2025-05-07 15:42:19","Arya Prajapati",NULL,NULL,NULL
"615","2350670",,NULL,"FLYREMIT PRIVATE LIMITED TO",,"1064","TDU31430 ",NULL,"12","2025-05-07 00:00:00",NULL,,"Bank transfer ","2025-05-07 15:44:05","Arya Prajapati",NULL,NULL,NULL
"618","2349704",,NULL,"FLYREMIT PRIVATE LIMITED TO",,"19600","TDU25426G",NULL,"12","2025-05-07 00:00:00",NULL,,"Bank transfer ","2025-05-07 15:48:58","Arya Prajapati",NULL,NULL,NULL
"619","2349915",,NULL,"TRIPMAKERZ VACATION PVT LTD",,"11480","TDU25503G",NULL,"12","2025-05-07 00:00:00",NULL,,"Bank transfer ","2025-05-07 15:51:46","Arya Prajapati",NULL,NULL,NULL
"620","2349464",,NULL,"MAKEMYTRIP INDIA PRIVATE LIMITED",,"3354","TDU30587 ",NULL,"12","2025-05-07 00:00:00",NULL,,"Bank transfer ","2025-05-07 22:40:13","Arya Prajapati",NULL,NULL,NULL
"621","2350617",,NULL,,,"11822","TDU25663G",NULL,"12","2025-05-08 00:00:00",NULL,,"BANK TRANSFER","2025-05-08 10:26:10","Job Mathew",NULL,NULL,NULL
"625","2347525","initial",NULL,NULL,"68295",NULL,NULL,NULL,,NULL,NULL,,,"2025-05-08 15:12:12","Maharshi Mankodi",NULL,NULL,NULL
"626","2350609",,NULL,"kunal approval based on quote match",,"594",,NULL,"12","2025-05-08 00:00:00",NULL,,"Margin adjustment ","2025-05-08 17:45:00","Job Mathew",NULL,NULL,NULL
"627","2350524","initial",NULL,NULL,"9360",NULL,NULL,NULL,,NULL,NULL,,,"2025-05-08 21:59:51","Arya Prajapati",NULL,NULL,NULL
"628","2350731",,NULL,"Fast Transfer From Divagar Subramanian",,"2070","TDU31476 ",NULL,"12","2025-05-08 00:00:00",NULL,,"Bank transfer ","2025-05-08 22:06:07","Arya Prajapati",NULL,NULL,NULL
"629","2350731","initial",NULL,NULL,"2100",NULL,NULL,NULL,,NULL,NULL,,,"2025-05-08 22:06:29","Arya Prajapati",NULL,NULL,NULL
"630","2350748","initial",NULL,NULL,"3954",NULL,NULL,NULL,,NULL,NULL,,,"2025-05-08 22:55:31","Rohit Mokal",NULL,NULL,NULL
"631","2347526",,NULL,,,"11480","TDU25003G",NULL,"12","2025-05-07 00:00:00",NULL,,"BANK TRANSFER","2025-05-09 10:00:47","Job Mathew",NULL,NULL,NULL
"632","2349464",,NULL,,,"2236","TDU30587",NULL,"12","2025-05-09 00:00:00",NULL,,"BANK TRANSFER","2025-05-09 13:48:59","Job Mathew",NULL,NULL,NULL
"634","2350825",,NULL,,,"1680","TDU31545",NULL,"12","2025-05-08 00:00:00",NULL,,"BANK TRANSFER","2025-05-09 14:05:31","Job Mathew",NULL,NULL,NULL
"635","2350825",,NULL,,,"950","TDU31545",NULL,"12","2025-05-08 00:00:00",NULL,,"BANK TRANSFER","2025-05-09 14:06:03","Job Mathew",NULL,NULL,NULL
"636","2350825","initial",NULL,NULL,"2670",NULL,NULL,NULL,,NULL,NULL,,,"2025-05-09 14:06:15","Job Mathew",NULL,NULL,NULL
"637","2349464",,NULL,,,"86","TDU30587",NULL,"12","2025-05-08 00:00:00",NULL,,"credit card","2025-05-09 14:07:36","Job Mathew",NULL,NULL,NULL
"638","2348579","final",NULL,NULL,"69170.99",NULL,NULL,NULL,,NULL,NULL,,,"2025-05-09 15:22:46","Karthik Suriyan",NULL,NULL,NULL
"643","2350826","final",NULL,NULL,"176",NULL,NULL,NULL,,NULL,NULL,,,"2025-05-09 16:02:20","Sidhikka Lotlikar",NULL,NULL,NULL
"644","2350826","initial",NULL,NULL,"206",NULL,NULL,NULL,,NULL,NULL,,,"2025-05-09 16:03:57","Sidhikka Lotlikar",NULL,NULL,NULL
"648","2350225",,NULL,"XTT360297528",,"1518","TDU25563G",NULL,"12","2025-05-09 00:00:00",NULL,,"Credit card","2025-05-09 19:07:20","Arya Prajapati",NULL,NULL,NULL
"649","2350255","initial",NULL,NULL,"1758",NULL,NULL,NULL,,NULL,NULL,,,"2025-05-09 22:31:47","Arya Prajapati",NULL,NULL,NULL
"650","2350670","initial",NULL,NULL,"1088",NULL,NULL,NULL,,NULL,NULL,,,"2025-05-09 22:39:02","Arya Prajapati",NULL,NULL,NULL
"651","2350771","final",NULL,NULL,"474",NULL,NULL,NULL,,NULL,NULL,,,"2025-05-10 22:00:00","Sidhikka Lotlikar",NULL,NULL,NULL
"652","2350771","initial",NULL,NULL,"504",NULL,NULL,NULL,,NULL,NULL,,,"2025-05-10 22:01:50","Sidhikka Lotlikar",NULL,NULL,NULL
"653","2350771",,NULL,"XTT317345593",,"474","TDU31502",NULL,"12","2025-05-10 00:00:00",NULL,,"Credit card","2025-05-11 11:42:37","Arya Prajapati",NULL,NULL,NULL
"654","2350811","initial",NULL,NULL,"507",NULL,NULL,NULL,,NULL,NULL,,,"2025-05-11 15:44:31","Dhiraj Salvi",NULL,NULL,NULL
"655","2350811",,NULL,"XTT917090341",,"486","TDU31533",NULL,"12","2025-05-10 00:00:00",NULL,,"Credit card","2025-05-11 15:46:27","Arya Prajapati",NULL,NULL,NULL
"659","2350826",,NULL,"FLYREMIT PRIVATE LIMITED TO",,"176","TDU31546",NULL,"12","2025-05-13 00:00:00",NULL,,"Bank transfer ","2025-05-13 14:50:03","Arya Prajapati",NULL,NULL,NULL
"661","2350825",,NULL,"13/05/2025	Fast Transfer From POK HEI KWAN balance	10		TDU31545 ",,"10","TDU31545",NULL,"12","2025-05-13 00:00:00",NULL,,"BANK TRANSFER","2025-05-13 14:53:43","Job Mathew",NULL,NULL,NULL
"662","2350719","initial",NULL,NULL,"1308",NULL,NULL,NULL,,NULL,NULL,,,"2025-05-13 16:15:36","Mayur P",NULL,NULL,NULL
"665","2347526",,NULL,"14/05/2025	TRIPMAKERZ VACATION PVT LTD	11480		TDU25003G",,"11480","TDU25003G",NULL,"12","2025-05-14 00:00:00",NULL,,"BANK TRANSFER","2025-05-14 11:56:31","Job Mathew",NULL,NULL,NULL
"666","2350370","initial",NULL,NULL,"3652",NULL,NULL,NULL,,NULL,NULL,,,"2025-05-14 13:40:02","Job Mathew",NULL,NULL,NULL
"667","2350719",,NULL,"Fast Transfer From MRS PRAMILA SHANMUGA - Nancy Kao",,"1278","TDU31468",NULL,"12","2025-05-14 00:00:00",NULL,,"Bank transfer ","2025-05-14 15:08:36","Arya Prajapati",NULL,NULL,NULL
"669","2350748",,NULL,"15/05/2025	IMAD HOLIDAYS AND VISAS OPC PRIVATE	3930		TDU31491",,"3930"," TDU31491",NULL,"12","2025-05-15 00:00:00",NULL,,"BANK TRANSFER","2025-05-15 13:26:07","Job Mathew",NULL,NULL,NULL
"670","2350855","initial",NULL,NULL,"4938",NULL,NULL,NULL,,NULL,NULL,,,"2025-05-15 13:41:25","Karthik Suriyan",NULL,NULL,NULL
"671","2350855",,NULL,"14/05/2025	BHAUMIKKUMAR PATEL	4920		TDU31564",,"4920"," TDU31564",NULL,"12","2025-05-14 00:00:00",NULL,,"BANK TRANSFER","2025-05-15 13:45:07","Job Mathew",NULL,NULL,NULL
"673","2350356",,NULL,"MORNING STAR TRAVELS PRIVATE LIMITE",,"12206","TDU31193",NULL,"12","2025-05-15 00:00:00",NULL,,"Bank transfer ","2025-05-15 13:52:52","Arya Prajapati",NULL,NULL,NULL
"674","2350356","initial",NULL,NULL,"12426",NULL,NULL,NULL,,NULL,NULL,,,"2025-05-15 13:53:18","Arya Prajapati",NULL,NULL,NULL
"675","2350786","initial",NULL,NULL,"2780",NULL,NULL,NULL,,NULL,NULL,,,"2025-05-15 13:58:00","Job Mathew",NULL,NULL,NULL
"677","2350786",,NULL,"15/05/2025	TAMARIND GLOBAL SERVICES MIDDLE EAS	2730		TDU31513",,"2730"," TDU31513",NULL,"12","2025-05-01 00:00:00",NULL,,"BANK TRANSFER","2025-05-15 13:59:19","Job Mathew",NULL,NULL,NULL
"678","2350356",,NULL,"Email approval sent by Kunal",,"190"," TDU31193",NULL,"12","2025-05-15 00:00:00",NULL,,"quote match","2025-05-15 14:38:06","Job Mathew",NULL,NULL,NULL
"679","2347526","initial",NULL,NULL,"34470",NULL,NULL,NULL,,NULL,NULL,,,"2025-05-15 16:55:46","Maharshi Mankodi",NULL,NULL,NULL
"680","2350786",,NULL,"Approved by kunal on email",,"20","TDU31513",NULL,"12","2025-05-15 00:00:00",NULL,,"quote match","2025-05-15 17:13:41","Job Mathew",NULL,NULL,NULL
"682","2350081",,NULL,"TRAVELLERS PARAADISE",,"10110","TDU30990",NULL,"12","2025-05-16 00:00:00",NULL,,"Bank transfer ","2025-05-16 15:38:06","Arya Prajapati",NULL,NULL,NULL
"684","2350847",,NULL,"XTT776851330",,"1414","TDU31559",NULL,"12","2025-05-17 00:00:00",NULL,,"Credit card","2025-05-17 21:31:04","Arya Prajapati",NULL,NULL,NULL
"685","2350847","initial",NULL,NULL,"1443",NULL,NULL,NULL,,NULL,NULL,,,"2025-05-17 21:31:14","Arya Prajapati",NULL,NULL,NULL
"686","2350370","final",NULL,NULL,"3622",NULL,NULL,NULL,,NULL,NULL,,,"2025-05-19 09:49:10","Job Mathew",NULL,NULL,NULL
"687","2350778",,NULL,"BONVOYAGE TRAVEL AND TOURS",,"5737","TDU25707G",NULL,"12","2025-05-20 00:00:00",NULL,,"Bank transfer ","2025-05-20 13:21:38","Arya Prajapati",NULL,NULL,NULL
"688","2348579",,NULL,"XTT677910259",,"9400","TDU25265G ",NULL,"12","2025-05-20 00:00:00",NULL,,"Credit card","2025-05-20 16:06:58","Arya Prajapati",NULL,NULL,NULL
"689","2348579",,NULL,"XTT834710048",,"10000","TDU25265G",NULL,"12","2025-05-20 00:00:00",NULL,,"Credit card","2025-05-20 16:08:06","Arya Prajapati",NULL,NULL,NULL
"690","2350936",,NULL,"Indian High commission - Canberra",,"550","Indian High commission - Canberra",NULL,"12","2025-05-21 00:00:00",NULL,,"CREDIT","2025-05-21 09:43:57","Job Mathew",NULL,NULL,NULL
"691","2350936","initial",NULL,NULL,"580",NULL,NULL,NULL,,NULL,NULL,,,"2025-05-21 09:44:16","Job Mathew",NULL,NULL,NULL
"692","2349704",,NULL,"FLYREMIT PRIVATE LIMITED TO",,"32652","TDU25426G",NULL,"12","2025-05-21 00:00:00",NULL,,"Bank transfer ","2025-05-21 15:43:18","Arya Prajapati",NULL,NULL,NULL
"693","2349704",,NULL,,,"5","TDU25426G ",NULL,"12","2025-05-21 00:00:00",NULL,,"Bank Charges","2025-05-21 16:01:06","Arya Prajapati",NULL,NULL,NULL
"694","2350952","initial",NULL,NULL,"204",NULL,NULL,NULL,,NULL,NULL,,,"2025-05-21 22:59:57","Rohit Mokal",NULL,NULL,NULL
"695","2350952","final",NULL,NULL,"174",NULL,NULL,NULL,,NULL,NULL,,,"2025-05-21 23:00:03","Rohit Mokal",NULL,NULL,NULL
"696","2350952",,NULL,,,"176","TDU31630",NULL,"12","2025-05-22 00:00:00",NULL,,"Credit card","2025-05-22 15:55:35","Job Mathew",NULL,NULL,NULL
"697","2350898","initial",NULL,NULL,"314",NULL,NULL,NULL,,NULL,NULL,,,"2025-05-22 17:06:46","Rohit Mokal",NULL,NULL,NULL
"698","2350898",,NULL,"XTT759165093",,"284","TDU31591",NULL,"12","2025-05-22 00:00:00",NULL,,"Credit card","2025-05-22 21:18:52","Arya Prajapati",NULL,NULL,NULL
"699","2350989",,NULL,"TDU31655",,"220","TDU31655",NULL,"12","2025-05-23 00:00:00",NULL,,"Credit","2025-05-23 11:19:50","Job Mathew",NULL,NULL,NULL
"700","2350989","initial",NULL,NULL,"249",NULL,NULL,NULL,,NULL,NULL,,,"2025-05-23 11:20:02","Job Mathew",NULL,NULL,NULL
"705","2351009",,NULL,"CFT2505021",,"21820","TDU31669",NULL,"12","2025-05-24 00:00:00",NULL,,"BFN","2025-05-24 19:11:48","Arya Prajapati",NULL,NULL,NULL
"706","2351009","initial",NULL,NULL,"21850",NULL,NULL,NULL,,NULL,NULL,,,"2025-05-24 19:12:26","Arya Prajapati",NULL,NULL,NULL
"707","2350081",,NULL,"XTT575005050",,"875","TDU30990",NULL,"12","2025-05-25 00:00:00",NULL,,"Credit card","2025-05-25 16:04:42","Arya Prajapati",NULL,NULL,NULL
"709","2350720","initial",NULL,NULL,"1096",NULL,NULL,NULL,,NULL,NULL,,,"2025-05-27 13:47:26","Priyanka Pandav",NULL,NULL,NULL
"711","2350402",,NULL,"CFT2502254",,"5976","TDU27078",NULL,"12","2025-05-27 00:00:00",NULL,,"BFN","2025-05-27 15:58:08","Arya Prajapati",NULL,NULL,NULL
"712","2350402","initial",NULL,NULL,"6006",NULL,NULL,NULL,,NULL,NULL,,,"2025-05-27 15:58:34","Arya Prajapati",NULL,NULL,NULL
"713","2351042",,NULL,"XTT413992692",,"405","TDU31691",NULL,"12","2025-05-27 00:00:00",NULL,,"Credit card","2025-05-27 18:28:24","Arya Prajapati",NULL,NULL,NULL
"715","2351042",,NULL,"XTT441024307",,"405","TDU31591",NULL,"12","2025-05-27 00:00:00",NULL,,"Credit card","2025-05-27 18:35:40","Arya Prajapati",NULL,NULL,NULL
"716","2351042",,NULL,"XTT984130290",,"405","TDU31591",NULL,"12","2025-05-27 00:00:00",NULL,,"Credit card","2025-05-27 19:42:31","Arya Prajapati",NULL,NULL,NULL
"718","2351042",,NULL,"XTT297633254",,"120","TDU31691",NULL,"12","2025-05-27 00:00:00",NULL,,"Credit card","2025-05-27 21:25:13","Arya Prajapati",NULL,NULL,NULL
"719","2351042","final",NULL,NULL,"1256",NULL,NULL,NULL,,NULL,NULL,,,"2025-05-27 21:37:28","Arya Prajapati",NULL,NULL,NULL
"720","2351042","initial",NULL,NULL,"1286",NULL,NULL,NULL,,NULL,NULL,,,"2025-05-27 21:37:37","Arya Prajapati",NULL,NULL,NULL
"723","2350556","initial",NULL,NULL,"26280",NULL,NULL,NULL,,NULL,NULL,,,"2025-05-28 15:21:48","Maharshi Mankodi",NULL,NULL,NULL
"724","2350986",,NULL,"XTT694421623",,"3327","TDU31652",NULL,"12","2025-05-29 00:00:00",NULL,,"Credit card","2025-05-29 14:44:05","Arya Prajapati",NULL,NULL,NULL
"726","2350986","initial",NULL,NULL,"3357",NULL,NULL,NULL,,NULL,NULL,,,"2025-05-30 13:05:04","Arya Prajapati",NULL,NULL,NULL
"727","2348331","initial",NULL,NULL,"42707",NULL,NULL,NULL,,NULL,NULL,,,"2025-05-30 13:44:22","Priyanka Pandav",NULL,NULL,NULL
"728","2348331",,NULL,"Around The World",,"42677","TDU25227G",NULL,"12","2025-05-30 00:00:00",NULL,,"BANK TRANSFER","2025-05-30 14:00:42","Job Mathew",NULL,NULL,NULL
"730","2351104","initial",NULL,NULL,"166",NULL,NULL,NULL,,NULL,NULL,,,"2025-05-30 20:15:23","Rohit Mokal",NULL,NULL,NULL
"731","2350972","initial",NULL,NULL,"2820",NULL,NULL,NULL,,NULL,NULL,,,"2025-05-31 16:28:24","Sidhikka Lotlikar",NULL,NULL,NULL
"733","2350454","initial",NULL,NULL,"993",NULL,NULL,NULL,,NULL,NULL,,,"2025-06-01 15:18:57","Rohit Mokal",NULL,NULL,NULL
"734","2350998","initial",NULL,NULL,"1426",NULL,NULL,NULL,,NULL,NULL,,,"2025-06-01 19:17:38","Harsh Purswani",NULL,NULL,NULL
"735","2350494","final",NULL,NULL,"13895",NULL,NULL,NULL,,NULL,NULL,,,"2025-06-02 13:10:17","Job Mathew",NULL,NULL,NULL
"737","2350943","initial",NULL,NULL,"2550",NULL,NULL,NULL,,NULL,NULL,,,"2025-06-03 16:02:06","Sidhikka Lotlikar",NULL,NULL,NULL
"738","2351094","initial",NULL,NULL,"2835",NULL,NULL,NULL,,NULL,NULL,,,"2025-06-03 19:20:31","Maharshi Mankodi",NULL,NULL,NULL
"741","2351139","initial",NULL,NULL,"3378",NULL,NULL,NULL,,NULL,NULL,,,"2025-06-04 00:25:03","Rohit Mokal",NULL,NULL,NULL
"742","2350972","final",NULL,NULL,"2790",NULL,NULL,NULL,,NULL,NULL,,,"2025-06-04 11:58:59","Arya Prajapati",NULL,NULL,NULL
"743","2350972",,NULL,"XTT157953551",,"2790","TDU31640",NULL,"12","2025-06-03 00:00:00",NULL,,"Credit card","2025-06-04 12:01:03","Arya Prajapati",NULL,NULL,NULL
"745","2350556","final",NULL,NULL,"26700",NULL,NULL,NULL,,NULL,NULL,,,"2025-06-05 14:11:12","Karthik Suriyan",NULL,NULL,NULL
"746","2350556",,NULL,"Fast Transfer From RAVIKUMAR SHAKARABHAI",,"8000","TDU25651G",NULL,"12","2025-05-30 00:00:00",NULL,,"Bank transfer ","2025-06-05 14:17:24","Arya Prajapati",NULL,NULL,NULL
"747","2350556",,NULL,"Fast Transfer From HET CLEANING SERVICES",,"13450","TDU25651G",NULL,"12","2025-06-03 00:00:00",NULL,,"Bank transfer ","2025-06-05 14:18:21","Arya Prajapati",NULL,NULL,NULL
"748","2350556",,NULL,"Fast Transfer From SUMIT AVAIYA",,"1000","TDU25651G",NULL,"12","2025-06-03 00:00:00",NULL,,"Bank transfer ","2025-06-05 14:19:18","Arya Prajapati",NULL,NULL,NULL
"749","2350556",,NULL,"Fast Transfer From MILAN LAXMANBHAI SOJI",,"1800","TDU25651G",NULL,"12","2025-06-03 00:00:00",NULL,,"Bank transfer ","2025-06-05 14:20:11","Arya Prajapati",NULL,NULL,NULL
"750","2351094","final",NULL,NULL,"3095",NULL,NULL,NULL,,NULL,NULL,,,"2025-06-05 15:08:28","Priyanka Pandav",NULL,NULL,NULL
"751","2350573","final",NULL,NULL,"29404",NULL,NULL,NULL,,NULL,NULL,,,"2025-06-05 16:08:33","Hemant Dongrani",NULL,NULL,NULL
"752","2350583",,NULL,"342189 Nium",,"7591","TDU31361 ",NULL,"12","2025-06-04 00:00:00",NULL,,"Bank transfer ","2025-06-05 16:45:06","Arya Prajapati",NULL,NULL,NULL
"753","2351104",,NULL,"MAKEMYTRIP INDIA PRIVATE LIMITED",,"136","TDU31744",NULL,"12","2025-06-06 00:00:00",NULL,,"Bank transfer ","2025-06-06 14:12:50","Arya Prajapati",NULL,NULL,NULL
"754","2351094",,NULL,"XTT908719894",,"3095","TDU25792G",NULL,"12","2025-06-05 00:00:00",NULL,,"Credit card","2025-06-06 14:23:03","Arya Prajapati",NULL,NULL,NULL
"755","2351189",,NULL,"XTT654578160",,"160","TDU31798",NULL,"12","2025-06-06 00:00:00",NULL,,"Credit card","2025-06-06 15:02:24","Arya Prajapati",NULL,NULL,NULL
"756","2351189","initial",NULL,NULL,"190",NULL,NULL,NULL,,NULL,NULL,,,"2025-06-06 15:03:54","Arya Prajapati",NULL,NULL,NULL
"758","2351106",,NULL,"XTT831849808",,"2685","TDU31745",NULL,"12","2025-06-06 00:00:00",NULL,,"Credit card","2025-06-06 16:24:02","Arya Prajapati",NULL,NULL,NULL
"759","2350556",,NULL,"Fast Transfer From HARSHKUMAR JITENDRABH",,"600","TDU25651G",NULL,"12","2025-06-06 00:00:00",NULL,,"Bank transfer ","2025-06-06 20:36:53","Arya Prajapati",NULL,NULL,NULL
"762","2350587","initial",NULL,NULL,"20044",NULL,NULL,NULL,,NULL,NULL,,,"2025-06-07 17:23:46","Rachana Hingorani",NULL,NULL,NULL
"763","2351200","initial",NULL,NULL,"1596",NULL,NULL,NULL,,NULL,NULL,,,"2025-06-09 16:12:44","Karthik Suriyan",NULL,NULL,NULL
"764","2351200",,NULL,"XTT313176033",,"1647","TDU31805",NULL,"12","2025-06-09 00:00:00",NULL,,"Credit card","2025-06-09 16:20:16","Arya Prajapati",NULL,NULL,NULL
"765","2350556",,NULL,"XTT824045767",,"925","TDU25651G",NULL,"12","2025-06-09 00:00:00",NULL,,"Credit card","2025-06-09 16:23:03","Arya Prajapati",NULL,NULL,NULL
"766","2350556",,NULL,"XTT997772546",,"925","TDU25651G",NULL,"12","2025-06-09 00:00:00",NULL,,"Credit card","2025-06-09 17:30:33","Arya Prajapati",NULL,NULL,NULL
"767","2351222",,NULL,"XTT639397842",,"456","TDU31820",NULL,"12","2025-06-09 00:00:00",NULL,,"Credit card","2025-06-09 20:20:41","Arya Prajapati",NULL,NULL,NULL
"768","2351222","initial",NULL,NULL,"486",NULL,NULL,NULL,,NULL,NULL,,,"2025-06-09 20:20:55","Arya Prajapati",NULL,NULL,NULL
"769","2350485",,NULL,"CFT2503935",,"2904","TDU31282",NULL,"12","2025-06-09 00:00:00",NULL,,"BFN","2025-06-09 22:40:06","Arya Prajapati",NULL,NULL,NULL
"770","2350485","initial",NULL,NULL,"2934",NULL,NULL,NULL,,NULL,NULL,,,"2025-06-09 22:40:27","Arya Prajapati",NULL,NULL,NULL
"771","2351070",,NULL,"CFT2503935",,"121","TDU31716",NULL,"12","2025-06-09 00:00:00",NULL,,"BFN","2025-06-09 22:41:36","Arya Prajapati",NULL,NULL,NULL
"772","2351070","initial",NULL,NULL,"151",NULL,NULL,NULL,,NULL,NULL,,,"2025-06-09 22:41:44","Arya Prajapati",NULL,NULL,NULL
"774","2350488",,NULL,"CFT2503935",,"3098","TDU31285",NULL,"12","2025-06-10 00:00:00",NULL,,"BFN","2025-06-10 13:40:30","Arya Prajapati",NULL,NULL,NULL
"775","2350488","initial",NULL,NULL,"3128",NULL,NULL,NULL,,NULL,NULL,,,"2025-06-10 13:41:22","Arya Prajapati",NULL,NULL,NULL
"777","2351241",,NULL,"XTT296929869",,"3550","TDU31831",NULL,"12","2025-06-10 00:00:00",NULL,,"Credit card","2025-06-10 20:37:21","Arya Prajapati",NULL,NULL,NULL
"778","2351241","initial",NULL,NULL,"3580",NULL,NULL,NULL,,NULL,NULL,,,"2025-06-10 20:38:05","Arya Prajapati",NULL,NULL,NULL
"779","2351257","initial",NULL,NULL,"490",NULL,NULL,NULL,,NULL,NULL,,,"2025-06-10 21:42:39","Mayur P",NULL,NULL,NULL
"780","2350740",,NULL,"XTT161423649",,"640","TDU31485",NULL,"12","2025-05-12 00:00:00",NULL,,"Credit card","2025-06-11 13:58:59","Arya Prajapati",NULL,NULL,NULL
"782","2351106",,NULL,"XTT785772156",,"840","TDU31745",NULL,"12","2025-06-11 00:00:00",NULL,,"Credit card","2025-06-11 18:12:29","Arya Prajapati",NULL,NULL,NULL
"783","2350720",,NULL,"XTT262685508",,"1056","TDU25686G",NULL,"12","2025-06-11 00:00:00",NULL,,"Credit card","2025-06-11 18:15:45","Arya Prajapati",NULL,NULL,NULL
"784","2351202",,NULL,"XTT253612491",,"4670","TDU31807",NULL,"12","2025-06-11 00:00:00",NULL,,"Credit card","2025-06-11 18:19:56","Arya Prajapati",NULL,NULL,NULL
"787","2350454",,NULL,"JJ TRANSPORT SERVICES",,"963","TDU31259",NULL,"12","2025-06-11 00:00:00",NULL,,"Bank transfer ","2025-06-11 20:48:35","Arya Prajapati",NULL,NULL,NULL
"788","2351139",,NULL,"JJ TRANSPORT SERVICES",,"3313","TDU31768",NULL,"12","2025-06-11 00:00:00",NULL,,"Bank transfer ","2025-06-11 20:50:06","Arya Prajapati",NULL,NULL,NULL
"790","2351269","initial",NULL,NULL,"122",NULL,NULL,NULL,,NULL,NULL,,,"2025-06-11 22:11:19","Mayur P",NULL,NULL,NULL
"792","2350764","initial",NULL,NULL,"12448",NULL,NULL,NULL,,NULL,NULL,,,"2025-06-12 09:32:18","Maharshi Mankodi",NULL,NULL,NULL
"793","2351106","initial",NULL,NULL,"2715",NULL,NULL,NULL,,NULL,NULL,,,"2025-06-12 13:16:54","Maharshi Mankodi",NULL,NULL,NULL
"794","2351257",,NULL,"Transfer From MADHUSUDHANA MEDASANI",,"460","TDU31837",NULL,"12","2025-06-12 00:00:00",NULL,,"Bank transfer ","2025-06-12 15:54:54","Arya Prajapati",NULL,NULL,NULL
"795","2351271",,NULL,"CFT2504866",,"495","TDU31847",NULL,"12","2025-06-12 00:00:00",NULL,,"BFN","2025-06-12 15:56:23","Arya Prajapati",NULL,NULL,NULL
"796","2351271","initial",NULL,NULL,"525",NULL,NULL,NULL,,NULL,NULL,,,"2025-06-12 15:56:40","Arya Prajapati",NULL,NULL,NULL
"797","2350720",,NULL,"System Rounded off $10 higher then quoted price. Hence made the adjustment.",,"10","TDU25686G",NULL,"12","2025-06-12 00:00:00",NULL,,"bank charges","2025-06-12 16:44:15","Maharshi Mankodi",NULL,NULL,NULL
"798","2350720","final",NULL,NULL,"1066",NULL,NULL,NULL,,NULL,NULL,,,"2025-06-12 17:38:14","Arya Prajapati",NULL,NULL,NULL
"799","2351202","initial",NULL,NULL,"4046",NULL,NULL,NULL,,NULL,NULL,,,"2025-06-12 17:50:46","Arya Prajapati",NULL,NULL,NULL
"802","2351223",,NULL,"XTT307782774",,"4660","TDU31821",NULL,"12","2025-06-12 00:00:00",NULL,,"Credit card","2025-06-12 20:15:25","Arya Prajapati",NULL,NULL,NULL
"803","2351223","initial",NULL,NULL,"4687",NULL,NULL,NULL,,NULL,NULL,,,"2025-06-12 20:15:41","Arya Prajapati",NULL,NULL,NULL
"804","2350905",,NULL,"AKBAR HOLIDAYS PRIVATE LIMITED",,"4833","TDU31597",NULL,"12","2025-06-13 00:00:00",NULL,,"Bank transfer ","2025-06-13 13:53:55","Arya Prajapati",NULL,NULL,NULL
"805","2351282",,NULL,"XTT535366261",,"522","TDU32855",NULL,"12","2025-06-13 00:00:00",NULL,,"Credit card","2025-06-13 21:25:22","Arya Prajapati",NULL,NULL,NULL
"806","2351282","initial",NULL,NULL,"552",NULL,NULL,NULL,,NULL,NULL,,,"2025-06-13 21:25:37","Arya Prajapati",NULL,NULL,NULL
"807","2350764",,NULL,,,"12448","TDU31499",NULL,"12","2025-06-13 00:00:00",NULL,,"Credit card","2025-06-16 09:53:51","Job Mathew",NULL,NULL,NULL
"809","2350943","final",NULL,NULL,"2520",NULL,NULL,NULL,,NULL,NULL,,,"2025-06-16 14:55:49","Sidhikka Lotlikar",NULL,NULL,NULL
"810","2351093",,NULL,"17/06/2025	Celebrity Travel And	35949",,"35949","TDU25791G",NULL,"12","2025-06-17 00:00:00",NULL,,"Bank Transfer","2025-06-17 09:57:33","Job Mathew",NULL,NULL,NULL
"811","2350841",,NULL,,,"15285","TDU25721G",NULL,"12","2025-06-16 00:00:00",NULL,,"Bank Transfer","2025-06-17 11:59:11","Job Mathew",NULL,NULL,NULL
"812","2351289",,NULL,"XTT108236557",,"4624","TDU31857",NULL,"12","2025-06-16 00:00:00",NULL,,"Credit card","2025-06-17 15:10:41","Arya Prajapati",NULL,NULL,NULL
"813","2351289","initial",NULL,NULL,"4654",NULL,NULL,NULL,,NULL,NULL,,,"2025-06-17 15:10:55","Arya Prajapati",NULL,NULL,NULL
"815","2350778","initial",NULL,NULL,"5750",NULL,NULL,NULL,,NULL,NULL,,,"2025-06-17 16:32:01","Maharshi Mankodi",NULL,NULL,NULL
"820","2351342","initial",NULL,NULL,"538",NULL,NULL,NULL,,NULL,NULL,,,"2025-06-17 17:39:16","Arya Prajapati",NULL,NULL,NULL
"821","2351207","initial",NULL,NULL,"2230",NULL,NULL,NULL,,NULL,NULL,,,"2025-06-17 21:50:10","Mayur P",NULL,NULL,NULL
"824","2350205","final",NULL,NULL,"926.2",NULL,NULL,NULL,,NULL,NULL,,,"2025-06-18 19:18:42","Hemant Dongrani",NULL,NULL,NULL
"825","2351268","final",NULL,NULL,"11462",NULL,NULL,NULL,,NULL,NULL,,,"2025-06-18 20:44:32","Mayur P",NULL,NULL,NULL
"826","2351268","initial",NULL,NULL,"11692",NULL,NULL,NULL,,NULL,NULL,,,"2025-06-18 20:45:20","Mayur P",NULL,NULL,NULL
"828","2350905","initial",NULL,NULL,"4656",NULL,NULL,NULL,,NULL,NULL,,,"2025-06-19 13:47:24","Arya Prajapati",NULL,NULL,NULL
"830","2351125",,NULL,"XTT711590264",,"3911.10","TDU25801G ",NULL,"12","2025-06-18 00:00:00",NULL,,"Credit card","2025-06-19 16:13:34","Arya Prajapati",NULL,NULL,NULL
"832","2351353",,NULL,"XTT673834861",,"1890","TDU31907",NULL,"12","2025-06-19 00:00:00",NULL,,"Credit card","2025-06-19 16:41:43","Arya Prajapati",NULL,NULL,NULL
"833","2351353","final",NULL,NULL,"1890",NULL,NULL,NULL,,NULL,NULL,,,"2025-06-19 16:41:56","Arya Prajapati",NULL,NULL,NULL
"834","2351353","initial",NULL,NULL,"1920",NULL,NULL,NULL,,NULL,NULL,,,"2025-06-19 16:42:07","Arya Prajapati",NULL,NULL,NULL
"836","2350853","initial",NULL,NULL,"7038",NULL,NULL,NULL,,NULL,NULL,,,"2025-06-20 16:32:23","Rohit Mokal",NULL,NULL,NULL
"837","2350609",,NULL,"For Last minute booking of Yarra Tours Pty Ltd",,"400","TDU31382",NULL,"12","2025-05-16 00:00:00",NULL,,"Credit card","2025-06-20 19:15:24","Arya Prajapati",NULL,NULL,NULL
"840","2351093","initial",NULL,NULL,"35701",NULL,NULL,NULL,,NULL,NULL,,,"2025-06-23 09:46:30","Maharshi Mankodi",NULL,NULL,NULL
"841","2350448","initial",NULL,NULL,"2480",NULL,NULL,NULL,,NULL,NULL,,,"2025-06-23 12:10:26","Job Mathew",NULL,NULL,NULL
"842","2351289",,NULL,"XTT529304090",,"1080","TDU31857",NULL,"12","2025-06-21 00:00:00",NULL,,"Credit card","2025-06-23 12:35:17","Arya Prajapati",NULL,NULL,NULL
"843","2351139","final",NULL,NULL,"3313",NULL,NULL,NULL,,NULL,NULL,,,"2025-06-23 14:40:08","Maharshi Mankodi",NULL,NULL,NULL
"844","2347064","final",NULL,NULL,"47839",NULL,NULL,NULL,,NULL,NULL,,,"2025-06-23 15:33:27","Hemant Dongrani",NULL,NULL,NULL
"845","2350841",,NULL,,,"15285","TDU25721G",NULL,"12","2025-06-23 00:00:00",NULL,,"BANK TRANSFER","2025-06-23 16:28:20","Job Mathew",NULL,NULL,NULL
"847","2350556",,NULL,"XTT383317930",,"320","TDU25651G",NULL,"12","2025-06-23 00:00:00",NULL,,"Credit card","2025-06-23 17:18:15","Arya Prajapati",NULL,NULL,NULL
"848","2351268",,NULL,"Fast Transfer From BHAUMIKKUMAR PATEL",,"11532","TDU31844 ",NULL,"12","2025-06-19 00:00:00",NULL,,"Bank transfer ","2025-06-23 17:46:02","Arya Prajapati",NULL,NULL,NULL
"849","2351342",,NULL,"Fast Transfer From BHAUMIKKUMAR PATEL",,"508","TDU31898 ",NULL,"12","2025-06-19 00:00:00",NULL,,"Bank transfer ","2025-06-23 17:48:18","Arya Prajapati",NULL,NULL,NULL
"850","2350587","final",NULL,NULL,"20014",NULL,NULL,NULL,,NULL,NULL,,,"2025-06-23 19:04:46","Rachana Hingorani",NULL,NULL,NULL
"852","2351269",,NULL,"MAKEMYTRIP INDIA PRIVATE LIMITED",,"92","TDU31845",NULL,"12","2025-06-23 00:00:00",NULL,,"Bank transfer ","2025-06-24 16:53:36","Arya Prajapati",NULL,NULL,NULL
"853","2351125","initial",NULL,NULL,"3851.1",NULL,NULL,NULL,,NULL,NULL,,,"2025-06-25 11:23:39","Maharshi Mankodi",NULL,NULL,NULL
"856","2350853",,NULL,"FLYREMIT PRIVATE LIMITED",,"7013","TDU31562 ",NULL,"12","2025-06-24 00:00:00",NULL,,"Bank transfer ","2025-06-26 17:42:04","Arya Prajapati",NULL,NULL,NULL
"857","2350651","final",NULL,NULL,"6767",NULL,NULL,NULL,,NULL,NULL,,,"2025-06-26 17:59:25","Job Mathew",NULL,NULL,NULL
"858","2351289","final",NULL,NULL,"4674",NULL,NULL,NULL,,NULL,NULL,,,"2025-06-26 18:04:08","Job Mathew",NULL,NULL,NULL
"859","2350449",,NULL,"WILLIE TARA transfer ",,"10862","TDU31255",NULL,"12","2025-06-27 00:00:00",NULL,,"Bank transfer ","2025-06-27 22:15:41","Arya Prajapati",NULL,NULL,NULL
"860","2350449","final",NULL,NULL,"10816.99",NULL,NULL,NULL,,NULL,NULL,,,"2025-06-27 22:16:04","Arya Prajapati",NULL,NULL,NULL
"861","2350449","initial",NULL,NULL,"10846.99",NULL,NULL,NULL,,NULL,NULL,,,"2025-06-27 22:16:28","Arya Prajapati",NULL,NULL,NULL
"866","2350841","initial",NULL,NULL,"28859",NULL,NULL,NULL,,NULL,NULL,,,"2025-07-01 14:51:23","Maharshi Mankodi",NULL,NULL,NULL
"867","2350841","final",NULL,NULL,"26197",NULL,NULL,NULL,,NULL,NULL,,,"2025-07-01 14:52:07","Maharshi Mankodi",NULL,NULL,NULL
"868","2351154","initial",NULL,NULL,"5811",NULL,NULL,NULL,,NULL,NULL,,,"2025-07-02 16:57:43","Sidhikka Lotlikar",NULL,NULL,NULL
"869","2351586",,NULL,"CFT2506862",,"3000","TDU32059",NULL,"12","2025-07-03 00:00:00",NULL,,"BFN","2025-07-03 23:19:06","Arya Prajapati",NULL,NULL,NULL
"870","2351586","initial",NULL,NULL,"3030",NULL,NULL,NULL,,NULL,NULL,,,"2025-07-03 23:19:25","Arya Prajapati",NULL,NULL,NULL
"871","2351547","initial",NULL,NULL,"166",NULL,NULL,NULL,,NULL,NULL,,,"2025-07-04 17:26:38","Mayur P",NULL,NULL,NULL
"874","2351482","initial",NULL,NULL,"2436",NULL,NULL,NULL,,NULL,NULL,,,"2025-07-05 17:43:20","Sidhikka Lotlikar",NULL,NULL,NULL
"875","2351637","initial",NULL,NULL,"339",NULL,NULL,NULL,,NULL,NULL,,,"2025-07-05 23:30:56","Rachana Hingorani",NULL,NULL,NULL
"877","2351579","initial",NULL,NULL,"4506",NULL,NULL,NULL,,NULL,NULL,,,"2025-07-07 13:07:45","Arya Prajapati",NULL,NULL,NULL
"879","2350960",,NULL,"CFS2503079",,"5535","TDU31634",NULL,"12","2025-07-07 00:00:00",NULL,,"BFN","2025-07-07 13:13:50","Arya Prajapati",NULL,NULL,NULL
"884","2351516","initial",NULL,NULL,"8238",NULL,NULL,NULL,,NULL,NULL,,,"2025-07-08 21:59:42","Priyanka Pandav",NULL,NULL,NULL
"885","2350587",,NULL,"PRASANNA PURPLE MOBILITY SOLUTIONS",,"10000","TDU31365 ",NULL,"12","2025-07-09 00:00:00",NULL,,"Bank transfer ","2025-07-09 15:15:51","Arya Prajapati",NULL,NULL,NULL
"886","2351516",,NULL,"FLYREMIT PRIVATE LIMITED",,"8208","TDU32010 ",NULL,"12","2025-07-09 00:00:00",NULL,,"Bank transfer ","2025-07-09 15:29:29","Arya Prajapati",NULL,NULL,NULL
"887","2351637",,NULL,"FLYREMIT PRIVATE LIMITED",,"359","TDU32097",NULL,"12","2025-07-09 00:00:00",NULL,,"Bank transfer ","2025-07-09 15:32:29","Arya Prajapati",NULL,NULL,NULL
"888","2351482",,NULL,"FLYREMIT PRIVATE LIMITED ",,"2406","TDU31991 ",NULL,"12","2025-07-09 00:00:00",NULL,,"Bank transfer ","2025-07-09 16:36:37","Arya Prajapati",NULL,NULL,NULL
"890","2351349","initial",NULL,NULL,"995",NULL,NULL,NULL,,NULL,NULL,,,"2025-07-11 23:21:34","Rachana Hingorani",NULL,NULL,NULL
"891","2351665",,NULL,"Sameer Sobti",,"832.80","TDU32124",NULL,"12","2025-07-12 00:00:00",NULL,,"Bank transfer ","2025-07-12 13:00:46","Arya Prajapati",NULL,NULL,NULL
"892","2351665",,NULL,"File on 0% markup.",,"214.2","TDU32124",NULL,"12","2025-07-12 00:00:00",NULL,,"markup Adjustment.","2025-07-12 14:29:51","Arya Prajapati",NULL,NULL,NULL
"893","2351665","initial",NULL,NULL,"1077",NULL,NULL,NULL,,NULL,NULL,,,"2025-07-12 14:30:08","Arya Prajapati",NULL,NULL,NULL
"895","2351547",,NULL,"MAKEMYTRIP INDIA PRIVATE LIMITED",,"106","TDU32034",NULL,"12","2025-07-09 00:00:00",NULL,,"Bank transfer ","2025-07-12 15:27:24","Arya Prajapati",NULL,NULL,NULL
"896","2351547",,NULL,"MAKEMYTRIP INDIA PRIVATE LIMITED",,"30","TDU32034",NULL,"12","2025-06-11 00:00:00",NULL,,"Bank transfer ","2025-07-12 15:28:01","Arya Prajapati",NULL,NULL,NULL
"897","2350998",,NULL,"MAKEMYTRIP INDIA PRIVATE LIMITED",,"1396","TDU31659 ",NULL,"12","2025-06-11 00:00:00",NULL,,"Bank transfer ","2025-07-12 15:29:38","Arya Prajapati",NULL,NULL,NULL
"898","2350587",,NULL,"PRASANNA PURPLE MOBILITY SOLUTIONS",,"10034","TDU31365",NULL,"12","2025-07-14 00:00:00",NULL,,"Bank transfer ","2025-07-14 13:35:48","Arya Prajapati",NULL,NULL,NULL
"899","2183852",,NULL,"MAKEMYTRIP INDIA PRIVATE LIMITED",,"4332.51","TDU22211G",NULL,"12","2025-06-19 00:00:00",NULL,,"Bank transfer ","2025-07-14 19:06:54","Arya Prajapati",NULL,NULL,NULL
"902","2348406","final",NULL,NULL,"3786",NULL,NULL,NULL,,NULL,NULL,,,"2025-07-16 13:57:06","Job Mathew",NULL,NULL,NULL
"903","2351349",,NULL,"FLYREMIT PRIVATE LIMITED TO",,"970","TDU31903 ",NULL,"12","2025-07-16 00:00:00",NULL,,"Bank transfer ","2025-07-16 21:01:26","Arya Prajapati",NULL,NULL,NULL
"905","2350520",,NULL,"18/07/2025	AROHAN SERVICES PRIVATE LIMITED	30000		 TDU25644G",,"30000"," TDU25644G",NULL,"12","2025-07-18 00:00:00",NULL,,"BANK TRANSFER","2025-07-18 11:49:03","Job Mathew",NULL,NULL,NULL
"906","2350536","final",NULL,NULL,"6741",NULL,NULL,NULL,,NULL,NULL,,,"2025-07-18 16:08:41","Job Mathew",NULL,NULL,NULL
"909","2351652","initial",NULL,NULL,"3163",NULL,NULL,NULL,,NULL,NULL,,,"2025-07-18 22:35:15","Sidhikka Lotlikar",NULL,NULL,NULL
"910","2351652",,NULL,"XTT975596968",,"3133","TDU32111",NULL,"12","2025-07-18 00:00:00",NULL,,"Credit card","2025-07-19 12:48:54","Arya Prajapati",NULL,NULL,NULL
"913","2351853",,NULL,"BFN: CFT2507391 - Thomas Cook",,"1766","TDU32259",NULL,"12","2025-07-19 00:00:00",NULL,,"BFN","2025-07-19 15:46:31","Arya Prajapati",NULL,NULL,NULL
"914","2351853","initial",NULL,NULL,"1796",NULL,NULL,NULL,,NULL,NULL,,,"2025-07-19 15:47:16","Arya Prajapati",NULL,NULL,NULL
"919","2351766",,NULL,,,"8518","TDU32201",NULL,"12","2025-07-21 00:00:00",NULL,,"Credit card","2025-07-22 09:28:40","Job Mathew",NULL,NULL,NULL
"921","2351390",,NULL,"XTT141040364",,"3548","TDU31935",NULL,"12","2025-07-22 00:00:00",NULL,,"Credit card","2025-07-22 17:57:37","Arya Prajapati",NULL,NULL,NULL
"922","2351390","initial",NULL,NULL,"3578",NULL,NULL,NULL,,NULL,NULL,,,"2025-07-22 17:57:51","Arya Prajapati",NULL,NULL,NULL
"923","2351822",,NULL,"XTT141040364",,"1796","TDU32237",NULL,"12","2025-07-22 00:00:00",NULL,,"Credit card","2025-07-22 17:59:42","Arya Prajapati",NULL,NULL,NULL
"924","2351822","initial",NULL,NULL,"1826",NULL,NULL,NULL,,NULL,NULL,,,"2025-07-22 17:59:55","Arya Prajapati",NULL,NULL,NULL
"927","2351345","initial",NULL,NULL,"1775",NULL,NULL,NULL,,NULL,NULL,,,"2025-07-23 19:54:18","Tausif Momin",NULL,NULL,NULL
"928","2351877","initial",NULL,NULL,"1304",NULL,NULL,NULL,,NULL,NULL,,,"2025-07-23 19:57:10","Sidhikka Lotlikar",NULL,NULL,NULL
"932","2351766","initial",NULL,NULL,"8518",NULL,NULL,NULL,,NULL,NULL,,,"2025-07-24 10:14:53","Maharshi Mankodi",NULL,NULL,NULL
"934","2351804",,NULL,"BFN :- CFS2503884
",,"5478","TDU32225",NULL,"12","2025-07-24 00:00:00",NULL,,"BFN","2025-07-24 15:25:40","Arya Prajapati",NULL,NULL,NULL
"936","2351849",,NULL,"YXX705917215",,"1029","TDU27477/TDU32257 ",NULL,"12","2025-07-17 00:00:00",NULL,,"Credit card","2025-07-24 18:41:20","Arya Prajapati",NULL,NULL,NULL
"937","2351849",,NULL,"M/S THE TRAVELLER GLOBAL PRIVATE LT",,"16139","TDU27477/TDU32257 ",NULL,"12","2025-07-23 00:00:00",NULL,,"Bank transfer ","2025-07-24 18:42:59","Arya Prajapati",NULL,NULL,NULL
"939","2348575","initial",NULL,NULL,"8862",NULL,NULL,NULL,,NULL,NULL,,,"2025-07-24 22:13:07","Priyanka Pandav",NULL,NULL,NULL
"940","2351390",,NULL,"XTT864459725",,"103.50","TDU31935",NULL,"12","2025-07-25 00:00:00",NULL,,"Credit card","2025-07-25 13:49:33","Arya Prajapati",NULL,NULL,NULL
"941","2351785",,NULL,"XTT121538977",,"966","TDU32214",NULL,"12","2025-07-25 00:00:00",NULL,,"Credit card","2025-07-25 21:29:49","Arya Prajapati",NULL,NULL,NULL
"946","2349827","initial",NULL,NULL,"30498",NULL,NULL,NULL,,NULL,NULL,,,"2025-07-28 14:03:40","Priyanka Pandav",NULL,NULL,NULL
"947","2350960","initial",NULL,NULL,"5565",NULL,NULL,NULL,,NULL,NULL,,,"2025-07-28 14:11:39","Job Mathew",NULL,NULL,NULL
"949","2351516","final",NULL,NULL,"7264",NULL,NULL,NULL,,NULL,NULL,,,"2025-07-28 15:41:55","Job Mathew",NULL,NULL,NULL
"950","2351785","initial",NULL,NULL,"1918",NULL,NULL,NULL,,NULL,NULL,,,"2025-07-28 23:05:18","Tausif Momin",NULL,NULL,NULL
"951","2351785",,NULL,"XTT852828534",,"922","TDU32214",NULL,"12","2025-07-28 00:00:00",NULL,,"Credit card","2025-07-29 14:47:55","Arya Prajapati",NULL,NULL,NULL
"952","2349827",,NULL,"MAKEMYTRIP INDIA PRIVATE LIMITED",,"32456","TDU25472G",NULL,"12","2025-07-24 00:00:00",NULL,,"Bank transfer ","2025-07-29 15:54:24","Arya Prajapati",NULL,NULL,NULL
"953","2183852",,NULL,"MAKEMYTRIP INDIA PRIVATE LIMITED",,"2712","TDU22211G",NULL,"12","2025-07-24 00:00:00",NULL,,"Bank transfer ","2025-07-29 15:57:06","Arya Prajapati",NULL,NULL,NULL
"956","2352020","initial",NULL,NULL,"380",NULL,NULL,NULL,,NULL,NULL,,,"2025-07-29 20:29:30","Mayur P",NULL,NULL,NULL
"959","2351315",,NULL,"FOXTROT INTERACTIVE PRIVATE LIMITED",,"54168","TDU25872G",NULL,"12","2025-07-30 00:00:00",NULL,,"Bank transfer ","2025-07-30 13:34:26","Arya Prajapati",NULL,NULL,NULL
"960","2352020",,NULL,"WORLDWIDE DMC LT",,"350","TDU32381",NULL,"12","2025-07-30 00:00:00",NULL,,"Bank transfer ","2025-07-30 13:36:10","Arya Prajapati",NULL,NULL,NULL
"961","2351846",,NULL,"BHASIN TRAVELS PRIVATE LIMITED",,"2090","TDU32256 ",NULL,"12","2025-07-31 00:00:00",NULL,,"Bank transfer ","2025-07-31 14:26:46","Arya Prajapati",NULL,NULL,NULL
"964","2351318","initial",NULL,NULL,"5064",NULL,NULL,NULL,,NULL,NULL,,,"2025-07-31 15:48:22","Sidhikka Lotlikar",NULL,NULL,NULL
"969","2351482","final",NULL,NULL,"2406",NULL,NULL,NULL,,NULL,NULL,,,"2025-07-31 19:48:39","Priyanka Pandav",NULL,NULL,NULL
"970","2351919","initial",NULL,NULL,"1326",NULL,NULL,NULL,,NULL,NULL,,,"2025-07-31 20:37:26","Rachana Hingorani",NULL,NULL,NULL
"971","2351584","initial",NULL,NULL,"3866",NULL,NULL,NULL,,NULL,NULL,,,"2025-07-31 20:43:59","Rachana Hingorani",NULL,NULL,NULL
"972","2352043",,NULL,"BHASIN TRAVELS PRIVATE LIMITED ",,"3798","TDU32400",NULL,"12","2025-07-31 00:00:00",NULL,,"Bank transfer ","2025-07-31 23:38:24","Arya Prajapati",NULL,NULL,NULL
"973","2352043","initial",NULL,NULL,"3425",NULL,NULL,NULL,,NULL,NULL,,,"2025-07-31 23:39:12","Arya Prajapati",NULL,NULL,NULL
"976","2351846","initial",NULL,NULL,"2120",NULL,NULL,NULL,,NULL,NULL,,,"2025-08-01 11:31:06","Maharshi Mankodi",NULL,NULL,NULL
"977","2351929","initial",NULL,NULL,"5626",NULL,NULL,NULL,,NULL,NULL,,,"2025-08-01 15:40:45","Rachana Hingorani",NULL,NULL,NULL
"983","2351958",,NULL,"XTT486228235",,"9036","TDU32342",NULL,"12","2025-08-02 00:00:00",NULL,,"Credit card","2025-08-02 19:20:21","Arya Prajapati",NULL,NULL,NULL
"984","2351958","initial",NULL,NULL,"9066",NULL,NULL,NULL,,NULL,NULL,,,"2025-08-02 19:20:50","Arya Prajapati",NULL,NULL,NULL
"985","2351835",,NULL,"TDU26023G",,"780","TDU26023G",NULL,"12","2025-08-01 00:00:00",NULL,,"BANK TRANSFER","2025-08-04 12:52:15","Job Mathew",NULL,NULL,NULL
"987","2351579","final",NULL,NULL,"4226",NULL,NULL,NULL,,NULL,NULL,,,"2025-08-04 14:08:57","Job Mathew",NULL,NULL,NULL
"988","2352010","initial",NULL,NULL,"1770",NULL,NULL,NULL,,NULL,NULL,,,"2025-08-04 15:26:16","Mayur P",NULL,NULL,NULL
"989","2351399",,NULL,"SOTC Ref no. are CFS2503466 & CFS2503430.
",,"5244","TDU31942",NULL,"12","2025-08-04 00:00:00",NULL,,"BFN","2025-08-04 16:36:20","Arya Prajapati",NULL,NULL,NULL
"990","2351399","initial",NULL,NULL,"5274",NULL,NULL,NULL,,NULL,NULL,,,"2025-08-04 16:36:54","Arya Prajapati",NULL,NULL,NULL
"993","2351579",,NULL,"Thomas Cook Ref No. : CFT2506577
",,"4476","TDU32052 ",NULL,"12","2025-08-05 00:00:00",NULL,,"BFN","2025-08-05 11:37:50","Arya Prajapati",NULL,NULL,NULL
"995","2350402","final",NULL,NULL,"5604",NULL,NULL,NULL,,NULL,NULL,,,"2025-08-05 14:06:04","Job Mathew",NULL,NULL,NULL
"997","2351835","initial",NULL,NULL,"780",NULL,NULL,NULL,,NULL,NULL,,,"2025-08-05 17:43:01","Priyanka Pandav",NULL,NULL,NULL
"998","2351835","final",NULL,NULL,"750",NULL,NULL,NULL,,NULL,NULL,,,"2025-08-05 17:43:45","Priyanka Pandav",NULL,NULL,NULL
"1000","2351969",,NULL,"BFN:CFT2506305",,"2464","TDU32347 ",NULL,"12","2025-08-05 00:00:00",NULL,,"BFN","2025-08-05 19:10:53","Arya Prajapati",NULL,NULL,NULL
"1001","2351969","initial",NULL,NULL,"2494",NULL,NULL,NULL,,NULL,NULL,,,"2025-08-05 19:11:44","Arya Prajapati",NULL,NULL,NULL
"1002","2352010",,NULL,"WILSON AND HUGHES INDIA PVT LTD",,"1690","TDU32376",NULL,"12","2025-08-05 00:00:00",NULL,,"Bank transfer ","2025-08-05 19:40:20","Arya Prajapati",NULL,NULL,NULL
"1008","2352155","initial",NULL,NULL,"1302",NULL,NULL,NULL,,NULL,NULL,,,"2025-08-06 15:55:27","Maharshi Mankodi",NULL,NULL,NULL
"1013","2351225","initial",NULL,NULL,"1989",NULL,NULL,NULL,,NULL,NULL,,,"2025-08-06 18:11:01","Lee N",NULL,NULL,NULL
"1014","2352155",,NULL,"XTT751676364",,"1272","TDU26111G",NULL,"12","2025-08-06 00:00:00",NULL,,"Credit card","2025-08-06 18:22:00","Arya Prajapati",NULL,NULL,NULL
"1015","2352155","final",NULL,NULL,"1272",NULL,NULL,NULL,,NULL,NULL,,,"2025-08-06 18:22:59","Arya Prajapati",NULL,NULL,NULL
"1016","2352010",,NULL,"8% on Kunal Ramchandani approval",,"50","TDU32376",NULL,"12","2025-08-07 00:00:00",NULL,,"markup Adjustment.","2025-08-07 11:54:20","Arya Prajapati",NULL,NULL,NULL
"1017","2351849","initial",NULL,NULL,"17658",NULL,NULL,NULL,,NULL,NULL,,,"2025-08-07 12:57:14","Arya Prajapati",NULL,NULL,NULL
"1018","2352069",,NULL,"CFT2506330",,"1108","TDU32420 ",NULL,"12","2025-08-07 00:00:00",NULL,,"BFN","2025-08-07 21:59:03","Arya Prajapati",NULL,NULL,NULL
"1019","2352069","initial",NULL,NULL,"1138",NULL,NULL,NULL,,NULL,NULL,,,"2025-08-07 21:59:17","Arya Prajapati",NULL,NULL,NULL
"1020","2351877",,NULL,"AROHAN SERVICES PRIVATE LIMITED",,"1274","TDU32278 ",NULL,"12","2025-08-08 00:00:00",NULL,,"Bank transfer ","2025-08-08 14:37:59","Arya Prajapati",NULL,NULL,NULL
"1022","2351345",,NULL,"AROHAN SERVICES PRIVATE LIMITED",,"1745","TDU31900 ",NULL,"12","2025-08-08 00:00:00",NULL,,"Bank transfer ","2025-08-08 14:48:06","Arya Prajapati",NULL,NULL,NULL
"1023","2350520",,NULL,"AROHAN SERVICES PRIVATE LIMITED",,"46981","TDU25644G",NULL,"12","2025-08-08 00:00:00",NULL,,"Bank transfer ","2025-08-08 14:50:17","Arya Prajapati",NULL,NULL,NULL
"1025","2351390","final",NULL,NULL,"3647",NULL,NULL,NULL,,NULL,NULL,,,"2025-08-08 15:31:05","Arya Prajapati",NULL,NULL,NULL
"1026","2351822",,NULL,"FLYWIRE ",,"904","TDU32237",NULL,"12","2025-08-08 00:00:00",NULL,,"Credit card","2025-08-08 15:37:43","Arya Prajapati",NULL,NULL,NULL
"1027","2351888","initial",NULL,NULL,"1618",NULL,NULL,NULL,,NULL,NULL,,,"2025-08-08 23:14:33","Mayur P",NULL,NULL,NULL
"1028","2351888","final",NULL,NULL,"1600",NULL,NULL,NULL,,NULL,NULL,,,"2025-08-08 23:15:11","Mayur P",NULL,NULL,NULL
"1031","2352226",,NULL,"XTT754652031",,"303","TDU32536 ",NULL,"12","2025-08-10 00:00:00",NULL,,"Credit card","2025-08-11 12:01:59","Arya Prajapati",NULL,NULL,NULL
"1033","2348575",,NULL,"BOHEMIAN LOVE TRAILS",,"8832","TDU30474",NULL,"12","2025-08-11 00:00:00",NULL,,"Bank transfer ","2025-08-11 15:10:09","Arya Prajapati",NULL,NULL,NULL
"1034","2352228",,NULL,"XTT353726132",,"129","TDU32537",NULL,"12","2025-08-11 00:00:00",NULL,,"Credit card","2025-08-11 21:39:34","Arya Prajapati",NULL,NULL,NULL
"1035","2352228","initial",NULL,NULL,"159",NULL,NULL,NULL,,NULL,NULL,,,"2025-08-11 21:39:42","Arya Prajapati",NULL,NULL,NULL
"1036","2352236",,NULL,"XTT954337536",,"480","TDU32539 ",NULL,"12","2025-08-11 00:00:00",NULL,,"Credit card","2025-08-11 21:44:18","Arya Prajapati",NULL,NULL,NULL
"1037","2352236","initial",NULL,NULL,"510",NULL,NULL,NULL,,NULL,NULL,,,"2025-08-11 21:58:27","Arya Prajapati",NULL,NULL,NULL
"1038","2351975","initial",NULL,NULL,"342",NULL,NULL,NULL,,NULL,NULL,,,"2025-08-11 23:04:02","Mayur P",NULL,NULL,NULL
"1041","2351895",,NULL,"BFN :CFT2507753",,"14264","TDU32292",NULL,"12","2025-08-13 00:00:00",NULL,,"BFN","2025-08-13 12:12:11","Arya Prajapati",NULL,NULL,NULL
"1044","2350960","final",NULL,NULL,"5727",NULL,NULL,NULL,,NULL,NULL,,,"2025-08-13 16:22:19","Job Mathew",NULL,NULL,NULL
"1046","2350960",,NULL,,,"192","TDU31634",NULL,"12","2025-07-16 00:00:00",NULL,,"Add on product","2025-08-13 16:32:21","Arya Prajapati",NULL,NULL,NULL
"1047","2351420","initial",NULL,NULL,"5148",NULL,NULL,NULL,,NULL,NULL,,,"2025-08-13 18:31:55","Mayur P",NULL,NULL,NULL
"1054","2350245","initial",NULL,NULL,"5926",NULL,NULL,NULL,,NULL,NULL,,,"2025-08-14 15:54:34","KUNJAN2 SHAH2",NULL,NULL,NULL
"1055","2351654","initial",NULL,NULL,"11486",NULL,NULL,NULL,,NULL,NULL,,,"2025-08-14 15:57:31","Rachana Hingorani",NULL,NULL,NULL
"1056","2351584",,NULL,"Fast Transfer From SKY BUSINESS GROUP PT",,"3836","TDU32057",NULL,"12","2025-08-14 00:00:00",NULL,,"Bank transfer ","2025-08-14 16:02:52","Arya Prajapati",NULL,NULL,NULL
"1057","2351919",,NULL,"Fast Transfer From SKY BUSINESS GROUP PT",,"1296","TDU32312",NULL,"12","2025-08-14 00:00:00",NULL,,"Bank transfer ","2025-08-14 16:03:59","Arya Prajapati",NULL,NULL,NULL
"1059","2351478","initial",NULL,NULL,"5240",NULL,NULL,NULL,,NULL,NULL,,,"2025-08-14 17:23:17","Priyanka Pandav",NULL,NULL,NULL
"1064","2352269","initial",NULL,NULL,"2548",NULL,NULL,NULL,,NULL,NULL,,,"2025-08-15 10:38:21","Job Mathew",NULL,NULL,NULL
"1066","2352269",,NULL,"TDU32561-20250813090727",,"1902","TDU32561-20250813090727",NULL,"12","2025-08-14 00:00:00",NULL,,"credit card","2025-08-15 10:40:49","Job Mathew",NULL,NULL,NULL
"1068","2351958","final",NULL,NULL,"8616",NULL,NULL,NULL,,NULL,NULL,,,"2025-08-18 15:25:12","Job Mathew",NULL,NULL,NULL
"1069","2351478",,NULL,"FLYREMIT ",,"5210","TDU31989",NULL,"12","2025-08-15 00:00:00",NULL,,"Bank transfer ","2025-08-18 15:49:06","Arya Prajapati",NULL,NULL,NULL
"1070","2351888",,NULL,"FLYREMIT ",,"1600","TDU32285",NULL,"12","2025-08-15 00:00:00",NULL,,"Bank transfer ","2025-08-18 15:57:11","Arya Prajapati",NULL,NULL,NULL
"1071","2352269",,NULL,"loss due to system error",,"616",,NULL,"12","2025-08-20 00:00:00",NULL,,"BANK TRANSFER","2025-08-19 11:19:27","Job Mathew",NULL,NULL,NULL
"1072","2351975",,NULL,"TDU32352",,"312","120-25167389/1",NULL,"12","2025-08-19 00:00:00",NULL,,"Ottila Booking guranteed.","2025-08-19 17:47:45","Arya Prajapati",NULL,NULL,NULL
"1075","2352300","initial",NULL,NULL,"2479",NULL,NULL,NULL,,NULL,NULL,,,"2025-08-20 13:38:09","Job Mathew",NULL,NULL,NULL
"1076","2352300",,NULL,"Consulate General - Credit",,"2625","Consulate General - Credit",NULL,"12","2025-08-26 00:00:00",NULL,,"BANK TRANSFER","2025-08-20 13:41:38","Job Mathew",NULL,NULL,NULL
"1077","2352416","initial",NULL,NULL,"1697",NULL,NULL,NULL,,NULL,NULL,,,"2025-08-20 14:41:36","Karthik Suriyan",NULL,NULL,NULL
"1078","2352416",,NULL,"AROHAN SERVICES PRIVATE LIMITED",,"1667","TDU32659",NULL,"12","2025-08-20 00:00:00",NULL,,"Bank transfer ","2025-08-20 14:45:16","Arya Prajapati",NULL,NULL,NULL
"1080","2352039",,NULL,"AROHAN SERVICES PRIVATE LIMITED",,"2712","TDU32397",NULL,"12","2025-08-20 00:00:00",NULL,,"Bank transfer ","2025-08-20 16:31:43","Arya Prajapati",NULL,NULL,NULL
"1081","2351833","initial",NULL,NULL,"3212",NULL,NULL,NULL,,NULL,NULL,,,"2025-08-20 17:20:05","KUNJAN2 SHAH2",NULL,NULL,NULL
"1082","2351331","initial",NULL,NULL,"9040",NULL,NULL,NULL,,NULL,NULL,,,"2025-08-21 09:54:31","Maharshi Mankodi",NULL,NULL,NULL
"1084","2351822","final",NULL,NULL,"1186",NULL,NULL,NULL,,NULL,NULL,,,"2025-08-21 13:33:25","Job Mathew",NULL,NULL,NULL
"1085","2351952",,NULL,"GAINWELL ENTERPRISES PRIVATE LTD",,"4346","TDU32336",NULL,"12","2025-08-20 00:00:00",NULL,,"Bank transfer ","2025-08-21 15:30:14","Arya Prajapati",NULL,NULL,NULL
"1086","2351851",,NULL," Gainwell Enterprises Pvt Ltd",,"3725.61","TDU32258",NULL,"12","2025-08-20 00:00:00",NULL,,"Bank transfer ","2025-08-21 15:33:02","Arya Prajapati",NULL,NULL,NULL
"1087","2351851","initial",NULL,NULL,"3638",NULL,NULL,NULL,,NULL,NULL,,,"2025-08-21 15:33:31","Arya Prajapati",NULL,NULL,NULL
"1089","2352444",,NULL,"AROHAN SERVICES PRIVATE LIMITED",,"14035","TDU32680 ",NULL,"12","2025-08-20 00:00:00",NULL,,"Bank transfer ","2025-08-21 16:53:34","Arya Prajapati",NULL,NULL,NULL
"1090","2351952","initial",NULL,NULL,"4358",NULL,NULL,NULL,,NULL,NULL,,,"2025-08-22 11:47:23","Arya Prajapati",NULL,NULL,NULL
"1091","2352040",,NULL,"YXX839260613",,"1200","TDU32398 ",NULL,"12","2025-08-22 00:00:00",NULL,,"Credit card","2025-08-22 17:32:28","Arya Prajapati",NULL,NULL,NULL
"1092","2352040","initial",NULL,NULL,"5016",NULL,NULL,NULL,,NULL,NULL,,,"2025-08-22 17:33:37","Arya Prajapati",NULL,NULL,NULL
"1094","2351251","initial",NULL,NULL,"1129.98",NULL,NULL,NULL,,NULL,NULL,,,"2025-08-22 19:47:46","KUNJAN2 SHAH2",NULL,NULL,NULL
"1095","2351420",,NULL,"SHAKTI TRAVELS",,"4949","TDU31955",NULL,"12","2025-08-22 00:00:00",NULL,,"Bank transfer ","2025-08-22 20:35:12","Arya Prajapati",NULL,NULL,NULL
"1096","2351420",,NULL,"Approved by Kunal Ramchandani
",,"169","TDU31955",NULL,"12","2025-08-22 00:00:00",NULL,,"8% Markup","2025-08-22 20:46:15","Arya Prajapati",NULL,NULL,NULL
"1097","2352158",,NULL,"CFS-2504228",,"2200","TDU32481",NULL,"12","2025-08-22 00:00:00",NULL,,"BFN","2025-08-22 20:58:16","Arya Prajapati",NULL,NULL,NULL
"1098","2352158","initial",NULL,NULL,"2230",NULL,NULL,NULL,,NULL,NULL,,,"2025-08-22 20:58:35","Arya Prajapati",NULL,NULL,NULL
"1099","2350434",,NULL,"ENOVUS ENTERPRISES PRIVATE LIMITED",,"35582","TDU25621G",NULL,"12","2025-08-22 00:00:00",NULL,,"Bank transfer ","2025-08-22 21:00:28","Arya Prajapati",NULL,NULL,NULL
"1100","2351581","initial",NULL,NULL,"5750",NULL,NULL,NULL,,NULL,NULL,,,"2025-08-23 15:33:52","Rachana Hingorani",NULL,NULL,NULL
"1101","2352505","initial",NULL,NULL,"471",NULL,NULL,NULL,,NULL,NULL,,,"2025-08-23 15:34:04","Rachana Hingorani",NULL,NULL,NULL
"1102","2352505",,NULL,"BRIDGECAREER PTY LTD",,"441","TDU32724",NULL,"12","2025-08-22 00:00:00",NULL,,"Bank transfer ","2025-08-23 16:01:32","Arya Prajapati",NULL,NULL,NULL
"1103","2351581",,NULL,"BRIDGECAREER PTY LTD",,"5723","TDU32054 ",NULL,"12","2025-08-22 00:00:00",NULL,,"Bank transfer ","2025-08-23 16:02:37","Arya Prajapati",NULL,NULL,NULL
"1104","2352100",,NULL,"BFN CFT2507720",,"4019","TDU32444",NULL,"12","2025-08-22 00:00:00",NULL,,"BFN","2025-08-23 18:47:47","Arya Prajapati",NULL,NULL,NULL
"1105","2352100","initial",NULL,NULL,"4049",NULL,NULL,NULL,,NULL,NULL,,,"2025-08-23 18:48:16","Arya Prajapati",NULL,NULL,NULL
"1108","2352543",,NULL,"YXX139944266 (TDU27607 - CRM File)",,"5860","TDU32757",NULL,"12","2025-08-25 00:00:00",NULL,,"Credit card","2025-08-25 15:36:08","Arya Prajapati",NULL,NULL,NULL
"1109","2352543","initial",NULL,NULL,"5618",NULL,NULL,NULL,,NULL,NULL,,,"2025-08-25 15:37:00","Arya Prajapati",NULL,NULL,NULL
"1110","2348456","final",NULL,NULL,"4644",NULL,NULL,NULL,,NULL,NULL,,,"2025-08-26 14:33:43","Arya Prajapati",NULL,NULL,NULL
"1114","2352469","initial",NULL,NULL,"340",NULL,NULL,NULL,,NULL,NULL,,,"2025-08-26 17:04:08","Rachana Hingorani",NULL,NULL,NULL
"1115","2351556","initial",NULL,NULL,"15866",NULL,NULL,NULL,,NULL,NULL,,,"2025-08-26 17:15:22","Sidhikka Lotlikar",NULL,NULL,NULL
"1116","2350245",,NULL,"Fast Transfer From travel star
",,"5896","TDU31118",NULL,"12","2025-08-26 00:00:00",NULL,,"Bank transfer ","2025-08-26 19:13:25","Arya Prajapati",NULL,NULL,NULL
"1118","2352469",,NULL,"XTT867589822",,"310","TDU32701",NULL,"12","2025-08-26 00:00:00",NULL,,"Credit card","2025-08-26 20:04:23","Arya Prajapati",NULL,NULL,NULL
"1119","2351597",,NULL,"BFN CFT2503567",,"7592","TDU32068",NULL,"12","2025-08-26 00:00:00",NULL,,"BFN","2025-08-26 22:03:48","Arya Prajapati",NULL,NULL,NULL
"1125","2350808",,NULL," TDU25712G Dream Set go",,"85000"," TDU25712G",NULL,"12","2025-08-25 00:00:00",NULL,,"BANK TRANSFER","2025-08-27 16:12:10","Job Mathew",NULL,NULL,NULL
"1127","2352543",,NULL,"YXX782964030",,"110","TDU32757 ",NULL,"12","2025-08-27 00:00:00",NULL,,"Credit card","2025-08-27 20:39:28","Arya Prajapati",NULL,NULL,NULL
"1128","2352543","final",NULL,NULL,"5588",NULL,NULL,NULL,,NULL,NULL,,,"2025-08-27 20:40:32","Arya Prajapati",NULL,NULL,NULL
"1131","2351426",,NULL,"IRIS GLOBAL VACATIONS EVENTS PVT LT",,"29992","TDU25903G",NULL,"12","2025-08-28 00:00:00",NULL,,"Bank transfer ","2025-08-28 17:41:01","Arya Prajapati",NULL,NULL,NULL
"1133","2352478",,NULL,"IRIS GLOBAL VACATIONS EVENTS PVT LT",,"30000","TDU26211G",NULL,"12","2025-08-28 00:00:00",NULL,,"Bank transfer ","2025-08-28 18:22:03","Arya Prajapati",NULL,NULL,NULL
"1135","2351895","initial",NULL,NULL,"14294",NULL,NULL,NULL,,NULL,NULL,,,"2025-08-28 20:56:41","Arya Prajapati",NULL,NULL,NULL
"1136","2351225",,NULL,"JETSAVE HOLIDAYS",,"1965","TDU31823 ",NULL,"12","2025-08-29 00:00:00",NULL,,"Bank transfer ","2025-08-29 15:03:57","Arya Prajapati",NULL,NULL,NULL
"1137","2351805","initial",NULL,NULL,"9934",NULL,NULL,NULL,,NULL,NULL,,,"2025-08-29 15:19:26","Rachana Hingorani",NULL,NULL,NULL
"1138","2352638","initial",NULL,NULL,"3582",NULL,NULL,NULL,,NULL,NULL,,,"2025-08-29 17:29:40","Sidhikka Lotlikar",NULL,NULL,NULL
"1140","2351556",,NULL,"INTERSIGHT HOLIDAYS PRIVATE LIMITED",,"15842","TDU32040 ",NULL,"12","2025-08-29 00:00:00",NULL,,"Bank transfer ","2025-08-29 18:40:54","Arya Prajapati",NULL,NULL,NULL
"1142","2352040",,NULL,"YXX596681025",,"1893","TDU32398",NULL,"12","2025-08-29 00:00:00",NULL,,"Credit card","2025-08-29 22:52:12","Arya Prajapati",NULL,NULL,NULL
"1143","2352040","final",NULL,NULL,"4986",NULL,NULL,NULL,,NULL,NULL,,,"2025-08-29 22:53:09","Arya Prajapati",NULL,NULL,NULL
"1144","2352198","initial",NULL,NULL,"2170",NULL,NULL,NULL,,NULL,NULL,,,"2025-08-30 17:26:31","Mayur P",NULL,NULL,NULL
"1145","2351848",,NULL,,,"16655.56","TDU26026G",NULL,"12","2025-08-28 00:00:00",NULL,,"BANK TRANSFER","2025-09-01 09:20:29","Job Mathew",NULL,NULL,NULL
"1149","2352702","initial",NULL,NULL,"656",NULL,NULL,NULL,,NULL,NULL,,,"2025-09-01 21:21:27","Rachana Hingorani",NULL,NULL,NULL
"1150","2352702",,NULL,"XTT964559698",,"626","TDU32887 ",NULL,"12","2025-09-01 00:00:00",NULL,,"Credit card","2025-09-01 21:25:11","Arya Prajapati",NULL,NULL,NULL
"1151","2352040",,NULL,"YXX350537395",,"1893","TDU32398",NULL,"12","2025-09-01 00:00:00",NULL,,"Credit card","2025-09-02 14:09:27","Arya Prajapati",NULL,NULL,NULL
"1152","2352038","initial",NULL,NULL,"116",NULL,NULL,NULL,,NULL,NULL,,,"2025-09-02 15:40:44","Rachana Hingorani",NULL,NULL,NULL
"1154","2352570","initial",NULL,NULL,"2382",NULL,NULL,NULL,,NULL,NULL,,,"2025-09-03 10:51:30","Job Mathew",NULL,NULL,NULL
"1155","2352570",,NULL,"Chirayu Dipakbhai Pa        ",,"2393","TDU32780",NULL,"12","2025-09-03 00:00:00",NULL,,"BANK TRANSFER","2025-09-03 10:51:54","Job Mathew",NULL,NULL,NULL
"1156","2352273","initial",NULL,NULL,"9822",NULL,NULL,NULL,,NULL,NULL,,,"2025-09-03 18:52:56","Karthik Suriyan",NULL,NULL,NULL
"1157","2351559",,NULL,"MAKEMYTRIP INDIA PRIVATE LIMITED",,"100000","TDU25953G ",NULL,"12","2025-09-02 00:00:00",NULL,,"Bank transfer ","2025-09-03 20:59:02","Arya Prajapati",NULL,NULL,NULL
"1158","2351559","initial",NULL,NULL,"200674",NULL,NULL,NULL,,NULL,NULL,,,"2025-09-03 21:00:03","Arya Prajapati",NULL,NULL,NULL
"1159","2351318",,NULL,"MY TRIP VILLA",,"5040","TDU31880",NULL,"12","2025-09-03 00:00:00",NULL,,"Bank transfer ","2025-09-03 21:20:16","Arya Prajapati",NULL,NULL,NULL
"1160","2352600",,NULL,"XTT217048960",,"1804","TDU32804 ",NULL,"12","2025-09-03 00:00:00",NULL,,"Credit card","2025-09-03 22:36:31","Arya Prajapati",NULL,NULL,NULL
"1164","2349828",,NULL,"MAKEMYTRIP INDIA PRIVATE LIMITED",,"36582","TDU25473G",NULL,"12","2025-09-04 00:00:00",NULL,,"Bank transfer ","2025-09-04 13:26:25","Arya Prajapati",NULL,NULL,NULL
"1165","2352226","initial",NULL,NULL,"333",NULL,NULL,NULL,,NULL,NULL,,,"2025-09-04 15:13:31","Arya Prajapati",NULL,NULL,NULL
"1166","2352600","initial",NULL,NULL,"1834",NULL,NULL,NULL,,NULL,NULL,,,"2025-09-04 16:19:13","Maharshi Mankodi",NULL,NULL,NULL
"1167","2351654",,NULL,"Fast Transfer From Prakhar Jindal",,"11456","TDU32113 ",NULL,"12","2025-09-04 00:00:00",NULL,,"Bank transfer ","2025-09-04 16:27:12","Arya Prajapati",NULL,NULL,NULL
"1168","2352489","initial",NULL,NULL,"11462",NULL,NULL,NULL,,NULL,NULL,,,"2025-09-04 17:19:43","Mayur P",NULL,NULL,NULL
"1169","2352173","initial",NULL,NULL,"10056",NULL,NULL,NULL,,NULL,NULL,,,"2025-09-05 14:16:06","KUNJAN2 SHAH2",NULL,NULL,NULL
"1170","2352489",,NULL,"XPLOR TOURS AND TRAVELS",,"10976","TDU32709 ",NULL,"12","2025-09-05 00:00:00",NULL,,"Bank transfer ","2025-09-05 15:08:55","Arya Prajapati",NULL,NULL,NULL
"1171","2352273",,NULL,"FLYREMIT ",,"9797","TDU32563 ",NULL,"12","2025-09-05 00:00:00",NULL,,"Bank transfer ","2025-09-05 15:17:08","Arya Prajapati",NULL,NULL,NULL
"1173","2350520",,NULL,"AROHAN SERVICES PRIVATE LIMITED",,"5621","TDU25644G",NULL,"12","2025-08-20 00:00:00",NULL,,"Bank transfer ","2025-09-05 16:16:02","Arya Prajapati",NULL,NULL,NULL
"1174","2350520","initial",NULL,NULL,"83646",NULL,NULL,NULL,,NULL,NULL,,,"2025-09-05 16:16:53","Job Mathew",NULL,NULL,NULL
"1175","2352489",,NULL,"9% Margin  Approved by Kunal.",,"456","TDU32709",NULL,"12","2025-09-05 00:00:00",NULL,,"markup Adjustment.","2025-09-05 16:28:27","Arya Prajapati",NULL,NULL,NULL
"1176","2350520","final",NULL,NULL,"85030",NULL,NULL,NULL,,NULL,NULL,,,"2025-09-05 16:33:29","Job Mathew",NULL,NULL,NULL
"1177","2352509","initial",NULL,NULL,"14894",NULL,NULL,NULL,,NULL,NULL,,,"2025-09-05 19:13:35","Karthik Suriyan",NULL,NULL,NULL
"1178","2352038",,NULL,"Make My Trip India PVT.LTD.",,"86","TDU32396 ",NULL,"12","2025-09-05 00:00:00",NULL,,"Bank transfer ","2025-09-05 21:21:07","Arya Prajapati",NULL,NULL,NULL
"1179","2352347","initial",NULL,NULL,"3030",NULL,NULL,NULL,,NULL,NULL,,,"2025-09-06 16:15:35","Sidhikka Lotlikar",NULL,NULL,NULL
"1180","2352469",,NULL,"XTT137144074",,"310","TDU32701 ",NULL,"12","2025-09-06 00:00:00",NULL,,"Credit card","2025-09-06 16:51:50","Arya Prajapati",NULL,NULL,NULL
"1181","2352469","final",NULL,NULL,"586",NULL,NULL,NULL,,NULL,NULL,,,"2025-09-06 16:52:10","Arya Prajapati",NULL,NULL,NULL
"1182","2352132","initial",NULL,NULL,"3998",NULL,NULL,NULL,,NULL,NULL,,,"2025-09-06 18:25:20","Sidhikka Lotlikar",NULL,NULL,NULL
"1183","2351827",,NULL,"BFN :- CFT2509092
",,"10560","TDU32242 ",NULL,"12","2025-09-08 00:00:00",NULL,,"BFN","2025-09-08 13:27:24","Arya Prajapati",NULL,NULL,NULL
"1184","2351827","initial",NULL,NULL,"10590",NULL,NULL,NULL,,NULL,NULL,,,"2025-09-08 13:29:04","Arya Prajapati",NULL,NULL,NULL
"1187","2352216",,NULL,"NCS TRAVELS AND TOURS PVT LTD",,"1826","TDU32526 ",NULL,"12","2025-09-08 00:00:00",NULL,,"Bank transfer ","2025-09-08 18:05:51","Arya Prajapati",NULL,NULL,NULL
"1188","2352216","initial",NULL,NULL,"1836",NULL,NULL,NULL,,NULL,NULL,,,"2025-09-08 18:08:30","Arya Prajapati",NULL,NULL,NULL
"1189","2351663","initial",NULL,NULL,"4652",NULL,NULL,NULL,,NULL,NULL,,,"2025-09-08 18:09:12","Sidhikka Lotlikar",NULL,NULL,NULL
"1190","2351848",,NULL,"Celebrity Travel & Tours",,"43989.44","TDU26026G ",NULL,"12","2025-09-08 00:00:00",NULL,,"Bank transfer ","2025-09-08 19:35:56","Arya Prajapati",NULL,NULL,NULL
"1191","2352888","initial",NULL,NULL,"1878",NULL,NULL,NULL,,NULL,NULL,,,"2025-09-08 21:21:26","Karthik Suriyan",NULL,NULL,NULL
"1194","2352888","final",NULL,NULL,"1668",NULL,NULL,NULL,,NULL,NULL,,,"2025-09-08 21:58:34","Arya Prajapati",NULL,NULL,NULL
"1195","2350943",,NULL,"Flyremit",,"2520","TDU31624 ",NULL,"12","2025-09-04 00:00:00",NULL,,"Bank transfer ","2025-09-09 15:11:31","Arya Prajapati",NULL,NULL,NULL
"1198","2351663",,NULL,"XTT794486898",,"5039","TDU32122 ",NULL,"12","2025-09-09 00:00:00",NULL,,"Credit card","2025-09-09 17:19:28","Arya Prajapati",NULL,NULL,NULL
"1201","2352732","initial",NULL,NULL,"545",NULL,NULL,NULL,,NULL,NULL,,,"2025-09-09 21:50:38","Rachana Hingorani",NULL,NULL,NULL
"1203","2351895","final",NULL,NULL,"14144",NULL,NULL,NULL,,NULL,NULL,,,"2025-09-10 16:17:17","Job Mathew",NULL,NULL,NULL
"1204","2352865","initial",NULL,NULL,"350",NULL,NULL,NULL,,NULL,NULL,,,"2025-09-10 19:19:22","Rachana Hingorani",NULL,NULL,NULL
"1205","2352865",,NULL,"YXX859853719",,"320","TDU33007",NULL,"12","2025-09-10 00:00:00",NULL,,"Credit card","2025-09-10 22:13:26","Arya Prajapati",NULL,NULL,NULL
"1206","2352198",,NULL,"XTT128770572",,"1070","TDU32511 ",NULL,"12","2025-09-10 00:00:00",NULL,,"Credit card","2025-09-10 22:14:21","Arya Prajapati",NULL,NULL,NULL
"1208","2352914","initial",NULL,NULL,"13358",NULL,NULL,NULL,,NULL,NULL,,,"2025-09-11 15:32:42","Karthik Suriyan",NULL,NULL,NULL
"1210","2352914",,NULL,"Flyremit",,"10480","TDU33045 ",NULL,"12","2025-09-11 00:00:00",NULL,,"Bank transfer ","2025-09-11 15:50:46","Arya Prajapati",NULL,NULL,NULL
"1214","2352198",,NULL,"XTT383772371",,"1070","TDU32511 ",NULL,"12","2025-09-11 00:00:00",NULL,,"Credit card","2025-09-11 21:04:09","Arya Prajapati",NULL,NULL,NULL
"1216","2351597","initial",NULL,NULL,"7558",NULL,NULL,NULL,,NULL,NULL,,,"2025-09-12 14:09:36","Arya Prajapati",NULL,NULL,NULL
"1217","2352132",,NULL,"MY TRIP VILLA",,"3974","TDU32463 ",NULL,"12","2025-09-11 00:00:00",NULL,,"Bank transfer ","2025-09-12 14:54:55","Arya Prajapati",NULL,NULL,NULL
"1218","2352489",,NULL,"XTT297646992",,"140","TDU32709",NULL,"12","2025-09-12 00:00:00",NULL,,"Credit card","2025-09-12 20:30:19","Arya Prajapati",NULL,NULL,NULL
"1226","2351876","initial",NULL,NULL,"20222",NULL,NULL,NULL,,NULL,NULL,,,"2025-09-15 23:36:14","Sidhikka Lotlikar",NULL,NULL,NULL
"1228","2350552","initial",NULL,NULL,"6038",NULL,NULL,NULL,,NULL,NULL,,,"2025-09-16 15:09:02","Arya Prajapati",NULL,NULL,NULL
"1229","2350552",,NULL,"CFT2503970",,"6008","TDU31337",NULL,"12","2025-09-16 00:00:00",NULL,,"BFN","2025-09-16 15:10:14","Arya Prajapati",NULL,NULL,NULL
"1230","2352643",,NULL,"YXX286696409",,"1445","TDU32836",NULL,"12","2025-09-15 00:00:00",NULL,,"Credit card","2025-09-16 15:12:09","Arya Prajapati",NULL,NULL,NULL
"1233","2353044","initial",NULL,NULL,"760",NULL,NULL,NULL,,NULL,NULL,,,"2025-09-16 17:44:24","Dhiraj Salvi",NULL,NULL,NULL
"1236","2351833",,NULL,"Fast Transfer From travel star ptetr",,"3212","TDU32246",NULL,"12","2025-09-16 00:00:00",NULL,,"Bank transfer ","2025-09-16 20:24:17","Arya Prajapati",NULL,NULL,NULL
"1237","2352445","initial",NULL,NULL,"2962",NULL,NULL,NULL,,NULL,NULL,,,"2025-09-16 22:31:44","Dhiraj Salvi",NULL,NULL,NULL
"1238","2352982","initial",NULL,NULL,"1008",NULL,NULL,NULL,,NULL,NULL,,,"2025-09-16 23:36:56","Rachana Hingorani",NULL,NULL,NULL
"1241","2352891",,NULL,"XTT335280856",,"2000","TDU33025 ",NULL,"12","2025-09-16 00:00:00",NULL,,"Credit card","2025-09-17 11:23:07","Arya Prajapati",NULL,NULL,NULL
"1246","2351848",,NULL,"Transfers",,"100","TDU25791G",NULL,"12","2025-09-17 00:00:00",NULL,,"credit note","2025-09-17 12:15:17","Job Mathew",NULL,NULL,NULL
"1253","2352914","final",NULL,NULL,"10480",NULL,NULL,NULL,,NULL,NULL,,,"2025-09-17 14:24:53","Arya Prajapati",NULL,NULL,NULL
"1256","2351864","initial",NULL,NULL,"2450",NULL,NULL,NULL,,NULL,NULL,,,"2025-09-17 17:09:50","Lee N",NULL,NULL,NULL
"1257","2352732",,NULL,"YXX932188089",,"515","TDU32912 ",NULL,"12","2025-09-17 00:00:00",NULL,,"Credit card","2025-09-17 17:36:23","Arya Prajapati",NULL,NULL,NULL
"1258","2353044",,NULL,"XTT847353602",,"730","TDU33153 ",NULL,"12","2025-09-17 00:00:00",NULL,,"Credit card","2025-09-17 21:52:01","Arya Prajapati",NULL,NULL,NULL
"1269","2352888",,NULL,"Flyremit",,"1020","TDU33022",NULL,"12","2025-09-18 00:00:00",NULL,,"Bank transfer ","2025-09-18 19:20:10","Arya Prajapati",NULL,NULL,NULL
"1273","2352888",,NULL,"XTT741784483",,"648","TDU33022",NULL,"12","2025-09-19 00:00:00",NULL,,"Credit card","2025-09-19 16:09:05","Arya Prajapati",NULL,NULL,NULL
"1276","2350808","initial",NULL,NULL,"102580",NULL,NULL,NULL,,NULL,NULL,,,"2025-09-19 17:22:19","Job Mathew",NULL,NULL,NULL
"1277","2350808","final",NULL,NULL,"106528",NULL,NULL,NULL,,NULL,NULL,,,"2025-09-19 17:22:29","Job Mathew",NULL,NULL,NULL
"1278","2353146","initial",NULL,NULL,"1846",NULL,NULL,NULL,,NULL,NULL,,,"2025-09-19 18:34:14","Karthik Suriyan",NULL,NULL,NULL
"1282","2353146","final",NULL,NULL,"1676",NULL,NULL,NULL,,NULL,NULL,,,"2025-09-19 18:44:01","Arya Prajapati",NULL,NULL,NULL
"1290","2351876",,NULL,"DARSHANA SHETH",,"2772.32","TDU32277",NULL,"12","2025-09-22 00:00:00",NULL,,"Bank transfer ","2025-09-22 15:27:53","Arya Prajapati",NULL,NULL,NULL
"1291","2352923",,NULL,"BFN: CFT2509708",,"13912","TDU33051 ",NULL,"12","2025-09-22 00:00:00",NULL,,"BFN","2025-09-22 18:54:09","Arya Prajapati",NULL,NULL,NULL
"1293","2352643","initial",NULL,NULL,"10596",NULL,NULL,NULL,,NULL,NULL,,,"2025-09-22 22:34:28","Karthik Suriyan",NULL,NULL,NULL
"1296","2351315","initial",NULL,NULL,"66434",NULL,NULL,NULL,,NULL,NULL,,,"2025-09-23 15:07:49","Priyanka Pandav",NULL,NULL,NULL
"1297","2351876",,NULL,"Direct Credit 342189 Nium",,"2782.56","TDU32277 ",NULL,"12","2025-09-22 00:00:00",NULL,,"Bank transfer ","2025-09-23 16:43:31","Arya Prajapati",NULL,NULL,NULL
"1298","2351876",,NULL,"Direct Credit 342189 Nium",,"2780","TDU32277 ",NULL,"12","2025-09-22 00:00:00",NULL,,"Bank transfer ","2025-09-23 16:44:33","Arya Prajapati",NULL,NULL,NULL
"1299","2351876",,NULL,"MRS. DARSHANA PARIKH",,"2772","TDU32277 ",NULL,"12","2025-09-23 00:00:00",NULL,,"Bank transfer ","2025-09-23 16:45:58","Arya Prajapati",NULL,NULL,NULL
"1300","2352982",,NULL,"AMAN TRAVELS LIMITED",,"987.56","TDU33098 ",NULL,"12","2025-09-23 00:00:00",NULL,,"Bank transfer ","2025-09-23 16:49:00","Arya Prajapati",NULL,NULL,NULL
"1301","2352068","initial",NULL,NULL,"3678",NULL,NULL,NULL,,NULL,NULL,,,"2025-09-23 17:22:03","Karthik Suriyan",NULL,NULL,NULL
"1305","2353231","initial",NULL,NULL,"855",NULL,NULL,NULL,,NULL,NULL,,,"2025-09-23 23:34:45","Pankaj Bisht",NULL,NULL,NULL
"1306","2353231",,NULL,"XTT276561695",,"825","TDU33295",NULL,"12","2025-09-23 00:00:00",NULL,,"Credit card","2025-09-24 14:08:24","Arya Prajapati",NULL,NULL,NULL
"1307","2352483","initial",NULL,NULL,"11750",NULL,NULL,NULL,,NULL,NULL,,,"2025-09-24 20:09:24","Rachana Hingorani",NULL,NULL,NULL
"1308","2352502","initial",NULL,NULL,"3342",NULL,NULL,NULL,,NULL,NULL,,,"2025-09-24 20:09:30","Rachana Hingorani",NULL,NULL,NULL
"1309","2353196","initial",NULL,NULL,"3841",NULL,NULL,NULL,,NULL,NULL,,,"2025-09-25 11:17:33","Job Mathew",NULL,NULL,NULL
"1314","2350336",,NULL," Discover Dreams",,"53658","TDU25598G ",NULL,"12","2025-09-25 00:00:00",NULL,,"Bank transfer ","2025-09-25 14:21:58","Arya Prajapati",NULL,NULL,NULL
"1317","2352416","final",NULL,NULL,"1667",NULL,NULL,NULL,,NULL,NULL,,,"2025-09-25 15:19:21","Karthik Suriyan",NULL,NULL,NULL
"1318","2352891","initial",NULL,NULL,"8306",NULL,NULL,NULL,,NULL,NULL,,,"2025-09-25 16:01:56","Sidhikka Lotlikar",NULL,NULL,NULL
"1330","2352585","initial",NULL,NULL,"31350",NULL,NULL,NULL,,NULL,NULL,,,"2025-09-26 14:33:48","Sidhikka Lotlikar",NULL,NULL,NULL
"1331","2352815","initial",NULL,NULL,"4676",NULL,NULL,NULL,,NULL,NULL,,,"2025-09-26 15:49:15","Mayur P",NULL,NULL,NULL
"1332","2353230",,NULL,"XTT493694002",,"3846","TDU33294",NULL,"12","2025-09-26 00:00:00",NULL,,"Credit card","2025-09-26 16:50:24","Arya Prajapati",NULL,NULL,NULL
"1336","2352180",,NULL,"I TRAVEL LEISURE HOLIDAYS PRIVATE ",,"4500","TDU26116G",NULL,"12","2025-09-25 00:00:00",NULL,,"Bank transfer ","2025-09-26 18:43:23","Arya Prajapati",NULL,NULL,NULL
"1339","2352964","initial",NULL,NULL,"5946",NULL,NULL,NULL,,NULL,NULL,,,"2025-09-26 21:51:22","Sidhikka Lotlikar",NULL,NULL,NULL
"1341","2353306",,NULL,"BFN :- CFS2505215
",,"754","TDU33354 ",NULL,"12","2025-09-27 00:00:00",NULL,,"BFN","2025-09-27 16:20:16","Arya Prajapati",NULL,NULL,NULL
"1342","2351760",,NULL,"MR MALAY MUKESHBHAI K",,"3405","TDU32199 ",NULL,"12","2025-09-26 00:00:00",NULL,,"Bank transfer ","2025-09-27 18:55:49","Arya Prajapati",NULL,NULL,NULL
"1344","2351677","initial",NULL,NULL,"5140",NULL,NULL,NULL,,NULL,NULL,,,"2025-09-29 12:09:16","Arya Prajapati",NULL,NULL,NULL
"1345","2352891",,NULL,"XTT561964362",,"7760","TDU33025 ",NULL,"12","2025-09-27 00:00:00",NULL,,"Credit card","2025-09-29 13:36:26","Arya Prajapati",NULL,NULL,NULL
"1348","2353306","initial",NULL,NULL,"784",NULL,NULL,NULL,,NULL,NULL,,,"2025-09-29 14:44:38","Arya Prajapati",NULL,NULL,NULL
"1351","2353285",,NULL,"BFN: CFS2504276
",,"5164","TDU33342 ",NULL,"12","2025-09-29 00:00:00",NULL,,"BFN","2025-09-29 16:52:34","Arya Prajapati",NULL,NULL,NULL
"1354","2353021",,NULL,"XTT585940500",,"500","TDU33132 ",NULL,"12","2025-09-29 00:00:00",NULL,,"Credit card","2025-09-29 18:41:34","Arya Prajapati",NULL,NULL,NULL
"1355","2353021","initial",NULL,NULL,"2676",NULL,NULL,NULL,,NULL,NULL,,,"2025-09-29 18:41:46","Arya Prajapati",NULL,NULL,NULL
"1358","2351569","initial",NULL,NULL,"3580",NULL,NULL,NULL,,NULL,NULL,,,"2025-09-30 15:26:53","Sidhikka Lotlikar",NULL,NULL,NULL
"1360","2352684","initial",NULL,NULL,"3973",NULL,NULL,NULL,,NULL,NULL,,,"2025-09-30 16:09:10","Mayur P",NULL,NULL,NULL
"1364","2353038","initial",NULL,NULL,"3828",NULL,NULL,NULL,,NULL,NULL,,,"2025-09-30 22:04:53","Karthik Suriyan",NULL,NULL,NULL
"1365","2353037","initial",NULL,NULL,"3952",NULL,NULL,NULL,,NULL,NULL,,,"2025-09-30 22:05:42","Karthik Suriyan",NULL,NULL,NULL
"1369","2353230",,NULL,"XTT384848293",,"396","TDU33294",NULL,"12","2025-10-01 00:00:00",NULL,,"Credit card","2025-10-01 15:16:31","Arya Prajapati",NULL,NULL,NULL
"1370","2351928",,NULL,"DAMANTRA",,"14986","TDU32316",NULL,"12","2025-10-01 00:00:00",NULL,,"Bank transfer ","2025-10-01 15:48:56","Arya Prajapati",NULL,NULL,NULL
"1373","2351760","initial",NULL,NULL,"3435",NULL,NULL,NULL,,NULL,NULL,,,"2025-10-01 16:34:33","Arya Prajapati",NULL,NULL,NULL
"1374","2350434","initial",NULL,NULL,"35997",NULL,NULL,NULL,,NULL,NULL,,,"2025-10-01 16:43:12","Maharshi Mankodi",NULL,NULL,NULL
"1375","2350434","final",NULL,NULL,"34770",NULL,NULL,NULL,,NULL,NULL,,,"2025-10-01 16:43:26","Maharshi Mankodi",NULL,NULL,NULL
"1376","2350356","final",NULL,NULL,"12375",NULL,NULL,NULL,,NULL,NULL,,,"2025-10-01 16:51:44","Arya Prajapati",NULL,NULL,NULL
"1379","2351207","final",NULL,NULL,"1870",NULL,NULL,NULL,,NULL,NULL,,,"2025-10-01 19:02:53","Arya Prajapati",NULL,NULL,NULL
"1381","2352138","initial",NULL,NULL,"7056",NULL,NULL,NULL,,NULL,NULL,,,"2025-10-01 19:35:47","Sidhikka Lotlikar",NULL,NULL,NULL
"1385","2352173",,NULL,"Airwallex New Ze F Ayyaz Travel",,"5013","TDU32495 ",NULL,"12","2025-09-29 00:00:00",NULL,,"Bank transfer ","2025-10-03 13:28:29","Arya Prajapati",NULL,NULL,NULL
"1386","2351569",,NULL,"SWIFT HOLIDAYS AND CRUISES LLP",,"3556","TDU32046 ",NULL,"12","2025-10-02 00:00:00",NULL,,"Bank transfer ","2025-10-03 15:32:25","Arya Prajapati",NULL,NULL,NULL
"1387","2352815",,NULL," FLYREMIT PRIVATE LIMITEDREF",,"2646","TDU32962 ",NULL,"12","2025-10-02 00:00:00",NULL,,"Bank transfer ","2025-10-03 15:33:54","Arya Prajapati",NULL,NULL,NULL
"1393","2351154",,NULL,"MORNING STAR TRAVELS PRIVATE LIM",,"5781","TDU31774 ",NULL,"12","2025-09-30 00:00:00",NULL,,"Bank transfer ","2025-10-03 17:28:07","Arya Prajapati",NULL,NULL,NULL
"1394","2351677",,NULL,"MORNING STAR TRAVELS PRIVATE LIM",,"5110","TDU32132 ",NULL,"12","2025-09-30 00:00:00",NULL,,"Bank transfer ","2025-10-03 17:29:37","Arya Prajapati",NULL,NULL,NULL
"1395","2351677","final",NULL,NULL,"5110",NULL,NULL,NULL,,NULL,NULL,,,"2025-10-03 17:30:05","Arya Prajapati",NULL,NULL,NULL
"1396","2351207",,NULL,"Credit note adjusted from TDU31193 .",,"1504","TDU31812",NULL,"12","2025-06-22 00:00:00",NULL,,"Credit note adjustment.","2025-10-03 17:34:19","Arya Prajapati",NULL,NULL,NULL
"1397","2351207",,NULL,"MORNING STAR TRAVELS PRIVATE LIM",,"319","TDU31812",NULL,"12","2025-09-30 00:00:00",NULL,,"Bank transfer ","2025-10-03 17:35:01","Arya Prajapati",NULL,NULL,NULL
"1398","2352424","initial",NULL,NULL,"4676",NULL,NULL,NULL,,NULL,NULL,,,"2025-10-03 21:12:54","Sidhikka Lotlikar",NULL,NULL,NULL
"1399","2353285","initial",NULL,NULL,"3046",NULL,NULL,NULL,,NULL,NULL,,,"2025-10-03 21:39:04","Mayur P",NULL,NULL,NULL
"1400","2353275","initial",NULL,NULL,"1882",NULL,NULL,NULL,,NULL,NULL,,,"2025-10-04 13:30:03","Sidhikka Lotlikar",NULL,NULL,NULL
"1403","2353245","initial",NULL,NULL,"3483",NULL,NULL,NULL,,NULL,NULL,,,"2025-10-06 09:34:07","Maharshi Mankodi",NULL,NULL,NULL
"1404","2353245","final",NULL,NULL,"3453",NULL,NULL,NULL,,NULL,NULL,,,"2025-10-06 09:34:14","Maharshi Mankodi",NULL,NULL,NULL
"1405","2350462","initial",NULL,NULL,"6960",NULL,NULL,NULL,,NULL,NULL,,,"2025-10-06 09:34:20","Maharshi Mankodi",NULL,NULL,NULL
"1408","2353423",,NULL,"XTT511127782",,"1196","TDU33446",NULL,"12","2025-10-06 00:00:00",NULL,,"Credit card","2025-10-06 17:04:40","Arya Prajapati",NULL,NULL,NULL
"1409","2353423","initial",NULL,NULL,"1226",NULL,NULL,NULL,,NULL,NULL,,,"2025-10-06 17:05:01","Arya Prajapati",NULL,NULL,NULL
"1410","2352086",,NULL,"YXX987898540",,"1342","TDU32433",NULL,"12","2025-10-06 00:00:00",NULL,,"Credit card","2025-10-06 17:44:02","Arya Prajapati",NULL,NULL,NULL
"1413","2353162",,NULL,"Flyremit Private",,"3774","TDU33247 ",NULL,"12","2025-10-06 00:00:00",NULL,,"Bank transfer ","2025-10-06 19:24:41","Arya Prajapati",NULL,NULL,NULL
"1415","2352741",,NULL,"PARTH ASHISH SHAH",,"4000","TDU32918 ",NULL,"12","2025-10-06 00:00:00",NULL,,"Bank transfer ","2025-10-06 19:29:40","Arya Prajapati",NULL,NULL,NULL
"1416","2352741","initial",NULL,NULL,"5664",NULL,NULL,NULL,,NULL,NULL,,,"2025-10-06 19:29:44","Sidhikka Lotlikar",NULL,NULL,NULL
"1417","2352741","initial",NULL,NULL,"5664",NULL,NULL,NULL,,NULL,NULL,,,"2025-10-06 19:29:51","Arya Prajapati",NULL,NULL,NULL
"1418","2352815",,NULL,"FLYREMIT PRIVATE LIMITEDREF	",,"2000","TDU32962 ",NULL,"12","2025-10-06 00:00:00",NULL,,"Bank transfer ","2025-10-06 19:33:38","Arya Prajapati",NULL,NULL,NULL
"1419","2352037","initial",NULL,NULL,"25980",NULL,NULL,NULL,,NULL,NULL,,,"2025-10-06 21:07:12","KUNJAN2 SHAH2",NULL,NULL,NULL
"1422","2351848",,NULL,,,"770","TDU26026G",NULL,"12","2025-10-07 00:00:00",NULL,,"Credit card","2025-10-07 12:20:32","Job Mathew",NULL,NULL,NULL
"1424","2352424",,NULL,"SHRUTI TRAVEL BIZZ",,"2080","TDU32665 ",NULL,"12","2025-10-07 00:00:00",NULL,,"Bank transfer ","2025-10-07 14:39:05","Arya Prajapati",NULL,NULL,NULL
"1425","2352959",,NULL,"AERTRIP INDIA LIMITED ",,"18820","TDU33079",NULL,"12","2025-10-07 00:00:00",NULL,,"Bank transfer ","2025-10-07 15:50:55","Arya Prajapati",NULL,NULL,NULL
"1426","2352959","initial",NULL,NULL,"15470",NULL,NULL,NULL,,NULL,NULL,,,"2025-10-07 15:51:08","Arya Prajapati",NULL,NULL,NULL
"1428","2352622",,NULL,"PARMAR JANAKBEN",,"7814","TDU32824 ",NULL,"12","2025-10-07 00:00:00",NULL,,"Bank transfer ","2025-10-07 17:09:00","Arya Prajapati",NULL,NULL,NULL
"1429","2352622","initial",NULL,NULL,"7846",NULL,NULL,NULL,,NULL,NULL,,,"2025-10-07 17:09:13","Arya Prajapati",NULL,NULL,NULL
"1430","2352622",,NULL,,,"2","TDU32824",NULL,"12","2025-10-07 00:00:00",NULL,,"Bank Charges","2025-10-07 17:34:15","Arya Prajapati",NULL,NULL,NULL
"1431","2353162","initial",NULL,NULL,"3798",NULL,NULL,NULL,,NULL,NULL,,,"2025-10-07 17:34:50","Arya Prajapati",NULL,NULL,NULL
"1433","2351928",,NULL,"YXX551162214",,"1622","TDU32316 ",NULL,"12","2025-10-07 00:00:00",NULL,,"Credit card","2025-10-07 20:55:49","Arya Prajapati",NULL,NULL,NULL
"1436","2351293","initial",NULL,NULL,"4148",NULL,NULL,NULL,,NULL,NULL,,,"2025-10-07 23:21:07","Sidhikka Lotlikar",NULL,NULL,NULL
"1439","2352683",,NULL,,,"5480",,NULL,"12","2025-10-07 00:00:00",NULL,,"Bank transfer ","2025-10-07 23:48:56","Arya Prajapati",NULL,NULL,NULL
"1440","2352683",,NULL,"MUP on  9%",,"144","TDU32873 ",NULL,"12","2025-10-07 00:00:00",NULL,,"9 %  Approval from Kunal ","2025-10-07 23:53:11","Arya Prajapati",NULL,NULL,NULL
"1441","2352275","initial",NULL,NULL,"8848",NULL,NULL,NULL,,NULL,NULL,,,"2025-10-08 15:18:20","Karthik Suriyan",NULL,NULL,NULL
"1442","2352275",,NULL,"Flyremit",,"8800","TDU32565",NULL,"12","2025-10-08 00:00:00",NULL,,"Bank transfer ","2025-10-08 15:23:04","Arya Prajapati",NULL,NULL,NULL
"1443","2352275",,NULL,,,"18","TDU32565 ",NULL,"12","2025-10-08 00:00:00",NULL,,"Bank Charges","2025-10-08 15:26:28","Arya Prajapati",NULL,NULL,NULL
"1446","2351293","final",NULL,NULL,"4118",NULL,NULL,NULL,,NULL,NULL,,,"2025-10-08 17:07:02","Sidhikka Lotlikar",NULL,NULL,NULL
"1447","2352138","final",NULL,NULL,"7026",NULL,NULL,NULL,,NULL,NULL,,,"2025-10-08 17:33:23","Sidhikka Lotlikar",NULL,NULL,NULL
"1449","2353429","initial",NULL,NULL,"2814",NULL,NULL,NULL,,NULL,NULL,,,"2025-10-08 22:58:28","Karthik Suriyan",NULL,NULL,NULL
"1452","2352238","initial",NULL,NULL,"1104",NULL,NULL,NULL,,NULL,NULL,,,"2025-10-08 23:24:29","Rachana Hingorani",NULL,NULL,NULL
"1453","2352455","initial",NULL,NULL,"12906",NULL,NULL,NULL,,NULL,NULL,,,"2025-10-08 23:25:07","Rachana Hingorani",NULL,NULL,NULL
"1454","2350336",,NULL,,,"79584","TDU25598G",NULL,"12","2025-10-09 00:00:00",NULL,,"BANK TRANSFER","2025-10-09 11:44:34","Job Mathew",NULL,NULL,NULL
"1455","2352008","initial",NULL,NULL,"915",NULL,NULL,NULL,,NULL,NULL,,,"2025-10-09 13:52:57","KUNJAN2 SHAH2",NULL,NULL,NULL
"1457","2353275",,NULL,"FLYREMIT PRIVATE LIMITED
",,"1852","TDU33332",NULL,"12","2025-10-09 00:00:00",NULL,,"Bank transfer ","2025-10-09 15:21:31","Arya Prajapati",NULL,NULL,NULL
"1458","2350953",,NULL,"PARICHAY TOUR HOLIDAYS
",,"5000","TDU25757G",NULL,"12","2025-10-09 00:00:00",NULL,,"Bank transfer ","2025-10-09 15:22:41","Arya Prajapati",NULL,NULL,NULL
"1460","2352367","initial",NULL,NULL,"9014",NULL,NULL,NULL,,NULL,NULL,,,"2025-10-09 15:30:17","Arya Prajapati",NULL,NULL,NULL
"1461","2353449","initial",NULL,NULL,"265",NULL,NULL,NULL,,NULL,NULL,,,"2025-10-09 19:38:32","Rachana Hingorani",NULL,NULL,NULL
"1462","2352621","initial",NULL,NULL,"3150",NULL,NULL,NULL,,NULL,NULL,,,"2025-10-09 21:03:01","Sidhikka Lotlikar",NULL,NULL,NULL
"1468","2352177",,NULL,"YXX107003936",,"2000","TDU32497 ",NULL,"12","2025-10-03 00:00:00",NULL,,"Credit card","2025-10-10 15:10:16","Arya Prajapati",NULL,NULL,NULL
"1469","2352177",,NULL,"YXX661053919",,"2000","TDU32497",NULL,"12","2025-10-04 00:00:00",NULL,,"Credit card","2025-10-10 15:11:12","Arya Prajapati",NULL,NULL,NULL
"1473","2352568",,NULL,"XTT327036175",,"8034","TDU32778",NULL,"12","2025-10-10 00:00:00",NULL,,"Credit card","2025-10-10 15:40:05","Arya Prajapati",NULL,NULL,NULL
"1474","2352568","initial",NULL,NULL,"8064",NULL,NULL,NULL,,NULL,NULL,,,"2025-10-10 15:43:03","Arya Prajapati",NULL,NULL,NULL
"1475","2353037",,NULL,"XTT327036175",,"180","TDU33146",NULL,"12","2025-10-09 00:00:00",NULL,,"Credit card","2025-10-10 15:45:56","Arya Prajapati",NULL,NULL,NULL
"1479","2353361",,NULL,"TDU26395G ",,"5204",,NULL,"12","2025-10-10 00:00:00",NULL,,"BANK TRANSFER","2025-10-10 17:37:10","Job Mathew",NULL,NULL,NULL
"1481","2353361",,NULL,,,"4","TDU26395G",NULL,"12","2025-10-10 00:00:00",NULL,,"bank charges","2025-10-10 17:41:27","Maharshi Mankodi",NULL,NULL,NULL
"1482","2352621",,NULL,"YXX768582385",,"3664","TDU32823",NULL,"12","2025-10-10 00:00:00",NULL,,"Credit card","2025-10-10 21:28:28","Arya Prajapati",NULL,NULL,NULL
"1483","2351251",,NULL,"XTT737847185",,"1100","TDU25852G ",NULL,"12","2025-10-10 00:00:00",NULL,,"Credit card","2025-10-10 21:39:43","Arya Prajapati",NULL,NULL,NULL
"1484","2352008",,NULL,"XTT298522028",,"885","TDU32374 ",NULL,"12","2025-10-10 00:00:00",NULL,,"Credit card","2025-10-10 21:42:16","Arya Prajapati",NULL,NULL,NULL
"1485","2351762",,NULL,"XTT667909517",,"6600","TDU25996G",NULL,"12","2025-10-08 00:00:00",NULL,,"Credit card","2025-10-10 21:43:20","Arya Prajapati",NULL,NULL,NULL
"1486","2352342",,NULL,"MAKEMYTRIP INDIA PRIVATE LIMITED",,"145216","TDU26168G",NULL,"12","2025-10-10 00:00:00",NULL,,"Bank transfer ","2025-10-10 21:45:49","Arya Prajapati",NULL,NULL,NULL
"1487","2349828",,NULL,"1087",,"1087","TDU25473G",NULL,"12","2025-10-10 00:00:00",NULL,,"Bank transfer ","2025-10-10 21:49:14","Arya Prajapati",NULL,NULL,NULL
"1488","2349827",,NULL,"MAKEMYTRIP INDIA PRIVATE LIMITED
",,"1101","TDU25472G",NULL,"12","2025-10-10 00:00:00",NULL,,"Bank transfer ","2025-10-10 21:52:18","Arya Prajapati",NULL,NULL,NULL
"1489","2353439","initial",NULL,NULL,"2224",NULL,NULL,NULL,,NULL,NULL,,,"2025-10-11 16:46:25","Karthik Suriyan",NULL,NULL,NULL
"1490","2353439",,NULL,"XTT247093426",,"2187","TDU33461",NULL,"12","2025-10-11 00:00:00",NULL,,"Credit Card","2025-10-11 16:47:35","Arya Prajapati",NULL,NULL,NULL
"1491","2351293",,NULL,"SD Destinations Pvt Ltd",,"4133","TDU31861 ",NULL,"12","2025-10-11 00:00:00",NULL,,"Bank transfer ","2025-10-12 15:42:02","Arya Prajapati",NULL,NULL,NULL
"1492","2352158","final",NULL,NULL,"2056",NULL,NULL,NULL,,NULL,NULL,,,"2025-10-13 09:13:46","Job Mathew",NULL,NULL,NULL
"1493","2351597","final",NULL,NULL,"7528",NULL,NULL,NULL,,NULL,NULL,,,"2025-10-13 09:15:47","Job Mathew",NULL,NULL,NULL
"1494","2351827","final",NULL,NULL,"10702",NULL,NULL,NULL,,NULL,NULL,,,"2025-10-13 09:20:54","Job Mathew",NULL,NULL,NULL
"1495","2352037",,NULL,"ONFIDENCE TRAVEL AND TOUR SDN.",,"25975","TDU26076G ",NULL,"12","2025-10-13 00:00:00",NULL,,"Bank transfer ","2025-10-13 14:34:03","Arya Prajapati",NULL,NULL,NULL
"1496","2352138",,NULL,"SD DESTINATIONS PVT LTD",,"7029.22","TDU32466 ",NULL,"12","2025-10-13 00:00:00",NULL,,"Bank transfer ","2025-10-13 14:38:07","Arya Prajapati",NULL,NULL,NULL
"1497","2353439",,NULL,,,"7","TDU33461 ",NULL,"12","2025-10-11 00:00:00",NULL,,"Bank Charges","2025-10-13 14:46:46","Arya Prajapati",NULL,NULL,NULL
"1498","2352177",,NULL,"YXX868538998",,"1000","TDU32497 ",NULL,"12","2025-10-11 00:00:00",NULL,,"Credit card","2025-10-13 14:56:35","Arya Prajapati",NULL,NULL,NULL
"1499","2352177",,NULL,"YXX596163854",,"2000","TDU32497",NULL,"12","2025-10-11 00:00:00",NULL,,"Credit card","2025-10-13 14:57:43","Arya Prajapati",NULL,NULL,NULL
"1501","2353359",,NULL,"Make My Trip India PVT.LTD.",,"3172","TDU33399 ",NULL,"12","2025-10-13 00:00:00",NULL,,"Bank transfer ","2025-10-13 15:38:14","Arya Prajapati",NULL,NULL,NULL
"1503","2353429",,NULL,"INTERSIGHT HOLIDAYS PRIVATE LIMITED ",,"2790","TDU33452 ",NULL,"12","2025-10-13 00:00:00",NULL,,"Bank transfer ","2025-10-13 16:15:23","Arya Prajapati",NULL,NULL,NULL
"1504","2347814",,NULL,"SUN TOURIISM INTERNATIONALL PRIVATE",,"41357","TDU25129G ",NULL,"12","2025-10-13 00:00:00",NULL,,"Bank transfer ","2025-10-13 16:17:54","Arya Prajapati",NULL,NULL,NULL
"1505","2353523","initial",NULL,NULL,"6526",NULL,NULL,NULL,,NULL,NULL,,,"2025-10-13 16:24:31","Karthik Suriyan",NULL,NULL,NULL
"1508","2353449",,NULL,"XTT421873923",,"235","TDU33469 ",NULL,"12","2025-10-10 00:00:00",NULL,,"Credit card","2025-10-13 17:23:16","Arya Prajapati",NULL,NULL,NULL
"1510","2353465","initial",NULL,NULL,"5866",NULL,NULL,NULL,,NULL,NULL,,,"2025-10-13 20:46:20","Mayur P",NULL,NULL,NULL
"1511","2352731","initial",NULL,NULL,"2210",NULL,NULL,NULL,,NULL,NULL,,,"2025-10-13 20:49:14","Rachana Hingorani",NULL,NULL,NULL
"1512","2353383","initial",NULL,NULL,"9443",NULL,NULL,NULL,,NULL,NULL,,,"2025-10-13 20:52:35","Mayur P",NULL,NULL,NULL
"1514","2351804","initial",NULL,NULL,"5470",NULL,NULL,NULL,,NULL,NULL,,,"2025-10-13 22:58:09","Arya Prajapati",NULL,NULL,NULL
"1516","2352483","final",NULL,NULL,"11720",NULL,NULL,NULL,,NULL,NULL,,,"2025-10-14 16:58:31","Pankaj Bisht",NULL,NULL,NULL
"1521","2353085","initial",NULL,NULL,"4590",NULL,NULL,NULL,,NULL,NULL,,,"2025-10-14 22:10:49","Rachana Hingorani",NULL,NULL,NULL
"1523","2353359","initial",NULL,NULL,"3180",NULL,NULL,NULL,,NULL,NULL,,,"2025-10-14 22:12:42","Arya Prajapati",NULL,NULL,NULL
"1525","2351928","initial",NULL,NULL,"16638",NULL,NULL,NULL,,NULL,NULL,,,"2025-10-15 12:55:16","Arya Prajapati",NULL,NULL,NULL
"1526","2350565","initial",NULL,NULL,"21910",NULL,NULL,NULL,,NULL,NULL,,,"2025-10-15 16:39:14","Sidhikka Lotlikar",NULL,NULL,NULL
"1527","2352367",,NULL,"Deposit 0878T0226160 INV 20251156
",,"2000","TDU32624 ",NULL,"12","2025-10-02 00:00:00",NULL,,"Bank transfer ","2025-10-15 17:24:38","Arya Prajapati",NULL,NULL,NULL
"1528","2352367",,NULL,"ATM Deposit INV",,"1900","TDU32624",NULL,"12","2025-10-03 00:00:00",NULL,,"Bank transfer ","2025-10-15 17:25:47","Arya Prajapati",NULL,NULL,NULL
"1529","2353375","initial",NULL,NULL,"11754",NULL,NULL,NULL,,NULL,NULL,,,"2025-10-15 17:40:55","Karthik Suriyan",NULL,NULL,NULL
"1530","2352177",,NULL,"YXX641877432",,"500","TDU32497",NULL,"12","2025-10-14 00:00:00",NULL,,"Credit card","2025-10-15 17:49:45","Arya Prajapati",NULL,NULL,NULL
"1532","2352445",,NULL,"FLYREMIT PRIVATE LIMITED",,"2950","TDU32681",NULL,"12","2025-10-15 00:00:00",NULL,,"Bank transfer ","2025-10-15 20:19:48","Arya Prajapati",NULL,NULL,NULL
"1534","2350953",,NULL," PARICHAY TOUR HOLIDAYS",,"6000","TDU25757G",NULL,"12","2025-10-15 00:00:00",NULL,,"Bank transfer ","2025-10-15 20:21:45","Arya Prajapati",NULL,NULL,NULL
"1535","2350939",,NULL,"PARICHAY TOUR HOLIDAYS ",,"10000","TDU25751G ",NULL,"12","2025-10-15 00:00:00",NULL,,"Bank transfer ","2025-10-15 20:23:49","Arya Prajapati",NULL,NULL,NULL
"1536","2352502",,NULL,"BHASIN TRAVELS PRIVATE LIMITED",,"3312","TDU32721 ",NULL,"12","2025-10-15 00:00:00",NULL,,"Bank transfer ","2025-10-15 20:24:57","Arya Prajapati",NULL,NULL,NULL
"1538","2352643",,NULL,"FLYREMIT PRIVATE LIM",,"9545","TDU32836",NULL,"12","2025-10-14 00:00:00",NULL,,"Bank transfer ","2025-10-15 20:26:56","Arya Prajapati",NULL,NULL,NULL
"1539","2353523",,NULL,"Fast Transfer From PRAKASHKUMAR PATEL",,"6496","TDU33531",NULL,"12","2025-10-15 00:00:00",NULL,,"Bank transfer ","2025-10-15 20:53:41","Arya Prajapati",NULL,NULL,NULL
"1540","2352741",,NULL,"PRAKASHKUMAR PATEL",,"1004","TDU32918 ",NULL,"12","2025-10-15 00:00:00",NULL,,"Bank transfer ","2025-10-15 20:58:42","Arya Prajapati",NULL,NULL,NULL
"1543","2348185","initial",NULL,NULL,"65851",NULL,NULL,NULL,,NULL,NULL,,,"2025-10-16 12:05:48","Job Mathew",NULL,NULL,NULL
"1544","2352173",,NULL,"AIRWALLEX NEW ZE",,"5013","TDU32495",NULL,"12","2025-10-15 00:00:00",NULL,,"Bank transfer ","2025-10-16 15:24:47","Arya Prajapati",NULL,NULL,NULL
"1546","2353279",,NULL,"XTT979909481",,"584","TDU33336 ",NULL,"12","2025-10-15 00:00:00",NULL,,"Credit card","2025-10-16 16:53:02","Arya Prajapati",NULL,NULL,NULL
"1547","2353279","initial",NULL,NULL,"614",NULL,NULL,NULL,,NULL,NULL,,,"2025-10-16 16:53:14","Arya Prajapati",NULL,NULL,NULL
"1548","2352683","initial",NULL,NULL,"5654",NULL,NULL,NULL,,NULL,NULL,,,"2025-10-16 16:57:38","Arya Prajapati",NULL,NULL,NULL
"1550","2352483",,NULL,"BHASIN TRAVELS PRIVATE LIMITED
",,"11720","TDU32704",NULL,"12","2025-10-16 00:00:00",NULL,,"Bank transfer ","2025-10-16 17:36:36","Arya Prajapati",NULL,NULL,NULL
"1551","2352180",,NULL,"I TRAVEL LEISURE HOLIDAYS PRIVATE L",,"2845","TDU26116G",NULL,"12","2025-10-16 00:00:00",NULL,,"Bank transfer ","2025-10-16 17:51:47","Arya Prajapati",NULL,NULL,NULL
"1553","2352175",,NULL,,,"17527","TDU32496",NULL,"12","2025-10-16 00:00:00",NULL,,"Bank transfer ","2025-10-16 18:08:10","Arya Prajapati",NULL,NULL,NULL
"1555","2353574","initial",NULL,NULL,"2922",NULL,NULL,NULL,,NULL,NULL,,,"2025-10-16 22:26:04","Pankaj Bisht",NULL,NULL,NULL
"1557","2352404","initial",NULL,NULL,"18726",NULL,NULL,NULL,,NULL,NULL,,,"2025-10-16 23:28:32","Mayur P",NULL,NULL,NULL
"1558","2352404",,NULL,,,"18696","TDU32651 ",NULL,"12","2025-10-16 00:00:00",NULL,,"Approved by Kunal","2025-10-17 00:02:25","Arya Prajapati",NULL,NULL,NULL
"1560","2353575","initial",NULL,NULL,"1064",NULL,NULL,NULL,,NULL,NULL,,,"2025-10-17 14:40:24","Karthik Suriyan",NULL,NULL,NULL
"1562","2352177",,NULL,"YXX974695594",,"2000","TDU32497 ",NULL,"12","2025-10-15 00:00:00",NULL,,"Credit card","2025-10-17 15:49:43","Arya Prajapati",NULL,NULL,NULL
"1564","2350953",,NULL,"PARICHAY TOUR HOLIDAYS",,"3830","TDU25757G ",NULL,"12","2025-10-17 00:00:00",NULL,,"Bank transfer ","2025-10-17 17:26:41","Arya Prajapati",NULL,NULL,NULL
"1565","2350939",,NULL,"PARICHAY TOUR HOLIDAYS",,"6516","TDU25751G",NULL,"12","2025-10-17 00:00:00",NULL,,"Bank transfer ","2025-10-17 17:35:24","Arya Prajapati",NULL,NULL,NULL
"1569","2353383",,NULL,"FLYREMIT ",,"9413","TDU33420 ",NULL,"12","2025-10-17 00:00:00",NULL,,"Bank transfer ","2025-10-17 18:41:17","Arya Prajapati",NULL,NULL,NULL
"1571","2353574",,NULL,"XTT987097795",,"883","TDU33572 ",NULL,"12","2025-10-17 00:00:00",NULL,,"Credit card","2025-10-17 22:02:11","Arya Prajapati",NULL,NULL,NULL
"1572","2353565","initial",NULL,NULL,"157",NULL,NULL,NULL,,NULL,NULL,,,"2025-10-18 16:20:27","Dhiraj Salvi",NULL,NULL,NULL
"1573","2353565",,NULL,"XTT467909791",,"127","TDU33564",NULL,"12","2025-10-18 00:00:00",NULL,,"Credit card","2025-10-18 16:57:07","Arya Prajapati",NULL,NULL,NULL
"1576","2353568","initial",NULL,NULL,"2488",NULL,NULL,NULL,,NULL,NULL,,,"2025-10-18 21:38:32","Karthik Suriyan",NULL,NULL,NULL
"1577","2353370",,NULL,"YXX387435946",,"7257","TDU33409",NULL,"12","2025-10-18 00:00:00",NULL,,"Credit card","2025-10-18 21:42:20","Arya Prajapati",NULL,NULL,NULL
"1578","2353575",,NULL,"XTT530279888",,"1034","TDU33573 ",NULL,"12","2025-10-18 00:00:00",NULL,,"Credit card","2025-10-18 21:57:17","Arya Prajapati",NULL,NULL,NULL
"1579","2353568",,NULL,"XTT109867391",,"2458","TDU33566",NULL,"12","2025-10-18 00:00:00",NULL,,"Credit card","2025-10-18 22:50:57","Arya Prajapati",NULL,NULL,NULL
"1580","2353370","initial",NULL,NULL,"7287",NULL,NULL,NULL,,NULL,NULL,,,"2025-10-20 09:01:59","Maharshi Mankodi",NULL,NULL,NULL
"1581","2353639",,NULL,"XTT346041973",,"6304","TDU33621 ",NULL,"12","2025-10-20 00:00:00",NULL,,"Credit card","2025-10-20 18:03:27","Arya Prajapati",NULL,NULL,NULL
"1582","2353639","initial",NULL,NULL,"6334",NULL,NULL,NULL,,NULL,NULL,,,"2025-10-20 18:04:01","Arya Prajapati",NULL,NULL,NULL
"1583","2353375",,NULL,"YXX144091932",,"7000","TDU33414 ",NULL,"12","2025-10-20 00:00:00",NULL,,"Credit card","2025-10-20 21:03:22","Arya Prajapati",NULL,NULL,NULL
"1586","2350977",,NULL,"20/10/2025	NCS TRAVELS AND TOURS PVT LTD	15000		TDU25767G",,"15000","TDU25767G",NULL,"12","2025-10-20 00:00:00",NULL,,"BANK TRANSFER","2025-10-21 13:25:32","Job Mathew",NULL,NULL,NULL
"1587","2352684",,NULL,"XTT472965762",,"1972","TDU32874 ",NULL,"12","2025-10-20 00:00:00",NULL,,"Credit card","2025-10-21 13:32:59","Arya Prajapati",NULL,NULL,NULL
"1590","2352068",,NULL,"TRAVEL TROOPS GLOBAL PVT LTD",,"3648","TDU32419",NULL,"12","2025-10-20 00:00:00",NULL,,"Bank transfer ","2025-10-21 15:23:45","Arya Prajapati",NULL,NULL,NULL
"1595","2353230","initial",NULL,NULL,"4206",NULL,NULL,NULL,,NULL,NULL,,,"2025-10-21 17:14:34","Job Mathew",NULL,NULL,NULL
"1596","2353230","final",NULL,NULL,"4037",NULL,NULL,NULL,,NULL,NULL,,,"2025-10-21 17:15:46","Job Mathew",NULL,NULL,NULL
"1597","2353598","initial",NULL,NULL,"780",NULL,NULL,NULL,,NULL,NULL,,,"2025-10-21 22:54:29","Dhiraj Salvi",NULL,NULL,NULL
"1599","2347645","initial",NULL,NULL,"65412",NULL,NULL,NULL,,NULL,NULL,,,"2025-10-22 11:59:12","Job Mathew",NULL,NULL,NULL
"1600","2353598",,NULL,"Fast Transfer From SWEETU SHAH",,"750","TDU33587 ",NULL,"12","2025-10-22 00:00:00",NULL,,"Bank transfer ","2025-10-22 15:40:00","Arya Prajapati",NULL,NULL,NULL
"1601","2350462",,NULL,"XTT452802504",,"6930","TDU31265 ",NULL,"12","2025-10-22 00:00:00",NULL,,"Credit card","2025-10-22 17:16:03","Arya Prajapati",NULL,NULL,NULL
"1602","2353245",,NULL,"YXX169438913",,"3453","TDU33304",NULL,"12","2025-10-22 00:00:00",NULL,,"Credit card","2025-10-22 17:17:47","Arya Prajapati",NULL,NULL,NULL
"1604","2352070","initial",NULL,NULL,"10950",NULL,NULL,NULL,,NULL,NULL,,,"2025-10-22 17:42:30","Arya Prajapati",NULL,NULL,NULL
"1605","2352070",,NULL,"TRAVEL TROOPS GLOBAL PVT LTD",,"10920","TDU32421 ",NULL,"12","2025-10-20 00:00:00",NULL,,"Bank transfer ","2025-10-22 17:44:17","Arya Prajapati",NULL,NULL,NULL
"1608","2352342","initial",NULL,NULL,"219893",NULL,NULL,NULL,,NULL,NULL,,,"2025-10-22 21:20:57","Arya Prajapati",NULL,NULL,NULL
"1609","2353660",,NULL,"Flyremit",,"113","TDU33642",NULL,"12","2025-10-22 00:00:00",NULL,,"Bank transfer ","2025-10-22 21:36:27","Arya Prajapati",NULL,NULL,NULL
"1610","2353660","initial",NULL,NULL,"143",NULL,NULL,NULL,,NULL,NULL,,,"2025-10-22 21:36:42","Arya Prajapati",NULL,NULL,NULL
"1611","2353660","final",NULL,NULL,"113",NULL,NULL,NULL,,NULL,NULL,,,"2025-10-22 21:36:52","Arya Prajapati",NULL,NULL,NULL
"1614","2352364",,NULL,"Fast Transfer From SHAKTI TRAVELS",,"4287","TDU26176G ",NULL,"12","2025-10-21 00:00:00",NULL,,"Bank transfer ","2025-10-22 23:54:27","Arya Prajapati",NULL,NULL,NULL
"1615","2352175","initial",NULL,NULL,"17557",NULL,NULL,NULL,,NULL,NULL,,,"2025-10-23 15:52:29","Arya Prajapati",NULL,NULL,NULL
"1616","2351892","initial",NULL,NULL,"4734",NULL,NULL,NULL,,NULL,NULL,,,"2025-10-23 16:20:31","Mayur P",NULL,NULL,NULL
"1619","2353683",,NULL,"Flywire",,"162","TDU33662 ",NULL,"12","2025-10-22 00:00:00",NULL,,"Bank transfer ","2025-10-23 20:28:23","Arya Prajapati",NULL,NULL,NULL
"1620","2353552",,NULL,"Flywire",,"225","TDU33555",NULL,"12","2025-10-22 00:00:00",NULL,,"Bank transfer ","2025-10-23 20:30:30","Arya Prajapati",NULL,NULL,NULL
"1622","2352684",,NULL,"XTT114446455",,"1972","TDU32874 ",NULL,"12","2025-10-24 00:00:00",NULL,,"Bank transfer ","2025-10-24 15:06:14","Arya Prajapati",NULL,NULL,NULL
"1624","2353553",,NULL,"YXX773044241",,"114","TDU33556",NULL,"12","2025-10-24 00:00:00",NULL,,"Credit card","2025-10-24 18:12:58","Arya Prajapati",NULL,NULL,NULL
"1625","2353553","initial",NULL,NULL,"144",NULL,NULL,NULL,,NULL,NULL,,,"2025-10-24 18:13:12","Arya Prajapati",NULL,NULL,NULL
"1627","2353406","initial",NULL,NULL,"1283",NULL,NULL,NULL,,NULL,NULL,,,"2025-10-24 18:40:41","Arya Prajapati",NULL,NULL,NULL
"1630","2353375",,NULL,"YXX667350203",,"4724","TDU33414",NULL,"12","2025-10-24 00:00:00",NULL,,"Credit card","2025-10-24 22:02:12","Arya Prajapati",NULL,NULL,NULL
"1631","2352569",,NULL,"YXX661461298",,"474","TDU32779 ",NULL,"12","2025-10-24 00:00:00",NULL,,"Credit card","2025-10-24 23:06:18","Arya Prajapati",NULL,NULL,NULL
"1632","2353574",,NULL,"XTT898424852",,"2009","TDU33572",NULL,"12","2025-10-25 00:00:00",NULL,,"Credit card","2025-10-25 22:13:41","Arya Prajapati",NULL,NULL,NULL
"1633","2347814",,NULL," TDU25129G",,"9385"," TDU25129G",NULL,"12","2025-10-27 00:00:00",NULL,,"BANK TRANSFER","2025-10-27 10:45:55","Job Mathew",NULL,NULL,NULL
"1634","2350953",,NULL,"TDU25757G",,"14830"," TDU25757G",NULL,"12","2025-10-27 00:00:00",NULL,,"BANK TRANSFER","2025-10-27 10:51:08","Job Mathew",NULL,NULL,NULL
"1636","2352039","initial",NULL,NULL,"2742",NULL,NULL,NULL,,NULL,NULL,,,"2025-10-27 15:06:24","Job Mathew",NULL,NULL,NULL
"1637","2352039","final",NULL,NULL,"1618",NULL,NULL,NULL,,NULL,NULL,,,"2025-10-27 15:06:55","Job Mathew",NULL,NULL,NULL
"1638","2350939",,NULL," PARICHAY TOUR & HOLIDAYS",,"5000","TDU25751G ",NULL,"12","2025-10-13 00:00:00",NULL,,"Bank transfer ","2025-10-27 16:35:17","Arya Prajapati",NULL,NULL,NULL
"1639","2353552",,NULL,"Flyrimit",,"4864","TDU33555",NULL,"12","2025-10-27 00:00:00",NULL,,"Bank transfer ","2025-10-27 16:38:27","Arya Prajapati",NULL,NULL,NULL
"1640","2353552","initial",NULL,NULL,"4179",NULL,NULL,NULL,,NULL,NULL,,,"2025-10-27 16:38:42","Arya Prajapati",NULL,NULL,NULL
"1642","2351315",,NULL,"Foxtrot Interactive",,"9147","TDU25872G ",NULL,"12","2025-10-20 00:00:00",NULL,,"Bank transfer ","2025-10-27 17:07:30","Arya Prajapati",NULL,NULL,NULL
"1643","2353038",,NULL,"Somans Leisure tours",,"3438","TDU33147 ",NULL,"12","2025-10-20 00:00:00",NULL,,"Bank transfer ","2025-10-27 17:24:49","Arya Prajapati",NULL,NULL,NULL
"1644","2353037",,NULL," Somans Leisure tours",,"3824","TDU33146",NULL,"12","2025-10-20 00:00:00",NULL,,"Bank transfer ","2025-10-27 17:27:25","Arya Prajapati",NULL,NULL,NULL
"1646","2352424",,NULL,"Shruti Travelbizz",,"2676","TDU32665 ",NULL,"12","2025-10-27 00:00:00",NULL,,"Bank transfer ","2025-10-27 17:45:06","Arya Prajapati",NULL,NULL,NULL
"1647","2353554","initial",NULL,NULL,"1900",NULL,NULL,NULL,,NULL,NULL,,,"2025-10-27 17:52:06","Hemant Dongrani",NULL,NULL,NULL
"1648","2352181","initial",NULL,NULL,"5796",NULL,NULL,NULL,,NULL,NULL,,,"2025-10-27 17:54:01","Karthik Suriyan",NULL,NULL,NULL
"1674","2353574",,NULL,,,"30","TDU33572-20251027220343",NULL,"12","2025-10-27 23:57:26",NULL,,"FLYWIRE","2025-10-27 23:57:26","Flywire Automation",NULL,NULL,NULL
"1675","2352086","initial",NULL,NULL,"1372",NULL,NULL,NULL,,NULL,NULL,,,"2025-10-28 16:44:06","Arya Prajapati",NULL,NULL,NULL
"1678","2351426",,NULL,"ris Global Vacations and Events Pvt. Ltd.",,"10708","TDU25903G",NULL,"12","2025-10-28 00:00:00",NULL,,"Bank transfer ","2025-10-28 17:28:02","Arya Prajapati",NULL,NULL,NULL
"1679","2352478",,NULL,"Iris Global Vacations and Events Pvt. Ltd.",,"4484","TDU26211G ",NULL,"12","2025-10-28 00:00:00",NULL,,"Bank transfer ","2025-10-28 17:29:13","Arya Prajapati",NULL,NULL,NULL
"1680","2350939",,NULL,"PARICHAY TOUR & HOLIDAYS",,"21547","TDU25751G",NULL,"12","2025-10-28 00:00:00",NULL,,"Bank transfer ","2025-10-28 17:36:57","Arya Prajapati",NULL,NULL,NULL
"1682","2352778",,NULL,"GJ PHOENIX TRAVEL AND TOURS PVT LTD",,"5869.24","TDU32945 ",NULL,"12","2025-10-24 00:00:00",NULL,,"Bank transfer ","2025-10-28 18:47:55","Arya Prajapati",NULL,NULL,NULL
"1684","2352251","initial",NULL,NULL,"15234",NULL,NULL,NULL,,NULL,NULL,,,"2025-10-28 23:03:34","Karthik Suriyan",NULL,NULL,NULL
"1685","2353686",,NULL,"YXX812401718",,"1354","TDU33665",NULL,"12","2025-10-27 00:00:00",NULL,,"Credit card","2025-10-28 23:09:43","Arya Prajapati",NULL,NULL,NULL
"1686","2353686","initial",NULL,NULL,"1308",NULL,NULL,NULL,,NULL,NULL,,,"2025-10-28 23:10:28","Arya Prajapati",NULL,NULL,NULL
"1688","2350977",,NULL,,,"32500","TDU25767G",NULL,"12","2025-10-29 00:00:00",NULL,,"BANK TRANSFER","2025-10-29 13:31:00","Job Mathew",NULL,NULL,NULL
"1689","2350977",,NULL,"TDU25767G",,"20",,NULL,"12","2025-10-29 00:00:00",NULL,,"BANK CHARGES","2025-10-29 13:54:24","Job Mathew",NULL,NULL,NULL
"1691","2353623",,NULL,"Swapnil Pandit",,"6370","TDU33611 ",NULL,"12","2025-10-28 00:00:00",NULL,,"Bank transfer ","2025-10-29 19:22:29","Arya Prajapati",NULL,NULL,NULL
"1692","2353623","initial",NULL,NULL,"8503",NULL,NULL,NULL,,NULL,NULL,,,"2025-10-29 19:22:59","Arya Prajapati",NULL,NULL,NULL
"1693","2352741",,NULL,"Swapnil Pandit",,"630","TDU32918 ",NULL,"12","2025-10-28 00:00:00",NULL,,"Bank transfer ","2025-10-29 19:26:57","Arya Prajapati",NULL,NULL,NULL
"1695","2352367",,NULL,"5036xxxxxxxxxx8885",,"2000","TDU32624 ",NULL,"12","2025-10-09 00:00:00",NULL,,"Bank transfer ","2025-10-29 22:39:55","Arya Prajapati",NULL,NULL,NULL
"1696","2352367",,NULL,"Urva Motors L",,"2200","TDU32624",NULL,"12","2025-10-13 00:00:00",NULL,,"Bank transfer ","2025-10-29 22:41:30","Arya Prajapati",NULL,NULL,NULL
"1699","2350565",,NULL,"XTT979221016",,"3500","TDU31346 ",NULL,"12","2025-10-29 00:00:00",NULL,,"Credit card","2025-10-30 12:51:48","Arya Prajapati",NULL,NULL,NULL
"1700","2350565",,NULL,"XTT246738871",,"1665","TDU31346 ",NULL,"12","2025-10-29 00:00:00",NULL,,"Credit card","2025-10-30 12:52:22","Arya Prajapati",NULL,NULL,NULL
"1701","2352252",,NULL,"MAKEMYTRIP INDIA PRIVATE LIMITED",,"35625","TDU26135G ",NULL,"12","2025-10-30 00:00:00",NULL,,"Bank transfer ","2025-10-30 14:39:19","Arya Prajapati",NULL,NULL,NULL
"1702","2352252","initial",NULL,NULL,"61260",NULL,NULL,NULL,,NULL,NULL,,,"2025-10-30 14:39:37","Arya Prajapati",NULL,NULL,NULL
"1703","2352527","initial",NULL,NULL,"2302",NULL,NULL,NULL,,NULL,NULL,,,"2025-10-30 18:16:35","Sidhikka Lotlikar",NULL,NULL,NULL
"1704","2352367",,NULL,"ANZ Account ATM deposit",,"900","TDU32624",NULL,"12","2025-10-30 00:00:00",NULL,,"Bank transfer ","2025-10-30 18:33:21","Arya Prajapati",NULL,NULL,NULL
"1705","2353233",,NULL,"BFN: CFS2504276	",,"4732","TDU33296 ",NULL,"12","2025-10-30 00:00:00",NULL,,"BFN","2025-10-30 19:06:33","Arya Prajapati",NULL,NULL,NULL
"1709","2353643","initial",NULL,NULL,"3854",NULL,NULL,NULL,,NULL,NULL,,,"2025-10-30 22:58:49","Mayur P",NULL,NULL,NULL
"1712","2351876",,NULL," Direct Credit 342189 Nium",,"2780","TDU32277 ",NULL,"12","2025-10-22 00:00:00",NULL,,"Bank transfer ","2025-10-31 15:13:33","Arya Prajapati",NULL,NULL,NULL
"1713","2351876",,NULL,"DARSHANA SHETH ",,"2788","TDU32277 ",NULL,"12","2025-10-31 00:00:00",NULL,,"Bank transfer ","2025-10-31 15:14:14","Arya Prajapati",NULL,NULL,NULL
"1714","2351876",,NULL,"MRS. DARSHANA PARIKH ",,"2780","TDU32277",NULL,"12","2025-10-30 00:00:00",NULL,,"Bank transfer ","2025-10-31 15:15:28","Arya Prajapati",NULL,NULL,NULL
"1717","2353596",,NULL,"MRHOLIDAY MYSTIQUE PVTLTD ",,"13885","TDU33585 ",NULL,"12","2025-10-31 00:00:00",NULL,,"Bank transfer ","2025-10-31 17:35:00","Arya Prajapati",NULL,NULL,NULL
"1727","2353596","initial",NULL,NULL,"14406",NULL,NULL,NULL,,NULL,NULL,,,"2025-10-31 17:48:42","Arya Prajapati",NULL,NULL,NULL
"1728","2353596","final",NULL,NULL,"13856",NULL,NULL,NULL,,NULL,NULL,,,"2025-10-31 17:52:30","Arya Prajapati",NULL,NULL,NULL
"1732","2351876",,NULL,"Direct Credit 342189 Nium",,"2780","TDU32277",NULL,"12","2025-10-30 00:00:00",NULL,,"Bank transfer ","2025-10-31 19:26:31","Arya Prajapati",NULL,NULL,NULL
"1733","2353159",,NULL,"Flyremit",,"3974","TDU33244",NULL,"12","2025-10-31 00:00:00",NULL,,"Bank transfer ","2025-10-31 19:28:36","Arya Prajapati",NULL,NULL,NULL
"1734","2353159","initial",NULL,NULL,"11199",NULL,NULL,NULL,,NULL,NULL,,,"2025-10-31 19:29:11","Arya Prajapati",NULL,NULL,NULL
"1735","2352364",,NULL,"SHAKTI TRAVELS ",,"8559","TDU26176G ",NULL,"12","2025-10-30 00:00:00",NULL,,"Bank transfer ","2025-10-31 19:32:51","Arya Prajapati",NULL,NULL,NULL
"1736","2352364",,NULL,"SHAKTI TRAVELS ",,"8559","TDU26176G",NULL,"12","2025-10-31 00:00:00",NULL,,"Bank transfer ","2025-10-31 19:33:50","Arya Prajapati",NULL,NULL,NULL
"1737","2352766",,NULL,"YXX415512265",,"15296","TDU32936",NULL,"12","2025-10-31 00:00:00",NULL,,"Bank transfer ","2025-10-31 21:14:00","Arya Prajapati",NULL,NULL,NULL
"1739","2352741",,NULL,,,"444","TDU32918-20251030161303",NULL,"12","2025-10-31 21:27:36",NULL,,"FLYWIRE","2025-10-31 21:27:36","Flywire Automation",NULL,NULL,NULL
"1741","2347814",,NULL,"XTT271228063",,"1232","TDU25129G",NULL,"12","2025-10-31 00:00:00",NULL,,"Credit card","2025-10-31 22:31:51","Arya Prajapati",NULL,NULL,NULL
"1742","2352741","final",NULL,NULL,"5791.28",NULL,NULL,NULL,,NULL,NULL,,,"2025-10-31 23:19:36","Arya Prajapati",NULL,NULL,NULL
"1743","2353775","initial",NULL,NULL,"170",NULL,NULL,NULL,,NULL,NULL,,,"2025-11-01 22:31:25","Sidhikka Lotlikar",NULL,NULL,NULL
"1744","2353775",,NULL,,,"140","TDU33736-20251101223156",NULL,"12","2025-11-01 22:46:56",NULL,,"FLYWIRE","2025-11-01 22:46:56","Flywire Automation",NULL,NULL,NULL
"1745","2352261",,NULL,"Make My Trip India PVT.LTD.",,"15597.53","TDU26139G",NULL,"12","2025-10-30 00:00:00",NULL,,"Bank transfer ","2025-11-03 13:57:11","Arya Prajapati",NULL,NULL,NULL
"1747","2353607",,NULL,"Flyremit",,"3813","TDU33595 ",NULL,"12","2025-11-03 00:00:00",NULL,,"Bank transfer ","2025-11-03 15:53:56","Arya Prajapati",NULL,NULL,NULL
"1748","2352764","initial",NULL,NULL,"14446",NULL,NULL,NULL,,NULL,NULL,,,"2025-11-03 16:31:08","Karthik Suriyan",NULL,NULL,NULL
"1749","2352764",,NULL,"TRAVEL TROOPS GLOBAL PVT LTD",,"14518","TDU32934 ",NULL,"12","2025-10-28 00:00:00",NULL,,"Bank transfer ","2025-11-03 16:34:28","Arya Prajapati",NULL,NULL,NULL
"1750","2353698",,NULL,"BFN - CFS2505821",,"1058","TDU33676 ",NULL,"12","2025-11-03 00:00:00",NULL,,"Bank transfer ","2025-11-03 18:01:54","Arya Prajapati",NULL,NULL,NULL
"1752","2353607","initial",NULL,NULL,"3843",NULL,NULL,NULL,,NULL,NULL,,,"2025-11-03 18:03:33","Arya Prajapati",NULL,NULL,NULL
"1753","2353489","initial",NULL,NULL,"10030",NULL,NULL,NULL,,NULL,NULL,,,"2025-11-03 18:46:53","Sidhikka Lotlikar",NULL,NULL,NULL
"1754","2350431","initial",NULL,NULL,"68890",NULL,NULL,NULL,,NULL,NULL,,,"2025-11-03 20:06:33","Rakesh Mulchandani",NULL,NULL,NULL
"1756","2353595","initial",NULL,NULL,"590",NULL,NULL,NULL,,NULL,NULL,,,"2025-11-03 21:12:39","Mayur P",NULL,NULL,NULL
"1757","2353595",,NULL,"Refund adjustment from TDU32962",,"560","TDU33584 ",NULL,"12","2025-11-03 00:00:00",NULL,,"Refund adjustment","2025-11-03 22:20:19","Arya Prajapati",NULL,NULL,NULL
"1758","2353643",,NULL,"YXX881137295",,"1912","TDU33625 ",NULL,"12","2025-11-03 00:00:00",NULL,,"Credit card","2025-11-03 23:50:06","Arya Prajapati",NULL,NULL,NULL
"1759","2353643",,NULL,"YXX263935192",,"1912","TDU33625 ",NULL,"12","2025-11-03 00:00:00",NULL,,"Credit card","2025-11-03 23:50:35","Arya Prajapati",NULL,NULL,NULL
"1760","2353749","initial",NULL,NULL,"2544",NULL,NULL,NULL,,NULL,NULL,,,"2025-11-04 18:02:47","Karthik Suriyan",NULL,NULL,NULL
"1761","2350565",,NULL,"FLYREMIT ",,"6500","TDU31346",NULL,"12","2025-11-04 00:00:00",NULL,,"Bank transfer ","2025-11-04 18:14:48","Arya Prajapati",NULL,NULL,NULL
"1762","2350565","final",NULL,NULL,"21880",NULL,NULL,NULL,,NULL,NULL,,,"2025-11-04 18:15:05","Arya Prajapati",NULL,NULL,NULL
"1763","2352326",,NULL,"FLYREMIT ",,"5666","TDU32603 ",NULL,"12","2025-11-04 00:00:00",NULL,,"Bank transfer ","2025-11-04 18:16:14","Arya Prajapati",NULL,NULL,NULL
"1764","2353749",,NULL,"XTT252561352",,"2340","TDU33718 ",NULL,"12","2025-11-03 00:00:00",NULL,,"Credit card","2025-11-04 18:19:29","Arya Prajapati",NULL,NULL,NULL
"1765","2353749",,NULL,"XTT369192832",,"174","TDU33718 ",NULL,"12","2025-11-04 00:00:00",NULL,,"Credit card","2025-11-04 18:20:14","Arya Prajapati",NULL,NULL,NULL
"1767","2352923","initial",NULL,NULL,"13942",NULL,NULL,NULL,,NULL,NULL,,,"2025-11-05 13:41:04","Job Mathew",NULL,NULL,NULL
"1768","2352527",,NULL,"FLYREMIT ",,"2272","TDU32744 ",NULL,"12","2025-11-04 00:00:00",NULL,,"Bank transfer ","2025-11-05 14:57:09","Arya Prajapati",NULL,NULL,NULL
"1769","2350431",,NULL,"Riya holidays pvt ltd",,"53316","TDU25620G ",NULL,"12","2025-11-05 00:00:00",NULL,,"Bank transfer ","2025-11-05 15:27:10","Arya Prajapati",NULL,NULL,NULL
"1770","2350435",,NULL,"RIYA HOLIDAYS PVT LTD",,"88993.10","TDU25622G ",NULL,"12","2025-11-04 00:00:00",NULL,,"Bank transfer ","2025-11-05 15:30:24","Arya Prajapati",NULL,NULL,NULL
"1771","2352366",,NULL,"SHAKTI TRAVELS",,"8131.08","TDU26177G ",NULL,"12","2025-11-05 00:00:00",NULL,,"Bank transfer ","2025-11-05 15:33:53","Arya Prajapati",NULL,NULL,NULL
"1774","2353787","initial",NULL,NULL,"802",NULL,NULL,NULL,,NULL,NULL,,,"2025-11-05 16:30:05","Job Mathew",NULL,NULL,NULL
"1775","2353330","initial",NULL,NULL,"8634",NULL,NULL,NULL,,NULL,NULL,,,"2025-11-05 16:35:24","Job Mathew",NULL,NULL,NULL
"1777","2350953",,NULL,,,"32","TDU25757G",NULL,"12","2025-11-05 00:00:00",NULL,,,"2025-11-05 17:32:33","Maharshi Mankodi",NULL,NULL,NULL
"1782","2350939","initial",NULL,NULL,"43052",NULL,NULL,NULL,,NULL,NULL,,,"2025-11-06 13:16:14","Maharshi Mankodi",NULL,NULL,NULL
"1783","2353623",,NULL,"XTT212896783",,"2103","TDU33611 ",NULL,"12","2025-11-06 00:00:00",NULL,,"Credit card","2025-11-06 16:24:05","Arya Prajapati",NULL,NULL,NULL
"1793","2353361","initial",NULL,NULL,"5454",NULL,NULL,NULL,,NULL,NULL,,,"2025-11-06 16:33:44","Maharshi Mankodi",NULL,NULL,NULL
"1794","2353361",,NULL,,,"217","TDU26395G",NULL,"12","2025-11-06 00:00:00",NULL,,,"2025-11-06 16:35:47","Maharshi Mankodi",NULL,NULL,NULL
"1797","2353871","initial",NULL,NULL,"2714",NULL,NULL,NULL,,NULL,NULL,,,"2025-11-06 18:27:19","Sidhikka Lotlikar",NULL,NULL,NULL
"1798","2353404","initial",NULL,NULL,"1214",NULL,NULL,NULL,,NULL,NULL,,,"2025-11-06 19:53:06","Mayur P",NULL,NULL,NULL
"1801","2353404",,NULL,"XTT974191509",,"1184","TDU33430",NULL,"12","2025-11-06 00:00:00",NULL,,"Credit card","2025-11-06 20:21:39","Arya Prajapati",NULL,NULL,NULL
"1802","2353917",,NULL,"XTT313037930",,"3141","TDU33853 ",NULL,"12","2025-11-06 00:00:00",NULL,,"Credit card","2025-11-06 21:41:27","Arya Prajapati",NULL,NULL,NULL
"1803","2353917","initial",NULL,NULL,"3159",NULL,NULL,NULL,,NULL,NULL,,,"2025-11-06 21:41:43","Arya Prajapati",NULL,NULL,NULL
"1804","2350336",,NULL,"XTT812358966",,"548","TDU25598G ",NULL,"12","2025-11-06 00:00:00",NULL,,"Credit card","2025-11-06 21:44:20","Arya Prajapati",NULL,NULL,NULL
"1806","2353714",,NULL,"TDU33689 ",,"1200","TDU33689 ",NULL,"12","2025-11-05 00:00:00",NULL,,"Bank transfer ","2025-11-06 23:32:25","Arya Prajapati",NULL,NULL,NULL
"1807","2353406",,NULL,"CHIRAG G JOGANI",,"1253","TDU33432 ",NULL,"12","2025-10-19 00:00:00",NULL,,"Bank transfer ","2025-11-06 23:38:14","Arya Prajapati",NULL,NULL,NULL
"1808","2353714",,NULL,"CHIRAG G JOGANI",,"517","TDU33689 ",NULL,"12","2025-10-19 00:00:00",NULL,,"Bank transfer ","2025-11-06 23:39:51","Arya Prajapati",NULL,NULL,NULL
"1810","2352251",,NULL,"DIANA WORLD TRAVEL PVT LTD",,"16583.06","TDU32551 ",NULL,"12","2025-11-05 00:00:00",NULL,,"Bank transfer ","2025-11-07 15:04:33","Arya Prajapati",NULL,NULL,NULL
"1811","2353655",,NULL,"342189 Mana Payments AU",,"3927","TDU33637",NULL,"12","2025-11-04 00:00:00",NULL,,"Bank transfer ","2025-11-07 17:22:57","Arya Prajapati",NULL,NULL,NULL
"1812","2353714",,NULL,"EXOTIC ALLEY",,"661","TDU33689",NULL,"12","2025-11-07 00:00:00",NULL,,"Credit note adjustment.","2025-11-07 17:42:54","Arya Prajapati",NULL,NULL,NULL
"1815","2353330",,NULL,"BFN :- CFS2505404",,"8604","TDU33373 ",NULL,"12","2025-11-07 00:00:00",NULL,,"Bank transfer ","2025-11-07 19:07:42","Arya Prajapati",NULL,NULL,NULL
"1816","2352364",,NULL,"SHAKTI TRAVELS",,"10242","TDU26176G",NULL,"12","2025-11-07 00:00:00",NULL,,"Bank transfer ","2025-11-07 20:10:28","Arya Prajapati",NULL,NULL,NULL
"1817","2353808","initial",NULL,NULL,"8200",NULL,NULL,NULL,,NULL,NULL,,,"2025-11-07 22:42:00","Mayur P",NULL,NULL,NULL
"1818","2353878","initial",NULL,NULL,"410",NULL,NULL,NULL,,NULL,NULL,,,"2025-11-07 22:42:27","Mayur P",NULL,NULL,NULL
"1819","2353687",,NULL,"XTT578129798",,"4008","TDU33666 ",NULL,"12","2025-11-07 00:00:00",NULL,,"Credit card","2025-11-07 22:49:15","Arya Prajapati",NULL,NULL,NULL
"1821","2353952","initial",NULL,NULL,"207",NULL,NULL,NULL,,NULL,NULL,,,"2025-11-08 15:02:33","Karthik Suriyan",NULL,NULL,NULL
"1826","2353952",,NULL,"XTT764705271 (TDU33822 mentioned on Payment link)",,"193","TDU33880",NULL,"12","2025-11-08 00:00:00",NULL,,"Credit card","2025-11-08 18:08:25","Arya Prajapati",NULL,NULL,NULL
"1827","2353871","final",NULL,NULL,"2684",NULL,NULL,NULL,,NULL,NULL,,,"2025-11-08 18:09:28","Arya Prajapati",NULL,NULL,NULL
"1829","2353954","initial",NULL,NULL,"426",NULL,NULL,NULL,,NULL,NULL,,,"2025-11-08 21:55:37","Arya Prajapati",NULL,NULL,NULL
"1832","2353808",,NULL,"XTT787702254",,"4275","TDU33765 ",NULL,"12","2025-11-08 00:00:00",NULL,,"Credit card","2025-11-10 13:54:20","Arya Prajapati",NULL,NULL,NULL
"1833","2350565",,NULL,"FLYREMIT  ",,"10215","TDU31346 ",NULL,"12","2025-11-10 00:00:00",NULL,,"Bank transfer ","2025-11-10 14:32:39","Arya Prajapati",NULL,NULL,NULL
"1840","2353233",,NULL,,,"392","TDU33296 ",NULL,"12","2025-11-10 00:00:00",NULL,,"BFN","2025-11-10 17:08:39","Arya Prajapati",NULL,NULL,NULL
"1843","2350808",,NULL,"SPORTA TECHNOLOGIES PRIVATE LIMITED",,"24096","TDU25712G ",NULL,"12","2025-11-07 00:00:00",NULL,,"Bank transfer ","2025-11-10 18:03:26","Arya Prajapati",NULL,NULL,NULL
"1844","2353655","initial",NULL,NULL,"3868",NULL,NULL,NULL,,NULL,NULL,,,"2025-11-10 18:16:18","Arya Prajapati",NULL,NULL,NULL
"1845","2352326",,NULL,"YXX227388372",,"2474","TDU32603 ",NULL,"12","2025-11-10 00:00:00",NULL,,"Credit card","2025-11-10 22:21:37","Arya Prajapati",NULL,NULL,NULL
"1846","2352326","initial",NULL,NULL,"8170",NULL,NULL,NULL,,NULL,NULL,,,"2025-11-10 22:22:05","Arya Prajapati",NULL,NULL,NULL
"1848","2353871",,NULL,"FLYREMIT  ",,"2684","TDU33822 ",NULL,"12","2025-11-11 00:00:00",NULL,,"Bank transfer ","2025-11-11 14:43:43","Arya Prajapati",NULL,NULL,NULL
"1849","2353895","initial",NULL,NULL,"1395",NULL,NULL,NULL,,NULL,NULL,,,"2025-11-11 14:51:53","Karthik Suriyan",NULL,NULL,NULL
"1850","2352609",,NULL,"TRAVEL TROOPS GLOBAL PRIVATE LTD",,"2200","TDU32813",NULL,"12","2025-11-10 00:00:00",NULL,,"Bank transfer ","2025-11-11 14:55:51","Arya Prajapati",NULL,NULL,NULL
"1853","2353198",,NULL,"PATHFINDERS HOLIDAYS PVTLTD",,"1656","TDU33273",NULL,"12","2025-11-11 00:00:00",NULL,,"Bank transfer ","2025-11-11 15:01:52","Arya Prajapati",NULL,NULL,NULL
"1855","2353927","initial",NULL,NULL,"972",NULL,NULL,NULL,,NULL,NULL,,,"2025-11-11 18:26:42","Mayur P",NULL,NULL,NULL
"1856","2353895",,NULL,"XTT807915572",,"1365","TDU33838 ",NULL,"12","2025-11-11 00:00:00",NULL,,"Credit card","2025-11-11 19:41:47","Arya Prajapati",NULL,NULL,NULL
"1857","2353607",,NULL,"XTT280374749",,"519","TDU33595",NULL,"12","2025-11-11 00:00:00",NULL,,"Credit card","2025-11-11 19:45:04","Arya Prajapati",NULL,NULL,NULL
"1858","2353687",,NULL,"XTT800461052",,"251","TDU33666",NULL,"12","2025-11-11 00:00:00",NULL,,"Credit card","2025-11-11 19:46:43","Arya Prajapati",NULL,NULL,NULL
"1859","2352181",,NULL,"FLYREMIT ",,"5750","TDU32499 ",NULL,"12","2025-11-07 00:00:00",NULL,,"Bank transfer ","2025-11-11 21:38:33","Arya Prajapati",NULL,NULL,NULL
"1860","2352181",,NULL,,,"16","TDU32499 ",NULL,"12","2025-11-11 00:00:00",NULL,,"Bank Charges","2025-11-11 21:39:06","Arya Prajapati",NULL,NULL,NULL
"1862","2352261","initial",NULL,NULL,"9447",NULL,NULL,NULL,,NULL,NULL,,,"2025-11-11 23:36:05","Arya Prajapati",NULL,NULL,NULL
"1863","2352261","final",NULL,NULL,"10057",NULL,NULL,NULL,,NULL,NULL,,,"2025-11-11 23:36:17","Arya Prajapati",NULL,NULL,NULL
"1864","2350939","final",NULL,NULL,"43022",NULL,NULL,NULL,,NULL,NULL,,,"2025-11-11 23:40:10","Arya Prajapati",NULL,NULL,NULL
"1868","2353361","final",NULL,NULL,"5424",NULL,NULL,NULL,,NULL,NULL,,,"2025-11-11 23:45:51","Arya Prajapati",NULL,NULL,NULL
"1869","2186233","final",NULL,NULL,"29753.4",NULL,NULL,NULL,,NULL,NULL,,,"2025-11-11 23:50:42","Arya Prajapati",NULL,NULL,NULL
"1874","2353198",,NULL,,,"1","TDU33273 ",NULL,"12","2025-11-12 00:00:00",NULL,,"Bank Charges","2025-11-12 13:36:53","Arya Prajapati",NULL,NULL,NULL
"1876","2353489",,NULL,"Flyremit",,"10000","TDU33501",NULL,"12","2025-11-12 00:00:00",NULL,,"Bank transfer ","2025-11-12 14:45:33","Arya Prajapati",NULL,NULL,NULL
"1879","2353808",,NULL,"XTT764854711",,"3895","TDU33765 ",NULL,"12","2025-11-12 00:00:00",NULL,,"Credit card","2025-11-12 18:28:09","Arya Prajapati",NULL,NULL,NULL
"1881","2353878","final",NULL,NULL,"380",NULL,NULL,NULL,,NULL,NULL,,,"2025-11-12 18:29:49","Arya Prajapati",NULL,NULL,NULL
"1885","2353249","initial",NULL,NULL,"1720",NULL,NULL,NULL,,NULL,NULL,,,"2025-11-12 23:12:39","Mayur P",NULL,NULL,NULL
"1886","2353886",,NULL,"TDU26490G",,"4000","TDU26490G",NULL,"12","2025-11-12 00:00:00",NULL,,"BANK TRANSFER","2025-11-13 10:23:14","Job Mathew",NULL,NULL,NULL
"1893","2352961",,NULL,"Airwallex New Ze",,"3188.2","TDU33081 ",NULL,"12","2025-11-13 00:00:00",NULL,,"Bank transfer ","2025-11-13 17:06:09","Arya Prajapati",NULL,NULL,NULL
"1894","2352961","initial",NULL,NULL,"15971",NULL,NULL,NULL,,NULL,NULL,,,"2025-11-13 17:06:21","Arya Prajapati",NULL,NULL,NULL
"1896","2350953","initial",NULL,NULL,"29517",NULL,NULL,NULL,,NULL,NULL,,,"2025-11-13 17:46:49","Maharshi Mankodi",NULL,NULL,NULL
"1898","2353920","initial",NULL,NULL,"3072",NULL,NULL,NULL,,NULL,NULL,,,"2025-11-13 23:04:36","Karthik Suriyan",NULL,NULL,NULL
"1899","2353920",,NULL,"YXX338639576",,"3042","TDU33855 ",NULL,"12","2025-11-12 00:00:00",NULL,,"Credit card","2025-11-13 23:06:11","Arya Prajapati",NULL,NULL,NULL
"1900","2352961","final",NULL,NULL,"15941",NULL,NULL,NULL,,NULL,NULL,,,"2025-11-14 09:18:33","Maharshi Mankodi",NULL,NULL,NULL
"1902","2352366",,NULL,"SHAKTI TRAVELS",,"11400","TDU26177G ",NULL,"12","2025-11-14 00:00:00",NULL,,"Bank transfer ","2025-11-14 15:04:24","Arya Prajapati",NULL,NULL,NULL
"1904","2352778","initial",NULL,NULL,"6022",NULL,NULL,NULL,,NULL,NULL,,,"2025-11-14 16:00:43","Karthik Suriyan",NULL,NULL,NULL
"1905","2350844","initial",NULL,NULL,"3792",NULL,NULL,NULL,,NULL,NULL,,,"2025-11-14 22:29:59","Mayur P",NULL,NULL,NULL
"1906","2354055","initial",NULL,NULL,"2002",NULL,NULL,NULL,,NULL,NULL,,,"2025-11-15 22:19:28","Karthik Suriyan",NULL,NULL,NULL
"1909","2353249",,NULL,"FLYREMIT PRIVATE LIMITED ",,"1690","TDU33308 ",NULL,"12","2025-11-17 00:00:00",NULL,,"Bank transfer ","2025-11-17 20:06:40","Arya Prajapati",NULL,NULL,NULL
"1910","2353321",,NULL,"TRAVEL AND BEYOND PRIVATE LIMITED",,"1607","TDU33367 ",NULL,"12","2025-11-17 00:00:00",NULL,,"Bank transfer ","2025-11-17 20:07:29","Arya Prajapati",NULL,NULL,NULL
"1911","2353321","initial",NULL,NULL,"1622",NULL,NULL,NULL,,NULL,NULL,,,"2025-11-17 20:07:37","Arya Prajapati",NULL,NULL,NULL
"1916","2352376",,NULL,"CLAYO TECHNOLOGIES PRIVATE LIMITED ",,"4341.05","TDU32630",NULL,"12","2025-11-17 00:00:00",NULL,,"Bank transfer ","2025-11-18 15:34:50","Arya Prajapati",NULL,NULL,NULL
"1917","2353908",,NULL,"GLOBE ALL INDIA SERVICES LIMITED  ",,"2609.08","TDU33847",NULL,"12","2025-11-18 00:00:00",NULL,,"Bank transfer ","2025-11-18 15:38:53","Arya Prajapati",NULL,NULL,NULL
"1918","2352857",,NULL,"TRAVEL TROOPS GLOBAL PRIVATE ",,"978","TDU32999 ",NULL,"12","2025-11-17 00:00:00",NULL,,"Bank transfer ","2025-11-18 15:40:48","Arya Prajapati",NULL,NULL,NULL
"1923","2353687","initial",NULL,NULL,"4066",NULL,NULL,NULL,,NULL,NULL,,,"2025-11-18 16:52:06","Arya Prajapati",NULL,NULL,NULL
"1925","2353687","final",NULL,NULL,"4259.5",NULL,NULL,NULL,,NULL,NULL,,,"2025-11-18 16:57:55","Arya Prajapati",NULL,NULL,NULL
"1926","2353527","initial",NULL,NULL,"256",NULL,NULL,NULL,,NULL,NULL,,,"2025-11-18 17:07:43","Karthik Suriyan",NULL,NULL,NULL
"1927","2353527",,NULL,"XTT727433351",,"226","TDU33535",NULL,"12","2025-11-18 00:00:00",NULL,,"Credit card","2025-11-18 17:09:39","Arya Prajapati",NULL,NULL,NULL
"1929","2353233","initial",NULL,NULL,"4366",NULL,NULL,NULL,,NULL,NULL,,,"2025-11-18 21:22:02","Arya Prajapati",NULL,NULL,NULL
"1930","2353827","initial",NULL,NULL,"1044",NULL,NULL,NULL,,NULL,NULL,,,"2025-11-18 21:31:12","Karthik Suriyan",NULL,NULL,NULL
"1931","2353827",,NULL," Y.R.A. ENTERPRISES PRIVATE LIMITED",,"1023","TDU33784 ",NULL,"12","2025-11-18 00:00:00",NULL,,"Bank transfer ","2025-11-18 21:35:43","Arya Prajapati",NULL,NULL,NULL
"1932","2352366",,NULL,"SHAKTI TRAVELS",,"8131.06","TDU26177G ",NULL,"12","2025-11-18 00:00:00",NULL,,"Bank transfer ","2025-11-18 23:13:06","Arya Prajapati",NULL,NULL,NULL
"1935","2350876",,NULL,"BFN: CFT2510688
",,"1037","TDU31579 ",NULL,"12","2025-11-18 00:00:00",NULL,,"BFN","2025-11-18 23:16:01","Arya Prajapati",NULL,NULL,NULL
"1942","2352180","initial",NULL,NULL,"7362",NULL,NULL,NULL,,NULL,NULL,,,"2025-11-20 11:10:02","Maharshi Mankodi",NULL,NULL,NULL
"1943","2352180","final",NULL,NULL,"7332",NULL,NULL,NULL,,NULL,NULL,,,"2025-11-20 11:10:13","Maharshi Mankodi",NULL,NULL,NULL
"1944","2350336","initial",NULL,NULL,"133359",NULL,NULL,NULL,,NULL,NULL,,,"2025-11-20 11:34:42","Maharshi Mankodi",NULL,NULL,NULL
"1945","2350336","final",NULL,NULL,"135834.73",NULL,NULL,NULL,,NULL,NULL,,,"2025-11-20 11:37:46","Maharshi Mankodi",NULL,NULL,NULL
"1946","2352366",,NULL,"SHAKTI TRAVELS ",,"16258.99","TDU26177G ",NULL,"12","2025-11-20 00:00:00",NULL,,"Bank transfer ","2025-11-20 13:27:00","Arya Prajapati",NULL,NULL,NULL
"1947","2353616",,NULL,"CHANDNI K MURTHY",,"7129.09","TDU33604",NULL,"12","2025-11-18 00:00:00",NULL,,"Bank transfer ","2025-11-20 16:34:28","Arya Prajapati",NULL,NULL,NULL
"1950","2353808",,NULL,"XTT128826775",,"120","TDU33765",NULL,"12","2025-11-20 00:00:00",NULL,,"Credit card","2025-11-20 17:51:44","Arya Prajapati",NULL,NULL,NULL
"1951","2352366","initial",NULL,NULL,"61365",NULL,NULL,NULL,,NULL,NULL,,,"2025-11-20 17:58:57","Arya Prajapati",NULL,NULL,NULL
"1952","2353987","initial",NULL,NULL,"160",NULL,NULL,NULL,,NULL,NULL,,,"2025-11-20 19:05:52","Karthik Suriyan",NULL,NULL,NULL
"1953","2347814","initial",NULL,NULL,"51966",NULL,NULL,NULL,,NULL,NULL,,,"2025-11-20 19:39:03","Arya Prajapati",NULL,NULL,NULL
"1954","2353146",,NULL,"FLYREMIT ",,"1676","TDU33233 ",NULL,"12","2025-11-20 00:00:00",NULL,,"Bank transfer ","2025-11-20 21:15:24","Arya Prajapati",NULL,NULL,NULL
"1955","2354139",,NULL,"FLYREMIT PRIVATE LI",,"194","TDU34028 ",NULL,"12","2025-11-20 00:00:00",NULL,,"Bank transfer ","2025-11-20 21:19:12","Arya Prajapati",NULL,NULL,NULL
"1958","2349828","initial",NULL,NULL,"35960",NULL,NULL,NULL,,NULL,NULL,,,"2025-11-21 11:54:25","Job Mathew",NULL,NULL,NULL
"1960","2352757","initial",NULL,NULL,"1446",NULL,NULL,NULL,,NULL,NULL,,,"2025-11-21 15:28:51","Karthik Suriyan",NULL,NULL,NULL
"1963","2353540",,NULL,"FLYREMIT   ",,"5952","TDU33544",NULL,"12","2025-11-21 00:00:00",NULL,,"Bank transfer ","2025-11-21 20:48:05","Arya Prajapati",NULL,NULL,NULL
"1966","2353908","initial",NULL,NULL,"2636",NULL,NULL,NULL,,NULL,NULL,,,"2025-11-24 14:57:50","Arya Prajapati",NULL,NULL,NULL
"1967","2353198","initial",NULL,NULL,"1687",NULL,NULL,NULL,,NULL,NULL,,,"2025-11-24 16:05:45","Arya Prajapati",NULL,NULL,NULL
"1968","2354243","initial",NULL,NULL,"2698",NULL,NULL,NULL,,NULL,NULL,,,"2025-11-24 16:07:49","Maharshi Mankodi",NULL,NULL,NULL
"1969","2354243","final",NULL,NULL,"2668",NULL,NULL,NULL,,NULL,NULL,,,"2025-11-24 16:07:57","Maharshi Mankodi",NULL,NULL,NULL
"1970","2352376","initial",NULL,NULL,"4368",NULL,NULL,NULL,,NULL,NULL,,,"2025-11-24 16:22:34","Arya Prajapati",NULL,NULL,NULL
"1971","2351943","initial",NULL,NULL,"166",NULL,NULL,NULL,,NULL,NULL,,,"2025-11-24 17:35:39","Karthik Suriyan",NULL,NULL,NULL
"1973","2350064","initial",NULL,NULL,"5072",NULL,NULL,NULL,,NULL,NULL,,,"2025-11-24 22:43:34","Mayur P",NULL,NULL,NULL
"1976","2354144","initial",NULL,NULL,"8574",NULL,NULL,NULL,,NULL,NULL,,,"2025-11-25 11:38:54","Maharshi Mankodi",NULL,NULL,NULL
"1979","2352252",,NULL,"MAKEMYTRIP INDIA PRIVATE LIMITED ",,"1041","TDU26135G",NULL,"12","2025-11-25 00:00:00",NULL,,"Bank transfer ","2025-11-25 16:23:42","Arya Prajapati",NULL,NULL,NULL
"1980","2351943",,NULL,"MAKEMYTRIP INDIA PRIVATE LIMITED",,"166","TDU32327 ",NULL,"12","2025-11-25 00:00:00",NULL,,"Bank transfer ","2025-11-25 16:25:39","Arya Prajapati",NULL,NULL,NULL
"1983","2354139",,NULL,"XTT583232322",,"1600","TDU34028",NULL,"12","2025-11-22 00:00:00",NULL,,"TDU34028","2025-11-25 17:52:00","Arya Prajapati",NULL,NULL,NULL
"1987","2354144",,NULL,"Travel Wander",,"8574","TDU26547G ",NULL,"12","2025-11-25 00:00:00",NULL,,"Bank transfer ","2025-11-25 21:15:23","Arya Prajapati",NULL,NULL,NULL
"1989","2350844",,NULL,"DTEX SOLUTIONS PTY",,"3738","TDU31557 ",NULL,"12","2025-11-25 00:00:00",NULL,,"Bank transfer ","2025-11-25 23:23:35","Arya Prajapati",NULL,NULL,NULL
"1990","2352478","initial",NULL,NULL,"40590",NULL,NULL,NULL,,NULL,NULL,,,"2025-11-26 11:38:58","Job Mathew",NULL,NULL,NULL
"1991","2352366",,NULL,"TDU26177G",,"16259.05","SHAKTI TRAVELS",NULL,"12","2025-11-26 00:00:00",NULL,,"BANK TRANSFER","2025-11-26 12:23:20","Job Mathew",NULL,NULL,NULL
"1995","2350977","initial",NULL,NULL,"46670",NULL,NULL,NULL,,NULL,NULL,,,"2025-11-26 16:20:03","Maharshi Mankodi",NULL,NULL,NULL
"1996","2354243",,NULL,"Credit card",,"2668","Webuy Travel",NULL,"12","2025-11-25 00:00:00",NULL,,"Credit card","2025-11-26 16:33:07","Job Mathew",NULL,NULL,NULL
"1997","2350064",,NULL,"53 Takeoffs Pvt Ltd
",,"5042","TDU30976 ",NULL,"12","2025-11-26 00:00:00",NULL,,"Bank transfer ","2025-11-26 17:07:06","Arya Prajapati",NULL,NULL,NULL
"2002","2352609",,NULL,"TRAVEL TROOPS GLOBAL PRIVATE",,"2230","TDU32813 ",NULL,"12","2025-11-17 00:00:00",NULL,,"Bank transfer ","2025-11-26 21:56:36","Arya Prajapati",NULL,NULL,NULL
"2003","2353540","initial",NULL,NULL,"5982",NULL,NULL,NULL,,NULL,NULL,,,"2025-11-27 12:37:57","Job Mathew",NULL,NULL,NULL
"2004","2353781","initial",NULL,NULL,"4070",NULL,NULL,NULL,,NULL,NULL,,,"2025-11-27 13:27:41","Hemant Dongrani",NULL,NULL,NULL
"2006","2352261",,NULL,"MAKEMYTRIP INDIA PRIVATE LIMITED",,"14634.2","TDU26139G ",NULL,"12","2025-11-25 00:00:00",NULL,,"BANK TRANSFER","2025-11-27 15:11:49","Job Mathew",NULL,NULL,NULL
"2012","2354114","initial",NULL,NULL,"3891",NULL,NULL,NULL,,NULL,NULL,,,"2025-11-27 20:23:17","Mayur P",NULL,NULL,NULL
"2018","2354188",,NULL,"Travel Star Pte Ltd",,"12621","TDU34060",NULL,"12","2025-11-28 00:00:00",NULL,,"BANK TRANSFER","2025-11-28 09:17:37","Job Mathew",NULL,NULL,NULL
"2019","2354188","initial",NULL,NULL,"12651",NULL,NULL,NULL,,NULL,NULL,,,"2025-11-28 09:18:25","Maharshi Mankodi",NULL,NULL,NULL
"2020","2352961",,NULL,"Fayyaz Travels",,"12752.8","TDU33081",NULL,"12","2025-11-28 00:00:00",NULL,,"BANK TRANSFER","2025-11-28 10:15:09","Job Mathew",NULL,NULL,NULL
"2021","2354330","initial",NULL,NULL,"3820",NULL,NULL,NULL,,NULL,NULL,,,"2025-11-28 10:32:29","Maharshi Mankodi",NULL,NULL,NULL
"2022","2354114",,NULL,"TDU34015",,"3861","TDU33081",NULL,"12","2025-11-28 00:00:00",NULL,,"BANK TRANSFER","2025-11-28 11:10:40","Job Mathew",NULL,NULL,NULL
"2025","2349704","initial",NULL,NULL,"71614",NULL,NULL,NULL,,NULL,NULL,,,"2025-11-28 13:07:03","Maharshi Mankodi",NULL,NULL,NULL
"2026","2349704","final",NULL,NULL,"71584",NULL,NULL,NULL,,NULL,NULL,,,"2025-11-28 13:07:15","Maharshi Mankodi",NULL,NULL,NULL
"2027","2349426","initial",NULL,NULL,"12330",NULL,NULL,NULL,,NULL,NULL,,,"2025-11-28 13:28:17","Job Mathew",NULL,NULL,NULL
"2029","2350230","final",NULL,NULL,"7845",NULL,NULL,NULL,,NULL,NULL,,,"2025-11-28 16:44:42","Job Mathew",NULL,NULL,NULL
"2032","2350740","initial",NULL,NULL,"15049",NULL,NULL,NULL,,NULL,NULL,,,"2025-11-28 17:02:45","Job Mathew",NULL,NULL,NULL
"2035","2353833","initial",NULL,NULL,"1296",NULL,NULL,NULL,,NULL,NULL,,,"2025-11-28 20:54:32","Karthik Suriyan",NULL,NULL,NULL
"2036","2354006",,NULL,"YXX752794478",,"3992","TDU33928 ",NULL,"12","2025-11-28 00:00:00",NULL,,"Credit card","2025-11-29 01:26:54","Arya Prajapati",NULL,NULL,NULL
"2039","2352757",,NULL,"Prem Travels",,"1339.16","TDU32930 ",NULL,"12","2025-11-27 00:00:00",NULL,,"BANK TRANSFER","2025-12-01 10:48:28","Job Mathew",NULL,NULL,NULL
"2043","2353505",,NULL,"KESARI SELECT,",,"4422"," TDU33513 ",NULL,"12","2025-12-01 00:00:00",NULL,,"BANK TRANSFER","2025-12-01 17:16:45","Job Mathew",NULL,NULL,NULL
"2044","2351076",,NULL,"Thomas Cook (India) Ltd",,"1771","TDU31721 ",NULL,"12","2025-12-01 00:00:00",NULL,,"BFN number","2025-12-01 17:30:21","Job Mathew",NULL,NULL,NULL
"2045","2354279","initial",NULL,NULL,"3623",NULL,NULL,NULL,,NULL,NULL,,,"2025-12-01 20:54:07","Mayur P",NULL,NULL,NULL
"2048","2354330",,NULL,"Webuy Global Limited",,"3790","TDU34166",NULL,"12","2025-11-25 00:00:00",NULL,,"Credit card","2025-12-02 16:23:27","Job Mathew",NULL,NULL,NULL
"2049","2353468",,NULL,"Damantra Events",,"5322","TDU33486",NULL,"12","2025-11-27 00:00:00",NULL,,"BANK TRANSFER","2025-12-02 16:27:48","Job Mathew",NULL,NULL,NULL
"2050","2353833",,NULL,"Freedom Holidays",,"1274","TDU33789",NULL,"12","2025-11-29 00:00:00",NULL,,"Credit card","2025-12-02 16:32:23","Job Mathew",NULL,NULL,NULL
"2051","2353764","initial",NULL,NULL,"59258",NULL,NULL,NULL,,NULL,NULL,,,"2025-12-02 18:19:06","Maharshi Mankodi",NULL,NULL,NULL
"2055","2352763","initial",NULL,NULL,"4950",NULL,NULL,NULL,,NULL,NULL,,,"2025-12-03 18:12:15","Arya Prajapati",NULL,NULL,NULL
"2056","2352763",,NULL,"Prem Travels and Tours",,"4930","TDU32933",NULL,"12","2025-11-25 00:00:00",NULL,,"Bank transfer ","2025-12-03 18:13:54","Arya Prajapati",NULL,NULL,NULL
"2057","2352757",,NULL,"Prem Travels and Tours",,"85.04","TDU32930 ",NULL,"12","2025-11-25 00:00:00",NULL,,"Bank transfer ","2025-12-03 18:14:35","Arya Prajapati",NULL,NULL,NULL
"2059","2353021",,NULL,"Jagy Pty Ltd",,"2170","TDU33132 ",NULL,"12","2025-11-27 00:00:00",NULL,,"Bank transfer ","2025-12-03 18:21:41","Arya Prajapati",NULL,NULL,NULL
"2060","2350844",,NULL,"jagy",,"30","TDU31557 ",NULL,"12","2025-11-27 00:00:00",NULL,,"Bank transfer ","2025-12-03 18:25:04","Arya Prajapati",NULL,NULL,NULL
"2061","2352455",,NULL,"Indian Holiday Pvt. Ltd.",,"12876","TDU32690 ",NULL,"12","2025-12-02 00:00:00",NULL,,"Bank transfer ","2025-12-03 19:49:31","Arya Prajapati",NULL,NULL,NULL
"2063","2354071","initial",NULL,NULL,"747",NULL,NULL,NULL,,NULL,NULL,,,"2025-12-03 21:57:40","Karthik Suriyan",NULL,NULL,NULL
"2064","2353317","initial",NULL,NULL,"5210",NULL,NULL,NULL,,NULL,NULL,,,"2025-12-03 22:15:24","Mayur P",NULL,NULL,NULL
"2068","2354006","initial",NULL,NULL,"4022",NULL,NULL,NULL,,NULL,NULL,,,"2025-12-04 17:30:08","Arya Prajapati",NULL,NULL,NULL
"2072","2353616","initial",NULL,NULL,"7152",NULL,NULL,NULL,,NULL,NULL,,,"2025-12-04 19:24:47","Karthik Suriyan",NULL,NULL,NULL
"2074","2354334","initial",NULL,NULL,"2858",NULL,NULL,NULL,,NULL,NULL,,,"2025-12-05 09:38:30","Maharshi Mankodi",NULL,NULL,NULL
"2076","2353491",,NULL,"KESARI SELECT DO KESARI TOURS PVT ",,"5898","TDU33503",NULL,"12","2025-12-05 00:00:00",NULL,,"Bank transfer ","2025-12-05 18:08:42","Arya Prajapati",NULL,NULL,NULL
"2077","2353069",,NULL,"KONIVA TOURS AND TRAVELS PRIVATE L",,"149976","TDU26327G",NULL,"12","2025-12-05 00:00:00",NULL,,"Bank transfer ","2025-12-05 19:41:20","Arya Prajapati",NULL,NULL,NULL
"2078","2353069","initial",NULL,NULL,"30",NULL,NULL,NULL,,NULL,NULL,,,"2025-12-05 19:54:17","Arya Prajapati",NULL,NULL,NULL
"2079","2352444","initial",NULL,NULL,"12278",NULL,NULL,NULL,,NULL,NULL,,,"2025-12-06 09:24:52","Job Mathew",NULL,NULL,NULL
"2080","2353462",,NULL,"PHOENIX TOURS AND TRAVELS",,"5872","TDU33481 ",NULL,"12","2025-12-04 00:00:00",NULL,,"Bank transfer ","2025-12-06 13:42:11","Arya Prajapati",NULL,NULL,NULL
"2082","2354071",,NULL,"XTT826013346",,"717","TDU33979 ",NULL,"12","2025-12-03 00:00:00",NULL,,"Credit card","2025-12-06 15:42:32","Arya Prajapati",NULL,NULL,NULL
"2083","2353944",,NULL,"Amardeep singh",,"49","TDU33877 ",NULL,"12","2025-12-04 00:00:00",NULL,,"Bank transfer ","2025-12-06 15:45:23","Arya Prajapati",NULL,NULL,NULL
"2085","2353476",,NULL,"YXX119204687",,"14880","TDU33493 ",NULL,"12","2025-11-26 00:00:00",NULL,,"Credit card","2025-12-08 01:59:49","Arya Prajapati",NULL,NULL,NULL
"2086","2353476",,NULL,"YXX566923478",,"7440","TDU33493",NULL,"12","2025-11-27 00:00:00",NULL,,"Credit card","2025-12-08 02:01:14","Arya Prajapati",NULL,NULL,NULL
"2087","2353476",,NULL,"YXX579790886",,"14880","TDU33493",NULL,"12","2025-11-28 00:00:00",NULL,,"Credit card","2025-12-08 02:02:26","Arya Prajapati",NULL,NULL,NULL
"2090","2354414","initial",NULL,NULL,"4016",NULL,NULL,NULL,,NULL,NULL,,,"2025-12-08 14:49:58","Karthik Suriyan",NULL,NULL,NULL
"2091","2354414",,NULL,"YXX824333956",,"2762","TDU34236 ",NULL,"12","2025-12-06 00:00:00",NULL,,"Credit card","2025-12-08 14:51:01","Arya Prajapati",NULL,NULL,NULL
"2092","2354414",,NULL,"YXX879859218",,"1232","TDU34236 ",NULL,"12","2025-12-06 00:00:00",NULL,,"Credit card","2025-12-08 14:51:34","Arya Prajapati",NULL,NULL,NULL
"2093","2352609","initial",NULL,NULL,"4308",NULL,NULL,NULL,,NULL,NULL,,,"2025-12-08 15:10:40","Job Mathew",NULL,NULL,NULL
"2097","2353317",,NULL,"FLYREMIT PRIVATE LIMITED",,"3066","TDU33363 ",NULL,"12","2025-12-08 00:00:00",NULL,,"Bank transfer ","2025-12-08 17:10:02","Arya Prajapati",NULL,NULL,NULL
"2099","2352110",,NULL,"RAYMOND PETER DIAS AND SNEHMANI DIA ",,"8305","TDU32448 ",NULL,"12","2025-12-08 00:00:00",NULL,,"Bank transfer ","2025-12-08 17:43:58","Arya Prajapati",NULL,NULL,NULL
"2100","2352110","initial",NULL,NULL,"8305",NULL,NULL,NULL,,NULL,NULL,,,"2025-12-08 17:44:13","Arya Prajapati",NULL,NULL,NULL
"2101","2353813",,NULL,"FLYREMIT PRIVATE LIMITED    ",,"4530","TDU33770 ",NULL,"12","2025-12-08 00:00:00",NULL,,"Bank transfer ","2025-12-08 18:09:50","Arya Prajapati",NULL,NULL,NULL
"2103","2354334",,NULL,,,"2828","TDU34167-20251208191750",NULL,"12","2025-12-08 19:54:37",NULL,,"FLYWIRE","2025-12-08 19:54:37","Flywire Automation",NULL,NULL,NULL
"2104","2354279",,NULL,"Asha Kataria",,"3593","TDU34124 ",NULL,"12","2025-12-07 00:00:00",NULL,,"Bank transfer ","2025-12-08 20:34:09","Arya Prajapati",NULL,NULL,NULL
"2105","2354032","initial",NULL,NULL,"9406",NULL,NULL,NULL,,NULL,NULL,,,"2025-12-08 21:56:00","Mayur P",NULL,NULL,NULL
"2107","2353349","initial",NULL,NULL,"7232",NULL,NULL,NULL,,NULL,NULL,,,"2025-12-08 22:52:44","Karthik Suriyan",NULL,NULL,NULL
"2109","2353265","initial",NULL,NULL,"4365",NULL,NULL,NULL,,NULL,NULL,,,"2025-12-09 15:06:45","Karthik Suriyan",NULL,NULL,NULL
"2110","2353266","initial",NULL,NULL,"4560",NULL,NULL,NULL,,NULL,NULL,,,"2025-12-09 15:10:36","Karthik Suriyan",NULL,NULL,NULL
"2113","2353701",,NULL,"COSIMA TRAVEL AND TRADE LINKS PRIVA",,"5473.09","TDU33679",NULL,"12","2025-12-09 00:00:00",NULL,,"Bank transfer ","2025-12-09 17:34:12","Arya Prajapati",NULL,NULL,NULL
"2116","2354178",,NULL,"7/12/2025	 PATEL SHREYABEN B      $2,500.00
7/12/2025	Fast Transfer From MR DAXKUMAR SURESHBHA     $1,280.00
8/12/2025	 BRIDGECAREER PTY  $7,620.00

Above payments received in AUD account for this file.

AUD received 11400 AUD. 
value in NZD is 13085.62 NZD.
and file cost is 12848 NZD.


",,"12848","TDU34055",NULL,"12","2025-12-09 00:00:00",NULL,,"Bank transfer ","2025-12-09 19:50:27","Arya Prajapati",NULL,NULL,NULL
"2117","2354178","initial",NULL,NULL,"12878",NULL,NULL,NULL,,NULL,NULL,,,"2025-12-09 19:53:13","Arya Prajapati",NULL,NULL,NULL
"2120","2351560",,NULL,"INDIAN HOLIDAY PVT LIMITED",,"8286","TDU32041",NULL,"12","2025-12-02 00:00:00",NULL,,"Bank transfer ","2025-12-10 15:40:49","Arya Prajapati",NULL,NULL,NULL
"2122","2352237",,NULL,"INDIAN HOLIDAY PVT LIMITED  ",,"63","TDU32540 ",NULL,"12","2025-12-02 00:00:00",NULL,,"Bank transfer ","2025-12-10 15:44:27","Arya Prajapati",NULL,NULL,NULL
"2123","2353685",,NULL,"BINDAAS BUNTA",,"2652","TDU33664",NULL,"12","2025-12-10 00:00:00",NULL,,"Bank transfer ","2025-12-10 16:27:54","Arya Prajapati",NULL,NULL,NULL
"2125","2353767",,NULL,"BINDAAS BUNTA",,"1856","TDU33730",NULL,"12","2025-12-10 00:00:00",NULL,,"Bank transfer ","2025-12-10 16:29:40","Arya Prajapati",NULL,NULL,NULL
"2126","2353556",,NULL,"FLYREMIT ",,"5800","TDU33559",NULL,"12","2025-12-10 00:00:00",NULL,,"Bank transfer ","2025-12-10 16:34:24","Arya Prajapati",NULL,NULL,NULL
"2128","2354032",,NULL,"GAINWELL ENTERPRISES PRIVATE LTD",,"5320.07","TDU33951 ",NULL,"12","2025-12-10 00:00:00",NULL,,"Bank transfer ","2025-12-10 17:11:52","Arya Prajapati",NULL,NULL,NULL
"2131","2352569",,NULL,"YXX746465146",,"3638","TDU32779",NULL,"12","2025-12-10 00:00:00",NULL,,"Credit card","2025-12-10 17:45:56","Arya Prajapati",NULL,NULL,NULL
"2132","2352569","initial",NULL,NULL,"3904",NULL,NULL,NULL,,NULL,NULL,,,"2025-12-10 17:46:06","Arya Prajapati",NULL,NULL,NULL
"2133","2354151",,NULL,,,"4900","TDU34036-20251210002503",NULL,"12","2025-12-10 18:44:29",NULL,,"FLYWIRE","2025-12-10 18:44:29","Flywire Automation",NULL,NULL,NULL
"2136","2353468","initial",NULL,NULL,"5152",NULL,NULL,NULL,,NULL,NULL,,,"2025-12-11 12:36:09","Arya Prajapati",NULL,NULL,NULL
"2140","2354151","initial",NULL,NULL,"4816",NULL,NULL,NULL,,NULL,NULL,,,"2025-12-11 19:25:37","Arya Prajapati",NULL,NULL,NULL
"2141","2353701",,NULL,"COSIMA TRAVEL AND TRADE LINKS",,"7954.07","TDU33679 ",NULL,"12","2025-12-11 00:00:00",NULL,,"Bank transfer ","2025-12-11 20:14:43","Arya Prajapati",NULL,NULL,NULL
"2143","2354367","initial",NULL,NULL,"1528",NULL,NULL,NULL,,NULL,NULL,,,"2025-12-11 22:34:03","Arya Prajapati",NULL,NULL,NULL
"2145","2354476","initial",NULL,NULL,"936",NULL,NULL,NULL,,NULL,NULL,,,"2025-12-11 23:28:37","Karthik Suriyan",NULL,NULL,NULL
"2146","2352364","initial",NULL,NULL,"31569",NULL,NULL,NULL,,NULL,NULL,,,"2025-12-11 23:42:19","Arya Prajapati",NULL,NULL,NULL
"2147","2353946","initial",NULL,NULL,"14622",NULL,NULL,NULL,,NULL,NULL,,,"2025-12-12 00:01:02","Arya Prajapati",NULL,NULL,NULL
"2150","2354397","initial",NULL,NULL,"3758",NULL,NULL,NULL,,NULL,NULL,,,"2025-12-12 16:51:17","Arya Prajapati",NULL,NULL,NULL
"2151","2354032","final",NULL,NULL,"9376",NULL,NULL,NULL,,NULL,NULL,,,"2025-12-12 17:15:49","Mayur P",NULL,NULL,NULL
"2152","2354008","initial",NULL,NULL,"1566",NULL,NULL,NULL,,NULL,NULL,,,"2025-12-12 18:31:24","Mayur P",NULL,NULL,NULL
"2153","2354362","initial",NULL,NULL,"2224",NULL,NULL,NULL,,NULL,NULL,,,"2025-12-12 19:26:42","Maharshi Mankodi",NULL,NULL,NULL
"2155","2354374",,NULL,"TDU34198 - Best Deal Travels - $2300 AUD ($2638 NZD) ",,"2570","TDU34198 ",NULL,"12","2025-12-12 00:00:00",NULL,,"Bank transfer","2025-12-12 20:16:12","Arya Prajapati",NULL,NULL,NULL
"2156","2354374","initial",NULL,NULL,"2600",NULL,NULL,NULL,,NULL,NULL,,,"2025-12-12 20:16:52","Arya Prajapati",NULL,NULL,NULL
"2158","2352023",,NULL,"GIOVANNI BAET transfer",,"9932","TDU32384 ",NULL,"12","2025-12-12 00:00:00",NULL,,"Bank Transfer ","2025-12-12 20:21:31","Arya Prajapati",NULL,NULL,NULL
"2160","2353036",,NULL,"GIOVANNI BAET transfer",,"1627.30","TDU33145 ",NULL,"12","2025-12-12 00:00:00",NULL,,"Bank transfer ","2025-12-12 20:42:16","Arya Prajapati",NULL,NULL,NULL
"2162","2353742","initial",NULL,NULL,"10788",NULL,NULL,NULL,,NULL,NULL,,,"2025-12-12 21:31:21","Karthik Suriyan",NULL,NULL,NULL
"2163","2353742",,NULL,"XTT466951444",,"3586","TDU33711 ",NULL,"12","2025-11-24 00:00:00",NULL,,"Credit card ","2025-12-12 21:40:35","Arya Prajapati",NULL,NULL,NULL
"2164","2353742",,NULL,"XTT924307983",,"3586","TDU33711 ",NULL,"12","2025-11-26 00:00:00",NULL,,"Credit card ","2025-12-12 21:41:25","Arya Prajapati",NULL,NULL,NULL
"2165","2353742",,NULL,"XTT901230514",,"3586","TDU33711 ",NULL,"12","2025-11-28 00:00:00",NULL,,"Credit card","2025-12-12 21:42:14","Arya Prajapati",NULL,NULL,NULL
"2166","2353366","initial",NULL,NULL,"12010",NULL,NULL,NULL,,NULL,NULL,,,"2025-12-13 16:50:44","Karthik Suriyan",NULL,NULL,NULL
"2167","2352675","initial",NULL,NULL,"4912",NULL,NULL,NULL,,NULL,NULL,,,"2025-12-13 17:49:56","Karthik Suriyan",NULL,NULL,NULL
"2169","2352675",,NULL,"YXX635220712",,"4500","TDU32866 ",NULL,"12","2025-12-13 00:00:00",NULL,,"Credit card","2025-12-13 18:34:28","Arya Prajapati",NULL,NULL,NULL
"2171","2353813","initial",NULL,NULL,"4437",NULL,NULL,NULL,,NULL,NULL,,,"2025-12-15 15:12:46","Arya Prajapati",NULL,NULL,NULL
"2173","2353556",,NULL,"FLYREMIT   ",,"8983","TDU33559",NULL,"12","2025-12-10 00:00:00",NULL,,"Bank transfer ","2025-12-15 16:52:23","Arya Prajapati",NULL,NULL,NULL
"2174","2354038",,NULL,"FLYREMIT ",,"9600","TDU33957",NULL,"12","2025-12-15 00:00:00",NULL,,"Bank transfer ","2025-12-15 16:55:02","Arya Prajapati",NULL,NULL,NULL
"2175","2352675",,NULL,"FLYREMIT ",,"86","TDU32866",NULL,"12","2025-12-15 00:00:00",NULL,,"Bank transfer ","2025-12-15 16:56:02","Arya Prajapati",NULL,NULL,NULL
"2177","2354461","initial",NULL,NULL,"4398",NULL,NULL,NULL,,NULL,NULL,,,"2025-12-15 23:49:51","Arya Prajapati",NULL,NULL,NULL
"2179","2352314","initial",NULL,NULL,"3154",NULL,NULL,NULL,,NULL,NULL,,,"2025-12-15 23:54:21","Arya Prajapati",NULL,NULL,NULL
"2180","2354362",,NULL,"COMMONWEALTH TRAVEL SERVICE",,"2850.5","TDU34188 ",NULL,"12","2025-12-08 00:00:00",NULL,,"Bank transfer ","2025-12-16 16:05:00","Arya Prajapati",NULL,NULL,NULL
"2182","2353069",,NULL,"Koniva Tours & Travel",,"29976","TDU26327G",NULL,"12","2025-12-10 00:00:00",NULL,,"Bank transfer ","2025-12-16 17:08:26","Arya Prajapati",NULL,NULL,NULL
"2183","2353069","final",NULL,NULL,"0",NULL,NULL,NULL,,NULL,NULL,,,"2025-12-16 17:09:10","Arya Prajapati",NULL,NULL,NULL
"2185","2353015",,NULL,"NAVDEEP KUMARRS",,"5000","TDU33127 ",NULL,"12","2025-12-11 00:00:00",NULL,,"Bank transfer ","2025-12-16 19:03:06","Arya Prajapati",NULL,NULL,NULL
"2187","2354476",,NULL,"Lakhwara Enterprises",,"907","TDU34281 ",NULL,"12","2025-12-16 00:00:00",NULL,,"Bank transfer ","2025-12-16 19:05:52","Arya Prajapati",NULL,NULL,NULL
"2188","2354032",,NULL,"GAINWELL ENTERPRISES PRIVATE LTD",,"4059.08","TDU33951 ",NULL,"12","2025-12-16 00:00:00",NULL,,"Bank transfer ","2025-12-16 19:08:01","Arya Prajapati",NULL,NULL,NULL
"2189","2353462","initial",NULL,NULL,"5610",NULL,NULL,NULL,,NULL,NULL,,,"2025-12-16 19:09:16","Arya Prajapati",NULL,NULL,NULL
"2195","2353581",,NULL,"BFN :- CFT2512938",,"8120","TDU33575 ",NULL,"12","2025-12-17 00:00:00",NULL,,"BFN","2025-12-17 19:14:12","Arya Prajapati",NULL,NULL,NULL
"2196","2354371",,NULL,"Thomas Cook Ref No. : CFT2512957",,"3030","TDU34195 ",NULL,"12","2025-12-17 00:00:00",NULL,,"BFN","2025-12-17 19:15:27","Arya Prajapati",NULL,NULL,NULL
"2201","2354054","initial",NULL,NULL,"4871",NULL,NULL,NULL,,NULL,NULL,,,"2025-12-17 23:05:44","Arya Prajapati",NULL,NULL,NULL
"2205","2354561","initial",NULL,NULL,"2092",NULL,NULL,NULL,,NULL,NULL,,,"2025-12-18 09:36:43","Maharshi Mankodi",NULL,NULL,NULL
"2206","2354144","final",NULL,NULL,"9142",NULL,NULL,NULL,,NULL,NULL,,,"2025-12-18 10:23:32","Maharshi Mankodi",NULL,NULL,NULL
"2207","2354561",,NULL,,,"2062","TDU34354-20251218093123",NULL,"12","2025-12-18 12:54:10",NULL,,"FLYWIRE","2025-12-18 12:54:10","Flywire Automation",NULL,NULL,NULL
"2208","2354144",,NULL,,,"598","TDU26547G-20251218121338",NULL,"12","2025-12-18 13:12:19",NULL,,"FLYWIRE","2025-12-18 13:12:19","Flywire Automation",NULL,NULL,NULL
"2209","2354468",,NULL,"BLU VACATIONS ",,"7678","TDU34274 ",NULL,"12","2025-12-18 00:00:00",NULL,,"Bank transfer ","2025-12-18 14:43:53","Arya Prajapati",NULL,NULL,NULL
"2210","2353366",,NULL,"GT HOLIDAYS PRIVATE LTOURS",,"11980","TDU33405 ",NULL,"12","2025-12-17 00:00:00",NULL,,"Bank transfer ","2025-12-18 14:46:09","Arya Prajapati",NULL,NULL,NULL
"2211","2351559",,NULL,"Make My Trip India PVT.LTD.",,"47000","TDU25953G ",NULL,"12","2025-11-03 00:00:00",NULL,,"Bank transfer ","2025-12-18 15:57:22","Arya Prajapati",NULL,NULL,NULL
"2212","2351559",,NULL,"Make My Trip India PVT.LTD.",,"3300","TDU25953G ",NULL,"12","2025-12-13 00:00:00",NULL,,"Bank transfer ","2025-12-18 15:57:56","Arya Prajapati",NULL,NULL,NULL
"2213","2351559",,NULL,"Make My Trip India PVT.LTD.",,"10000","TDU25953G ",NULL,"12","2025-12-08 00:00:00",NULL,,"Bank transfer ","2025-12-18 15:58:38","Arya Prajapati",NULL,NULL,NULL
"2214","2351559",,NULL,"Make My Trip India PVT.LTD.",,"26000","TDU25953G",NULL,"12","2025-12-18 00:00:00",NULL,,"Bank transfer ","2025-12-18 15:59:10","Arya Prajapati",NULL,NULL,NULL
"2215","2354602","initial",NULL,NULL,"1528",NULL,NULL,NULL,,NULL,NULL,,,"2025-12-18 17:46:18","Maharshi Mankodi",NULL,NULL,NULL
"2216","2354589","initial",NULL,NULL,"7752",NULL,NULL,NULL,,NULL,NULL,,,"2025-12-18 17:46:39","Maharshi Mankodi",NULL,NULL,NULL
"2217","2353685","initial",NULL,NULL,"2758",NULL,NULL,NULL,,NULL,NULL,,,"2025-12-18 18:48:41","Hemant Dongrani",NULL,NULL,NULL
"2222","2354367",,NULL,"nISARG",,"1440.77","TDU34191 ",NULL,"12","2025-12-12 00:00:00",NULL,,"Bank transfer ","2025-12-19 00:28:40","Arya Prajapati",NULL,NULL,NULL
"2225","2350625","initial",NULL,NULL,"54124",NULL,NULL,NULL,,NULL,NULL,,,"2025-12-19 10:09:52","Maharshi Mankodi",NULL,NULL,NULL
"2226","2350625","final",NULL,NULL,"58594",NULL,NULL,NULL,,NULL,NULL,,,"2025-12-19 10:49:05","Maharshi Mankodi",NULL,NULL,NULL
"2231","2351848","initial",NULL,NULL,"62954",NULL,NULL,NULL,,NULL,NULL,,,"2025-12-19 13:28:56","Maharshi Mankodi",NULL,NULL,NULL
"2232","2351848","final",NULL,NULL,"59576",NULL,NULL,NULL,,NULL,NULL,,,"2025-12-19 13:29:06","Maharshi Mankodi",NULL,NULL,NULL
"2234","2351560",,NULL," Indian Holiday Pvt. Ltd.",,"1074","TDU32041 ",NULL,"12","2025-12-02 00:00:00",NULL,,"Bank transfer ","2025-12-19 16:34:16","Arya Prajapati",NULL,NULL,NULL
"2235","2353207",,NULL,"Fast Transfer From JOSEPH JACK ",,"11300","TDU33282 ",NULL,"12","2025-12-18 00:00:00",NULL,,"Bank transfer ","2025-12-19 17:03:12","Arya Prajapati",NULL,NULL,NULL
"2236","2353207","initial",NULL,NULL,"11330",NULL,NULL,NULL,,NULL,NULL,,,"2025-12-19 17:03:57","Arya Prajapati",NULL,NULL,NULL
"2237","2354008",,NULL,"TAMARIND GLOBAL SERVICES MIDDLE EAS",,"1566","TDU33930 ",NULL,"12","2025-12-19 00:00:00",NULL,,"Bank transfer ","2025-12-19 17:11:19","Arya Prajapati",NULL,NULL,NULL
"2238","2353435",,NULL,"FLYREMIT ",,"6252","TDU33457 ",NULL,"12","2025-12-17 00:00:00",NULL,,"Bank transfer ","2025-12-19 17:23:48","Arya Prajapati",NULL,NULL,NULL
"2239","2353435","initial",NULL,NULL,"6262",NULL,NULL,NULL,,NULL,NULL,,,"2025-12-19 17:24:44","Arya Prajapati",NULL,NULL,NULL
"2240","2354219",,NULL,"FLYREMIT PRIVAT",,"6649","TDU34080 ",NULL,"12","2025-12-19 00:00:00",NULL,,"Bank transfer ","2025-12-19 17:40:19","Arya Prajapati",NULL,NULL,NULL
"2242","2354513",,NULL,"FLYREMIT PRIVATE LIMITED",,"2736","TDU34315 ",NULL,"12","2025-12-19 00:00:00",NULL,,"Bank transfer ","2025-12-19 17:49:44","Arya Prajapati",NULL,NULL,NULL
"2245","2354468","initial",NULL,NULL,"7678",NULL,NULL,NULL,,NULL,NULL,,,"2025-12-19 18:25:20","Hemant Dongrani",NULL,NULL,NULL
"2246","2353491","initial",NULL,NULL,"5928",NULL,NULL,NULL,,NULL,NULL,,,"2025-12-19 18:26:01","Mayur P",NULL,NULL,NULL
"2247","2351076","initial",NULL,NULL,"1887",NULL,NULL,NULL,,NULL,NULL,,,"2025-12-19 19:30:35","Mayur P",NULL,NULL,NULL
"2248","2354513","initial",NULL,NULL,"2766",NULL,NULL,NULL,,NULL,NULL,,,"2025-12-19 19:47:02","Mayur P",NULL,NULL,NULL
"2251","2351076",,NULL,"BFN: CFT2512111",,"86","TDU31721 ",NULL,"12","2025-12-19 00:00:00",NULL,,"BFN","2025-12-19 20:23:46","Arya Prajapati",NULL,NULL,NULL
"2252","2351076","final",NULL,NULL,"1857",NULL,NULL,NULL,,NULL,NULL,,,"2025-12-19 20:23:55","Arya Prajapati",NULL,NULL,NULL
"2253","2353685",,NULL,"XTT448228929",,"72","TDU33664 ",NULL,"12","2025-12-18 00:00:00",NULL,,"Credit card","2025-12-19 21:55:10","Arya Prajapati",NULL,NULL,NULL
"2254","2352314",,NULL,"Flyremit",,"3124","TDU32597 ",NULL,"12","2025-12-12 00:00:00",NULL,,"Bank transfer ","2025-12-19 22:39:34","Arya Prajapati",NULL,NULL,NULL
"2255","2353036",,NULL,"Flyremit",,"300","TDU33145 ",NULL,"12","2025-12-12 00:00:00",NULL,,"Bank transfer ","2025-12-19 22:41:36","Arya Prajapati",NULL,NULL,NULL
"2256","2354012","initial",NULL,NULL,"1114",NULL,NULL,NULL,,NULL,NULL,,,"2025-12-19 23:06:55","Mayur P",NULL,NULL,NULL
"2257","2354630","initial",NULL,NULL,"1922",NULL,NULL,NULL,,NULL,NULL,,,"2025-12-19 23:27:09","Arya Prajapati",NULL,NULL,NULL
"2258","2354630",,NULL,,,"1892","TDU34413-20251219233010",NULL,"12","2025-12-20 00:35:59",NULL,,"FLYWIRE","2025-12-20 00:35:59","Flywire Automation",NULL,NULL,NULL
"2262","2352631",,NULL,"Thomas Cook Ref No. : CFT2508953
",,"9142","TDU26236G ",NULL,"12","2025-12-20 00:00:00",NULL,,"BFN","2025-12-20 12:39:56","Arya Prajapati",NULL,NULL,NULL
"2266","2353036","initial",NULL,NULL,"8522",NULL,NULL,NULL,,NULL,NULL,,,"2025-12-20 17:55:58","Arya Prajapati",NULL,NULL,NULL
"2268","2354038","initial",NULL,NULL,"9516",NULL,NULL,NULL,,NULL,NULL,,,"2025-12-22 13:08:31","Hemant Dongrani",NULL,NULL,NULL
"2270","2353476","initial",NULL,NULL,"44382",NULL,NULL,NULL,,NULL,NULL,,,"2025-12-22 14:18:37","Arya Prajapati",NULL,NULL,NULL
"2271","2354542",,NULL,"FLYREMIT PRIVATE LIMITED",,"5064","TDU34341 ",NULL,"12","2025-12-22 00:00:00",NULL,,"Bank transfer","2025-12-22 15:54:32","Arya Prajapati",NULL,NULL,NULL
"2293","2352900",,NULL,"Make My Trip India PVT.LTD.",,"50000","TDU26301G ",NULL,"12","2025-12-01 00:00:00",NULL,,"Bank transfers ","2025-12-22 20:18:09","Arya Prajapati",NULL,NULL,NULL
"2294","2352900","initial",NULL,NULL,"67632",NULL,NULL,NULL,,NULL,NULL,,,"2025-12-22 20:20:06","Arya Prajapati",NULL,NULL,NULL
"2295","2352900","initial",NULL,NULL,"67632",NULL,NULL,NULL,,NULL,NULL,,,"2025-12-22 20:20:12","Arya Prajapati",NULL,NULL,NULL
"2296","2352900","initial",NULL,NULL,"67632",NULL,NULL,NULL,,NULL,NULL,,,"2025-12-22 20:20:14","Arya Prajapati",NULL,NULL,NULL
"2297","2352900","initial",NULL,NULL,"67632",NULL,NULL,NULL,,NULL,NULL,,,"2025-12-22 20:20:20","Arya Prajapati",NULL,NULL,NULL
"2298","2352900","initial",NULL,NULL,"67632",NULL,NULL,NULL,,NULL,NULL,,,"2025-12-22 20:20:22","Arya Prajapati",NULL,NULL,NULL
"2299","2352900","initial",NULL,NULL,"67632",NULL,NULL,NULL,,NULL,NULL,,,"2025-12-22 20:20:23","Arya Prajapati",NULL,NULL,NULL
"2300","2352900","initial",NULL,NULL,"67632",NULL,NULL,NULL,,NULL,NULL,,,"2025-12-22 20:20:25","Arya Prajapati",NULL,NULL,NULL
"2301","2354054",,NULL,"RIVERINA WORK SOLUTIO",,"4650","TDU33970 ",NULL,"12","2025-12-22 00:00:00",NULL,,"Bank transfars ","2025-12-22 21:39:37","Arya Prajapati",NULL,NULL,NULL
"2302","2354054",,NULL,"Flyremit",,"189","TDU33970 ",NULL,"12","2025-12-19 00:00:00",NULL,,"Bank transfer","2025-12-22 21:41:17","Arya Prajapati",NULL,NULL,NULL
"2303","2354054",,NULL,,,"2","TDU33970 ",NULL,"12","2025-12-22 00:00:00",NULL,,"Bank charges","2025-12-22 21:42:16","Arya Prajapati",NULL,NULL,NULL
"2304","2353505",,NULL,"YXX505388702",,"270","TDU33513 ",NULL,"12","2025-12-22 00:00:00",NULL,,"Credit card ","2025-12-22 22:07:10","Arya Prajapati",NULL,NULL,NULL
"2306","2353733",,NULL,"CFS2506047",,"18801","TDU33704 ",NULL,"12","2025-12-22 00:00:00",NULL,,"BFN","2025-12-22 23:00:17","Arya Prajapati",NULL,NULL,NULL
"2309","2353987",,NULL,"XTT727433351",,"132","TDU33911 ",NULL,"12","2025-12-18 00:00:00",NULL,,"Credit card ","2025-12-23 14:43:09","Arya Prajapati",NULL,NULL,NULL
"2311","2353505","initial",NULL,NULL,"4338",NULL,NULL,NULL,,NULL,NULL,,,"2025-12-23 17:47:37","Harsh Purswani",NULL,NULL,NULL
"2312","2353607","final",NULL,NULL,"4281",NULL,NULL,NULL,,NULL,NULL,,,"2025-12-23 19:42:11","Hemant Dongrani",NULL,NULL,NULL
"2316","2353891",,NULL,"FLYREMIT PRIVATE LIMITED TO ",,"7266","TDU33834 ",NULL,"12","2025-12-24 00:00:00",NULL,,"Bank transfer ","2025-12-24 17:40:05","Arya Prajapati",NULL,NULL,NULL
"2317","2350625",,NULL," PAPH Travel and Tours",,"58624","TDU25667G ",NULL,"12","2025-12-24 00:00:00",NULL,,"Bank transfer ","2025-12-24 18:21:22","Arya Prajapati",NULL,NULL,NULL
"2319","2352023","initial",NULL,NULL,"10638",NULL,NULL,NULL,,NULL,NULL,,,"2025-12-24 18:57:33","Mayur P",NULL,NULL,NULL
"2321","2350876","initial",NULL,NULL,"1067",NULL,NULL,NULL,,NULL,NULL,,,"2025-12-24 19:33:06","Hemant Dongrani",NULL,NULL,NULL
"2326","2354445",,NULL,"XTT799169745",,"3847","TDU34253 ",NULL,"12","2025-12-24 00:00:00",NULL,,"Credit card","2025-12-24 22:34:10","Arya Prajapati",NULL,NULL,NULL
"2327","2354445",,NULL,"Market Inside Limited ",,"10","TDU34253",NULL,"12","2025-12-23 00:00:00",NULL,,"Bank transfer ","2025-12-24 22:35:10","Arya Prajapati",NULL,NULL,NULL
"2328","2354646",,NULL,,,"2150",,NULL,"12","2025-12-24 00:00:00",NULL,,"Paid by CC ","2025-12-24 23:34:25","Arya Prajapati",NULL,NULL,NULL
"2330","2354646","initial",NULL,NULL,"2212",NULL,NULL,NULL,,NULL,NULL,,,"2025-12-24 23:36:48","Arya Prajapati",NULL,NULL,NULL
"2331","2353015","initial",NULL,NULL,"5248",NULL,NULL,NULL,,NULL,NULL,,,"2025-12-25 18:24:46","Hemant Dongrani",NULL,NULL,NULL
"2333","2353891","initial",NULL,NULL,"7266",NULL,NULL,NULL,,NULL,NULL,,,"2025-12-26 19:04:00","Hemant Dongrani",NULL,NULL,NULL
"2339","2353476",,NULL,"YXX139648409",,"7152","TDU33493 ",NULL,"12","2025-11-29 00:00:00",NULL,,"Credit card","2025-12-29 20:00:44","Arya Prajapati",NULL,NULL,NULL
"2340","2352675",,NULL,"YXX139648409",,"288","TDU32866 ",NULL,"12","2025-11-29 00:00:00",NULL,,"Credit card","2025-12-29 20:04:21","Arya Prajapati",NULL,NULL,NULL
"2344","2352023",,NULL,"ranch SOUTH MELBOURNE ",,"676","TDU32384 ",NULL,"12","2025-12-09 00:00:00",NULL,,"Bank transfer ","2025-12-30 13:42:32","Arya Prajapati",NULL,NULL,NULL
"2345","2353317",,NULL," Branch SOUTH MELBOURNE",,"2114","TDU33363 ",NULL,"12","2025-12-09 00:00:00",NULL,,"Bank transfer ","2025-12-30 13:43:30","Arya Prajapati",NULL,NULL,NULL
"2346","2353954",,NULL,"Branch SOUTH MELBOURNE",,"396","TDU33882 ",NULL,"12","2025-12-30 00:00:00",NULL,,"Bank transfer ","2025-12-30 13:44:30","Arya Prajapati",NULL,NULL,NULL
"2347","2354397",,NULL,"Branch SOUTH MELBOURNE ",,"3728","TDU34219",NULL,"12","2025-12-09 00:00:00",NULL,,"Bank transfer ","2025-12-30 13:49:46","Arya Prajapati",NULL,NULL,NULL
"2348","2354461",,NULL," Branch SOUTH MELBOURNE",,"4368","TDU34267 ",NULL,"12","2025-12-09 00:00:00",NULL,,"Bank transfer ","2025-12-30 13:51:02","Arya Prajapati",NULL,NULL,NULL
"2349","2353714","initial",NULL,NULL,"11438",NULL,NULL,NULL,,NULL,NULL,,,"2025-12-30 13:53:27","Arya Prajapati",NULL,NULL,NULL
"2350","2353714",,NULL,"Branch SOUTH MELBOURNE ",,"2618","TDU33689",NULL,"12","2025-12-09 00:00:00",NULL,,"Bank transfer ","2025-12-30 13:57:16","Arya Prajapati",NULL,NULL,NULL
"2351","2353714",,NULL,"JAIMINKUMAR PATEL",,"6136","TDU33689 ",NULL,"12","2025-12-21 00:00:00",NULL,,"Bank transfer ","2025-12-30 14:01:53","Arya Prajapati",NULL,NULL,NULL
"2352","2353069",,NULL,"Koniva tours and travels",,"150000","TDU26327G",NULL,"12","2025-11-13 00:00:00",NULL,,"Bank transfer ","2025-12-30 14:22:19","Arya Prajapati",NULL,NULL,NULL
"2354","2354742","initial",NULL,NULL,"1880.001",NULL,NULL,NULL,,NULL,NULL,,,"2025-12-30 17:34:09","Mayur P",NULL,NULL,NULL
"2356","2354742",,NULL,,,"1850","TDU34494-20251230173427",NULL,"12","2025-12-30 21:00:39",NULL,,"FLYWIRE","2025-12-30 21:00:39","Flywire Automation",NULL,NULL,NULL
"2359","2353496","initial",NULL,NULL,"9306",NULL,NULL,NULL,,NULL,NULL,,,"2025-12-31 16:57:02","Karthik Suriyan",NULL,NULL,NULL
"2361","2352237","initial",NULL,NULL,"336",NULL,NULL,NULL,,NULL,NULL,,,"2025-12-31 17:08:37","Hemant Dongrani",NULL,NULL,NULL
"2362","2353036",,NULL,"FLYREMIT PRIVATE LIMITED T",,"3000","TDU33145 ",NULL,"12","2025-12-31 00:00:00",NULL,,"Bank transfer ","2025-12-31 17:10:34","Arya Prajapati",NULL,NULL,NULL
"2364","2353436",,NULL,"MC WORLD TRAVEL ADVISORS PRIVATE L ",,"4416","TDU33458 ",NULL,"12","2025-12-31 00:00:00",NULL,,"Bank transfer ","2025-12-31 17:12:43","Arya Prajapati",NULL,NULL,NULL
"2365","2352352",,NULL,"FLYREMIT PRIVATE LIMITED ",,"6164","TDU32616 ",NULL,"12","2025-12-31 00:00:00",NULL,,"Bank transfer ","2025-12-31 17:14:11","Arya Prajapati",NULL,NULL,NULL
"2367","2352237",,NULL," FLYREMIT PRIVATE LIMITED",,"236","TDU32540 ",NULL,"12","2025-12-31 00:00:00",NULL,,"Bank transfer ","2025-12-31 17:16:27","Arya Prajapati",NULL,NULL,NULL
"2368","2352237",,NULL,"8% MUP",,"7","TDU32540 ",NULL,"12","2025-12-31 00:00:00",NULL,,"8% Markup Approved by Kunal ","2025-12-31 17:18:04","Arya Prajapati",NULL,NULL,NULL
"2370","2353685",,NULL,,,"4","TDU33664 ",NULL,"12","2025-12-31 00:00:00",NULL,,"Bank Charges","2025-12-31 17:26:21","Arya Prajapati",NULL,NULL,NULL
"2371","2352675",,NULL,,,"8","TDU32866",NULL,"12","2025-12-31 00:00:00",NULL,,"Bank transfer ","2025-12-31 17:28:18","Arya Prajapati",NULL,NULL,NULL
"2373","2354742","final",NULL,NULL,"1850.001",NULL,NULL,NULL,,NULL,NULL,,,"2025-12-31 17:41:56","Arya Prajapati",NULL,NULL,NULL
"2375","2354196",,NULL,"YXX604666768 - In Flywire TDU30462 Mentioned ",,"2230","TDU34062 ",NULL,"12","2025-12-31 00:00:00",NULL,,"Credit card","2025-12-31 19:00:20","Arya Prajapati",NULL,NULL,NULL
"2376","2354196","initial",NULL,NULL,"2254",NULL,NULL,NULL,,NULL,NULL,,,"2025-12-31 22:05:39","Arya Prajapati",NULL,NULL,NULL
"2377","2352352","initial",NULL,NULL,"6194",NULL,NULL,NULL,,NULL,NULL,,,"2026-01-01 01:39:18","Hemant Dongrani",NULL,NULL,NULL
"2379","2352631",,NULL,"XTT776405710",,"4484","TDU26236G",NULL,"12","2025-12-30 00:00:00",NULL,,"Credit card","2026-01-02 14:39:18","Arya Prajapati",NULL,NULL,NULL
"2380","2353944","initial",NULL,NULL,"79",NULL,NULL,NULL,,NULL,NULL,,,"2026-01-02 16:18:32","Arya Prajapati",NULL,NULL,NULL
"2382","2354219","initial",NULL,NULL,"7442",NULL,NULL,NULL,,NULL,NULL,,,"2026-01-02 17:16:54","Arya Prajapati",NULL,NULL,NULL
"2383","2353767","initial",NULL,NULL,"1988",NULL,NULL,NULL,,NULL,NULL,,,"2026-01-02 17:29:05","Hemant Dongrani",NULL,NULL,NULL
"2384","2353733","initial",NULL,NULL,"18939",NULL,NULL,NULL,,NULL,NULL,,,"2026-01-02 17:31:51","Arya Prajapati",NULL,NULL,NULL
"2385","2353733",,NULL,,,"108","TDU33704 ",NULL,"12","2026-01-02 00:00:00",NULL,,"BFN","2026-01-02 17:32:49","Arya Prajapati",NULL,NULL,NULL
"2386","2352177","initial",NULL,NULL,"11143",NULL,NULL,NULL,,NULL,NULL,,,"2026-01-02 17:38:28","Arya Prajapati",NULL,NULL,NULL
"2387","2354139","initial",NULL,NULL,"1868",NULL,NULL,NULL,,NULL,NULL,,,"2026-01-02 17:48:22","Arya Prajapati",NULL,NULL,NULL
"2388","2354445","initial",NULL,NULL,"7742",NULL,NULL,NULL,,NULL,NULL,,,"2026-01-02 18:50:23","Hemant Dongrani",NULL,NULL,NULL
"2392","2354743","initial",NULL,NULL,"2529",NULL,NULL,NULL,,NULL,NULL,,,"2026-01-03 16:35:57","Arya Prajapati",NULL,NULL,NULL
"2393","2353556","initial",NULL,NULL,"20574",NULL,NULL,NULL,,NULL,NULL,,,"2026-01-03 19:31:22","Hemant Dongrani",NULL,NULL,NULL
"2394","2353759","initial",NULL,NULL,"14030",NULL,NULL,NULL,,NULL,NULL,,,"2026-01-03 23:14:40","Mayur P",NULL,NULL,NULL
"2395","2353427",,NULL,"YXX815572798",,"5300","TDU33450",NULL,"12","2026-01-03 00:00:00",NULL,,"Credit card","2026-01-05 15:32:49","Arya Prajapati",NULL,NULL,NULL
"2396","2353427","initial",NULL,NULL,"9722",NULL,NULL,NULL,,NULL,NULL,,,"2026-01-05 15:33:52","Arya Prajapati",NULL,NULL,NULL
"2397","2354012",,NULL,"MORNING STAR TRAVELS PRIVATE ",,"1085","TDU33932 ",NULL,"12","2026-01-05 00:00:00",NULL,,"Bank transfer ","2026-01-05 17:53:34","Arya Prajapati",NULL,NULL,NULL
"2398","2354571",,NULL,"MORNING STAR TRAVELS PRIVATE",,"3381.95","TDU34362 ",NULL,"12","2026-01-05 00:00:00",NULL,,"Bank transfer ","2026-01-05 17:54:47","Arya Prajapati",NULL,NULL,NULL
"2399","2354571","initial",NULL,NULL,"3410",NULL,NULL,NULL,,NULL,NULL,,,"2026-01-05 17:55:06","Arya Prajapati",NULL,NULL,NULL
"2400","2353036",,NULL,"FLYREMIT PRIVATE LIMITED",,"3900","TDU33145 ",NULL,"12","2026-01-05 00:00:00",NULL,,"Bank transfer ","2026-01-05 18:00:59","Arya Prajapati",NULL,NULL,NULL
"2401","2353759",,NULL,"Received $12200 AUD as below 
2/01/2026  PATEL KENEE NISHIL $ 7100
3/01/2026  HET CLEANING SERVICES $ 5100

NZD value is 14158.65",,"14158.65","TDU33725 ",NULL,"12","2026-01-05 00:00:00",NULL,,"Bank transfer ","2026-01-05 18:11:22","Arya Prajapati",NULL,NULL,NULL
"2403","2354604",,NULL,"XTT492215672",,"932","TDU34388 ",NULL,"12","2026-01-05 00:00:00",NULL,,"Credit card","2026-01-06 12:32:31","Arya Prajapati",NULL,NULL,NULL
"2406","2353934",,NULL,"Koniva Tours & Travel",,"7427.95","TDU33868 ",NULL,"12","2026-01-06 00:00:00",NULL,,"Bank transfer ","2026-01-06 22:23:15","Arya Prajapati",NULL,NULL,NULL
"2407","2354604","initial",NULL,NULL,"962",NULL,NULL,NULL,,NULL,NULL,,,"2026-01-07 11:06:59","Maharshi Mankodi",NULL,NULL,NULL
"2409","2354223",,NULL," FLYREMIT PRIVATE LIMITED ",,"3282","TDU34084",NULL,"12","2026-01-06 00:00:00",NULL,,"Flyremit private limited","2026-01-07 16:51:25","Arya Prajapati",NULL,NULL,NULL
"2411","2354223","initial",NULL,NULL,"3312",NULL,NULL,NULL,,NULL,NULL,,,"2026-01-07 17:48:22","Hemant Dongrani",NULL,NULL,NULL
"2412","2353934","initial",NULL,NULL,"7344",NULL,NULL,NULL,,NULL,NULL,,,"2026-01-07 18:27:08","Hemant Dongrani",NULL,NULL,NULL
"2413","2353934","final",NULL,NULL,"7314",NULL,NULL,NULL,,NULL,NULL,,,"2026-01-07 18:27:37","Hemant Dongrani",NULL,NULL,NULL
"2414","2353496",,NULL,"Flyremit",,"9276","TDU33507 ",NULL,"12","2026-01-07 00:00:00",NULL,,"Bank transfer ","2026-01-07 21:34:17","Arya Prajapati",NULL,NULL,NULL
"2418","2354542","initial",NULL,NULL,"6542",NULL,NULL,NULL,,NULL,NULL,,,"2026-01-08 18:48:42","Hemant Dongrani",NULL,NULL,NULL
"2420","2354856","initial",NULL,NULL,"510",NULL,NULL,NULL,,NULL,NULL,,,"2026-01-08 20:42:03","Mayur P",NULL,NULL,NULL
"2421","2354856",,NULL,,,"480","TDU34586-20260108204218",NULL,"12","2026-01-09 00:51:46",NULL,,"FLYWIRE","2026-01-09 00:51:46","Flywire Automation",NULL,NULL,NULL
"2423","2354779",,NULL,"MRHOLIDAY MYSTIQUE PVTLTD",,"10658","TDU34523 ",NULL,"12","2026-01-09 00:00:00",NULL,,"Bank transfer ","2026-01-09 16:05:53","Arya Prajapati",NULL,NULL,NULL
"2425","2353069",,NULL," Koniva Tours & Travel",,"39976","TDU26327G ",NULL,"12","2025-12-17 00:00:00",NULL,,"Bank transfer ","2026-01-09 16:53:52","Arya Prajapati",NULL,NULL,NULL
"2427","2353016",,NULL,"ADIONA TRAVELS PRIVATE LIMITED",,"100000","TDU26323G ",NULL,"12","2026-01-09 00:00:00",NULL,,"Bank transfer ","2026-01-09 20:18:25","Arya Prajapati",NULL,NULL,NULL
"2428","2353016","initial",NULL,NULL,"97185",NULL,NULL,NULL,,NULL,NULL,,,"2026-01-09 20:18:55","Arya Prajapati",NULL,NULL,NULL
"2430","2352896","initial",NULL,NULL,"2380",NULL,NULL,NULL,,NULL,NULL,,,"2026-01-09 23:00:32","Arya Prajapati",NULL,NULL,NULL
"2431","2354589",,NULL,"TDU34378 ",,"4125","TDU34378 ",NULL,"12","2026-01-09 00:00:00",NULL,,"Credit card","2026-01-10 12:42:28","Arya Prajapati",NULL,NULL,NULL
"2432","2354589",,NULL,"XTT627001661",,"215","TDU34378 ",NULL,"12","2026-01-09 00:00:00",NULL,,"Credit card","2026-01-10 12:42:56","Arya Prajapati",NULL,NULL,NULL
"2433","2354139",,NULL,"FLYREMIT PRIVATE LIMITED",,"20","TDU34028 ",NULL,"12","2025-12-31 00:00:00",NULL,,"Bank transfer ","2026-01-10 17:13:36","Arya Prajapati",NULL,NULL,NULL
"2434","2354139",,NULL,,,"24",,NULL,"12","2025-11-27 00:00:00",NULL,,"Bank Charges","2026-01-10 17:14:16","Arya Prajapati",NULL,NULL,NULL
"2435","2354542",,NULL,"FLYREMIT PRIVATE LIMITED",,"1448","TDU34341 ",NULL,"12","2025-12-31 00:00:00",NULL,,"Bank transfer ","2026-01-10 17:16:18","Arya Prajapati",NULL,NULL,NULL
"2436","2354779","initial",NULL,NULL,"11990",NULL,NULL,NULL,,NULL,NULL,,,"2026-01-10 17:30:46","Arya Prajapati",NULL,NULL,NULL
"2440","2352766","initial",NULL,NULL,"15658",NULL,NULL,NULL,,NULL,NULL,,,"2026-01-10 19:08:11","Hemant Dongrani",NULL,NULL,NULL
"2441","2352766","final",NULL,NULL,"15292",NULL,NULL,NULL,,NULL,NULL,,,"2026-01-10 19:08:58","Hemant Dongrani",NULL,NULL,NULL
"2442","2353767","final",NULL,NULL,"1958",NULL,NULL,NULL,,NULL,NULL,,,"2026-01-10 19:18:30","Hemant Dongrani",NULL,NULL,NULL
"2443","2352778",,NULL,"YXX480918016",,"136","TDU32945 ",NULL,"12","2026-01-10 00:00:00",NULL,,"Credit card","2026-01-10 21:34:19","Arya Prajapati",NULL,NULL,NULL
"2444","2353427",,NULL,"YXX211308163",,"1800","TDU33450 ",NULL,"12","2026-01-10 00:00:00",NULL,,"Credit card","2026-01-10 21:54:41","Arya Prajapati",NULL,NULL,NULL
"2445","2354779",,NULL,"YXX604666768 - In Flywire TDU30462 Mentioned",,"270","TDU34523 ",NULL,"12","2026-01-06 00:00:00",NULL,,"Credit card","2026-01-10 22:12:20","Arya Prajapati",NULL,NULL,NULL
"2446","2353427",,NULL,"YXX921293011 In Flywire TDU30462 Mentioned",,"2500","TDU33450 ",NULL,"12","2026-01-06 00:00:00",NULL,,"Credit card","2026-01-10 22:14:03","Arya Prajapati",NULL,NULL,NULL
"2447","2354779","final",NULL,NULL,"11960",NULL,NULL,NULL,,NULL,NULL,,,"2026-01-10 22:14:44","Arya Prajapati",NULL,NULL,NULL
"2448","2354779",,NULL,"YXX321572667",,"1302","TDU34523 ",NULL,"12","2026-01-10 00:00:00",NULL,,"Credit card","2026-01-10 23:10:44","Arya Prajapati",NULL,NULL,NULL
"2449","2353427",,NULL,"YXX622465175",,"92","TDU33450 ",NULL,"12","2026-01-10 00:00:00",NULL,,"Credit card","2026-01-10 23:11:48","Arya Prajapati",NULL,NULL,NULL
"2450","2352631","initial",NULL,NULL,"7525",NULL,NULL,NULL,,NULL,NULL,,,"2026-01-12 13:53:03","Maharshi Mankodi",NULL,NULL,NULL
"2451","2352631","final",NULL,NULL,"7495",NULL,NULL,NULL,,NULL,NULL,,,"2026-01-12 13:53:12","Maharshi Mankodi",NULL,NULL,NULL
"2452","2352589",,NULL,"CAREWELL TRAVELS AND TOUR PRIVATE ",,"2914","TDU32798 ",NULL,"12","2026-01-12 00:00:00",NULL,,"Bank transfer ","2026-01-12 18:37:20","Arya Prajapati",NULL,NULL,NULL
"2453","2352589","initial",NULL,NULL,"6148",NULL,NULL,NULL,,NULL,NULL,,,"2026-01-12 18:37:50","Arya Prajapati",NULL,NULL,NULL
"2454","2354800","initial",NULL,NULL,"38",NULL,NULL,NULL,,NULL,NULL,,,"2026-01-12 18:41:44","Arya Prajapati",NULL,NULL,NULL
"2455","2354800",,NULL,"FOC file ",,"8",,NULL,"12","2026-01-12 00:00:00",NULL,,,"2026-01-12 18:42:15","Arya Prajapati",NULL,NULL,NULL
"2456","2352896",,NULL,,,"2350","TDU33030-20260109230051",NULL,"12","2026-01-13 05:44:08",NULL,,"FLYWIRE","2026-01-13 05:44:08","Flywire Automation",NULL,NULL,NULL
"2457","2353285","final",NULL,NULL,"3016",NULL,NULL,NULL,,NULL,NULL,,,"2026-01-13 11:30:25","Job Mathew",NULL,NULL,NULL
"2458","2353233","final",NULL,NULL,"4336",NULL,NULL,NULL,,NULL,NULL,,,"2026-01-13 11:31:37","Job Mathew",NULL,NULL,NULL
"2459","2354456",,NULL,"CONSULATE-GENERA",,"4995","TDU34262 ",NULL,"12","2025-12-29 00:00:00",NULL,,"Bank transfer ","2026-01-13 18:02:02","Arya Prajapati",NULL,NULL,NULL
"2469","2354456","initial",NULL,NULL,"4742",NULL,NULL,NULL,,NULL,NULL,,,"2026-01-13 18:06:20","Arya Prajapati",NULL,NULL,NULL
"2476","2352630","initial",NULL,NULL,"11118",NULL,NULL,NULL,,NULL,NULL,,,"2026-01-14 15:37:40","Job Mathew",NULL,NULL,NULL
"2477","2352630","final",NULL,NULL,"11538",NULL,NULL,NULL,,NULL,NULL,,,"2026-01-14 15:38:29","Job Mathew",NULL,NULL,NULL
"2480","2353698","initial",NULL,NULL,"1088",NULL,NULL,NULL,,NULL,NULL,,,"2026-01-14 22:34:32","Mayur P",NULL,NULL,NULL
"2483","2352589","final",NULL,NULL,"6118",NULL,NULL,NULL,,NULL,NULL,,,"2026-01-15 14:01:52","Hemant Dongrani",NULL,NULL,NULL
"2485","2353980",,NULL,"Direct Credit 342189 Moneymatch",,"14000","TDU26510G",NULL,"12","2026-01-12 00:00:00",NULL,,"Bank transfer ","2026-01-16 13:05:33","Arya Prajapati",NULL,NULL,NULL
"2486","2354445",,NULL,"Parivinder",,"3847","TDU34253 ",NULL,"12","2025-12-24 00:00:00",NULL,,"Bank transfer ","2026-01-16 13:21:11","Arya Prajapati",NULL,NULL,NULL
"2487","2353436","initial",NULL,NULL,"4440",NULL,NULL,NULL,,NULL,NULL,,,"2026-01-16 14:33:02","Hemant Dongrani",NULL,NULL,NULL
"2488","2352589",,NULL,"YXX247306677",,"3204","TDU32798 ",NULL,"12","2026-01-16 00:00:00",NULL,,"Credit card","2026-01-16 14:47:23","Arya Prajapati",NULL,NULL,NULL
"2489","2350759",,NULL,"SPORTA TECHNOLOGIES PRIVATE LTD",,"2119.21","TDU25695G",NULL,"12","2026-01-13 00:00:00",NULL,,"Bank transfer ","2026-01-16 16:28:26","Arya Prajapati",NULL,NULL,NULL
"2490","2350759",,NULL,"SPORTA TECHNOLOGIES PRIVATE LIMITED",,"23471.79","TDU25695G ",NULL,"12","2026-01-13 00:00:00",NULL,,"Bank transfer ","2026-01-16 16:29:24","Arya Prajapati",NULL,NULL,NULL
"2495","2353683","initial",NULL,NULL,"188",NULL,NULL,NULL,,NULL,NULL,,,"2026-01-17 10:29:15","Arya Prajapati",NULL,NULL,NULL
"2496","2354935",,NULL,"YXX919767515",,"3500","TDU34647 ",NULL,"12","2026-01-16 00:00:00",NULL,,"Credit card","2026-01-17 11:23:00","Arya Prajapati",NULL,NULL,NULL
"2499","2353802","initial",NULL,NULL,"9030",NULL,NULL,NULL,,NULL,NULL,,,"2026-01-17 23:48:40","Mayur P",NULL,NULL,NULL
"2500","2352630",,NULL,"CFT2508953",,"11536","TDU26235G ",NULL,"12","2025-12-19 00:00:00",NULL,,"BFN","2026-01-19 05:36:02","Arya Prajapati",NULL,NULL,NULL
"2503","2354971","initial",NULL,NULL,"5870",NULL,NULL,NULL,,NULL,NULL,,,"2026-01-19 18:38:21","Harsh Purswani",NULL,NULL,NULL
"2504","2354971","initial",NULL,NULL,"5870",NULL,NULL,NULL,,NULL,NULL,,,"2026-01-19 18:39:39","Harsh Purswani",NULL,NULL,NULL
"2506","2354072",,NULL,,,"4216.94","TDU33980",NULL,"12","2026-01-20 00:00:00",NULL,,"BANK TRANSFER","2026-01-20 18:30:22","Job Mathew",NULL,NULL,NULL
"2508","2354072","initial",NULL,NULL,"4292",NULL,NULL,NULL,,NULL,NULL,,,"2026-01-21 15:24:51","Arya Prajapati",NULL,NULL,NULL
"2509","2354901",,NULL,"FLYREMIT PRIVATE LIMITED T",,"4170","TDU34624 ",NULL,"12","2026-01-21 00:00:00",NULL,,"Bank transfer ","2026-01-21 15:35:42","Arya Prajapati",NULL,NULL,NULL
"2514","2353581","initial",NULL,NULL,"8318",NULL,NULL,NULL,,NULL,NULL,,,"2026-01-22 11:24:21","Hemant Dongrani",NULL,NULL,NULL
"2515","2353581",,NULL,"BFN :- CFT2512938",,"168","TDU33575",NULL,"12","2026-01-22 00:00:00",NULL,,"BFN","2026-01-22 12:56:41","Arya Prajapati",NULL,NULL,NULL
"2516","2354219",,NULL,"credit note adjusted",,"850","TDU25598G",NULL,"12","2025-12-25 00:00:00",NULL,,"Credit note","2026-01-22 14:59:13","Job Mathew",NULL,NULL,NULL
"2517","2354070","initial",NULL,NULL,"9190",NULL,NULL,NULL,,NULL,NULL,,,"2026-01-22 15:33:37","Karthik Suriyan",NULL,NULL,NULL
"2518","2350759",,NULL,"Spota holodays 
",,"10000","TDU25695G ",NULL,"12","2026-01-19 00:00:00",NULL,,"Bank transfer ","2026-01-22 16:02:11","Arya Prajapati",NULL,NULL,NULL
"2519","2355058",,NULL,,,"1018","TDU34741-20260121205249",NULL,"12","2026-01-22 16:21:48",NULL,,"FLYWIRE","2026-01-22 16:21:48","Flywire Automation",NULL,NULL,NULL
"2520","2354971",,NULL,"GP TRIPS INDIA PVT",,"5855","TDU34673 ",NULL,"12","2026-01-20 00:00:00",NULL,,"Bank transfer ","2026-01-22 17:05:38","Arya Prajapati",NULL,NULL,NULL
"2522","2354971","final",NULL,NULL,"5840",NULL,NULL,NULL,,NULL,NULL,,,"2026-01-22 17:06:06","Arya Prajapati",NULL,NULL,NULL
"2524","2355035",,NULL,"CHAHNA TOURS AND TRAVELS PVT LTD 4",,"4448.96","TDU34725 ",NULL,"12","2026-01-22 00:00:00",NULL,,"Bank transfer ","2026-01-22 17:14:07","Arya Prajapati",NULL,NULL,NULL
"2526","2354579","initial",NULL,NULL,"3022",NULL,NULL,NULL,,NULL,NULL,,,"2026-01-22 18:40:14","Hemant Dongrani",NULL,NULL,NULL
"2527","2354723",,NULL,"BFN CFT2513350",,"2847","TDU34477 ",NULL,"12","2026-01-22 00:00:00",NULL,,"BFN","2026-01-22 21:52:13","Arya Prajapati",NULL,NULL,NULL
"2529","2354936","initial",NULL,NULL,"956",NULL,NULL,NULL,,NULL,NULL,,,"2026-01-22 22:12:44","Karthik Suriyan",NULL,NULL,NULL
"2530","2354936",,NULL,"XTT622323925",,"926","TDU34648 ",NULL,"12","2026-01-22 00:00:00",NULL,,"Credit card","2026-01-22 22:14:24","Arya Prajapati",NULL,NULL,NULL
"2532","2355032",,NULL,"PRICOL TRAVEL PRIVATE LIMITE",,"4440","TDU34722 ",NULL,"12","2026-01-22 00:00:00",NULL,,"Bank transfer ","2026-01-22 23:25:07","Arya Prajapati",NULL,NULL,NULL
"2533","2352969",,NULL,"YXX484340225",,"2000","TDU33086",NULL,"12","2026-01-22 00:00:00",NULL,,"Credit card","2026-01-23 14:32:20","Arya Prajapati",NULL,NULL,NULL
"2534","2352857",,NULL,"TRAVEL TROOPS GLOBAL PVT LTD",,"2100","TDU32999",NULL,"12","2025-12-16 00:00:00",NULL,,"Bank transfer ","2026-01-23 15:15:17","Arya Prajapati",NULL,NULL,NULL
"2535","2352857",,NULL,"TRAVEL TROOPS GLOBAL PVT LTD",,"3631","TDU32999",NULL,"12","2025-12-18 00:00:00",NULL,,"Bank transfer ","2026-01-23 15:16:11","Arya Prajapati",NULL,NULL,NULL
"2537","2354505",,NULL,"TRAVEL TROOPS GLOBAL PVT LTD",,"8146","TDU34309 ",NULL,"12","2026-01-21 00:00:00",NULL,,"Bank transfer ","2026-01-23 15:19:20","Arya Prajapati",NULL,NULL,NULL
"2542","2352969",,NULL,"TRAVEL TROOPS GLOBAL PRIVATE LTD",,"3638","TDU33086 ",NULL,"12","2026-01-23 00:00:00",NULL,,"Bank transfer ","2026-01-23 15:31:12","Arya Prajapati",NULL,NULL,NULL
"2543","2353069",,NULL,"317426 BUSINESS EVENTS",,"12045","TDU26327G ",NULL,"12","2026-01-23 00:00:00",NULL,,"Bank transfer ","2026-01-23 15:37:13","Arya Prajapati",NULL,NULL,NULL
"2544","2354946",,NULL,"NAZAARE HOLIDAYS PRIVATE LIMITED",,"6036.98","TDU34655 ",NULL,"12","2026-01-23 00:00:00",NULL,,"Bank transfer ","2026-01-23 15:38:28","Arya Prajapati",NULL,NULL,NULL
"2545","2355032","initial",NULL,NULL,"4365",NULL,NULL,NULL,,NULL,NULL,,,"2026-01-23 17:27:02","Arya Prajapati",NULL,NULL,NULL
"2546","2354724",,NULL,"BFN CFT2513350",,"860","TDU34478 ",NULL,"12","2026-01-23 00:00:00",NULL,,"BFN","2026-01-23 17:49:58","Arya Prajapati",NULL,NULL,NULL
"2548","2354724","initial",NULL,NULL,"890",NULL,NULL,NULL,,NULL,NULL,,,"2026-01-23 19:16:05","Arya Prajapati",NULL,NULL,NULL
"2549","2352969",,NULL,"YXX283016597",,"1182","TDU33086 ",NULL,"12","2026-01-23 00:00:00",NULL,,"Credit card","2026-01-23 22:26:09","Arya Prajapati",NULL,NULL,NULL
"2553","2355122","initial",NULL,NULL,"560",NULL,NULL,NULL,,NULL,NULL,,,"2026-01-23 23:25:22","Karthik Suriyan",NULL,NULL,NULL
"2554","2355122",,NULL,"INDIAN HOLIDAY PVT LIMITED",,"540","TDU34786 ",NULL,"12","2025-12-31 00:00:00",NULL,,"Bank transfer ","2026-01-23 23:31:20","Arya Prajapati",NULL,NULL,NULL
"2555","2355111",,NULL,"XTT622323925",,"1074","TDU34775 ",NULL,"12","2026-01-22 00:00:00",NULL,,"Credit card","2026-01-23 23:39:46","Arya Prajapati",NULL,NULL,NULL
"2557","2355128",,NULL,"PRICOL TRAVEL PRIVATE",,"3192","TDU34789",NULL,"12","2026-01-22 00:00:00",NULL,,"Bank transfer ","2026-01-26 20:11:37","Arya Prajapati",NULL,NULL,NULL
"2558","2355128","initial",NULL,NULL,"3222",NULL,NULL,NULL,,NULL,NULL,,,"2026-01-26 20:12:40","Arya Prajapati",NULL,NULL,NULL
"2559","2353015",,NULL,"PRICOL TRAVEL PRIVATE LIMITE",,"218","TDU33127 ",NULL,"12","2026-01-22 00:00:00",NULL,,"Bank transfer ","2026-01-26 20:14:37","Arya Prajapati",NULL,NULL,NULL
"2560","2355111","initial",NULL,NULL,"1592",NULL,NULL,NULL,,NULL,NULL,,,"2026-01-26 20:17:11","Arya Prajapati",NULL,NULL,NULL
"2561","2355111",,NULL,"XTT312489981",,"1264","TDU34775 ",NULL,"12","2026-01-23 00:00:00",NULL,,"Credit card","2026-01-26 20:55:44","Arya Prajapati",NULL,NULL,NULL
"2562","2351527","initial",NULL,NULL,"6694",NULL,NULL,NULL,,NULL,NULL,,,"2026-01-27 10:43:03","Job Mathew",NULL,NULL,NULL
"2563","2353714","final",NULL,NULL,"11408",NULL,NULL,NULL,,NULL,NULL,,,"2026-01-27 10:53:17","Job Mathew",NULL,NULL,NULL
"2565","2352969","initial",NULL,NULL,"8630",NULL,NULL,NULL,,NULL,NULL,,,"2026-01-27 12:26:23","Hemant Dongrani",NULL,NULL,NULL
"2568","2353767",,NULL,"YXX691135592",,"103","TDU33730 ",NULL,"12","2026-01-27 00:00:00",NULL,,"Credit card","2026-01-27 16:16:48","Arya Prajapati",NULL,NULL,NULL
"2569","2354837","initial",NULL,NULL,"2498",NULL,NULL,NULL,,NULL,NULL,,,"2026-01-27 16:30:36","Karthik Suriyan",NULL,NULL,NULL
"2572","2355058","initial",NULL,NULL,"1048",NULL,NULL,NULL,,NULL,NULL,,,"2026-01-27 17:15:51","Arya Prajapati",NULL,NULL,NULL
"2574","2354837",,NULL,"Mohammad karim",,"2350","TDU34570 ",NULL,"12","2026-01-27 00:00:00",NULL,,"Bank transfer ","2026-01-27 17:59:59","Arya Prajapati",NULL,NULL,NULL
"2575","2354837",,NULL,"MOHAMMAD KARIM",,"118","TDU34570 ",NULL,"12","2026-01-27 00:00:00",NULL,,"Bank transfer ","2026-01-27 18:03:16","Arya Prajapati",NULL,NULL,NULL
"2576","2354723","initial",NULL,NULL,"2817",NULL,NULL,NULL,,NULL,NULL,,,"2026-01-27 18:06:06","Mayur P",NULL,NULL,NULL
"2577","2355143","initial",NULL,NULL,"478",NULL,NULL,NULL,,NULL,NULL,,,"2026-01-27 18:07:00","Harsh Purswani",NULL,NULL,NULL
"2578","2354503",,NULL,,,"1200","TDU34307-20260127170221",NULL,"12","2026-01-27 19:42:44",NULL,,"FLYWIRE","2026-01-27 19:42:44","Flywire Automation",NULL,NULL,NULL
"2584","2350759","initial",NULL,NULL,"56305",NULL,NULL,NULL,,NULL,NULL,,,"2026-01-28 13:58:34","Maharshi Mankodi",NULL,NULL,NULL
"2586","2355035","initial",NULL,NULL,"5030",NULL,NULL,NULL,,NULL,NULL,,,"2026-01-28 16:34:14","Dhiraj Salvi",NULL,NULL,NULL
"2587","2354643",,NULL,,,"2464","TDU34425-20260128163042",NULL,"12","2026-01-28 17:20:21",NULL,,"FLYWIRE","2026-01-28 17:20:21","Flywire Automation",NULL,NULL,NULL
"2588","2354935",,NULL,"JAYDEEPKUMAR PATEL ",,"5645","TDU34647",NULL,"12","2026-01-24 00:00:00",NULL,,"Bank transfer ","2026-01-28 18:37:05","Arya Prajapati",NULL,NULL,NULL
"2589","2354371","initial",NULL,NULL,"3232",NULL,NULL,NULL,,NULL,NULL,,,"2026-01-28 22:36:22","Arya Prajapati",NULL,NULL,NULL
"2591","2353802",,NULL,"FLYREMIT PRIVATE LIMITED ",,"4500","TDU33759",NULL,"12","2026-01-29 00:00:00",NULL,,"Bank transfer ","2026-01-29 15:22:51","Arya Prajapati",NULL,NULL,NULL
"2592","2354505","initial",NULL,NULL,"9442",NULL,NULL,NULL,,NULL,NULL,,,"2026-01-29 15:46:17","Arya Prajapati",NULL,NULL,NULL
"2593","2352969",,NULL,"YXX774737981",,"140","TDU33086 ",NULL,"12","2026-01-28 00:00:00",NULL,,"Credit card","2026-01-29 17:42:06","Arya Prajapati",NULL,NULL,NULL
"2594","2352969",,NULL,"YXX351948512",,"380","TDU33086 ",NULL,"12","2026-01-29 00:00:00",NULL,,"Credit card","2026-01-29 17:42:39","Arya Prajapati",NULL,NULL,NULL
"2596","2354503","initial",NULL,NULL,"7230",NULL,NULL,NULL,,NULL,NULL,,,"2026-01-29 19:15:45","Mayur P",NULL,NULL,NULL
"2598","2355143",,NULL,,,"448","TDU34798-20260127181729",NULL,"12","2026-01-29 21:15:54",NULL,,"FLYWIRE","2026-01-29 21:15:54","Flywire Automation",NULL,NULL,NULL
"2599","2352969",,NULL,"YXX642147710",,"1260","TDU33086 ",NULL,"12","2026-01-29 00:00:00",NULL,,"Credit card","2026-01-29 21:37:42","Arya Prajapati",NULL,NULL,NULL
"2600","2354643","initial",NULL,NULL,"2464",NULL,NULL,NULL,,NULL,NULL,,,"2026-01-29 22:27:45","Arya Prajapati",NULL,NULL,NULL
"2601","2354743",,NULL,"Flyremit private limited",,"2499","TDU34495 ",NULL,"12","2026-01-27 00:00:00",NULL,,"Bank transfer ","2026-01-29 23:30:39","Arya Prajapati",NULL,NULL,NULL
"2603","2354643",,NULL,"XTT668316430",,"309","TDU34425 ",NULL,"12","2026-01-30 00:00:00",NULL,,"Bank transfer ","2026-01-30 18:20:47","Arya Prajapati",NULL,NULL,NULL
"2604","2355035",,NULL,"YXX787908480",,"94","TDU34725 ",NULL,"12","2026-01-30 00:00:00",NULL,,"Credit card","2026-01-30 21:50:57","Arya Prajapati",NULL,NULL,NULL
"2606","2354503",,NULL,"FLYREMIT PRIVATE LIMITED ",,"6030","TDU34307 ",NULL,"12","2026-02-02 00:00:00",NULL,,"Bank transfer ","2026-02-02 17:55:56","Arya Prajapati",NULL,NULL,NULL
"2608","2354661",,NULL,"Freedom Holidays",,"22285","TDU26660G ",NULL,"12","2026-01-28 00:00:00",NULL,,"Bank transfer ","2026-02-02 18:15:48","Arya Prajapati",NULL,NULL,NULL
"2609","2354661",,NULL,"FREEDOM HOLIDAYS INCOMING",,"19985","TDU26660G ",NULL,"12","2026-02-02 00:00:00",NULL,,"Bank transfer ","2026-02-02 18:16:32","Arya Prajapati",NULL,NULL,NULL
"2611","2353102",,NULL,"XTT773178456",,"373","TDU33196 ",NULL,"12","2026-02-02 00:00:00",NULL,,"Credit card","2026-02-02 19:25:34","Arya Prajapati",NULL,NULL,NULL
"2616","2351560","initial",NULL,NULL,"9378",NULL,NULL,NULL,,NULL,NULL,,,"2026-02-02 22:11:48","Arya Prajapati",NULL,NULL,NULL
"2618","2354695",,NULL,"Direct Credit 141000 SR",,"13558.78","TDU34454",NULL,"12","2026-02-02 00:00:00",NULL,,"Bank transfer ","2026-02-03 03:30:23","Arya Prajapati",NULL,NULL,NULL
"2619","2353556",,NULL,"flyremit",,"5761","TDU33559 ",NULL,"12","2026-02-02 00:00:00",NULL,,"Bank transfer ","2026-02-03 03:39:39","Arya Prajapati",NULL,NULL,NULL
"2620","2352447",,NULL,"flyremit",,"1239","TDU32682 ",NULL,"12","2026-02-02 00:00:00",NULL,,"Bank transfer ","2026-02-03 03:43:36","Arya Prajapati",NULL,NULL,NULL
"2621","2354072",,NULL,"Aeronet Holidays",,"45.06","TDU33980",NULL,"12","2026-01-23 00:00:00",NULL,,"Bank Charges","2026-02-03 03:44:51","Arya Prajapati",NULL,NULL,NULL
"2622","2352447","initial",NULL,NULL,"7962",NULL,NULL,NULL,,NULL,NULL,,,"2026-02-03 03:46:10","Karthik Suriyan",NULL,NULL,NULL
"2623","2352857","initial",NULL,NULL,"10674",NULL,NULL,NULL,,NULL,NULL,,,"2026-02-03 03:49:44","Karthik Suriyan",NULL,NULL,NULL
"2624","2355035",,NULL,"YXX638787428",,"458","TDU34725",NULL,"12","2026-02-02 00:00:00",NULL,,"Credit card","2026-02-03 04:04:40","Arya Prajapati",NULL,NULL,NULL
"2626","2354517",,NULL,"Flyremit",,"4740","TDU34319 ",NULL,"12","2026-02-02 00:00:00",NULL,,"Bank transfer ","2026-02-03 12:41:28","Arya Prajapati",NULL,NULL,NULL
"2628","2354180",,NULL,"Join Us Holidays",,"7980","TDU34057 ",NULL,"12","2026-02-03 00:00:00",NULL,,"Bank transfer ","2026-02-03 14:27:22","Arya Prajapati",NULL,NULL,NULL
"2630","2352447",,NULL,"Join us holidays ",,"272.98","TDU32682 ",NULL,"12","2026-02-03 00:00:00",NULL,,"Bank transfer ","2026-02-03 14:30:04","Arya Prajapati",NULL,NULL,NULL
"2632","2351311","initial",NULL,NULL,"73092",NULL,NULL,NULL,,NULL,NULL,,,"2026-02-03 18:40:21","Maharshi Mankodi",NULL,NULL,NULL
"2633","2354445",,NULL,,,"8",,NULL,"12","2026-01-03 00:00:00",NULL,,"Bank Charges","2026-02-03 23:30:52","Arya Prajapati",NULL,NULL,NULL
"2636","2354901",,NULL,"YXX912180928",,"146","TDU34624 ",NULL,"12","2026-02-02 00:00:00",NULL,,"Credit card","2026-02-04 13:14:58","Arya Prajapati",NULL,NULL,NULL
"2637","2354695",,NULL,"YXX861392799",,"280","TDU34454 ",NULL,"12","2026-02-03 00:00:00",NULL,,"Credit card","2026-02-04 13:17:17","Arya Prajapati",NULL,NULL,NULL
"2638","2354946","initial",NULL,NULL,"6060",NULL,NULL,NULL,,NULL,NULL,,,"2026-02-04 14:12:15","Hemant Dongrani",NULL,NULL,NULL
"2639","2353802",,NULL,"FLYREMIT PRIVATE LIMITED",,"4500","TDU33759 ",NULL,"12","2026-02-04 00:00:00",NULL,,"Bank transfer ","2026-02-04 14:52:14","Arya Prajapati",NULL,NULL,NULL
"2640","2354505",,NULL,"TRAVEL TROOPS GLOBAL PRIVATE LT",,"1266","TDU34309",NULL,"12","2026-02-04 00:00:00",NULL,,"Bank transfer ","2026-02-04 14:58:03","Arya Prajapati",NULL,NULL,NULL
"2641","2352857",,NULL,"TRAVEL TROOPS GLOBAL PRIVATE ",,"3935","TDU32999 ",NULL,"12","2026-02-04 00:00:00",NULL,,"Bank transfer ","2026-02-04 14:59:07","Arya Prajapati",NULL,NULL,NULL
"2642","2351527",,NULL,"Flyremit Private",,"5836","TDU32019 ",NULL,"12","2026-02-19 00:00:00",NULL,,"Bank transfer ","2026-02-04 15:34:43","Arya Prajapati",NULL,NULL,NULL
"2644","2354657",,NULL,,,"23968","TDU26658G-20260204124522",NULL,"12","2026-02-04 21:56:51",NULL,,"FLYWIRE","2026-02-04 21:56:51","Flywire Automation",NULL,NULL,NULL
"2648","2355194","initial",NULL,NULL,"2126",NULL,NULL,NULL,,NULL,NULL,,,"2026-02-05 10:17:58","Maharshi Mankodi",NULL,NULL,NULL
"2649","2353980","initial",NULL,NULL,"30768",NULL,NULL,NULL,,NULL,NULL,,,"2026-02-05 11:53:51","Maharshi Mankodi",NULL,NULL,NULL
"2650","2353980","final",NULL,NULL,"30738",NULL,NULL,NULL,,NULL,NULL,,,"2026-02-05 11:54:05","Maharshi Mankodi",NULL,NULL,NULL
"2652","2353102","initial",NULL,NULL,"4496",NULL,NULL,NULL,,NULL,NULL,,,"2026-02-05 14:20:03","Hemant Dongrani",NULL,NULL,NULL
"2657","2354695","initial",NULL,NULL,"13654",NULL,NULL,NULL,,NULL,NULL,,,"2026-02-05 19:51:57","Hemant Dongrani",NULL,NULL,NULL
"2658","2354180","initial",NULL,NULL,"8010",NULL,NULL,NULL,,NULL,NULL,,,"2026-02-06 13:25:27","Hemant Dongrani",NULL,NULL,NULL
"2659","2353102",,NULL,"credit note of TDU26378 - $ 3774 AUD (319 Loss as wrong amount of credit note given to the agent)
",,"4093","TDU33196 ",NULL,"12","2026-02-06 00:00:00",NULL,,"Credit note adjustment.","2026-02-06 14:49:22","Arya Prajapati",NULL,NULL,NULL
"2661","2354517","initial",NULL,NULL,"4728",NULL,NULL,NULL,,NULL,NULL,,,"2026-02-06 17:00:00","Hemant Dongrani",NULL,NULL,NULL
"2662","2354661",,NULL,"1/UAB Freedom Holidays",,"24985","TDU26660G ",NULL,"12","2026-02-05 00:00:00",NULL,,"Bank transfer ","2026-02-06 18:05:06","Arya Prajapati",NULL,NULL,NULL
"2663","2354589",,NULL,"XTT541528898",,"3382","TDU34378 ",NULL,"12","2026-01-08 00:00:00",NULL,,"Credit card","2026-02-07 13:48:35","Arya Prajapati",NULL,NULL,NULL
"2664","2354602",,NULL,"XTT541528898",,"958","TDU34387 ",NULL,"12","2026-01-08 00:00:00",NULL,,"Credit card","2026-02-07 13:50:35","Arya Prajapati",NULL,NULL,NULL
"2668","2355316","initial",NULL,NULL,"2222",NULL,NULL,NULL,,NULL,NULL,,,"2026-02-07 19:23:29","Karthik Suriyan",NULL,NULL,NULL
"2670","2355105","initial",NULL,NULL,"55610",NULL,NULL,NULL,,NULL,NULL,,,"2026-02-09 12:23:21","Maharshi Mankodi",NULL,NULL,NULL
"2671","2352857",,NULL,,,"686","TDU32999 ",NULL,"12","2025-10-20 00:00:00",NULL,,"Credit card","2026-02-09 15:52:35","Arya Prajapati",NULL,NULL,NULL
"2672","2353878",,NULL,"XTT764854711",,"380","TDU33828 ",NULL,"12","2025-11-12 00:00:00",NULL,,"Credit card","2026-02-09 15:54:49","Arya Prajapati",NULL,NULL,NULL
"2673","2355084","initial",NULL,NULL,"5790",NULL,NULL,NULL,,NULL,NULL,,,"2026-02-09 17:20:15","Mayur P",NULL,NULL,NULL
"2675","2354503",,NULL,"YXX348033784",,"814","TDU34307 ",NULL,"12","2026-02-09 00:00:00",NULL,,"Credit card","2026-02-09 23:04:02","Arya Prajapati",NULL,NULL,NULL
"2676","2354661",,NULL,"FREEDOM HOLIDAYS INCOMING",,"32671","TDU26660G ",NULL,"12","2026-02-10 00:00:00",NULL,,"Bank transfer ","2026-02-10 12:48:40","Arya Prajapati",NULL,NULL,NULL
"2677","2354661","initial",NULL,NULL,"90270",NULL,NULL,NULL,,NULL,NULL,,,"2026-02-10 12:49:21","Arya Prajapati",NULL,NULL,NULL
"2678","2354661","initial",NULL,NULL,"90270",NULL,NULL,NULL,,NULL,NULL,,,"2026-02-10 12:49:31","Arya Prajapati",NULL,NULL,NULL
"2679","2353980",,NULL,"MAGNABRIDGE",,"16738","TDU26510G ",NULL,"12","2026-02-09 00:00:00",NULL,,"Bank transfer ","2026-02-10 12:52:27","Arya Prajapati",NULL,NULL,NULL
"2680","2355244",,NULL,"XTT581113865",,"1398","TDU34882 ",NULL,"12","2026-02-10 00:00:00",NULL,,"Credit card","2026-02-10 17:34:44","Arya Prajapati",NULL,NULL,NULL
"2682","2352250","initial",NULL,NULL,"9246",NULL,NULL,NULL,,NULL,NULL,,,"2026-02-10 21:15:54","Mayur P",NULL,NULL,NULL
"2685","2352083",,NULL,"CFS2504108",,"3758","TDU32431 ",NULL,"12","2026-02-10 00:00:00",NULL,,"BFN","2026-02-10 21:22:36","Arya Prajapati",NULL,NULL,NULL
"2686","2352083","initial",NULL,NULL,"3788",NULL,NULL,NULL,,NULL,NULL,,,"2026-02-10 21:23:46","Arya Prajapati",NULL,NULL,NULL
"2687","2355212","initial",NULL,NULL,"14610",NULL,NULL,NULL,,NULL,NULL,,,"2026-02-11 14:47:20","Mayur P",NULL,NULL,NULL
"2688","2352900",,NULL,"Make My Trip India PVT.LTD.",,"25000","TDU26301G ",NULL,"12","2026-01-23 00:00:00",NULL,,"Bank transfer ","2026-02-11 19:19:05","Arya Prajapati",NULL,NULL,NULL
"2689","2355245",,NULL,"On guarantee ",,"4258","TDU34883 ",NULL,"12","2026-02-11 00:00:00",NULL,,"On guarantee of Abhishek sir ","2026-02-11 21:07:31","Arya Prajapati",NULL,NULL,NULL
"2693","2351527",,NULL,"DILARKUMAR SURESHBHAI",,"828","TDU32019 ",NULL,"12","2026-02-12 00:00:00",NULL,,"Bank transfer ","2026-02-12 16:51:23","Arya Prajapati",NULL,NULL,NULL
"2694","2354067",,NULL,"Flyremit",,"1000","TDU26524G ",NULL,"12","2026-02-12 00:00:00",NULL,,"Bank transfer ","2026-02-12 17:17:11","Arya Prajapati",NULL,NULL,NULL
"2695","2353951",,NULL,"Make My Trip India PVT.LTD",,"15000","TDU26506G ",NULL,"12","2026-02-11 00:00:00",NULL,,"Bank transfer ","2026-02-12 17:18:35","Arya Prajapati",NULL,NULL,NULL
"2696","2355244","initial",NULL,NULL,"1358",NULL,NULL,NULL,,NULL,NULL,,,"2026-02-12 17:22:56","Hemant Dongrani",NULL,NULL,NULL
"2701","2355079","initial",NULL,NULL,"4560",NULL,NULL,NULL,,NULL,NULL,,,"2026-02-13 16:50:33","Dhiraj Salvi",NULL,NULL,NULL
"2706","2355372","initial",NULL,NULL,"246",NULL,NULL,NULL,,NULL,NULL,,,"2026-02-13 20:45:48","Harsh Purswani",NULL,NULL,NULL
"2707","2353348","initial",NULL,NULL,"6026",NULL,NULL,NULL,,NULL,NULL,,,"2026-02-13 21:05:35","Harsh Purswani",NULL,NULL,NULL
"2711","2355316",,NULL,"TRAVEL TROOPS GLOBAL PVT LTD",,"2222","TDU34945 ",NULL,"12","2026-02-17 00:00:00",NULL,,"Bank transfer ","2026-02-17 15:23:22","Arya Prajapati",NULL,NULL,NULL
"2712","2354901","initial",NULL,NULL,"4340",NULL,NULL,NULL,,NULL,NULL,,,"2026-02-17 15:31:08","Arya Prajapati",NULL,NULL,NULL
"2713","2355214","initial",NULL,NULL,"5750",NULL,NULL,NULL,,NULL,NULL,,,"2026-02-17 16:02:10","Dhiraj Salvi",NULL,NULL,NULL
"2714","2355214",,NULL,"17/02/2026 Fast Transfer From PRITESHKUMAR $ 5060
$5060 AUD to $5924 NZD (As per Today's Rate)
",,"5924","TDU34858 ",NULL,"12","2026-02-17 00:00:00",NULL,,"Bank transfer ","2026-02-17 16:09:00","Arya Prajapati",NULL,NULL,NULL
"2715","2354295",,NULL,"342189 Moneymatch",,"9528","TDU34135 ",NULL,"12","2026-02-17 00:00:00",NULL,,"Bank transfer ","2026-02-17 16:53:25","Arya Prajapati",NULL,NULL,NULL
"2716","2355372",,NULL,"WORLDWIDE ",,"216","TDU34988",NULL,"12","2026-02-17 00:00:00",NULL,,"Bank transfer ","2026-02-17 17:12:12","Arya Prajapati",NULL,NULL,NULL
"2718","2355084",,NULL,"HONEYPALM HOLIDAYS",,"5790","TDU34757 ",NULL,"12","2026-02-18 00:00:00",NULL,,"Bank transfer ","2026-02-18 15:10:32","Arya Prajapati",NULL,NULL,NULL
"2719","2352250",,NULL,"FLYREMIT PRIVATE LIMITED",,"9216","TDU32550 ",NULL,"12","2026-02-18 00:00:00",NULL,,"Bank transfer ","2026-02-18 15:27:03","Arya Prajapati",NULL,NULL,NULL
"2720","2353791","initial",NULL,NULL,"10080",NULL,NULL,NULL,,NULL,NULL,,,"2026-02-18 19:10:04","Arya Prajapati",NULL,NULL,NULL
"2722","2355373",,NULL,"XTT184051188",,"2500","TDU34989 ",NULL,"12","2026-02-18 00:00:00",NULL,,"Credit card","2026-02-18 21:34:28","Arya Prajapati",NULL,NULL,NULL
"2723","2355373","initial",NULL,NULL,"2530",NULL,NULL,NULL,,NULL,NULL,,,"2026-02-18 21:46:15","Hemant Dongrani",NULL,NULL,NULL
"2724","2355429","initial",NULL,NULL,"84",NULL,NULL,NULL,,NULL,NULL,,,"2026-02-18 22:16:04","Mayur P",NULL,NULL,NULL
"2725","2353551","initial",NULL,NULL,"4718",NULL,NULL,NULL,,NULL,NULL,,,"2026-02-18 23:05:45","Karthik Suriyan",NULL,NULL,NULL
"2727","2355245","initial",NULL,NULL,"4068",NULL,NULL,NULL,,NULL,NULL,,,"2026-02-19 11:41:17","Hemant Dongrani",NULL,NULL,NULL
"2728","2355245","final",NULL,NULL,"4038",NULL,NULL,NULL,,NULL,NULL,,,"2026-02-19 11:41:33","Hemant Dongrani",NULL,NULL,NULL
"2729","2353551",,NULL,"Fast Transfer From UMANG PATEL
TDU33554-AUD 3982 Received  (NZD4688 value )",,"4688","TDU33554 ",NULL,"12","2026-02-18 00:00:00",NULL,,"Bank transfer ","2026-02-19 14:44:35","Arya Prajapati",NULL,NULL,NULL
"2730","2354269",,NULL,"Fast Transfer From UMANG PATEL 
TDU34117-AUD 2732 Received  (NZD3216 Value)",,"3216","TDU34117 ",NULL,"12","2026-02-19 00:00:00",NULL,,"Bank transfer ","2026-02-19 14:46:04","Arya Prajapati",NULL,NULL,NULL
"2731","2355031",,NULL," Fast Transfer From UMANG PATEL 
TDU34721-AUD 1034 Received  (NZD1215 Value)",,"1215","TDU34721 ",NULL,"12","2026-02-18 00:00:00",NULL,,"Bank transfer ","2026-02-19 14:47:37","Arya Prajapati",NULL,NULL,NULL
"2732","2355031","initial",NULL,NULL,"3258",NULL,NULL,NULL,,NULL,NULL,,,"2026-02-19 14:47:47","Arya Prajapati",NULL,NULL,NULL
"2733","2352447",,NULL,"Fast Transfer From UMANG PATEL
TDU32682-AUD 916 Received  (NZD1078 Value) ",,"1078","TDU32682",NULL,"12","2026-02-18 00:00:00",NULL,,"Bank transfer ","2026-02-19 14:49:44","Arya Prajapati",NULL,NULL,NULL
"2734","2353475",,NULL,"FLYREMIT PRIVATE LIMITED ",,"1770","TDU33492 ",NULL,"12","2026-02-19 00:00:00",NULL,,"Bank transfer ","2026-02-19 15:06:15","Arya Prajapati",NULL,NULL,NULL
"2735","2355429",,NULL,"Worldwide DMC",,"54","TDU35024 ",NULL,"12","2026-02-19 00:00:00",NULL,,"Bank transfer ","2026-02-19 15:06:58","Arya Prajapati",NULL,NULL,NULL
"2736","2354763","initial",NULL,NULL,"3610",NULL,NULL,NULL,,NULL,NULL,,,"2026-02-19 15:50:04","Hemant Dongrani",NULL,NULL,NULL
"2737","2353704",,NULL,"Fast Transfer From UMANG PATEL ",,"4162","TDU33682 ",NULL,"12","2026-02-19 00:00:00",NULL,,"Bank transfer ","2026-02-19 17:53:42","Arya Prajapati",NULL,NULL,NULL
"2740","2355031",,NULL,"19/02/2026 Fast Transfer From UMANG PATEL $ 6100 AUD
TDU34721 : $1705 AUD ($2013 NZ) ",,"2013","TDU34721 ",NULL,"12","2026-02-19 00:00:00",NULL,,"Bank transfer ","2026-02-19 18:02:42","Arya Prajapati",NULL,NULL,NULL
"2741","2354935",,NULL,"Fast Transfer From UMANG PATEL
TDU34647 : $870 AUD ($1027 NZD)
",,"1027","TDU34647 ",NULL,"12","2026-02-19 00:00:00",NULL,,"Bank transfer ","2026-02-19 18:05:22","Arya Prajapati",NULL,NULL,NULL
"2745","2354269","initial",NULL,NULL,"3618",NULL,NULL,NULL,,NULL,NULL,,,"2026-02-20 12:49:26","Hemant Dongrani",NULL,NULL,NULL
"2747","2353475","initial",NULL,NULL,"1800",NULL,NULL,NULL,,NULL,NULL,,,"2026-02-20 18:58:25","Hemant Dongrani",NULL,NULL,NULL
"2748","2354997",,NULL,"MAKEMYTRIP INDIA PRIVATE LIMITED",,"35000","TDU26740G ",NULL,"12","2026-02-23 00:00:00",NULL,,"Bank transfer ","2026-02-23 13:17:06","Arya Prajapati",NULL,NULL,NULL
"2752","2353951",,NULL,"MAKEMYTRIP INDIA PRIVATE LIMITED ",,"31956","TDU26506G ",NULL,"12","2026-02-18 00:00:00",NULL,,"Bank transfer ","2026-02-23 14:54:07","Arya Prajapati",NULL,NULL,NULL
"2753","2353951",,NULL,"MAKEMYTRIP INDIA PRIVATE LIMITED ",,"31956","TDU26506G ",NULL,"12","2026-02-18 00:00:00",NULL,,"Bank transfer ","2026-02-23 14:54:11","Arya Prajapati",NULL,NULL,NULL
"2754","2355425","initial",NULL,NULL,"6874",NULL,NULL,NULL,,NULL,NULL,,,"2026-02-23 15:29:50","Job Mathew",NULL,NULL,NULL
"2755","2350435",,NULL,"RIYA HOLIDAYS PVT LTD",,"20529.84","TDU25622G",NULL,"12","2026-02-18 00:00:00",NULL,,"Bank transfer ","2026-02-23 15:52:50","Arya Prajapati",NULL,NULL,NULL
"2756","2354568",,NULL,"SKYHI GLOBAL TRAVELS PRIVATE LIMITE ",,"150400","TDU26643G ",NULL,"12","2026-02-23 00:00:00",NULL,,"Bank transfer ","2026-02-23 15:58:58","Arya Prajapati",NULL,NULL,NULL
"2757","2353348",,NULL,"AKBAR HOLIDAYS PRIVAT ",,"5996","TDU33389 ",NULL,"12","2026-02-23 00:00:00",NULL,,"Bank transfer ","2026-02-23 22:04:23","Arya Prajapati",NULL,NULL,NULL
"2758","2355425",,NULL,"AARYAN LEISURE AND HOLIDAYS PVT LTD",,"6850","TDU35021 ",NULL,"12","2026-02-23 00:00:00",NULL,,"Bank transfer ","2026-02-23 22:06:10","Arya Prajapati",NULL,NULL,NULL
"2759","2353791","final",NULL,NULL,"10000",NULL,NULL,NULL,,NULL,NULL,,,"2026-02-23 22:16:44","Arya Prajapati",NULL,NULL,NULL
"2760","2353791",,NULL,"Fast Transfer From KEYURKUMAR PATELTr",,"10000","TDU33751 ",NULL,"12","2026-02-19 00:00:00",NULL,,"Bank transfer ","2026-02-23 22:17:49","Arya Prajapati",NULL,NULL,NULL
"2761","2354935",,NULL,"19/02/2026 Fast Transfer From KEYURKUMAR PATELT 95
TDU34647  - 81 AUD (95 NZD)",,"95","TDU34647 ",NULL,"12","2026-02-19 00:00:00",NULL,,"Bank transfer ","2026-02-23 22:19:04","Arya Prajapati",NULL,NULL,NULL
"2763","2354935",,NULL,"KYM ASSOCIATES PTY LT
4655 AUD received 	
TDU34647 : (5513 NZD)",,"5513","TDU34647 ",NULL,"12","2026-02-23 00:00:00",NULL,,"Bank transfer ","2026-02-23 22:23:13","Arya Prajapati",NULL,NULL,NULL
"2764","2352609",,NULL,"TRAVEL TROOPS GLOBAL PRIVATE LTD",,"957","TDU32813 ",NULL,"12","2026-02-04 00:00:00",NULL,,"Bank transfer ","2026-02-23 22:26:09","Arya Prajapati",NULL,NULL,NULL
"2765","2353702",,NULL," TRAVEL TROOPS GLOBAL PRIVATE LTD",,"946","TDU33680 ",NULL,"12","2026-02-04 00:00:00",NULL,,"Bank transfer ","2026-02-23 22:27:31","Arya Prajapati",NULL,NULL,NULL
"2767","2354935","initial",NULL,NULL,"15274",NULL,NULL,NULL,,NULL,NULL,,,"2026-02-24 15:56:43","Job Mathew",NULL,NULL,NULL
"2768","2353464",,NULL,"Barefoot Holidays",,"23052","TDU26416G ",NULL,"12","2026-02-24 00:00:00",NULL,,"Bank transfer ","2026-02-24 16:49:04","Arya Prajapati",NULL,NULL,NULL
"2771","2354996","initial",NULL,NULL,"11494",NULL,NULL,NULL,,NULL,NULL,,,"2026-02-24 23:56:50","Dhiraj Salvi",NULL,NULL,NULL
"2772","2354920","initial",NULL,NULL,"4130",NULL,NULL,NULL,,NULL,NULL,,,"2026-02-25 00:14:43","Dhiraj Salvi",NULL,NULL,NULL
"2775","2355060","initial",NULL,NULL,"2658",NULL,NULL,NULL,,NULL,NULL,,,"2026-02-25 16:25:42","Maharshi Mankodi",NULL,NULL,NULL
"2776","2355060","final",NULL,NULL,"2628",NULL,NULL,NULL,,NULL,NULL,,,"2026-02-25 16:25:56","Maharshi Mankodi",NULL,NULL,NULL
"2778","2352609","final",NULL,NULL,"6438",NULL,NULL,NULL,,NULL,NULL,,,"2026-02-25 21:47:44","Arya Prajapati",NULL,NULL,NULL
"2779","2351311",,NULL,"Inward International Payment Rachel Mathew",,"5381.44","TDU25870G",NULL,"12","2026-02-17 00:00:00",NULL,,"Bank transfer ","2026-02-26 12:44:49","Arya Prajapati",NULL,NULL,NULL
"2780","2351311",,NULL," Isaac Samuel Priya",,"16.1","TDU25870G",NULL,"12","2026-02-18 00:00:00",NULL,,"Bank transfer ","2026-02-26 12:45:30","Arya Prajapati",NULL,NULL,NULL
"2782","2351311",,NULL,"Abraham A Varghese",,"9775","TDU25870G",NULL,"12","2026-02-18 00:00:00",NULL,,"Bank transfer ","2026-02-26 12:46:25","Arya Prajapati",NULL,NULL,NULL
"2783","2351311",,NULL," Rachel Mathew ",,"5709.64","TDU25870G",NULL,"12","2026-02-23 00:00:00",NULL,,"Bank transfer ","2026-02-26 12:47:05","Arya Prajapati",NULL,NULL,NULL
"2784","2351311",,NULL," Tom K Koruthu",,"5585","TDU25870G",NULL,"12","2026-02-23 00:00:00",NULL,,"Bank transfer ","2026-02-26 12:47:41","Arya Prajapati",NULL,NULL,NULL
"2787","2354295",,NULL,"Star Holidays ",,"1313","TDU34135",NULL,"12","2026-02-22 00:00:00",NULL,,"Bank transfer ","2026-02-26 15:33:38","Arya Prajapati",NULL,NULL,NULL
"2788","2354295",,NULL,"6 Fast Transfer From CHIRAG KOSAMBIA",,"8000","TDU34135 ",NULL,"12","2026-02-24 00:00:00",NULL,,"Bank transfer ","2026-02-26 15:34:18","Arya Prajapati",NULL,NULL,NULL
"2789","2355212",,NULL,"NIKHIL BANDHIYA VACATION VIBES 200 AUD received  = 235 NZD",,"235","TDU34856 ",NULL,"12","2026-02-22 00:00:00",NULL,,"Bank transfer ","2026-02-26 15:35:55","Arya Prajapati",NULL,NULL,NULL
"2790","2353807",,NULL,"Eco travels au",,"8260","TDU33764 ",NULL,"12","2026-02-11 00:00:00",NULL,,"Bank transfer ","2026-02-26 16:20:43","Arya Prajapati",NULL,NULL,NULL
"2798","2353701","initial",NULL,NULL,"13257",NULL,NULL,NULL,,NULL,NULL,,,"2026-02-27 15:35:45","Arya Prajapati",NULL,NULL,NULL
"2799","2351479",,NULL,"TDU25924G",,"7500","TDU25924G",NULL,"12","2026-02-27 00:00:00",NULL,,"BANK TRANSFER","2026-02-27 17:01:00","Job Mathew",NULL,NULL,NULL
"2801","2353980",,NULL,"Direct credit 342189 moneymatch",,"3600","TDU26510G ",NULL,"12","2026-02-16 00:00:00",NULL,,"Bank transfer ","2026-02-27 18:44:45","Arya Prajapati",NULL,NULL,NULL
"2802","2353980",,NULL,"Regional busines Mcb",,"4290","TDU26510G ",NULL,"12","2026-02-27 00:00:00",NULL,,"Bank transfer ","2026-02-27 18:46:23","Arya Prajapati",NULL,NULL,NULL
"2803","2354815","initial",NULL,NULL,"3300",NULL,NULL,NULL,,NULL,NULL,,,"2026-02-28 17:40:45","Hemant Dongrani",NULL,NULL,NULL
"2806","2351917","initial",NULL,NULL,"2590",NULL,NULL,NULL,,NULL,NULL,,,"2026-03-02 10:10:16","Maharshi Mankodi",NULL,NULL,NULL
"2808","2355247",,NULL,,,"5353.74"," TDU34856",NULL,"12","2026-02-28 00:00:00",NULL,,"BANK TRANSFER","2026-03-02 10:26:33","Job Mathew",NULL,NULL,NULL
"2809","2354269",,NULL,,,"372"," TDU34117",NULL,"12","2026-02-28 00:00:00",NULL,,"BANK TRANSFER","2026-03-02 10:27:23","Job Mathew",NULL,NULL,NULL
"2810","2354657","initial",NULL,NULL,"24190",NULL,NULL,NULL,,NULL,NULL,,,"2026-03-02 11:49:18","Job Mathew",NULL,NULL,NULL
"2811","2353446","initial",NULL,NULL,"7290",NULL,NULL,NULL,,NULL,NULL,,,"2026-03-02 12:41:39","Maharshi Mankodi",NULL,NULL,NULL
"2812","2353446",,NULL,,,"7260","TDU33466-20260302124423",NULL,"12","2026-03-02 13:22:02",NULL,,"FLYWIRE","2026-03-02 13:22:02","Flywire Automation",NULL,NULL,NULL
"2815","2355577","initial",NULL,NULL,"2688",NULL,NULL,NULL,,NULL,NULL,,,"2026-03-02 15:22:23","Hemant Dongrani",NULL,NULL,NULL
"2816","2353702",,NULL,,,"6252"," TDU33733",NULL,"12","2026-03-02 00:00:00",NULL,,"BANK TRANSFER","2026-03-02 15:41:03","Job Mathew",NULL,NULL,NULL
"2817","2353772",,NULL,,,"3631"," TDU33733",NULL,"12","2026-03-02 00:00:00",NULL,,"BANK TRANSFER","2026-03-02 16:02:48","Job Mathew",NULL,NULL,NULL
"2818","2353772",,NULL,,,"46"," TDU33733",NULL,"12","2026-03-02 00:00:00",NULL,,"BANK TRANSFER","2026-03-02 16:03:34","Job Mathew",NULL,NULL,NULL
"2823","2355033","initial",NULL,NULL,"3674",NULL,NULL,NULL,,NULL,NULL,,,"2026-03-02 17:27:48","Mayur P",NULL,NULL,NULL
"2825","2354995",,NULL,,,"5152","TDU34690-20260302173709",NULL,"12","2026-03-02 22:49:44",NULL,,"FLYWIRE","2026-03-02 22:49:44","Flywire Automation",NULL,NULL,NULL
"2826","2355577",,NULL,,,"2658","TDU35127",NULL,"12","2026-03-02 00:00:00",NULL,,"Credit card","2026-03-03 14:30:10","Job Mathew",NULL,NULL,NULL
"2830","2351311",,NULL,"Prasad Varughese Tho",,"16.12","TDU25870G",NULL,"12","2026-02-13 00:00:00",NULL,,"BANK TRANSFER","2026-03-03 17:29:51","Job Mathew",NULL,NULL,NULL
"2831","2351311",,NULL,"Rachel Mathew",,"11150","TDU25870G",NULL,"12","2026-02-24 00:00:00",NULL,,"Bank Transfer","2026-03-03 17:30:53","Job Mathew",NULL,NULL,NULL
"2832","2351311",,NULL,"Abraham Isac Geeta A",,"25","TDU25870G",NULL,"12","2026-02-24 00:00:00",NULL,,"Bank Transfer","2026-03-03 17:31:33","Job Mathew",NULL,NULL,NULL
"2833","2351311",,NULL,"Prasad Varughese Tho",,"5575","TDU25870G",NULL,"12","2026-02-26 00:00:00",NULL,,"Bank Transfer","2026-03-03 18:22:37","Job Mathew",NULL,NULL,NULL
"2834","2351311",,NULL,"Tom K Koruthu",,"5575","TDU25870G",NULL,"12","2026-02-27 00:00:00",NULL,,"Bank Transfer","2026-03-03 18:23:16","Job Mathew",NULL,NULL,NULL
"2835","2351311",,NULL,"Abraham Isac Geeta",,"11150","TDU25870G",NULL,"12","2026-03-03 00:00:00",NULL,,"Bank Transfer","2026-03-03 18:24:01","Job Mathew",NULL,NULL,NULL
"2836","2351311",,NULL,"Abraham Isac Geeta",,"11125","TDU25870G",NULL,"12","2026-03-03 00:00:00",NULL,,"Bank Transfer","2026-03-03 18:24:39","Job Mathew",NULL,NULL,NULL
"2837","2354995","initial",NULL,NULL,"10334",NULL,NULL,NULL,,NULL,NULL,,,"2026-03-04 12:35:29","Job Mathew",NULL,NULL,NULL
"2838","2351310",,NULL,"1/PRASAD VARUGHESE THOPPIL SHERRIN",,"13.93","TDU25869G",NULL,"12","2026-02-10 00:00:00",NULL,,"Bank Transfer","2026-03-04 12:53:45","Job Mathew",NULL,NULL,NULL
"2839","2351310",,NULL,"1/ELSY J ANTONY JOSE ANTONY POD TEE",,"9121.85","TDU25869G",NULL,"12","2026-02-12 00:00:00",NULL,,"Bank Transfer","2026-03-04 12:54:28","Job Mathew",NULL,NULL,NULL
"2840","2351310",,NULL,"Ria Financial",,"9347.84","TDU25869G",NULL,"12","2026-02-12 00:00:00",NULL,,"Bank Transfer","2026-03-04 12:55:10","Job Mathew",NULL,NULL,NULL
"2841","2351310",,NULL,"Fast Transfer From MARIAMMA MATHEW",,"9164.27","TDU25869G",NULL,"12","2026-02-13 00:00:00",NULL,,"Bank Transfer","2026-03-04 12:55:43","Job Mathew",NULL,NULL,NULL
"2842","2351310",,NULL,"1/KURIAN VARUGHESE OR VENCY VARUGHE",,"9164.27","TDU25869G",NULL,"12","2026-02-13 00:00:00",NULL,,"Bank Transfer","2026-03-04 12:56:12","Job Mathew",NULL,NULL,NULL
"2843","2351310",,NULL,"Fast Transfer From Anil N Shetty",,"12.56","TDU25869G",NULL,"12","2026-02-14 00:00:00",NULL,,"Bank Transfer","2026-03-04 12:56:48","Job Mathew",NULL,NULL,NULL
"2844","2351310",,NULL,"Fast Transfer From Anil N Shetty",,"4778.3","TDU25869G",NULL,"12","2026-02-17 00:00:00",NULL,,"Bank Transfer","2026-03-04 12:57:31","Job Mathew",NULL,NULL,NULL
"2845","2351310",,NULL,"Fast Transfer From PHILIP VARGHESE MARIA",,"9550","TDU25869G",NULL,"12","2026-02-17 00:00:00",NULL,,"Bank Transfer","2026-03-04 12:58:05","Job Mathew",NULL,NULL,NULL
"2846","2351310",,NULL,"Fast Transfer From Anil N Shetty",,"4762.84","TDU25869G",NULL,"12","2026-02-23 00:00:00",NULL,,"Bank Transfer","2026-03-04 12:58:47","Job Mathew",NULL,NULL,NULL
"2847","2351310",,NULL,"Fast Transfer Kurian Varughese Or",,"384","TDU25869G",NULL,"12","2026-02-27 00:00:00",NULL,,"Bank Transfer","2026-03-04 12:59:17","Job Mathew",NULL,NULL,NULL
"2849","2355460",,NULL,,,"3563",,NULL,"12","2026-03-04 00:00:00",NULL,,"Credit card","2026-03-04 15:01:54","Job Mathew",NULL,NULL,NULL
"2853","2355212",,NULL,,,"7055","TDU34856",NULL,"12","2026-02-28 00:00:00",NULL,,"BANK TRANSFER","2026-03-05 09:34:05","Job Mathew",NULL,NULL,NULL
"2854","2355212",,NULL,,,"7290","TDU34856",NULL,"12","2026-02-24 00:00:00",NULL,,"BANK TRANSFER","2026-03-05 09:34:32","Job Mathew",NULL,NULL,NULL
"2856","2354342","initial",NULL,NULL,"6410",NULL,NULL,NULL,,NULL,NULL,,,"2026-03-05 15:20:02","Job Mathew",NULL,NULL,NULL
"2857","2354342",,NULL,,,"6290.79","TDU34175",NULL,"12","2026-03-03 00:00:00",NULL,,"BANK TRANSFER","2026-03-05 15:20:36","Job Mathew",NULL,NULL,NULL
"2858","2355079",,NULL,,,"4530","TDU34753",NULL,"12","2026-03-04 00:00:00",NULL,,"BANK TRANSFER","2026-03-05 15:21:50","Job Mathew",NULL,NULL,NULL
"2859","2354995",,NULL,,,"5152"," TDU34690",NULL,"12","2026-03-05 00:00:00",NULL,,"Credit card","2026-03-05 15:33:48","Job Mathew",NULL,NULL,NULL
"2860","2355460","initial",NULL,NULL,"3494",NULL,NULL,NULL,,NULL,NULL,,,"2026-03-05 15:58:43","Hemant Dongrani",NULL,NULL,NULL
"2863","2353807",,NULL,"Fast Transfer From Eco Travels AU",,"10000","TDU33764",NULL,"12","2026-03-05 00:00:00",NULL,,"BANK TRANSFER","2026-03-05 17:42:15","Job Mathew",NULL,NULL,NULL
"2866","2355469","initial",NULL,NULL,"11750",NULL,NULL,NULL,,NULL,NULL,,,"2026-03-06 10:21:49","Maharshi Mankodi",NULL,NULL,NULL
"2868","2355665","initial",NULL,NULL,"395",NULL,NULL,NULL,,NULL,NULL,,,"2026-03-06 15:48:30","Manthan Soni",NULL,NULL,NULL
"2870","2354575",,NULL,,,"6798","TDU34366",NULL,"12","2026-03-06 00:00:00",NULL,,"BANK TRANSFER","2026-03-06 16:05:03","Job Mathew",NULL,NULL,NULL
"2873","2355380","initial",NULL,NULL,"4418",NULL,NULL,NULL,,NULL,NULL,,,"2026-03-09 12:24:44","Hemant Dongrani",NULL,NULL,NULL
"2874","2353807","initial",NULL,NULL,"18280",NULL,NULL,NULL,,NULL,NULL,,,"2026-03-09 20:34:20","Hemant Dongrani",NULL,NULL,NULL
"2875","2355194",,NULL,,,"2115.48","TDU34839",NULL,"12","2026-03-09 00:00:00",NULL,,"BANK TRANSFER","2026-03-10 10:06:06","Job Mathew",NULL,NULL,NULL
"2879","2355031","final",NULL,NULL,"3228",NULL,NULL,NULL,,NULL,NULL,,,"2026-03-10 11:33:45","Hemant Dongrani",NULL,NULL,NULL
"2880","2353704","initial",NULL,NULL,"4192",NULL,NULL,NULL,,NULL,NULL,,,"2026-03-10 11:34:03","Hemant Dongrani",NULL,NULL,NULL
"2888","2355223",,NULL,,,"11937","TDU34867",NULL,"12","2026-03-07 00:00:00",NULL,,"BANK TRANSFER","2026-03-10 14:39:29","Job Mathew",NULL,NULL,NULL
"2890","2353702","initial",NULL,NULL,"7226",NULL,NULL,NULL,,NULL,NULL,,,"2026-03-10 17:06:01","Job Mathew",NULL,NULL,NULL
"2891","2354837",,NULL,,,"360","TDU34570",NULL,"12","2026-01-29 00:00:00",NULL,,"BANK TRANSFER","2026-03-10 18:06:33","Job Mathew",NULL,NULL,NULL
"2892","2354996",,NULL,,,"5732","TDU34691-20260307161101",NULL,"12","2026-03-10 20:46:57",NULL,,"FLYWIRE","2026-03-10 20:46:57","Flywire Automation",NULL,NULL,NULL
"2895","2355371","initial",NULL,NULL,"3710",NULL,NULL,NULL,,NULL,NULL,,,"2026-03-11 09:38:16","Job Mathew",NULL,NULL,NULL
"2896","2355371",,NULL,"TDU34987",,"3724"," TDU34987",NULL,"12","2026-03-09 00:00:00",NULL,,"BANK TRANSFER","2026-03-11 09:39:05","Job Mathew",NULL,NULL,NULL
"2901","2354608","initial",NULL,NULL,"3648",NULL,NULL,NULL,,NULL,NULL,,,"2026-03-11 16:23:33","Job Mathew",NULL,NULL,NULL
"2902","2355665",,NULL,"SHAH MITUL H/SHAH KEJ",,"365"," TDU35194",NULL,"12","2026-03-11 00:00:00",NULL,,"BANK TRANSFER","2026-03-11 17:47:52","Job Mathew",NULL,NULL,NULL
"2903","2354617",,NULL,,,"3730","TDU34401-20260311003631",NULL,"12","2026-03-11 18:27:51",NULL,,"FLYWIRE","2026-03-11 18:27:51","Flywire Automation",NULL,NULL,NULL
"2904","2355727","initial",NULL,NULL,"282",NULL,NULL,NULL,,NULL,NULL,,,"2026-03-11 20:55:01","Hemant Dongrani",NULL,NULL,NULL
"2906","2355727",,NULL,,,"252","TDU35246-20260311205517",NULL,"12","2026-03-11 22:37:24",NULL,,"FLYWIRE","2026-03-11 22:37:24","Flywire Automation",NULL,NULL,NULL
"2908","2355727",,NULL,,,"252","TDU35246",NULL,"12","2026-03-11 00:00:00",NULL,,"Credit card","2026-03-12 11:34:39","Job Mathew",NULL,NULL,NULL
"2912","2354458","initial",NULL,NULL,"4252",NULL,NULL,NULL,,NULL,NULL,,,"2026-03-12 14:51:28","Job Mathew",NULL,NULL,NULL
"2913","2354458",,NULL,,,"4281.3","TDU34264",NULL,"12","2026-03-12 00:00:00",NULL,,"BANK TRANSFER","2026-03-12 14:52:22","Job Mathew",NULL,NULL,NULL
"2919","2351788",,NULL,,,"52734.05","TDU26007G",NULL,"12","2026-03-06 00:00:00",NULL,,"BANK TRANSFER","2026-03-12 16:11:04","Job Mathew",NULL,NULL,NULL
"2920","2351762",,NULL,,,"3578","TDU25996G-20260312113219",NULL,"12","2026-03-12 16:25:22",NULL,,"FLYWIRE","2026-03-12 16:25:22","Flywire Automation",NULL,NULL,NULL
"2921","2355720","initial",NULL,NULL,"1361",NULL,NULL,NULL,,NULL,NULL,,,"2026-03-12 17:03:02","Hemant Dongrani",NULL,NULL,NULL
"2922","2354342",,NULL,,,"90","TDU34175-20260312194603",NULL,"12","2026-03-12 19:58:36",NULL,,"FLYWIRE","2026-03-12 19:58:36","Flywire Automation",NULL,NULL,NULL
"2923","2351479",,NULL,,,"12452","TDU25924G",NULL,"12","2026-03-13 00:00:00",NULL,,"BANK TRANSFER","2026-03-13 11:23:18","Job Mathew",NULL,NULL,NULL
"2924","2351762",,NULL,,,"1995","TDU25996G-20260312112832",NULL,"12","2026-03-13 13:35:40",NULL,,"FLYWIRE","2026-03-13 13:35:40","Flywire Automation",NULL,NULL,NULL
"2925","2351762",,NULL,,,"998","TDU25996G-20260312113308",NULL,"12","2026-03-13 14:17:33",NULL,,"FLYWIRE","2026-03-13 14:17:33","Flywire Automation",NULL,NULL,NULL
"2927","2351480",,NULL,,,"9000","TDU25925G",NULL,"12","2026-03-02 00:00:00",NULL,,"BANK TRANSFER","2026-03-13 16:34:59","Job Mathew",NULL,NULL,NULL
"2928","2351480",,NULL,,,"25509","TDU25925G",NULL,"12","2026-03-13 00:00:00",NULL,,"BANK TRANSFER","2026-03-13 16:35:24","Job Mathew",NULL,NULL,NULL
"2932","2355720",,NULL,,,"1331","TDU35240-20260313164027",NULL,"12","2026-03-14 22:45:52",NULL,,"FLYWIRE","2026-03-14 22:45:52","Flywire Automation",NULL,NULL,NULL
"2933","2354996",,NULL,,,"5732","TDU34691-20260310210149",NULL,"12","2026-03-15 03:26:41",NULL,,"FLYWIRE","2026-03-15 03:26:41","Flywire Automation",NULL,NULL,NULL
"2934","2355380",,NULL,,,"4388","TDU34996",NULL,"12","2026-03-16 00:00:00",NULL,,"BANK TRANSFER","2026-03-16 10:02:58","Job Mathew",NULL,NULL,NULL
"2939","2355716","initial",NULL,NULL,"1144",NULL,NULL,NULL,,NULL,NULL,,,"2026-03-16 16:23:05","Job Mathew",NULL,NULL,NULL
"2940","2354700","initial",NULL,NULL,"4538",NULL,NULL,NULL,,NULL,NULL,,,"2026-03-16 17:15:36","Mayur P",NULL,NULL,NULL
"2941","2354700",,NULL,,,"4508","TDU34459",NULL,"12","2026-03-16 00:00:00",NULL,,"BANK TRANSFER","2026-03-16 17:26:42","Job Mathew",NULL,NULL,NULL
"2942","2355247",,NULL,,,"1020","TDU34884",NULL,"12","2026-03-16 00:00:00",NULL,,"BANK TRANSFER","2026-03-16 17:27:54","Job Mathew",NULL,NULL,NULL
"2944","2354617","initial",NULL,NULL,"3760",NULL,NULL,NULL,,NULL,NULL,,,"2026-03-16 17:51:58","Job Mathew",NULL,NULL,NULL
"2945","2355223","initial",NULL,NULL,"15106",NULL,NULL,NULL,,NULL,NULL,,,"2026-03-16 18:18:37","Mayur P",NULL,NULL,NULL
"2948","2353781","final",NULL,NULL,"4040",NULL,NULL,NULL,,NULL,NULL,,,"2026-03-17 17:46:00","Job Mathew",NULL,NULL,NULL
"2949","2353726","initial",NULL,NULL,"3891",NULL,NULL,NULL,,NULL,NULL,,,"2026-03-17 18:23:10","Hemant Dongrani",NULL,NULL,NULL
"2952","2355035","final",NULL,NULL,"4160",NULL,NULL,NULL,,NULL,NULL,,,"2026-03-17 19:38:07","Hemant Dongrani",NULL,NULL,NULL
"2953","2354913",,NULL,,,"6446","TDU34631-20260317125539",NULL,"12","2026-03-17 21:51:51",NULL,,"FLYWIRE","2026-03-17 21:51:51","Flywire Automation",NULL,NULL,NULL
"2954","2354769",,NULL,,,"42690","TDU26687G",NULL,"12","2026-03-16 00:00:00",NULL,,"BANK TRANSFER","2026-03-18 09:48:13","Job Mathew",NULL,NULL,NULL
"2956","2351479",,NULL,,,"13377","TDU25924G",NULL,"12","2026-03-18 00:00:00",NULL,,"BANK TRANSFER","2026-03-18 10:57:57","Job Mathew",NULL,NULL,NULL
"2958","2351310",,NULL,,,"4784","TDU25869G",NULL,"12","2026-03-18 00:00:00",NULL,,"BANK TRANSFER","2026-03-18 14:25:14","Job Mathew",NULL,NULL,NULL
"2959","2355668",,NULL,,,"2030","TDU35197",NULL,"12","2026-03-18 00:00:00",NULL,,"BANK TRANSFER","2026-03-18 17:58:35","Job Mathew",NULL,NULL,NULL
"2961","2354608",,NULL,,,"1810","TDU34392",NULL,"12","2026-03-18 00:00:00",NULL,,"BANK TRANSFER","2026-03-19 10:34:38","Job Mathew",NULL,NULL,NULL
"2962","2355218",,NULL,,,"4906"," TDU34862",NULL,"12","2026-03-19 00:00:00",NULL,,"BANK TRANSFER","2026-03-19 10:57:01","Job Mathew",NULL,NULL,NULL
"2963","2355158",,NULL,,,"7220.39"," TDU34810",NULL,"12","2026-03-19 00:00:00",NULL,,"BANK TRANSFER","2026-03-19 10:59:30","Job Mathew",NULL,NULL,NULL
"2964","2355816","initial",NULL,NULL,"462",NULL,NULL,NULL,,NULL,NULL,,,"2026-03-19 12:34:28","Hemant Dongrani",NULL,NULL,NULL
"2966","2355775","initial",NULL,NULL,"4404",NULL,NULL,NULL,,NULL,NULL,,,"2026-03-20 09:43:10","Job Mathew",NULL,NULL,NULL
"2967","2355775",,NULL,,,"3741"," TDU35279",NULL,"12","2026-03-20 00:00:00",NULL,,"BANK TRANSFER","2026-03-20 09:43:52","Job Mathew",NULL,NULL,NULL
"2968","2355716",,NULL,,,"1114"," TDU35236",NULL,"12","2026-03-16 00:00:00",NULL,,"BANK TRANSFER","2026-03-20 09:44:59","Job Mathew",NULL,NULL,NULL
"2969","2355775",,NULL,,,"86"," TDU35279",NULL,"12","2026-03-16 00:00:00",NULL,,"BANK TRANSFER","2026-03-20 09:45:27","Job Mathew",NULL,NULL,NULL
"2971","2355247","initial",NULL,NULL,"8360",NULL,NULL,NULL,,NULL,NULL,,,"2026-03-20 15:15:38","Hemant Dongrani",NULL,NULL,NULL
"2972","2355247",,NULL,,,"1430"," TDU34884",NULL,"12","2026-03-19 00:00:00",NULL,,"BANK TRANSFER","2026-03-20 15:28:41","Job Mathew",NULL,NULL,NULL
"2973","2355223",,NULL,,,"3139"," TDU34867",NULL,"12","2026-03-20 00:00:00",NULL,,"BANK TRANSFER","2026-03-20 15:29:33","Job Mathew",NULL,NULL,NULL
"2974","2355775",,NULL,,,"547"," TDU35279",NULL,"12","2026-03-20 00:00:00",NULL,,"BANK TRANSFER","2026-03-20 15:31:08","Job Mathew",NULL,NULL,NULL
"2975","2354608",,NULL,,,"1810","TDU34392",NULL,"12","2026-03-18 00:00:00",NULL,,"Credit card","2026-03-20 15:33:37","Job Mathew",NULL,NULL,NULL
"2976","2355485","initial",NULL,NULL,"1812",NULL,NULL,NULL,,NULL,NULL,,,"2026-03-21 16:41:08","Hemant Dongrani",NULL,NULL,NULL
"2977","2355816",,NULL,"Direct Credit 526425 WORLDWIDE DMC LT",,"432","TDU35308",NULL,"12","2026-03-20 00:00:00",NULL,,"Bank Transfer - AU","2026-03-23 13:09:07","Job Mathew",NULL,NULL,NULL
"2978","2355668","initial",NULL,NULL,"2050",NULL,NULL,NULL,,NULL,NULL,,,"2026-03-23 13:44:32","Hemant Dongrani",NULL,NULL,NULL
"2979","2355218","initial",NULL,NULL,"4930",NULL,NULL,NULL,,NULL,NULL,,,"2026-03-23 13:47:37","Hemant Dongrani",NULL,NULL,NULL
"2980","2355158","initial",NULL,NULL,"7248",NULL,NULL,NULL,,NULL,NULL,,,"2026-03-23 13:47:46","Hemant Dongrani",NULL,NULL,NULL
"2981","2354159",,NULL,"POLARIS TRAVEL AND LEISURE COMPANY",,"26644.09","TDU34039",NULL,"12","2026-03-17 00:00:00",NULL,,"Bank Transfer - NZ","2026-03-23 15:02:10","Job Mathew",NULL,NULL,NULL
"2982","2354813","initial",NULL,NULL,"5595",NULL,NULL,NULL,,NULL,NULL,,,"2026-03-23 17:28:47","Dhiraj Salvi",NULL,NULL,NULL
"2984","2355158",,NULL,,,"1296","TDU34810-20260323173145",NULL,"12","2026-03-23 21:08:48",NULL,,"FLYWIRE","2026-03-23 21:08:48","Flywire Automation",NULL,NULL,NULL
"2985","2354458",,NULL,,,"96","TDU34264-20260323182258",NULL,"12","2026-03-23 22:07:24",NULL,,"FLYWIRE","2026-03-23 22:07:24","Flywire Automation",NULL,NULL,NULL
"2987","2354913","initial",NULL,NULL,"5805",NULL,NULL,NULL,,NULL,NULL,,,"2026-03-24 14:58:21","Hemant Dongrani",NULL,NULL,NULL
"2988","2351311",,NULL,"MENORAHTOURS LLP",,"1971.57","TDU25870G",NULL,"12","2026-03-24 00:00:00",NULL,,"Bank Transfer - NZ","2026-03-24 15:10:26","Job Mathew",NULL,NULL,NULL
"2989","2351311",,NULL,"Bank Charges",,"7.3","TDU25870G",NULL,"12","2026-03-24 00:00:00",NULL,,"Bank Charges","2026-03-24 15:11:49","Job Mathew",NULL,NULL,NULL
"2994","2351479","initial",NULL,NULL,"29478",NULL,NULL,NULL,,NULL,NULL,,,"2026-03-25 09:30:34","Job Mathew",NULL,NULL,NULL
"2997","2351480",,NULL,"BESTINATION HOLIDAYS PVT LTD",,"20405","TDU25925G",NULL,"12","2026-03-25 00:00:00",NULL,,"Bank Transfer - NZ","2026-03-25 12:48:53","Job Mathew",NULL,NULL,NULL
"2998","2351480","initial",NULL,NULL,"53724",NULL,NULL,NULL,,NULL,NULL,,,"2026-03-25 12:50:11","Job Mathew",NULL,NULL,NULL
"2999","2355779","initial",NULL,NULL,"1166",NULL,NULL,NULL,,NULL,NULL,,,"2026-03-25 14:01:28","Hemant Dongrani",NULL,NULL,NULL
"3004","2351310","initial",NULL,NULL,"59086",NULL,NULL,NULL,,NULL,NULL,,,"2026-03-26 12:35:25","Job Mathew",NULL,NULL,NULL
"3005","2355485",,NULL,"FLYREMIT PRIVATE LIMITED",,"1782","TDU35070",NULL,"12","2026-03-26 00:00:00",NULL,,"Bank Transfer - NZ","2026-03-26 13:51:09","Job Mathew",NULL,NULL,NULL
"3006","2355766",,NULL,"TRAVEL TROOPS GLOBAL PVT LTD",,"1785","TDU35275",NULL,"12","2026-03-24 00:00:00",NULL,,"Bank Transfer - AU","2026-03-26 15:05:16","Job Mathew",NULL,NULL,NULL
"3010","2354458",,NULL,,,"80","TDU34264-20260326154721",NULL,"12","2026-03-26 17:25:12",NULL,,"FLYWIRE","2026-03-26 17:25:12","Flywire Automation",NULL,NULL,NULL
"3012","2351788",,NULL,,,"1863","TDU26007G-20260326103436",NULL,"12","2026-03-27 12:47:40",NULL,,"FLYWIRE","2026-03-27 12:47:40","Flywire Automation",NULL,NULL,NULL
"3016","2355264",,NULL,,,"2500","TDU34897-20260327205116",NULL,"12","2026-03-27 21:42:53",NULL,,"FLYWIRE","2026-03-27 21:42:53","Flywire Automation",NULL,NULL,NULL
"3017","2355766","initial",NULL,NULL,"1795",NULL,NULL,NULL,,NULL,NULL,,,"2026-03-28 16:36:14","Hemant Dongrani",NULL,NULL,NULL
"3018","2355264",,NULL,,,"2500","TDU34897-20260328200811",NULL,"12","2026-03-28 20:12:17",NULL,,"FLYWIRE","2026-03-28 20:12:17","Flywire Automation",NULL,NULL,NULL
"3019","2352137",,NULL,"1/CARINE GANABES APOLINARIO",,"69162","TDU26106G",NULL,"12","2026-03-27 00:00:00",NULL,,"Bank Transfer - NZ","2026-03-30 11:03:15","Job Mathew",NULL,NULL,NULL
"3020","2352290",,NULL,"Flywire",,"12000","TDU26147G",NULL,"12","2026-03-24 00:00:00",NULL,,"Bank Transfer - AU","2026-03-30 11:06:25","Job Mathew",NULL,NULL,NULL
"3021","2351788","initial",NULL,NULL,"53656",NULL,NULL,NULL,,NULL,NULL,,,"2026-03-30 11:22:40","Job Mathew",NULL,NULL,NULL
"3022","2354768","initial",NULL,NULL,"36757",NULL,NULL,NULL,,NULL,NULL,,,"2026-03-30 11:29:36","Job Mathew",NULL,NULL,NULL
"3023","2354769","initial",NULL,NULL,"44093",NULL,NULL,NULL,,NULL,NULL,,,"2026-03-30 11:31:01","Job Mathew",NULL,NULL,NULL
"3024","2354768",,NULL,"FOODIES EVENT AND HOLIDAYS",,"36566","TDU26686G",NULL,"12","2026-03-30 00:00:00",NULL,,"Bank Transfer - AU","2026-03-30 11:35:08","Job Mathew",NULL,NULL,NULL
"3028","2355779",,NULL,"FCM TRAVEL SOLUTIONS (INDIA) PRIVAT",,"1166","TDU35281",NULL,"12","2026-03-31 00:00:00",NULL,,"Bank Transfer - AU","2026-03-31 15:31:47","Job Mathew",NULL,NULL,NULL
"3029","2354813",,NULL,"Fast Transfer From KEYURKUMAR PATEL",,"3594","TDU34549",NULL,"12","2026-03-31 00:00:00",NULL,,"Bank Transfer - NZ","2026-03-31 16:47:23","Job Mathew",NULL,NULL,NULL
"3030","2352857","final",NULL,NULL,"8604",NULL,NULL,NULL,,NULL,NULL,,,"2026-03-31 16:56:58","Job Mathew",NULL,NULL,NULL
"3031","2353772",,NULL,"TDU32999 -  Credit note",,"2726","TDU33733",NULL,"12","2026-03-31 00:00:00",NULL,,"Credit note","2026-03-31 16:58:17","Job Mathew",NULL,NULL,NULL
"3034","2353772","initial",NULL,NULL,"8580",NULL,NULL,NULL,,NULL,NULL,,,"2026-03-31 20:22:48","Hemant Dongrani",NULL,NULL,NULL
"3035","2353772","final",NULL,NULL,"8550",NULL,NULL,NULL,,NULL,NULL,,,"2026-03-31 20:23:02","Hemant Dongrani",NULL,NULL,NULL
"3038","2355786","initial",NULL,NULL,"18858",NULL,NULL,NULL,,NULL,NULL,,,"2026-04-01 09:53:55","Chamodi Dahanayake",NULL,NULL,NULL
"3039","2355225","initial",NULL,NULL,"9786",NULL,NULL,NULL,,NULL,NULL,,,"2026-04-01 10:00:24","Chamodi Dahanayake",NULL,NULL,NULL
"3043","2354067","initial",NULL,NULL,"18950",NULL,NULL,NULL,,NULL,NULL,,,"2026-04-01 12:37:13","Chamodi Dahanayake",NULL,NULL,NULL
"3044","2355981","initial",NULL,NULL,"438",NULL,NULL,NULL,,NULL,NULL,,,"2026-04-01 14:40:48","Manthan Soni",NULL,NULL,NULL
"3045","2355981","final",NULL,NULL,"408",NULL,NULL,NULL,,NULL,NULL,,,"2026-04-01 14:40:56","Manthan Soni",NULL,NULL,NULL
"3049","2355999","initial",NULL,NULL,"438",NULL,NULL,NULL,,NULL,NULL,,,"2026-04-01 15:20:46","Manthan Soni",NULL,NULL,NULL
"3052","2354373","initial",NULL,NULL,"5762",NULL,NULL,NULL,,NULL,NULL,,,"2026-04-01 22:40:54","Hemant Dongrani",NULL,NULL,NULL
"3053","2356002","initial",NULL,NULL,"1570",NULL,NULL,NULL,,NULL,NULL,,,"2026-04-01 23:58:53","Harsh Purswani",NULL,NULL,NULL
"3054","2356002",,NULL,,,"1540","TDU35446-20260402000117",NULL,"12","2026-04-02 00:45:58",NULL,,"FLYWIRE","2026-04-02 00:45:58","Flywire Automation",NULL,NULL,NULL
"3056","2355879",,NULL,"	
Pragati Banvir",,"1780","TDU35359",NULL,"12","2026-04-02 00:00:00",NULL,,"Flywire","2026-04-02 09:21:13","Job Mathew",NULL,NULL,NULL
"3057","2355879",,NULL,"Mehul Mistry",,"250","TDU35359",NULL,"12","2026-04-01 00:00:00",NULL,,"Flywire","2026-04-02 09:22:13","Job Mathew",NULL,NULL,NULL
"3058","2353772",,NULL,"Magesh Arya",,"2407","TDU33733",NULL,"12","2026-04-01 00:00:00",NULL,,"Flywire","2026-04-02 09:27:16","Job Mathew",NULL,NULL,NULL
"3059","2353951","initial",NULL,NULL,"53790",NULL,NULL,NULL,,NULL,NULL,,,"2026-04-02 11:10:04","Chamodi Dahanayake",NULL,NULL,NULL
"3063","2355573","initial",NULL,NULL,"3300",NULL,NULL,NULL,,NULL,NULL,,,"2026-04-03 17:34:46","Mayur P",NULL,NULL,NULL
"3064","2355776","initial",NULL,NULL,"1684",NULL,NULL,NULL,,NULL,NULL,,,"2026-04-06 19:17:42","Hemant Dongrani",NULL,NULL,NULL
"3065","2355647","initial",NULL,NULL,"4558",NULL,NULL,NULL,,NULL,NULL,,,"2026-04-07 09:31:39","Chamodi Dahanayake",NULL,NULL,NULL
"3066","2352255","initial",NULL,NULL,"55022",NULL,NULL,NULL,,NULL,NULL,,,"2026-04-07 12:32:00","Chamodi Dahanayake",NULL,NULL,NULL
"3067","2352264","initial",NULL,NULL,"4126",NULL,NULL,NULL,,NULL,NULL,,,"2026-04-07 12:54:59","Chamodi Dahanayake",NULL,NULL,NULL
"3068","2354997","initial",NULL,NULL,"46320",NULL,NULL,NULL,,NULL,NULL,,,"2026-04-07 13:00:10","Chamodi Dahanayake",NULL,NULL,NULL
"3070","2354813",,NULL,"03/04/2026	Fast Transfer From KEYURKUMAR PATEL	1700",,"2061","TDU34549",NULL,"12","2026-04-03 00:00:00",NULL,,"Bank Transfer - AU","2026-04-07 15:37:53","Job Mathew",NULL,NULL,NULL
"3071","2355786",,NULL,"01/04/2026	Fast Transfer From DHRUVI PATEL	5000",,"6063","TDU26937G",NULL,"12","2026-04-01 00:00:00",NULL,,"Bank Transfer - AU","2026-04-07 15:39:28","Job Mathew",NULL,NULL,NULL
"3072","2355786",,NULL,"02/04/2026	Fast Transfer From JAL PATEL	4500",,"5456","TDU26937G",NULL,"12","2026-04-02 00:00:00",NULL,,"Bank Transfer - AU","2026-04-07 15:39:54","Job Mathew",NULL,NULL,NULL
"3073","2355786",,NULL,"03/04/2026	Fast Transfer From MR JUGAL KANTIBHAI CH	750",,"909","TDU26937G",NULL,"12","2026-04-03 00:00:00",NULL,,"Bank Transfer - AU","2026-04-07 15:40:18","Job Mathew",NULL,NULL,NULL
"3074","2354568","initial",NULL,NULL,"24902",NULL,NULL,NULL,,NULL,NULL,,,"2026-04-07 16:33:44","Chamodi Dahanayake",NULL,NULL,NULL
"3075","2355879",,NULL,"06/04/2026	Fast Transfer From RMP CLEANING SERVICES	7937	2985(3620)",,"3620","TDU35359",NULL,"12","2026-04-06 00:00:00",NULL,,"Bank Transfer - AU","2026-04-07 17:39:57","Job Mathew",NULL,NULL,NULL
"3076","2352137","initial",NULL,NULL,"70870",NULL,NULL,NULL,,NULL,NULL,,,"2026-04-08 09:52:51","Maharshi Mankodi",NULL,NULL,NULL
"3077","2355731",,NULL,"07/04/2026 Fast Transfer From RMP CLEANING SERVICES Trf 8418",,"8418","TDU35250",NULL,"12","2026-04-07 00:00:00",NULL,,"Bank Transfer - AU","2026-04-08 14:58:52","Job Mathew",NULL,NULL,NULL
"3078","2355585","initial",NULL,NULL,"3220",NULL,NULL,NULL,,NULL,NULL,,,"2026-04-08 14:58:57","Mayur P",NULL,NULL,NULL
"3079","2355585",,NULL,"06/04/2026	Fast Transfer From RMP CLEANING SERVICES	7937",,"3190","TDU35134 ",NULL,"12","2026-04-06 00:00:00",NULL,,"Bank Transfer - AU","2026-04-08 15:18:56","Job Mathew",NULL,NULL,NULL
"3082","2355731",,NULL,"06/04/2026	Fast Transfer From RMP CLEANING SERVICES	7937",,"2322","TDU35250",NULL,"12","2026-04-06 00:00:00",NULL,,"Bank Transfer - AU","2026-04-08 15:21:07","Job Mathew",NULL,NULL,NULL
"3083","2355647",,NULL,,,"4558","TDU35180-20260408154504",NULL,"12","2026-04-08 16:53:48",NULL,,"FLYWIRE","2026-04-08 16:53:48","Flywire Automation",NULL,NULL,NULL
"3084","2356110","initial",NULL,NULL,"1292",NULL,NULL,NULL,,NULL,NULL,,,"2026-04-08 17:55:15","Maharshi Mankodi",NULL,NULL,NULL
"3086","2351762",,NULL,"9/04/2026	FAMYA TRAVEL CORPORATION  27288",,"27288","TDU25996G",NULL,"12","2026-04-09 00:00:00",NULL,,"Bank Transfer - AU","2026-04-09 10:40:12","Job Mathew",NULL,NULL,NULL
"3088","2351762",,NULL,"9/04/2026    FAMYA TRAVEL CORPORATION    24000",,"24000","TDU25996G",NULL,"12","2026-04-09 00:00:00",NULL,,"Bank Transfer - AU","2026-04-09 10:41:08","Job Mathew",NULL,NULL,NULL
"3090","2355388","initial",NULL,NULL,"29248",NULL,NULL,NULL,,NULL,NULL,,,"2026-04-09 10:43:18","Chamodi Dahanayake",NULL,NULL,NULL
"3095","2355916","initial",NULL,NULL,"592",NULL,NULL,NULL,,NULL,NULL,,,"2026-04-09 11:00:51","Chamodi Dahanayake",NULL,NULL,NULL
"3097","2355982","initial",NULL,NULL,"1598",NULL,NULL,NULL,,NULL,NULL,,,"2026-04-09 11:21:22","Maharshi Mankodi",NULL,NULL,NULL
"3099","2355573",,NULL,"TDU35124",,"1300","TDU35124",NULL,"12","2026-03-26 00:00:00",NULL,,"Bank Transfer - NZ","2026-04-09 12:56:50","Job Mathew",NULL,NULL,NULL
"3100","2351762","initial",NULL,NULL,"56622",NULL,NULL,NULL,,NULL,NULL,,,"2026-04-09 13:16:44","Chamodi Dahanayake",NULL,NULL,NULL
"3102","2355573",,NULL,"8/04/2026 FLYREMIT PRIVATE LIMITED TO 1970 - TDU35124",,"1970","TDU35124",NULL,"12","2026-04-08 00:00:00",NULL,,"Bank Transfer - NZ","2026-04-10 15:04:51","Job Mathew",NULL,NULL,NULL
"3104","2355731","initial",NULL,NULL,"11510",NULL,NULL,NULL,,NULL,NULL,,,"2026-04-10 15:56:47","Mayur P",NULL,NULL,NULL
"3105","2354685",,NULL,,,"4270","TDU34448 - CFS2600064",NULL,"12","2026-04-10 00:00:00",NULL,,"BFN - CFS2600064","2026-04-10 16:37:06","Job Mathew",NULL,NULL,NULL
"3106","2355255",,NULL,"9/04/2026  Fast Transfer From PATEL SUNILKUMAR D 4817",,"4817","TDU34890",NULL,"12","2026-04-09 00:00:00",NULL,,"Bank Transfer - AU","2026-04-10 17:56:11","Job Mathew",NULL,NULL,NULL
"3107","2355731",,NULL,,,"740","TDU35250-20260410175834",NULL,"12","2026-04-10 18:40:22",NULL,,"FLYWIRE","2026-04-10 18:40:22","Flywire Automation",NULL,NULL,NULL
"3108","2355255","initial",NULL,NULL,"8154",NULL,NULL,NULL,,NULL,NULL,,,"2026-04-10 20:31:24","Mayur P",NULL,NULL,NULL
"3109","2355879",,NULL,,,"220","TDU35359-20260411171511",NULL,"12","2026-04-11 19:30:23",NULL,,"FLYWIRE","2026-04-11 19:30:23","Flywire Automation",NULL,NULL,NULL
"3111","2355982",,NULL,"Direct Credit 526425 WORLDWIDE DMC LT",,"1568","TDU26983G",NULL,"12","2026-04-13 00:00:00",NULL,,"Bank Transfer - AU","2026-04-13 14:53:50","Job Mathew",NULL,NULL,NULL
"3113","2355255",,NULL,"Fast Transfer From BHUMIKABEN PATEL",,"3307","TDU34890",NULL,"12","2026-04-13 00:00:00",NULL,,"Bank Transfer - AU","2026-04-13 14:58:55","Job Mathew",NULL,NULL,NULL
"3114","2355460","final",NULL,NULL,"5240",NULL,NULL,NULL,,NULL,NULL,,,"2026-04-13 18:14:35","Job Mathew",NULL,NULL,NULL
"3115","2355460",,NULL,,,"1905","TDU26843G",NULL,"12","2026-03-11 00:00:00",NULL,,"Bank Transfer - AU","2026-04-13 18:29:22","Job Mathew",NULL,NULL,NULL
"3117","2355999",,NULL,"JSK Digital",,"408","TDU35443",NULL,"12","2026-04-01 00:00:00",NULL,,"Bank Transfer - AU","2026-04-14 15:05:51","Job Mathew",NULL,NULL,NULL
"3118","2355825",,NULL,"13/04/2026	Fast Transfer from BHUMIKABEN PATEL 943",,"943","TDU35316",NULL,"12","2026-04-14 00:00:00",NULL,,"Bank Transfer - AU","2026-04-14 17:09:00","Job Mathew",NULL,NULL,NULL
"3121","2355024","initial",NULL,NULL,"57793",NULL,NULL,NULL,,NULL,NULL,,,"2026-04-15 12:21:27","Chamodi Dahanayake",NULL,NULL,NULL
"3122","2355024","initial",NULL,NULL,"57793",NULL,NULL,NULL,,NULL,NULL,,,"2026-04-15 12:21:30","Chamodi Dahanayake",NULL,NULL,NULL
"3123","2355024","initial",NULL,NULL,"57793",NULL,NULL,NULL,,NULL,NULL,,,"2026-04-15 12:22:28","Chamodi Dahanayake",NULL,NULL,NULL
"3128","2355099",,NULL,"15/04/2026  FLYREMIT PRIVATE LIMITED TO $25,568",,"25568","TDU26766G",NULL,"12","2026-04-15 00:00:00",NULL,,"Bank Transfer - AU","2026-04-15 17:20:37","Job Mathew",NULL,NULL,NULL
"3135","2355647",,NULL,,,"1400","TDU35180-20260417102720",NULL,"12","2026-04-17 15:11:01",NULL,,"FLYWIRE","2026-04-17 15:11:01","Flywire Automation",NULL,NULL,NULL
"3136","2356193","initial",NULL,NULL,"2844",NULL,NULL,NULL,,NULL,NULL,,,"2026-04-17 16:54:46","Job Mathew",NULL,NULL,NULL
"3137","2356193",,NULL,"17/04/2026 FLYREMIT PRIVATE LIMITED 5916",,"2814","TDU35585",NULL,"12","2026-04-17 00:00:00",NULL,,"Bank Transfer - AU","2026-04-17 16:55:19","Job Mathew",NULL,NULL,NULL
"3139","2356059",,NULL,"17/04/2026 FLYREMIT PRIVATE LIMITED 5916",,"3102","TDU35492",NULL,"12","2026-04-17 00:00:00",NULL,,"Bank Transfer - AU","2026-04-17 16:59:42","Job Mathew",NULL,NULL,NULL
"3142","2356241","initial",NULL,NULL,"84",NULL,NULL,NULL,,NULL,NULL,,,"2026-04-17 20:39:06","Hemant Dongrani",NULL,NULL,NULL
"3143","2356240","initial",NULL,NULL,"206",NULL,NULL,NULL,,NULL,NULL,,,"2026-04-17 20:48:30","Hemant Dongrani",NULL,NULL,NULL
"3146","2355879","initial",NULL,NULL,"5874",NULL,NULL,NULL,,NULL,NULL,,,"2026-04-19 13:45:42","Manthan Soni",NULL,NULL,NULL
"3148","2355277","initial",NULL,NULL,"3277",NULL,NULL,NULL,,NULL,NULL,,,"2026-04-19 17:10:29","Mayur P",NULL,NULL,NULL
"3151","2356260","initial",NULL,NULL,"3345",NULL,NULL,NULL,,NULL,NULL,,,"2026-04-20 15:13:28","Manthan Soni",NULL,NULL,NULL
"3152","2355825","initial",NULL,NULL,"1074",NULL,NULL,NULL,,NULL,NULL,,,"2026-04-20 15:49:36","Manthan Soni",NULL,NULL,NULL
"3154","2356059","initial",NULL,NULL,"2295",NULL,NULL,NULL,,NULL,NULL,,,"2026-04-20 17:12:57","Manthan Soni",NULL,NULL,NULL
"3156","2355295","initial",NULL,NULL,"20803",NULL,NULL,NULL,,NULL,NULL,,,"2026-04-21 14:49:19","Chamodi Dahanayake",NULL,NULL,NULL
"3159","2356182",,NULL,"18/04/2026	Fast Transfer From SWAPNIL PANDIT	2825",,"2825","TDU35580",NULL,"12","2026-04-21 00:00:00",NULL,,"Bank Transfer - AU","2026-04-21 15:10:14","Job Mathew",NULL,NULL,NULL
"3160","2356182",,NULL,"18/04/2026	Fast Transfer From SWAPNIL PANDIT	2825",,"2825","TDU35580",NULL,"12","2026-04-21 00:00:00",NULL,,"Bank Transfer - AU","2026-04-21 15:10:15","Job Mathew",NULL,NULL,NULL
"3163","2356061",,NULL,"FLYREMIT PRIVATE LIMITED TO",,"7296","TDU35494",NULL,"12","2026-04-18 00:00:00",NULL,,"Bank Transfer -NZ","2026-04-21 15:51:14","Job Mathew",NULL,NULL,NULL
"3165","2356260",,NULL,"FLYREMIT PRIVATE LIMITED TO",,"3315","TDU35639",NULL,"12","2026-04-18 00:00:00",NULL,,"Bank Transfer - NZ","2026-04-21 15:53:56","Job Mathew",NULL,NULL,NULL
"3166","2356182","initial",NULL,NULL,"3329",NULL,NULL,NULL,,NULL,NULL,,,"2026-04-22 10:22:55","Manthan Soni",NULL,NULL,NULL
"3168","2356061","initial",NULL,NULL,"7326",NULL,NULL,NULL,,NULL,NULL,,,"2026-04-22 13:11:57","Manthan Soni",NULL,NULL,NULL
"3169","2354295","initial",NULL,NULL,"18534",NULL,NULL,NULL,,NULL,NULL,,,"2026-04-22 16:19:05","Job Mathew",NULL,NULL,NULL
"3170","2354295","final",NULL,NULL,"16722.75",NULL,NULL,NULL,,NULL,NULL,,,"2026-04-22 16:20:07","Job Mathew",NULL,NULL,NULL
"3171","2355277",,NULL,"18/04/2026	Fast Transfer from MANISHKUMAR	2000",,"1466","TDU34910",NULL,"12","2026-04-18 00:00:00",NULL,,"Bank Transfer - AU","2026-04-22 16:21:24","Job Mathew",NULL,NULL,NULL
"3172","2355277",,NULL,"Credit note - TDU34135",,"1781","TDU34910 ",NULL,"12","2026-04-22 00:00:00",NULL,,"Credit note","2026-04-22 16:22:26","Job Mathew",NULL,NULL,NULL
"3173","2355033",,NULL,"07/03/2026	Fast Transfer From KISHAN BALDEVBHAI LOR	1360",,"1620","TDU34723",NULL,"12","2026-03-07 00:00:00",NULL,,"Bank Transfer - AU","2026-04-22 16:25:47","Job Mathew",NULL,NULL,NULL
"3174","2355033",,NULL,"18/04/2026	Fast Transfer From MANISHKUMAR 534",,"645","TDU34723",NULL,"12","2026-04-18 00:00:00",NULL,,"Bank Transfer - AU","2026-04-22 16:26:22","Job Mathew",NULL,NULL,NULL
"3175","2355033",,NULL,"17/04/2026	Fast Transfer From MANU LOGISTICS PTY LI	156",,"189","TDU34723",NULL,"12","2026-04-17 00:00:00",NULL,,"Bank Transfer - AU","2026-04-22 16:27:24","Job Mathew",NULL,NULL,NULL
"3176","2355033",,NULL,"17/04/2026	Fast Transfer From GURJEET SINGH SIVIA	6",,"6","TDU34723",NULL,"12","2026-04-17 00:00:00",NULL,,"Bank Transfer - AU","2026-04-22 16:28:52","Job Mathew",NULL,NULL,NULL
"3178","2354159","initial",NULL,NULL,"31773",NULL,NULL,NULL,,NULL,NULL,,,"2026-04-22 16:36:27","Manthan Soni",NULL,NULL,NULL
"3179","2355919","initial",NULL,NULL,"21805",NULL,NULL,NULL,,NULL,NULL,,,"2026-04-23 09:23:54","Chamodi Dahanayake",NULL,NULL,NULL
"3180","2355295",,NULL,"Fast Transfer From MR AVINASH	10000",,"12110","TDU34927",NULL,"12","2026-04-22 00:00:00",NULL,,"Bank Transfer - AU","2026-04-23 09:29:02","Job Mathew",NULL,NULL,NULL
"3181","2355295",,NULL,"22/04/2026	Fast Transfer From AVinash CREDIT TO ACCOUNT	4400",,"5330","TDU34927",NULL,"12","2026-04-22 00:00:00",NULL,,"Bank Transfer - AU","2026-04-23 09:29:41","Job Mathew",NULL,NULL,NULL
"3185","2355247","final",NULL,NULL,"7714",NULL,NULL,NULL,,NULL,NULL,,,"2026-04-23 16:45:53","Job Mathew",NULL,NULL,NULL
"3186","2355033",,NULL,"TDU34927",,"1184","TDU34927",NULL,"12","2026-04-23 00:00:00",NULL,,"Flywire","2026-04-23 16:51:45","Job Mathew",NULL,NULL,NULL
"3187","2355825",,NULL,"TDU35315",,"101","TDU35315",NULL,"12","2026-04-23 00:00:00",NULL,,"Flywire","2026-04-23 16:53:00","Job Mathew",NULL,NULL,NULL
"3188","2356240",,NULL,"TDU35622",,"176","TDU35622",NULL,"12","2026-04-17 00:00:00",NULL,,"Flywire","2026-04-23 16:56:39","Job Mathew",NULL,NULL,NULL
"3190","2355877",,NULL,,,"7800","TDU26954G-20260423183650",NULL,"12","2026-04-23 18:56:09",NULL,,"FLYWIRE","2026-04-23 18:56:09","Flywire Automation",NULL,NULL,NULL
"3192","2356110",,NULL,"TDU34188 - Credit note",,"656","TDU35528 ",NULL,"12","2026-04-24 00:00:00",NULL,,"Credit note","2026-04-24 09:26:59","Job Mathew",NULL,NULL,NULL
"3193","2356110",,NULL,"COMMONWEALTH TRAVEL SERVICE CORPORA",,"628","TDU35528",NULL,"12","2026-04-21 00:00:00",NULL,,"Bank Transfer - AU","2026-04-24 09:27:53","Job Mathew",NULL,NULL,NULL
"3194","2355824",,NULL,"23/04/2026	 FLYREMIT PRIVATE LIMITED TO     4644",,"4644","TDU35315",NULL,"12","2026-04-23 00:00:00",NULL,,"Bank Transfer - NZ","2026-04-24 15:48:13","Job Mathew",NULL,NULL,NULL
"3196","2356240",,NULL,,,"2310","TDU35622-20260424205621",NULL,"12","2026-04-24 21:30:39",NULL,,"FLYWIRE","2026-04-24 21:30:39","Flywire Automation",NULL,NULL,NULL
"3199","2355295",,NULL,"22/04/2026	Fast Transfer From rohit	1000",,"1218","TDU34927",NULL,"12","2026-04-22 00:00:00",NULL,,"Bank Transfer - AU","2026-04-27 14:53:38","Job Mathew",NULL,NULL,NULL
"3201","2355190",,NULL,"23/04/2026	Fast Transfer From MAYUR PATEL	8516",,"10373","TDU34837",NULL,"12","2026-04-23 00:00:00",NULL,,"Bank Transfer - AU","2026-04-27 16:19:23","Job Mathew",NULL,NULL,NULL
"3213","2355712",,NULL,"28/04/2026	BANJARA TRAVEL PRIVATE LIMITED	2332",,"2332","TDU35232",NULL,"12","2026-04-28 00:00:00",NULL,,"Bank Transfer - AU","2026-04-28 15:02:29","Job Mathew",NULL,NULL,NULL
"3214","2355713",,NULL,"28/04/2026	BANJARA TRAVEL PRIVATE LIMITED	1356.44",,"1356.44","TDU35233",NULL,"12","2026-04-28 00:00:00",NULL,,"Bank Transfer - NZ","2026-04-28 15:04:46","Job Mathew",NULL,NULL,NULL
"3219","2355712","initial",NULL,NULL,"2356",NULL,NULL,NULL,,NULL,NULL,,,"2026-04-28 15:39:54","Manthan Soni",NULL,NULL,NULL
"3220","2356240","final",NULL,NULL,"2171",NULL,NULL,NULL,,NULL,NULL,,,"2026-04-28 16:24:59","Job Mathew",NULL,NULL,NULL
"3222","2356232","initial",NULL,NULL,"7285",NULL,NULL,NULL,,NULL,NULL,,,"2026-04-28 17:09:46","Manthan Soni",NULL,NULL,NULL
"3225","2355263","initial",NULL,NULL,"4168",NULL,NULL,NULL,,NULL,NULL,,,"2026-04-28 18:03:37","Manthan Soni",NULL,NULL,NULL
"3231","2356073",,NULL,"28/04/2026	SMILES PER MILES PRIVATE LTD	9695",,"9695","TDU27006G",NULL,"12","2026-04-28 00:00:00",NULL,,"Bank Transfer - AU","2026-04-29 12:31:00","Job Mathew",NULL,NULL,NULL
"3232","2354598",,NULL,"TDU34384",,"2918","29/04/2026	URBAN VENTURES	2918",NULL,"12","2026-04-30 00:00:00",NULL,,"Bank Transfer - AU","2026-04-29 15:02:14","Job Mathew",NULL,NULL,NULL
"3233","2354575","initial",NULL,NULL,"6750",NULL,NULL,NULL,,NULL,NULL,,,"2026-04-29 15:24:14","Mayur P",NULL,NULL,NULL
"3244","2356063","initial",NULL,NULL,"35946",NULL,NULL,NULL,,NULL,NULL,,,"2026-04-30 15:46:56","Maharshi Mankodi",NULL,NULL,NULL
"3245","2355824",,NULL,"TDU35315",,"101","TDU35315",NULL,"12","2026-04-23 00:00:00",NULL,,"Flywire","2026-04-30 15:58:16","Job Mathew",NULL,NULL,NULL
"3246","2354685","initial",NULL,NULL,"4428",NULL,NULL,NULL,,NULL,NULL,,,"2026-04-30 16:36:36","Manthan Soni",NULL,NULL,NULL
"3247","2356232",,NULL,"30/04/2026 Fast Transfer From SHUBAM BAJAJ 7300",,"7300","TDU35615",NULL,"12","2026-04-30 00:00:00",NULL,,"Bank Transfer - AU","2026-04-30 16:54:02","Job Mathew",NULL,NULL,NULL
"3249","2355538","initial",NULL,NULL,"4770",NULL,NULL,NULL,,NULL,NULL,,,"2026-05-01 13:04:46","Manthan Soni",NULL,NULL,NULL
"3250","2356387","initial",NULL,NULL,"5105",NULL,NULL,NULL,,NULL,NULL,,,"2026-05-01 16:13:56","Manthan Soni",NULL,NULL,NULL
"3251","2356387",,NULL,"TDU35737",,"5075","TDU35737",NULL,"12","2026-05-01 00:00:00",NULL,,"BFN - CFT2602195","2026-05-01 16:16:13","Job Mathew",NULL,NULL,NULL
"3255","2355967",,NULL,"Fast Transfer From NIRAVKUMAR PATEL",,"7022","TDU35424",NULL,"12","2026-05-01 00:00:00",NULL,,"Bank Transfer - AU","2026-05-01 18:16:27","Job Mathew",NULL,NULL,NULL
"3259","2355877","initial",NULL,NULL,"7194",NULL,NULL,NULL,,NULL,NULL,,,"2026-05-04 10:12:24","Manthan Soni",NULL,NULL,NULL
"3261","2355295",,NULL,"21/04/2026	Fast Transfer Mr Avinash Brahmbhatt	1000",,"1022","TDU34927 ",NULL,"12","2026-05-21 00:00:00",NULL,,"Bank Transfer - AU","2026-05-04 13:05:40","Job Mathew",NULL,NULL,NULL
"3263","2355907","initial",NULL,NULL,"7967",NULL,NULL,NULL,,NULL,NULL,,,"2026-05-04 15:01:37","Job Mathew",NULL,NULL,NULL
"3264","2355907",,NULL,"04/05/2026	FLYREMIT PRIVATE LIMITED	7937",,"7937","TDU35379",NULL,"12","2026-05-04 00:00:00",NULL,,"Bank Transfer - AU","2026-05-04 15:03:56","Job Mathew",NULL,NULL,NULL
"3265","2356241",,NULL,"04/05/2026	1/MAKEMYTRIP (INDIA) PRIVATE LIMITE	52452",,"60","TDU35623",NULL,"12","2026-05-04 00:00:00",NULL,,"Bank Transfer - AU","2026-05-04 15:04:57","Job Mathew",NULL,NULL,NULL
"3267","2356445","initial",NULL,NULL,"84",NULL,NULL,NULL,,NULL,NULL,,,"2026-05-04 15:38:11","Hemant Dongrani",NULL,NULL,NULL
"3268","2356448","initial",NULL,NULL,"111",NULL,NULL,NULL,,NULL,NULL,,,"2026-05-04 15:40:58","Hemant Dongrani",NULL,NULL,NULL
"3270","2355459",,NULL,"04/05/2026	FLYREMIT PRIVATE LIMITED	13438",,"13438","TDU35051",NULL,"12","2026-05-04 00:00:00",NULL,,"Bank Transfer - AU","2026-05-04 17:38:29","Job Mathew",NULL,NULL,NULL
"3271","2355967","initial",NULL,NULL,"6934",NULL,NULL,NULL,,NULL,NULL,,,"2026-05-04 17:55:55","Manthan Soni",NULL,NULL,NULL
"3274","2356059",,NULL,,,"115","TDU35492-20260505170552",NULL,"12","2026-05-05 17:46:46",NULL,,"FLYWIRE","2026-05-05 17:46:46","Flywire Automation",NULL,NULL,NULL
"3277","2356364",,NULL,"FLYREMIT PRIVATE LIMITED TO",,"13698","TDU35722",NULL,"12","2026-05-06 00:00:00",NULL,,"Bank Transfer - AU","2026-05-06 10:16:05","Job Mathew",NULL,NULL,NULL
"3280","2354863",,NULL,"FLYREMIT PRIVATE LIMITED TO",,"5330","TDU34593",NULL,"12","2026-05-05 00:00:00",NULL,,"Bank Transfer - AU","2026-05-06 10:53:58","Job Mathew",NULL,NULL,NULL
"3283","2354710","initial",NULL,NULL,"2540",NULL,NULL,NULL,,NULL,NULL,,,"2026-05-06 11:37:12","Chamodi Dahanayake",NULL,NULL,NULL
"3284","2355824","initial",NULL,NULL,"4530",NULL,NULL,NULL,,NULL,NULL,,,"2026-05-06 11:38:24","Manthan Soni",NULL,NULL,NULL
"3288","2356083",,NULL,"06/05/2026	FLYREMIT PRIVATE LIMITED TO	",,"5808","TDU35510",NULL,"12","2026-05-06 00:00:00",NULL,,"Bank Transfer - AU","2026-05-06 16:47:03","Job Mathew",NULL,NULL,NULL
"3289","2355728",,NULL,"30/04/2026	NEELESH KOTHARI",,"6622.37","TDU35247",NULL,"12","2026-04-30 00:00:00",NULL,,"Bank Transfer - NZ","2026-05-06 16:48:24","Job Mathew",NULL,NULL,NULL
"3290","2356507","initial",NULL,NULL,"2830",NULL,NULL,NULL,,NULL,NULL,,,"2026-05-07 09:40:21","Maharshi Mankodi",NULL,NULL,NULL
"3293","2356282","initial",NULL,NULL,"742",NULL,NULL,NULL,,NULL,NULL,,,"2026-05-07 11:53:37","Job Mathew",NULL,NULL,NULL
"3294","2356282",,NULL,"Fast Transfer From SHUBHAM NAGRALAWALA",,"713"," TDU35659",NULL,"12","2026-05-07 00:00:00",NULL,,"Bank Transfer - AU","2026-05-07 11:54:07","Job Mathew",NULL,NULL,NULL
"3295","2355728","initial",NULL,NULL,"6602",NULL,NULL,NULL,,NULL,NULL,,,"2026-05-07 11:54:42","Manthan Soni",NULL,NULL,NULL
"3296","2355459","initial",NULL,NULL,"13174",NULL,NULL,NULL,,NULL,NULL,,,"2026-05-07 11:59:30","Manthan Soni",NULL,NULL,NULL
"3297","2355538",,NULL,"Fast Transfer From PATEL DARSHANKUMAR",,"4743"," TDU35098",NULL,"12","2026-05-07 00:00:00",NULL,,"Bank Transfer - AU","2026-05-07 14:52:13","Job Mathew",NULL,NULL,NULL
"3299","2356409",,NULL,"TDU35749",,"2322","BFN-CFT2603847 ",NULL,"12","2026-05-07 00:00:00",NULL,,"BFN-CFT2603847 ","2026-05-07 17:31:35","Job Mathew",NULL,NULL,NULL
"3301","2356507",,NULL,,,"2830",,NULL,"12","2026-05-07 00:00:00",NULL,,"Bank Transfer - AU","2026-05-08 10:04:39","Job Mathew",NULL,NULL,NULL
"3314","2355551","initial",NULL,NULL,"9883",NULL,NULL,NULL,,NULL,NULL,,,"2026-05-11 11:00:33","Maharshi Mankodi",NULL,NULL,NULL
"3324","2355551",,NULL,,,"4926.5","TDU35107-20260512092452",NULL,"12","2026-05-12 17:00:33",NULL,,"FLYWIRE","2026-05-12 17:00:33","Flywire Automation",NULL,NULL,NULL
"3325","2355551",,NULL,,,"2463","TDU35107-20260512170947",NULL,"12","2026-05-12 17:27:56",NULL,,"FLYWIRE","2026-05-12 17:27:56","Flywire Automation",NULL,NULL,NULL
"3326","2355551",,NULL,,,"2463","TDU35107-20260512171058",NULL,"12","2026-05-12 17:37:59",NULL,,"FLYWIRE","2026-05-12 17:37:59","Flywire Automation",NULL,NULL,NULL
"3328","2356218",,NULL,,,"545","TDU35603-20260512220733",NULL,"12","2026-05-13 02:34:49",NULL,,"FLYWIRE","2026-05-13 02:34:49","Flywire Automation",NULL,NULL,NULL
"3333","2356364","initial",NULL,NULL,"13071",NULL,NULL,NULL,,NULL,NULL,,,"2026-05-13 13:05:31","Manthan Soni",NULL,NULL,NULL
"3338","2356453","initial",NULL,NULL,"2838",NULL,NULL,NULL,,NULL,NULL,,,"2026-05-13 13:46:21","Chamodi Dahanayake",NULL,NULL,NULL
"3340","2356073","initial",NULL,NULL,"25037",NULL,NULL,NULL,,NULL,NULL,,,"2026-05-13 17:37:45","Maharshi Mankodi",NULL,NULL,NULL
"3342","2356555","initial",NULL,NULL,"534",NULL,NULL,NULL,,NULL,NULL,,,"2026-05-14 12:17:57","Manthan Soni",NULL,NULL,NULL
"3344","2354963","initial",NULL,NULL,"88668",NULL,NULL,NULL,,NULL,NULL,,,"2026-05-14 16:07:33","Rakesh Mulchandani",NULL,NULL,NULL
"3348","2355099","initial",NULL,NULL,"25634",NULL,NULL,NULL,,NULL,NULL,,,"2026-05-15 11:03:06","Chamodi Dahanayake",NULL,NULL,NULL
"3354","2354963",,NULL,,,"25938","TDU26729G-20260515100150",NULL,"12","2026-05-15 22:12:01",NULL,,"FLYWIRE","2026-05-15 22:12:01","Flywire Automation",NULL,NULL,NULL
"3358","2356058",,NULL,,,"5626","TDU35491-20260514182355",NULL,"12","2026-05-16 21:31:26",NULL,,"FLYWIRE","2026-05-16 21:31:26","Flywire Automation",NULL,NULL,NULL
"3359","2352290",,NULL,,,"15000","TDU26147G-20260515215850",NULL,"12","2026-05-17 08:13:07",NULL,,"FLYWIRE","2026-05-17 08:13:07","Flywire Automation",NULL,NULL,NULL
"3360","2352290",,NULL,,,"15000","TDU26147G-20260515220029",NULL,"12","2026-05-17 08:36:59",NULL,,"FLYWIRE","2026-05-17 08:36:59","Flywire Automation",NULL,NULL,NULL
"3361","2352290",,NULL,,,"10000","TDU26147G-20260515215645",NULL,"12","2026-05-17 08:47:25",NULL,,"FLYWIRE","2026-05-17 08:47:25","Flywire Automation",NULL,NULL,NULL
"3362","2353806","initial",NULL,NULL,"7507",NULL,NULL,NULL,,NULL,NULL,,,"2026-05-17 16:46:38","Manthan Soni",NULL,NULL,NULL
"3363","2354598","initial",NULL,NULL,"2730",NULL,NULL,NULL,,NULL,NULL,,,"2026-05-17 16:56:12","Manthan Soni",NULL,NULL,NULL
"3366","2355551",,NULL,,,"0.5","TDU35107",NULL,"12","2026-05-18 00:00:00",NULL,,"Bank CHARGES","2026-05-18 10:11:07","Job Mathew",NULL,NULL,NULL
"3367","2356218",,NULL,"12/05/2026	Fast Transfer From PATEL DEV G	12653		 TDU35603",,"12653"," TDU35603",NULL,"12","2026-05-12 00:00:00",NULL,,"Bank Transfer - AU","2026-05-18 10:13:59","Job Mathew",NULL,NULL,NULL
"3368","2354373",,NULL,"12/05/2026	EASEMYTRIP MIDDLEEAST DMCC	5732		TDU34197",,"5732","TDU34197",NULL,"12","2026-05-12 00:00:00",NULL,,"Bank Transfer - NZ","2026-05-18 10:16:09","Job Mathew",NULL,NULL,NULL
"3369","2355928",,NULL,"12/05/2026	GAINWELL ENTERPRISES PRIVATE LIMITE	12052		TDU35393",,"12052","TDU35393",NULL,"12","2026-05-12 00:00:00",NULL,,"Bank Transfer - AU","2026-05-18 10:19:00","Job Mathew",NULL,NULL,NULL
"3370","2356579",,NULL,"14/05/2026	Fast Transfer from UNIQUE WORKFORCE PTY	29008",,"3809","TDU27138G",NULL,"12","2026-05-14 00:00:00",NULL,,"Bank Transfer - AU","2026-05-18 10:20:31","Job Mathew",NULL,NULL,NULL
"3371","2356147",,NULL,"14/05/2026	Fast Transfer From UNIQUE WORKFORCE PTY	29008",,"24791","TDU27027G",NULL,"12","2026-05-14 00:00:00",NULL,,"Bank Transfer - AU","2026-05-18 10:21:36","Job Mathew",NULL,NULL,NULL
"3372","2356448",,NULL,"08/05/2026	MAKEMYTRIP INDIA PRIVATE LIMITED	135",,"81","TDU35778",NULL,"12","2026-05-08 00:00:00",NULL,,"Bank Transfer - AU","2026-05-18 10:43:39","Job Mathew",NULL,NULL,NULL
"3373","2356445",,NULL,"08/05/2026	MAKEMYTRIP INDIA PRIVATE LIMITED	135",,"54","TDU35778",NULL,"12","2026-05-08 00:00:00",NULL,,"Bank Transfer - AU","2026-05-18 10:44:33","Job Mathew",NULL,NULL,NULL
"3378","2355713","initial",NULL,NULL,"1448",NULL,NULL,NULL,,NULL,NULL,,,"2026-05-18 11:26:58","Manthan Soni",NULL,NULL,NULL
"3379","2355547",,NULL,"11/05/2026	Travel Troops Global	19000",,"19000","TDU26877G",NULL,"12","2026-05-18 00:00:00",NULL,,"Bank Transfer - NZ","2026-05-18 11:27:09","Job Mathew",NULL,NULL,NULL
"3380","2354963",,NULL,"15/05/2026	1/CARINE GANABES APOLINARIO	62700",,"62700","TDU26729G",NULL,"12","2026-05-18 00:00:00",NULL,,"Bank Transfer - NZ","2026-05-18 13:02:08","Job Mathew",NULL,NULL,NULL
"3381","2356633",,NULL,"	
Fast Transfer Vishesh Soneji Invoic",,"1060","TDU35920",NULL,"12","2026-05-23 00:00:00",NULL,,"Bank Transfer - AU","2026-05-18 13:12:39","Job Mathew",NULL,NULL,NULL
"3382","2356633","initial",NULL,NULL,"1040",NULL,NULL,NULL,,NULL,NULL,,,"2026-05-18 13:13:38","Job Mathew",NULL,NULL,NULL
"3383","2356633",,NULL,"Fast Transfer Vishesh Soneji Invoice",,"150","TDU35920",NULL,"12","2026-05-04 00:00:00",NULL,,"Bank Transfer - AU","2026-05-18 13:14:09","Job Mathew",NULL,NULL,NULL
"3385","2356258",,NULL,"15/05/2026	Fast Transfer From ARYAN HARESHBHAI SAVA	2980",,"2980"," TDU35637 ",NULL,"12","2026-05-18 00:00:00",NULL,,"Bank Transfer - AU","2026-05-18 15:05:31","Job Mathew",NULL,NULL,NULL
"3386","2355263",,NULL,"05/05/2026	FLYREMIT PRIVATE LIMITED TO	3975.39",,"3975.39","TDU34896",NULL,"12","2026-05-05 00:00:00",NULL,,"Bank Transfer - NZ","2026-05-18 15:19:41","Job Mathew",NULL,NULL,NULL
"3389","2356083","initial",NULL,NULL,"5829",NULL,NULL,NULL,,NULL,NULL,,,"2026-05-18 16:14:33","Manthan Soni",NULL,NULL,NULL
"3391","2355842","initial",NULL,NULL,"3416",NULL,NULL,NULL,,NULL,NULL,,,"2026-05-18 17:08:12","Mayur P",NULL,NULL,NULL
"3392","2355845","initial",NULL,NULL,"921",NULL,NULL,NULL,,NULL,NULL,,,"2026-05-18 17:09:50","Mayur P",NULL,NULL,NULL
"3394","2355842",,NULL,"17/05/2026	Fast Transfer From MR SARFRAJ ZULFIKAR L	5525",,"3386","TDU35326",NULL,"12","2026-05-17 00:00:00",NULL,,"Bank Transfer - AU","2026-05-18 17:22:06","Job Mathew",NULL,NULL,NULL
"3395","2355845",,NULL,"""17/05/2026	""	Fast Transfer From MR SARFRAJ ZULFIKAR L	5525",,"891","TDU35329",NULL,"12","2026-05-18 00:00:00",NULL,,"Bank Transfer - AU","2026-05-18 17:23:49","Job Mathew",NULL,NULL,NULL
"3396","2355844",,NULL,"""17/05/2026	""	Fast Transfer From MR SARFRAJ ZULFIKAR L	5525",,"1248","TDU35328",NULL,"12","2026-05-18 00:00:00",NULL,,"Bank Transfer - AU","2026-05-18 17:24:55","Job Mathew",NULL,NULL,NULL
"3399","2353806",,NULL,"07/05/2026	Fast Transfer From MR GAURAV KAWAR	7680",,"7480","TDU33763",NULL,"12","2026-05-07 00:00:00",NULL,,"Bank Transfer - AU","2026-05-18 18:23:19","Job Mathew",NULL,NULL,NULL
"3401","2355998",,NULL,"19/05/2026	GROOMNEST EDUCATION PRIVATE LIMITED	41085",,"41085","TDU26990G",NULL,"12","2026-05-19 00:00:00",NULL,,"Bank Transfer","2026-05-19 10:41:37","Job Mathew",NULL,NULL,NULL
"3402","2356073",,NULL,"19/05/2026 Smiles Per Miles Private LTD 8000 TDU27006G",,"8000","TDU27006G",NULL,"12","2026-05-19 00:00:00",NULL,,"Bank Trasfer","2026-05-19 10:47:30","Chamodi Dahanayake",NULL,NULL,NULL
"3404","2356572","initial",NULL,NULL,"2348",NULL,NULL,NULL,,NULL,NULL,,,"2026-05-19 15:08:55","Job Mathew",NULL,NULL,NULL
"3405","2356572",,NULL,"TDU35873",,"2318","BFN :- CFT2605015",NULL,"12","2026-05-19 00:00:00",NULL,,"BFN","2026-05-19 15:09:54","Job Mathew",NULL,NULL,NULL
"3406","2355713",,NULL,,,"80","TDU35233-20260519180251",NULL,"12","2026-05-19 19:42:20",NULL,,"FLYWIRE","2026-05-19 19:42:20","Flywire Automation",NULL,NULL,NULL
"3408","2354875",,NULL,"20/05/2026		
FLYREMIT PRIVATE LIMITED 12044",,"12044","TDU34601",NULL,"12","2026-05-20 00:00:00",NULL,,"Bank Transfer - NZ","2026-05-20 09:47:00","Job Mathew",NULL,NULL,NULL
"3409","2355547",,NULL,"20/05/2026	Travel Troops Global	55622",,"55622","TDU26877G",NULL,"12","2026-05-20 00:00:00",NULL,,"Bank Transfer - NZ","2026-05-20 09:55:36","Job Mathew",NULL,NULL,NULL
"3410","2356147","initial",NULL,NULL,"24444",NULL,NULL,NULL,,NULL,NULL,,,"2026-05-20 11:09:41","Chamodi Dahanayake",NULL,NULL,NULL
"3411","2356579","initial",NULL,NULL,"3839",NULL,NULL,NULL,,NULL,NULL,,,"2026-05-20 11:25:45","Chamodi Dahanayake",NULL,NULL,NULL
"3413","2356218","initial",NULL,NULL,"13610",NULL,NULL,NULL,,NULL,NULL,,,"2026-05-20 13:27:22","Manthan Soni",NULL,NULL,NULL
"3414","2356073",,NULL,"20/05/2026	SMILES PER MILES PRIVATE LTD	8819",,"8819","TDU27006G",NULL,"12","2026-05-20 00:00:00",NULL,,"Bank Transfer - AU","2026-05-20 15:12:27","Job Mathew",NULL,NULL,NULL
"3415","2355190","initial",NULL,NULL,"10389",NULL,NULL,NULL,,NULL,NULL,,,"2026-05-20 15:22:55","Manthan Soni",NULL,NULL,NULL
"3416","2356643","initial",NULL,NULL,"982",NULL,NULL,NULL,,NULL,NULL,,,"2026-05-20 15:39:49","Dhiraj Salvi",NULL,NULL,NULL
"3417","2356453",,NULL,"TDU35782 - FLYREMIT PRIVATE LIMITED TO - 2808",,"2808","TDU35782",NULL,"12","2026-05-20 00:00:00",NULL,,"TDU35782","2026-05-20 15:41:19","Job Mathew",NULL,NULL,NULL
"3418","2356636",,NULL,,,"1743","TDU35923-20260520160254",NULL,"12","2026-05-20 16:08:21",NULL,,"FLYWIRE","2026-05-20 16:08:21","Flywire Automation",NULL,NULL,NULL
"3420","2356643",,NULL,"20/05/2026	MOHAMMAD SHAIFUL KARIM	952",,"952","TDU35930",NULL,"12","2026-05-20 00:00:00",NULL,,"Bank Transfer - AU","2026-05-20 16:54:08","Job Mathew",NULL,NULL,NULL
"3422","2355844",,NULL,,,"6000","TDU35328-20260520191119",NULL,"12","2026-05-20 19:28:01",NULL,,"FLYWIRE","2026-05-20 19:28:01","Flywire Automation",NULL,NULL,NULL
"3424","2356218",,NULL,"TDU35603",,"200","07/05/2026	Fast Transfer From MR GAURAV KAWAR	7680",NULL,"12","2026-05-07 00:00:00",NULL,,"Bank Transfer - AU","2026-05-21 10:47:52","Job Mathew",NULL,NULL,NULL
"3425","2355099",,NULL,"TDU26766G",,"36","Bank charges",NULL,"12","2026-05-21 00:00:00",NULL,,"Bank Transfer - AU","2026-05-21 10:51:09","Job Mathew",NULL,NULL,NULL
"3426","2356218","final",NULL,NULL,"13380",NULL,NULL,NULL,,NULL,NULL,,,"2026-05-21 10:55:57","Job Mathew",NULL,NULL,NULL
"3430","2353464","initial",NULL,NULL,"43984",NULL,NULL,NULL,,NULL,NULL,,,"2026-05-21 16:21:55","Chamodi Dahanayake",NULL,NULL,NULL
"3432","2356642",,NULL,"21/05/2026	Fast Transfer From MEENANK MARELLA	7465",,"3490","TDU35929",NULL,"12","2026-05-21 00:00:00",NULL,,"Bank Transfer - AU","2026-05-21 18:02:59","Job Mathew",NULL,NULL,NULL
"3434","2355598",,NULL,"14/05/2026	Fast Transfer From UNIQUE WORKFORCE PTY	29008",,"408","TDU35147",NULL,"12","2026-05-14 00:00:00",NULL,,"Bank Transfer - AU","2026-05-21 18:04:17","Job Mathew",NULL,NULL,NULL
"3435","2355598",,NULL,"21/05/2026	Fast Transfer From MEENANK MARELLA	7465",,"3975","TDU35147",NULL,"12","2026-05-21 00:00:00",NULL,,"Bank Transfer - AU","2026-05-21 18:04:56","Job Mathew",NULL,NULL,NULL
"3436","2356451",,NULL,,,"4040","TDU27105G-20260521162757",NULL,"12","2026-05-21 18:06:07",NULL,,"FLYWIRE","2026-05-21 18:06:07","Flywire Automation",NULL,NULL,NULL
"3438","2356451",,NULL,,,"4040","TDU27105G-20260521162838",NULL,"12","2026-05-22 02:22:13",NULL,,"FLYWIRE","2026-05-22 02:22:13","Flywire Automation",NULL,NULL,NULL
"3439","2355585","final",NULL,NULL,"3190",NULL,NULL,NULL,,NULL,NULL,,,"2026-05-22 12:34:34","Job Mathew",NULL,NULL,NULL
"3440","2355573","final",NULL,NULL,"3270",NULL,NULL,NULL,,NULL,NULL,,,"2026-05-22 12:35:39","Job Mathew",NULL,NULL,NULL
"3442","2356566",,NULL,"22/05/2026	SATGURU HOLIDAYS INDIA PRIVATE LTD	4049
",,"4049","TDU35867",NULL,"12","2026-05-22 00:00:00",NULL,,"Bank Transfer - NZ","2026-05-22 15:12:53","Job Mathew",NULL,NULL,NULL
"3443","2356566",,NULL,"Bank charges",,"1","TDU35867",NULL,"12","2026-05-22 00:00:00",NULL,,"Bank Transfer - NZ","2026-05-22 15:13:32","Job Mathew",NULL,NULL,NULL
"3446","2355928","initial",NULL,NULL,"12286",NULL,NULL,NULL,,NULL,NULL,,,"2026-05-22 15:20:34","Mayur P",NULL,NULL,NULL
"3447","2355598",,NULL,"22/05/2026	Fast Transfer From ALLDAY HOLDINGS PTY L	3150",,"2988","TDU35147",NULL,"12","2026-05-22 00:00:00",NULL,,"Bank Transfer - AU","2026-05-22 16:47:53","Job Mathew",NULL,NULL,NULL
"3449","2356642","initial",NULL,NULL,"3220",NULL,NULL,NULL,,NULL,NULL,,,"2026-05-22 21:59:59","Manthan Soni",NULL,NULL,NULL
"3450","2356642","final",NULL,NULL,"3316",NULL,NULL,NULL,,NULL,NULL,,,"2026-05-22 22:07:13","Manthan Soni",NULL,NULL,NULL
"3452","2356451",,NULL,,,"4040","TDU27105G-20260521162901",NULL,"12","2026-05-23 01:44:25",NULL,,"FLYWIRE","2026-05-23 01:44:25","Flywire Automation",NULL,NULL,NULL
"3453","2356451",,NULL,,,"4040","TDU27105G-20260521162924",NULL,"12","2026-05-23 02:16:43",NULL,,"FLYWIRE","2026-05-23 02:16:43","Flywire Automation",NULL,NULL,NULL
"3454","2356451",,NULL,,,"4040","TDU27105G-20260521162733",NULL,"12","2026-05-23 02:33:53",NULL,,"FLYWIRE","2026-05-23 02:33:53","Flywire Automation",NULL,NULL,NULL
"3455","2356628","initial",NULL,NULL,"3250",NULL,NULL,NULL,,NULL,NULL,,,"2026-05-23 10:28:38","Manthan Soni",NULL,NULL,NULL
"3458","2356451",,NULL,,,"4040","TDU27105G-20260524203439",NULL,"12","2026-05-25 00:21:03",NULL,,"FLYWIRE","2026-05-25 00:21:03","Flywire Automation",NULL,NULL,NULL
"3459","2356451",,NULL,,,"4040","TDU27105G-20260524203609",NULL,"12","2026-05-25 01:36:06",NULL,,"FLYWIRE","2026-05-25 01:36:06","Flywire Automation",NULL,NULL,NULL
"3462","2355598",,NULL,"cairns transport difference",,"72","TDU35147",NULL,"12","2026-05-25 00:00:00",NULL,,"Bank Transfer - AU","2026-05-25 16:04:52","Job Mathew",NULL,NULL,NULL
"3465","2354180","final",NULL,NULL,"7598",NULL,NULL,NULL,,NULL,NULL,,,"2026-05-25 16:37:56","Job Mathew",NULL,NULL,NULL
"3466","2352447","final",NULL,NULL,"7468",NULL,NULL,NULL,,NULL,NULL,,,"2026-05-25 16:46:29","Karthik Suriyan",NULL,NULL,NULL
"3476","2355547","initial",NULL,NULL,"71294",NULL,NULL,NULL,,NULL,NULL,,,"2026-05-26 12:00:57","Divyanshu Kumar",NULL,NULL,NULL
"3477","2356451",,NULL,,,"4040","TDU27105G-20260524203635",NULL,"12","2026-05-26 12:04:21",NULL,,"FLYWIRE","2026-05-26 12:04:21","Flywire Automation",NULL,NULL,NULL
"3481","2356451","initial",NULL,NULL,"36390",NULL,NULL,NULL,,NULL,NULL,,,"2026-05-26 12:17:08","Divyanshu Kumar",NULL,NULL,NULL
"3484","2356258","initial",NULL,NULL,"3133",NULL,NULL,NULL,,NULL,NULL,,,"2026-05-26 14:50:10","Job Mathew",NULL,NULL,NULL
"3485","2356689","initial",NULL,NULL,"950",NULL,NULL,NULL,,NULL,NULL,,,"2026-05-26 14:52:18","Manthan Soni",NULL,NULL,NULL
"3491","2356346",,NULL,,,"2560","TDU35712-20260525200919",NULL,"12","2026-05-26 17:56:34",NULL,,"FLYWIRE","2026-05-26 17:56:34","Flywire Automation",NULL,NULL,NULL
"3492","2356238","initial",NULL,NULL,"5030",NULL,NULL,NULL,,NULL,NULL,,,"2026-05-27 09:52:54","Maharshi Mankodi",NULL,NULL,NULL
"3493","2356238","final",NULL,NULL,"5000",NULL,NULL,NULL,,NULL,NULL,,,"2026-05-27 09:54:05","Maharshi Mankodi",NULL,NULL,NULL
"3495","2356058",,NULL,"TDU35491",,"73","TDU35491",NULL,"12","2026-05-27 00:00:00",NULL,,"Bank Transfer - AU","2026-05-27 18:13:26","Job Mathew",NULL,NULL,NULL
"3498","2355844","initial",NULL,NULL,"11346",NULL,NULL,NULL,,NULL,NULL,,,"2026-05-28 10:30:58","Divyanshu Kumar",NULL,NULL,NULL
"3501","2355493",,NULL,"28/05/2026	FLYREMIT PRIVATE LIMITED	8835",,"8835","TDU35074",NULL,"12","2026-05-28 00:00:00",NULL,,"Bank Transfer - AU","2026-05-28 16:25:40","Job Mathew",NULL,NULL,NULL
"3502","2356628",,NULL,"26/05/2026	ZENITH JOURNEYS	3172.38",,"3172.38","TDU35915",NULL,"12","2026-05-28 00:00:00",NULL,,"Bank Transfer - AU","2026-05-28 16:28:13","Job Mathew",NULL,NULL,NULL
"3503","2355844",,NULL,"26/05/2026	Fast Transfer From Princekumar Patel	2860",,"2860"," TDU35328",NULL,"12","2026-05-26 00:00:00",NULL,,"Bank Transfer - AU","2026-05-28 16:54:29","Job Mathew",NULL,NULL,NULL
"3506","2356451",,NULL,,,"2020","TDU27105G-20260521162953",NULL,"12","2026-05-29 00:11:34",NULL,,"FLYWIRE","2026-05-29 00:11:34","Flywire Automation",NULL,NULL,NULL
"3511","2356409","initial",NULL,NULL,"2602",NULL,NULL,NULL,,NULL,NULL,,,"2026-05-29 19:18:26","Manthan Soni",NULL,NULL,NULL
"3512","2352290",,NULL,,,"7000","TDU26147G-20260528165949",NULL,"12","2026-05-29 19:28:10",NULL,,"FLYWIRE","2026-05-29 19:28:10","Flywire Automation",NULL,NULL,NULL
"3513","2352290",,NULL,,,"7000","TDU26147G-20260528170126",NULL,"12","2026-05-29 19:45:58",NULL,,"FLYWIRE","2026-05-29 19:45:58","Flywire Automation",NULL,NULL,NULL
"3516","2356058","initial",NULL,NULL,"4962",NULL,NULL,NULL,,NULL,NULL,,,"2026-06-01 10:41:37","Manthan Soni",NULL,NULL,NULL
"3519","2356071","initial",NULL,NULL,"3536",NULL,NULL,NULL,,NULL,NULL,,,"2026-06-01 14:59:16","Job Mathew",NULL,NULL,NULL
"3520","2356071",,NULL,"29/05/2026 CHALE VENTURES GLOBAL DMC PVT LTD   $3,538",,"3550","TDU35500",NULL,"12","2026-05-29 00:00:00",NULL,,"Bank Transfer - AU","2026-06-01 15:00:08","Job Mathew",NULL,NULL,NULL
"3522","2354763",,NULL,"TDU34514",,"1600","TDU34514",NULL,"12","2026-05-26 00:00:00",NULL,,"Flywire","2026-06-01 16:42:57","Job Mathew",NULL,NULL,NULL
"3523","2354763",,NULL,"TDU34514",,"861","TDU34514",NULL,"12","2026-05-26 00:00:00",NULL,,"Flywire","2026-06-01 16:43:21","Job Mathew",NULL,NULL,NULL
"3524","2354763",,NULL,"TDU34514",,"860","TDU34514",NULL,"12","2026-06-26 00:00:00",NULL,,"Flywire","2026-06-01 16:43:48","Job Mathew",NULL,NULL,NULL
"3525","2354763","final",NULL,NULL,"3322",NULL,NULL,NULL,,NULL,NULL,,,"2026-06-01 16:44:05","Job Mathew",NULL,NULL,NULL
"3526","2356566","initial",NULL,NULL,"4078",NULL,NULL,NULL,,NULL,NULL,,,"2026-06-01 16:56:54","Manthan Soni",NULL,NULL,NULL
"3527","2356566","final",NULL,NULL,"4048",NULL,NULL,NULL,,NULL,NULL,,,"2026-06-01 16:57:05","Manthan Soni",NULL,NULL,NULL
"3531","2356451",,NULL,,,"2020","TDU27105G-20260529111415",NULL,"12","2026-06-02 12:10:41",NULL,,"FLYWIRE","2026-06-02 12:10:41","Flywire Automation",NULL,NULL,NULL
"3534","2356452","initial",NULL,NULL,"3124",NULL,NULL,NULL,,NULL,NULL,,,"2026-06-02 15:15:03","Manthan Soni",NULL,NULL,NULL
"3535","2356452","final",NULL,NULL,"3094",NULL,NULL,NULL,,NULL,NULL,,,"2026-06-02 15:15:16","Manthan Soni",NULL,NULL,NULL
"3536","2356748",,NULL,"02/06/2026	Fast Transfer From LUXETROT	5281",,"2355","TDU36003",NULL,"12","2026-06-02 00:00:00",NULL,,"Bank Transfer - AU","2026-06-02 15:49:09","Job Mathew",NULL,NULL,NULL
"3537","2356749",,NULL,"02/06/2026	Fast Transfer From LUXETROT	5281",,"604","TDU36004",NULL,"12","2026-06-02 00:00:00",NULL,,"Bank Transfer - AU","2026-06-02 15:50:06","Job Mathew",NULL,NULL,NULL
"3538","2356610",,NULL,"02/06/2026	Fast Transfer From LUXETROT	5281",,"2292","TDU35901",NULL,"12","2026-06-02 00:00:00",NULL,,"Bank Transfer - AU","2026-06-02 15:51:12","Job Mathew",NULL,NULL,NULL
"3539","2355493",,NULL,,,"1073","TDU35074-20260602170712",NULL,"12","2026-06-02 18:12:09",NULL,,"FLYWIRE","2026-06-02 18:12:09","Flywire Automation",NULL,NULL,NULL
"3540","2356629","initial",NULL,NULL,"5253",NULL,NULL,NULL,,NULL,NULL,,,"2026-06-02 19:05:36","Dhiraj Salvi",NULL,NULL,NULL
"3541","2356798","initial",NULL,NULL,"177",NULL,NULL,NULL,,NULL,NULL,,,"2026-06-02 21:40:38","Dhiraj Salvi",NULL,NULL,NULL
"3542","2356798",,NULL,,,"147","TDU36042-20260602214051",NULL,"12","2026-06-02 22:30:35",NULL,,"FLYWIRE","2026-06-02 22:30:35","Flywire Automation",NULL,NULL,NULL
"3545","2356346","initial",NULL,NULL,"2514",NULL,NULL,NULL,,NULL,NULL,,,"2026-06-03 12:38:45","Manthan Soni",NULL,NULL,NULL
"3546","2355264","initial",NULL,NULL,"4956",NULL,NULL,NULL,,NULL,NULL,,,"2026-06-03 12:48:14","Manthan Soni",NULL,NULL,NULL
"3547","2356677","initial",NULL,NULL,"1630",NULL,NULL,NULL,,NULL,NULL,,,"2026-06-03 13:41:45","Chamodi Dahanayake",NULL,NULL,NULL
"3551","2355390","initial",NULL,NULL,"76201",NULL,NULL,NULL,,NULL,NULL,,,"2026-06-03 15:53:51","Chamodi Dahanayake",NULL,NULL,NULL
"3555","2356238",,NULL,"Direct Credit 342189 Mana Payments Au",,"5000","TDU35621",NULL,"12","2026-06-02 00:00:00",NULL,,"Bank Trasfer","2026-06-04 09:55:46","Chamodi Dahanayake",NULL,NULL,NULL
"3562","2356748","initial",NULL,NULL,"2240",NULL,NULL,NULL,,NULL,NULL,,,"2026-06-05 10:09:46","Chamodi Dahanayake",NULL,NULL,NULL
"3563","2355390",,NULL,,,"62350","TDU26822G",NULL,"12","2026-06-05 00:00:00",NULL,,"Bank Trasfer","2026-06-05 10:38:43","Chamodi Dahanayake",NULL,NULL,NULL
"3565","2356786",,NULL,"04/06/2026	Fast Transfer From SR	        6087 - TDU36031",,"6087","TDU36031",NULL,"12","2026-06-04 00:00:00",NULL,,"Bank Transfer - AU","2026-06-05 15:16:46","Job Mathew",NULL,NULL,NULL
"3566","2356749","initial",NULL,NULL,"634",NULL,NULL,NULL,,NULL,NULL,,,"2026-06-05 15:45:15","Manthan Soni",NULL,NULL,NULL
"3568","2356451",,NULL,,,"260","TDU27105G-20260605151600",NULL,"12","2026-06-05 16:13:50",NULL,,"FLYWIRE","2026-06-05 16:13:50","Flywire Automation",NULL,NULL,NULL
"3570","2356369",,NULL,"TDU35727",,"6960","TDU35727",NULL,"12","2026-06-05 00:00:00",NULL,,"BFN - CFS2601947","2026-06-05 18:00:53","Job Mathew",NULL,NULL,NULL
"3571","2356548",,NULL,"02/06/2026 Fast Transfer From DHRUV CHAKLASIYA 7000
02/06/2026 Fast Transfer From SANJAY D DEVALIA 4124 -3900 AUD TDU35858",,"13040","TDU35858",NULL,"12","2026-06-05 00:00:00",NULL,,"Bank Transfer - NZ","2026-06-05 18:20:08","Job Mathew",NULL,NULL,NULL
"3575","2356786","initial",NULL,NULL,"5954",NULL,NULL,NULL,,NULL,NULL,,,"2026-06-06 14:30:46","Dhiraj Salvi",NULL,NULL,NULL
"3577","2356692","initial",NULL,NULL,"1650",NULL,NULL,NULL,,NULL,NULL,,,"2026-06-06 15:13:52","Karthik Suriyan",NULL,NULL,NULL
"3579","2356847","initial",NULL,NULL,"336",NULL,NULL,NULL,,NULL,NULL,,,"2026-06-06 15:16:43","Dhiraj Salvi",NULL,NULL,NULL
"3581","2356629",,NULL,"08/06/2026	MYTOURS	5222.45",,"5222.45","TDU35916",NULL,"12","2026-06-08 00:00:00",NULL,,"Bank Transfer - NZ","2026-06-09 11:24:17","Job Mathew",NULL,NULL,NULL
"3582","2356629",,NULL,"08/06/2026	MYTOURS	5222.45",,"0.55"," TDU35916",NULL,"12","2026-06-10 00:00:00",NULL,,"Bank Transfer - AU","2026-06-09 11:24:58","Job Mathew",NULL,NULL,NULL
"3583","2356629",,NULL,"08/06/2026	MYTOURS	5222.45",,"0.55"," TDU35916",NULL,"12","2026-06-10 00:00:00",NULL,,"Bank Transfer - AU","2026-06-09 11:24:59","Job Mathew",NULL,NULL,NULL
"3586","2356610","initial",NULL,NULL,"1920",NULL,NULL,NULL,,NULL,NULL,,,"2026-06-09 11:54:21","Manthan Soni",NULL,NULL,NULL
"3589","2356807",,NULL,"09/06/2026	M-DAQ PAYMENT SOLUTIONS PTE. LTD	3624",,"3624","TDU36045",NULL,"12","2026-06-09 00:00:00",NULL,,"Bank Transfer - AU","2026-06-09 12:11:23","Job Mathew",NULL,NULL,NULL
"3593","2356188",,NULL,"05/06/2026	Fast Transfer From Hemsl patel	4300",,"4300","TDU36045",NULL,"12","2026-06-05 00:00:00",NULL,,"Bank Transfer - AU","2026-06-09 15:00:42","Job Mathew",NULL,NULL,NULL
"3594","2356735",,NULL,"09/06/2026	FLYREMIT PRIVATE LIMITED	11900",,"11900","TDU35994",NULL,"12","2026-06-09 00:00:00",NULL,,"Bank Transfer - AU","2026-06-09 15:02:53","Job Mathew",NULL,NULL,NULL
"3596","2356779",,NULL,,,"4347","TDU36026-20260609162701",NULL,"12","2026-06-09 16:48:53",NULL,,"FLYWIRE","2026-06-09 16:48:53","Flywire Automation",NULL,NULL,NULL
"3597","2356779",,NULL,,,"1085","TDU36026-20260609162725",NULL,"12","2026-06-09 17:02:23",NULL,,"FLYWIRE","2026-06-09 17:02:23","Flywire Automation",NULL,NULL,NULL
"3598","2356779",,NULL,,,"1085","TDU36026-20260609162743",NULL,"12","2026-06-09 17:12:05",NULL,,"FLYWIRE","2026-06-09 17:12:05","Flywire Automation",NULL,NULL,NULL
"3599","2356779",,NULL,,,"1085","TDU36026-20260609162806",NULL,"12","2026-06-09 17:12:05",NULL,,"FLYWIRE","2026-06-09 17:12:05","Flywire Automation",NULL,NULL,NULL
"3600","2356779",,NULL,,,"975","TDU36026-20260609162850",NULL,"12","2026-06-09 17:17:46",NULL,,"FLYWIRE","2026-06-09 17:17:46","Flywire Automation",NULL,NULL,NULL
"3601","2356779",,NULL,,,"664","TDU36026-20260609162914",NULL,"12","2026-06-09 17:21:33",NULL,,"FLYWIRE","2026-06-09 17:21:33","Flywire Automation",NULL,NULL,NULL
"3602","2356779",,NULL,,,"1085","TDU36026-20260609162828",NULL,"12","2026-06-09 17:27:17",NULL,,"FLYWIRE","2026-06-09 17:27:17","Flywire Automation",NULL,NULL,NULL
"3605","2356313","initial",NULL,NULL,"1934",NULL,NULL,NULL,,NULL,NULL,,,"2026-06-10 10:50:20","Manthan Soni",NULL,NULL,NULL
"3608","2355633",,NULL,,,"11480","TDU35173-20260603105339",NULL,"12","2026-06-10 11:06:39",NULL,,"FLYWIRE","2026-06-10 11:06:39","Flywire Automation",NULL,NULL,NULL
"3609","2356265",,NULL,"02/06/2026	Fast Transfer From SANJAY D DEVALIA 224
04/06/2026	Fast Transfer From RAJANKUMAR RAMESHBHAI	2000
05/06/2026	Fast Transfer From MANAN PATEL	1667
06/062026	Fast Transfer From ISHWARBHAI CHAUDHARI	2929
07/06/2026	Fast Transfer From GAURANG CHAUDHARI	2004",,"10659","TDU35644",NULL,"12","2026-06-10 00:00:00",NULL,,"Bank Transfer - AU","2026-06-10 11:45:48","Job Mathew",NULL,NULL,NULL
"3610","2355632",,NULL,"10/06/2026		
CLAIRE ROLDAN QUINTO
REF 2026061000009029
$25,457",,"25457","TDU35172",NULL,"12","2026-06-10 00:00:00",NULL,,"Bank Transfer - AU","2026-06-10 12:16:10","Job Mathew",NULL,NULL,NULL
"3611","2356779","initial",NULL,NULL,"10584",NULL,NULL,NULL,,NULL,NULL,,,"2026-06-10 12:26:30","Manthan Soni",NULL,NULL,NULL
"3612","2356790","initial",NULL,NULL,"5789",NULL,NULL,NULL,,NULL,NULL,,,"2026-06-10 12:43:10","Chamodi Dahanayake",NULL,NULL,NULL
"3613","2356281","initial",NULL,NULL,"106",NULL,NULL,NULL,,NULL,NULL,,,"2026-06-10 13:18:57","Chamodi Dahanayake",NULL,NULL,NULL
"3614","2355633","initial",NULL,NULL,"22960",NULL,NULL,NULL,,NULL,NULL,,,"2026-06-10 13:22:35","Chamodi Dahanayake",NULL,NULL,NULL
"3616","2355098",,NULL,"10/06/2026	Fast Transfer From VIPULJI DABHI	13338",,"13068","TDU34767",NULL,"12","2026-06-10 00:00:00",NULL,,"Bank Transfer - AU","2026-06-10 15:38:50","Job Mathew",NULL,NULL,NULL
"3617","2355098",,NULL,"22/05/2026	Fast Transfer From ALLDAY HOLDINGS PTY L	3150",,"162","TDU34767",NULL,"12","2026-06-22 00:00:00",NULL,,"Bank Transfer - AU","2026-06-10 15:39:44","Job Mathew",NULL,NULL,NULL
"3619","2356313",,NULL,"10/06/2026	FLYREMIT PRIVATE LIMITED TO	2210",,"1904","TDU35684",NULL,"12","2026-06-10 00:00:00",NULL,,"Bank Transfer - AU","2026-06-10 15:42:45","Job Mathew",NULL,NULL,NULL
"3620","2356847",,NULL,"10/06/2026	FLYREMIT PRIVATE LIMITED TO	2210",,"306","TDU36071",NULL,"12","2026-06-10 00:00:00",NULL,,"Bank Transfer - AU","2026-06-10 15:43:55","Job Mathew",NULL,NULL,NULL
"3624","2356905","initial",NULL,NULL,"280",NULL,NULL,NULL,,NULL,NULL,,,"2026-06-11 12:06:28","Manthan Soni",NULL,NULL,NULL
"3626","2356071","final",NULL,NULL,"3506",NULL,NULL,NULL,,NULL,NULL,,,"2026-06-11 13:03:37","Manthan Soni",NULL,NULL,NULL
"3630","2356537",,NULL,,,"900","TDU35848-20260611143312",NULL,"12","2026-06-11 17:34:25",NULL,,"FLYWIRE","2026-06-11 17:34:25","Flywire Automation",NULL,NULL,NULL
"3631","2355633",,NULL,"1/CLAIRE R QUINTO",,"11384.28","TDU35173",NULL,"12","2026-06-11 00:00:00",NULL,,"Bank Trasfer","2026-06-12 10:54:04","Chamodi Dahanayake",NULL,NULL,NULL
"3635","2355493","initial",NULL,NULL,"8925",NULL,NULL,NULL,,NULL,NULL,,,"2026-06-12 12:01:55","Manthan Soni",NULL,NULL,NULL
"3636","2355598","initial",NULL,NULL,"7581",NULL,NULL,NULL,,NULL,NULL,,,"2026-06-12 13:13:51","Manthan Soni",NULL,NULL,NULL
"3642","2356807","initial",NULL,NULL,"3566",NULL,NULL,NULL,,NULL,NULL,,,"2026-06-14 00:35:22","Manthan Soni",NULL,NULL,NULL
"3656","2356677",,NULL,"Flywire",,"1600","TDU35958",NULL,"12","2026-06-15 00:00:00",NULL,,"Credit card","2026-06-15 17:04:57","Job Mathew",NULL,NULL,NULL
"3657","2356644",,NULL,"Flywire",,"2914","TDU35931",NULL,"12","2026-06-15 00:00:00",NULL,,"Credit card","2026-06-15 17:06:11","Job Mathew",NULL,NULL,NULL
"3658","2356945","initial",NULL,NULL,"294",NULL,NULL,NULL,,NULL,NULL,,,"2026-06-15 17:14:58","Dhiraj Salvi",NULL,NULL,NULL
"3660","2356945",,NULL,,,"340","TDU36146-20260615171510",NULL,"12","2026-06-15 17:35:33",NULL,,"FLYWIRE","2026-06-15 17:35:33","Flywire Automation",NULL,NULL,NULL
"3661","2356438",,NULL,"14/06/2026	       Fast Transfer From SSK FREIGHTS & LOGIST	7100",,"7100","TDU35774",NULL,"12","2026-06-14 00:00:00",NULL,,"Bank Transfer","2026-06-15 17:40:20","Job Mathew",NULL,NULL,NULL
"3663","2356948","initial",NULL,NULL,"162",NULL,NULL,NULL,,NULL,NULL,,,"2026-06-15 20:00:43","Harsh Purswani",NULL,NULL,NULL
"3665","2355632","initial",NULL,NULL,"25650",NULL,NULL,NULL,,NULL,NULL,,,"2026-06-16 16:59:02","Manthan Soni",NULL,NULL,NULL
"3670","2356537","initial",NULL,NULL,"11286",NULL,NULL,NULL,,NULL,NULL,,,"2026-06-17 10:19:42","Manthan Soni",NULL,NULL,NULL
"3674","2356452",,NULL,"TDU35781 - 17/06/2026	TRIP JACK PRIVATE LIMITED	3094",,"3094","TDU35781",NULL,"12","2026-06-17 00:00:00",NULL,,"Bank Transfer","2026-06-17 15:08:53","Job Mathew",NULL,NULL,NULL
"3675","2356843",,NULL,"TDU36067 - 17/06/2026	NCS TRAVELS AND TOURS PVT LTD	5746",,"5746","TDU36067",NULL,"12","2026-06-17 00:00:00",NULL,,"Bank Transfer","2026-06-17 15:09:53","Job Mathew",NULL,NULL,NULL
"3676","2355324","initial",NULL,NULL,"8925",NULL,NULL,NULL,,NULL,NULL,,,"2026-06-17 15:10:24","Manthan Soni",NULL,NULL,NULL
"3677","2356537",,NULL,,,"10320","TDU35848-20260616222648",NULL,"12","2026-06-17 15:26:48",NULL,,"FLYWIRE","2026-06-17 15:26:48","Flywire Automation",NULL,NULL,NULL
"3678","2356537",,NULL,"TDU35848",,"36","TDU35848",NULL,"12","2026-06-17 00:00:00",NULL,,"Bank Transfer","2026-06-17 15:55:30","Job Mathew",NULL,NULL,NULL
"3683","2354875","initial",NULL,NULL,"12014",NULL,NULL,NULL,,NULL,NULL,,,"2026-06-17 18:16:33","Manthan Soni",NULL,NULL,NULL
"3685","2355998","initial",NULL,NULL,"38163",NULL,NULL,NULL,,NULL,NULL,,,"2026-06-18 11:01:20","Divyanshu Kumar",NULL,NULL,NULL
"3687","2355734","initial",NULL,NULL,"2458",NULL,NULL,NULL,,NULL,NULL,,,"2026-06-18 13:49:38","Maharshi Mankodi",NULL,NULL,NULL
"3688","2356176","initial",NULL,NULL,"2754",NULL,NULL,NULL,,NULL,NULL,,,"2026-06-18 14:28:49","Manthan Soni",NULL,NULL,NULL
"3689","2356188",,NULL,,,"260","TDU35584-20260617164920",NULL,"12","2026-06-18 15:02:45",NULL,,"FLYWIRE","2026-06-18 15:02:45","Flywire Automation",NULL,NULL,NULL
"3690","2356843","initial",NULL,NULL,"5250",NULL,NULL,NULL,,NULL,NULL,,,"2026-06-18 15:11:56","Manthan Soni",NULL,NULL,NULL
"3691","2356569","initial",NULL,NULL,"1008",NULL,NULL,NULL,,NULL,NULL,,,"2026-06-18 15:52:36","Job Mathew",NULL,NULL,NULL
"3692","2356569",,NULL,"17/06/2026	TOMATO HOLIDAYS	4086",,"978"," TDU35870",NULL,"12","2026-06-18 00:00:00",NULL,,"Bank Transfer","2026-06-18 15:53:57","Job Mathew",NULL,NULL,NULL
"3694","2356794","initial",NULL,NULL,"3128",NULL,NULL,NULL,,NULL,NULL,,,"2026-06-18 16:06:41","Job Mathew",NULL,NULL,NULL
"3695","2356794",,NULL,"17/06/2026	TOMATO HOLIDAYS	4086",,"3108"," TDU36039",NULL,"12","2026-06-18 00:00:00",NULL,,"Bank Transfer","2026-06-18 16:07:49","Job Mathew",NULL,NULL,NULL
"3697","2356970",,NULL,"18/06/2026	FLYWIRE	3907",,"664","TDU36166",NULL,"12","2026-06-19 00:00:00",NULL,,"Bank Transfer","2026-06-19 10:06:53","Job Mathew",NULL,NULL,NULL
"3698","2356989","initial",NULL,NULL,"1729",NULL,NULL,NULL,,NULL,NULL,,,"2026-06-19 10:14:14","Job Mathew",NULL,NULL,NULL
"3699","2356989",,NULL,"18/06/2026	FLYWIRE	3907",,"1699","TDU27249G",NULL,"12","2026-06-18 00:00:00",NULL,,"Bank Transfer","2026-06-19 10:15:02","Job Mathew",NULL,NULL,NULL
"3700","2356988","initial",NULL,NULL,"1057",NULL,NULL,NULL,,NULL,NULL,,,"2026-06-19 10:21:26","Job Mathew",NULL,NULL,NULL
"3701","2356988",,NULL,"18/06/2026	FLYWIRE	3907",,"1027","TDU27248G",NULL,"12","2026-06-19 00:00:00",NULL,,"Bank Transfer","2026-06-19 10:22:03","Job Mathew",NULL,NULL,NULL
"3702","2356987","initial",NULL,NULL,"547",NULL,NULL,NULL,,NULL,NULL,,,"2026-06-19 10:23:12","Job Mathew",NULL,NULL,NULL
"3703","2356987",,NULL,"18/06/2026	FLYWIRE	3907",,"517","TDU27247G",NULL,"12","2026-06-19 00:00:00",NULL,,"Flywire","2026-06-19 10:26:03","Job Mathew",NULL,NULL,NULL
"3706","2356970","initial",NULL,NULL,"786",NULL,NULL,NULL,,NULL,NULL,,,"2026-06-19 15:58:03","Job Mathew",NULL,NULL,NULL
"3707","2356970",,NULL,"Flywire",,"92","TDU36166",NULL,"12","2026-06-19 00:00:00",NULL,,"Adjustment","2026-06-19 16:04:20","Job Mathew",NULL,NULL,NULL
"3708","2356737","initial",NULL,NULL,"4059",NULL,NULL,NULL,,NULL,NULL,,,"2026-06-19 20:17:13","Manthan Soni",NULL,NULL,NULL
"3709","2355632","final",NULL,NULL,"25457",NULL,NULL,NULL,,NULL,NULL,,,"2026-06-19 22:15:59","Manthan Soni",NULL,NULL,NULL
"3711","2356779","final",NULL,NULL,"10326",NULL,NULL,NULL,,NULL,NULL,,,"2026-06-20 12:39:49","Manthan Soni",NULL,NULL,NULL
"3712","2356548","initial",NULL,NULL,"11823",NULL,NULL,NULL,,NULL,NULL,,,"2026-06-20 12:55:56","Manthan Soni",NULL,NULL,NULL
"3714","2356735","initial",NULL,NULL,"9718",NULL,NULL,NULL,,NULL,NULL,,,"2026-06-20 23:58:24","Manthan Soni",NULL,NULL,NULL
"3716","2356188","initial",NULL,NULL,"4211",NULL,NULL,NULL,,NULL,NULL,,,"2026-06-21 14:17:01","Manthan Soni",NULL,NULL,NULL
"3717","2355950","initial",NULL,NULL,"14132",NULL,NULL,NULL,,NULL,NULL,,,"2026-06-21 17:19:22","Manthan Soni",NULL,NULL,NULL
"3723","2356737",,NULL,"19/06/2026	FLYREMIT PRIVATE LIMITED TO	4116",,"4116","TDU35995",NULL,"12","2026-06-22 00:00:00",NULL,,"Bank Transfer - NZ","2026-06-22 15:11:04","Job Mathew",NULL,NULL,NULL
"3728","2356996","initial",NULL,NULL,"690",NULL,NULL,NULL,,NULL,NULL,,,"2026-06-22 18:39:46","Hemant Dongrani",NULL,NULL,NULL
"3729","2357083","initial",NULL,NULL,"155",NULL,NULL,NULL,,NULL,NULL,,,"2026-06-22 22:13:26","Dhiraj Salvi",NULL,NULL,NULL
"3730","2357083",,NULL,,,"125","TDU36244-20260622221418",NULL,"12","2026-06-22 22:56:08",NULL,,"FLYWIRE","2026-06-22 22:56:08","Flywire Automation",NULL,NULL,NULL
"3731","2356896","initial",NULL,NULL,"6044",NULL,NULL,NULL,,NULL,NULL,,,"2026-06-23 11:02:42","Manthan Soni",NULL,NULL,NULL
"3732","2356996",,NULL,,,"660","TDU36181-20260622184111",NULL,"12","2026-06-23 13:13:36",NULL,,"FLYWIRE","2026-06-23 13:13:36","Flywire Automation",NULL,NULL,NULL
"3734","2356896",,NULL,,,"338","TDU36110-20260622183013",NULL,"12","2026-06-23 16:17:12",NULL,,"FLYWIRE","2026-06-23 16:17:12","Flywire Automation",NULL,NULL,NULL
"3736","2356369","initial",NULL,NULL,"6990",NULL,NULL,NULL,,NULL,NULL,,,"2026-06-23 17:42:50","Manthan Soni",NULL,NULL,NULL
"3737","2355451",,NULL,"23/06/2026	FLYREMIT PRIVATE LIMITED TO	3174",,"3174","TDU35043",NULL,"12","2026-06-24 00:00:00",NULL,,"Bank Transfer","2026-06-24 09:11:37","Job Mathew",NULL,NULL,NULL
"3738","2356389",,NULL,"24/06/2026. E WINER TRAVEL AND TOURS CORP 7200",,"7200"," TDU27085G",NULL,"12","2026-06-24 00:00:00",NULL,,"Bank Transfer","2026-06-24 11:30:04","Job Mathew",NULL,NULL,NULL
"3742","2356206","initial",NULL,NULL,"76949",NULL,NULL,NULL,,NULL,NULL,,,"2026-06-25 09:38:56","Maharshi Mankodi",NULL,NULL,NULL
"3743","2355950",,NULL,"TDU26971G",,"12645","23/06/2026	Fast Transfer From VARUN MARWAHA	12645",NULL,"12","2026-06-23 00:00:00",NULL,,"Bank Transfer - AU","2026-06-25 10:29:35","Job Mathew",NULL,NULL,NULL
"3744","2356644","initial",NULL,NULL,"1816",NULL,NULL,NULL,,NULL,NULL,,,"2026-06-25 10:37:45","Manthan Soni",NULL,NULL,NULL
"3745","2355098","initial",NULL,NULL,"12500",NULL,NULL,NULL,,NULL,NULL,,,"2026-06-25 10:45:38","Manthan Soni",NULL,NULL,NULL
"3751","2356265","initial",NULL,NULL,"8604",NULL,NULL,NULL,,NULL,NULL,,,"2026-06-25 17:52:54","Manthan Soni",NULL,NULL,NULL
"3753","2357073",,NULL,,,"20504","TDU36236-20260625182911",NULL,"12","2026-06-25 21:13:26",NULL,,"FLYWIRE","2026-06-25 21:13:26","Flywire Automation",NULL,NULL,NULL
"3756","2356438","initial",NULL,NULL,"6542",NULL,NULL,NULL,,NULL,NULL,,,"2026-06-26 10:09:33","Manthan Soni",NULL,NULL,NULL
"3760","2356746","initial",NULL,NULL,"13169",NULL,NULL,NULL,,NULL,NULL,,,"2026-06-26 12:40:42","Maharshi Mankodi",NULL,NULL,NULL
"3761","2356957","initial",NULL,NULL,"149",NULL,NULL,NULL,,NULL,NULL,,,"2026-06-27 15:49:57","Dhiraj Salvi",NULL,NULL,NULL
"3762","2356957",,NULL,,,"119","TDU36157-20260627155023",NULL,"12","2026-06-27 16:36:59",NULL,,"FLYWIRE","2026-06-27 16:36:59","Flywire Automation",NULL,NULL,NULL
"3764","2356606",,NULL,"27/06/2026	Dr Kamrul Islam	5000",,"5000","TDU27143G",NULL,"12","2026-06-29 00:00:00",NULL,,"Bank Transfer - AU","2026-06-29 13:37:11","Job Mathew",NULL,NULL,NULL
"3765","2356606",,NULL,"27/06/2026	TutulSheema	2000		TDU27143G",,"2000","TDU27143G",NULL,"12","2026-06-29 00:00:00",NULL,,"Bank Transfer - AU","2026-06-29 13:38:00","Job Mathew",NULL,NULL,NULL
"3771","2357122","initial",NULL,NULL,"902",NULL,NULL,NULL,,NULL,NULL,,,"2026-06-30 12:00:24","Manthan Soni",NULL,NULL,NULL
"3777","2356904",,NULL,"30/06/2026  TRAVELAD 7791",,"7791","TDU27221G",NULL,"12","2026-07-01 00:00:00",NULL,,"Bank Transfer - AU","2026-07-01 10:09:24","Job Mathew",NULL,NULL,NULL
"3780","2357122","final",NULL,NULL,"872",NULL,NULL,NULL,,NULL,NULL,,,"2026-07-01 20:55:04","Hemant Dongrani",NULL,NULL,NULL
"3785","2356611","initial",NULL,NULL,"8722",NULL,NULL,NULL,,NULL,NULL,,,"2026-07-02 15:04:08","Manthan Soni",NULL,NULL,NULL
"3786","2356611","initial",NULL,NULL,"8722",NULL,NULL,NULL,,NULL,NULL,,,"2026-07-02 15:04:50","Manthan Soni",NULL,NULL,NULL
"3788","2357178","initial",NULL,NULL,"1630",NULL,NULL,NULL,,NULL,NULL,,,"2026-07-02 21:14:22","Harsh Purswani",NULL,NULL,NULL
"3789","2357178",,NULL,,,"1600","TDU36315-20260702211436",NULL,"12","2026-07-02 21:53:39",NULL,,"FLYWIRE","2026-07-02 21:53:39","Flywire Automation",NULL,NULL,NULL
"3792","2356460",,NULL,"TDU35789 - FLYING SQUIRREL HOLIDAYS LLC - 7230",,"7230","TDU35789",NULL,"12","2026-07-03 00:00:00",NULL,,"Bank Transfer - AU","2026-07-03 14:36:29","Job Mathew",NULL,NULL,NULL
"3794","2356654",,NULL,"3/07/2026		
INDIAN HOLIDAY PVT LIMITED
REF 2026070300001971
2,400.00",,"2400","TDU35938",NULL,"12","2026-07-03 00:00:00",NULL,,"Bank Transfer - NZ","2026-07-03 16:40:38","Job Mathew",NULL,NULL,NULL
"3798","2357026","initial",NULL,NULL,"2460",NULL,NULL,NULL,,NULL,NULL,,,"2026-07-03 17:28:22","Manthan Soni",NULL,NULL,NULL
"3800","2355998",,NULL,,,"300","TDU26990G-20260701093405",NULL,"12","2026-07-03 21:42:54",NULL,,"FLYWIRE","2026-07-03 21:42:54","Flywire Automation",NULL,NULL,NULL
"3803","2356746",,NULL,"06/07/2026	POLARIS TRAVEL AND LEISURE COMPANY	13169",,"13169","TDU36002",NULL,"12","2026-07-06 00:00:00",NULL,,"Bank Transfer - AU","2026-07-06 14:18:24","Job Mathew",NULL,NULL,NULL
"3806","2357018",,NULL,"05/07/2026	Fast Transfer From GALAXY IMPORTS VICTOR	4200 - TDU36202",,"4200","TDU36202",NULL,"12","2026-07-06 00:00:00",NULL,,"Bank Transfer - AU","2026-07-06 15:29:14","Job Mathew",NULL,NULL,NULL
"3814","2357263","initial",NULL,NULL,"148",NULL,NULL,NULL,,NULL,NULL,,,"2026-07-07 11:07:36","Manthan Soni",NULL,NULL,NULL
"3821","2355451","initial",NULL,NULL,"2932",NULL,NULL,NULL,,NULL,NULL,,,"2026-07-07 17:42:44","Manthan Soni",NULL,NULL,NULL
"3822","2356782",,NULL,"7/07/2026		
MAKEMYTRIP INDIA PRIVATE LIMITED
REF 2026070700011691
$7,560.00	",,"7560","TDU36028",NULL,"12","2026-07-07 00:00:00",NULL,,"Bank Transfer - AU","2026-07-07 17:50:26","Job Mathew",NULL,NULL,NULL
"3835","2357017","initial",NULL,NULL,"5206",NULL,NULL,NULL,,NULL,NULL,,,"2026-07-08 17:18:58","Manthan Soni",NULL,NULL,NULL
"3838","2356511",,NULL,"TDU35931 EXCESS AMOUNT",,"1128","TDU35827",NULL,"12","2026-07-08 00:00:00",NULL,,"TDU35931 EXCESS AMOUNT","2026-07-08 17:46:11","Job Mathew",NULL,NULL,NULL
"3839","2354863","initial",NULL,NULL,"3066",NULL,NULL,NULL,,NULL,NULL,,,"2026-07-08 18:21:16","Manthan Soni",NULL,NULL,NULL
"3842","2356998","initial",NULL,NULL,"8074",NULL,NULL,NULL,,NULL,NULL,,,"2026-07-09 10:58:37","Manthan Soni",NULL,NULL,NULL
"3843","2355719","initial",NULL,NULL,"10578",NULL,NULL,NULL,,NULL,NULL,,,"2026-07-09 11:38:40","Manthan Soni",NULL,NULL,NULL
"3845","2357105","initial",NULL,NULL,"1315",NULL,NULL,NULL,,NULL,NULL,,,"2026-07-09 17:00:38","Manthan Soni",NULL,NULL,NULL
"3852","2357088","initial",NULL,NULL,"4116",NULL,NULL,NULL,,NULL,NULL,,,"2026-07-10 12:47:58","Maharshi Mankodi",NULL,NULL,NULL
"3854","2356710",,NULL,"10/07/2026	Fast Transfer From SHEERAZ TOURS PRIVATE TOURS AND TRAVEL	10000",,"10000","TDU27169G",NULL,"12","2026-07-10 00:00:00",NULL,,"Bank Transfer - AU","2026-07-10 15:49:57","Job Mathew",NULL,NULL,NULL
"3855","2356654","initial",NULL,NULL,"2717",NULL,NULL,NULL,,NULL,NULL,,,"2026-07-10 15:57:57","Manthan Soni",NULL,NULL,NULL
"3856","2356654",,NULL,"TDU35938",,"314","TDU35938",NULL,"12","2026-07-10 00:00:00",NULL,,"Flywire","2026-07-10 16:05:43","Job Mathew",NULL,NULL,NULL
"3858","2356906",,NULL,"10/07/2026	Fast Transfer From MD BUSINESS SOLUTIONS -4656",,"4510","TDU36119",NULL,"12","2026-07-10 00:00:00",NULL,,"Bank Transfer - AU","2026-07-10 18:14:59","Job Mathew",NULL,NULL,NULL
"3859","2357018",,NULL,"0/07/2026	Fast Transfer From MD BUSINESS SOLUTIONS -4656",,"146"," TDU36202",NULL,"12","2026-07-10 00:00:00",NULL,,"Bank Transfer - AU","2026-07-10 18:16:15","Job Mathew",NULL,NULL,NULL
"3860","2357018","initial",NULL,NULL,"4240",NULL,NULL,NULL,,NULL,NULL,,,"2026-07-10 18:20:33","Manthan Soni",NULL,NULL,NULL
"3866","2356511",,NULL,"TDU35827",,"1916","TDU35827",NULL,"12","2026-07-13 00:00:00",NULL,,"Credit card","2026-07-13 16:20:58","Job Mathew",NULL,NULL,NULL
"3869","2356959",,NULL,,,"1608","TDU36159-20260713162408",NULL,"12","2026-07-13 17:42:46",NULL,,"FLYWIRE","2026-07-13 17:42:46","Flywire Automation",NULL,NULL,NULL
"3870","2357003","initial",NULL,NULL,"2574",NULL,NULL,NULL,,NULL,NULL,,,"2026-07-13 18:21:40","Manthan Soni",NULL,NULL,NULL
"3871","2357105",,NULL,,,"1650","TDU36256-20260713203409",NULL,"12","2026-07-13 20:48:15",NULL,,"FLYWIRE","2026-07-13 20:48:15","Flywire Automation",NULL,NULL,NULL
"3872","2357269","initial",NULL,NULL,"395",NULL,NULL,NULL,,NULL,NULL,,,"2026-07-14 10:13:36","Manthan Soni",NULL,NULL,NULL
"3878","2357324","initial",NULL,NULL,"1090",NULL,NULL,NULL,,NULL,NULL,,,"2026-07-15 09:43:48","Manthan Soni",NULL,NULL,NULL
"3888","2354869",,NULL,"15/07/2026	GT HOLIDAYS PRIVATE LIMITED	14976",,"14976","TDU26705G",NULL,"12","2026-07-16 00:00:00",NULL,,"Bank Transfer - AU","2026-07-16 13:46:07","Job Mathew",NULL,NULL,NULL
"3897","2357220",,NULL,"TDU36341",,"1650","Flywire",NULL,"12","2026-07-17 00:00:00",NULL,,"Credit Card","2026-07-17 09:51:05","Job Mathew",NULL,NULL,NULL
"3898","2357220",,NULL,"TDU36341",,"1650","Flywire",NULL,"12","2026-07-17 00:00:00",NULL,,"Credit Card","2026-07-17 09:51:42","Job Mathew",NULL,NULL,NULL
"3908","2356782","initial",NULL,NULL,"8025",NULL,NULL,NULL,,NULL,NULL,,,"2026-07-17 17:04:53","Manthan Soni",NULL,NULL,NULL
"3909","2357384","initial",NULL,NULL,"1575",NULL,NULL,NULL,,NULL,NULL,,,"2026-07-17 17:05:57","Dhiraj Salvi",NULL,NULL,NULL
"3910","2357003",,NULL,"17/07/2026    XPLOR WORLDWIDE PVT LTD     2559 AUD",,"2559","TDU36187",NULL,"12","2026-07-17 00:00:00",NULL,,"Bank Transfer - AU","2026-07-17 17:14:45","Job Mathew",NULL,NULL,NULL
"3912","2357026",,NULL,"TDU36204",,"2990","Flywire",NULL,"12","2026-07-17 00:00:00",NULL,,"Credit Card","2026-07-17 17:28:57","Job Mathew",NULL,NULL,NULL
"3915","2357011","initial",NULL,NULL,"1365",NULL,NULL,NULL,,NULL,NULL,,,"2026-07-17 18:02:32","Manthan Soni",NULL,NULL,NULL
"3917","2357404","initial",NULL,NULL,"1946",NULL,NULL,NULL,,NULL,NULL,,,"2026-07-17 18:55:33","Dhiraj Salvi",NULL,NULL,NULL
"3919","2357404",,NULL,,,"1050","TDU36481-20260717185553",NULL,"12","2026-07-17 19:31:32",NULL,,"FLYWIRE","2026-07-17 19:31:32","Flywire Automation",NULL,NULL,NULL
"3921","2356896","final",NULL,NULL,"6014",NULL,NULL,NULL,,NULL,NULL,,,"2026-07-18 15:07:54","Harsh Purswani",NULL,NULL,NULL
"3930","2357360","initial",NULL,NULL,"1886",NULL,NULL,NULL,,NULL,NULL,,,"2026-07-20 15:28:49","Manthan Soni",NULL,NULL,NULL
"3936","2357360","final",NULL,NULL,"1856",NULL,NULL,NULL,,NULL,NULL,,,"2026-07-20 16:57:04","Harsh Purswani",NULL,NULL,NULL
"3939","2357185","initial",NULL,NULL,"1878",NULL,NULL,NULL,,NULL,NULL,,,"2026-07-20 18:30:42","Maharshi Mankodi",NULL,NULL,NULL
"3940","2357185","final",NULL,NULL,"1848",NULL,NULL,NULL,,NULL,NULL,,,"2026-07-20 18:30:55","Maharshi Mankodi",NULL,NULL,NULL
"3943","2357204","initial",NULL,NULL,"11302",NULL,NULL,NULL,,NULL,NULL,,,"2026-07-21 11:07:10","Manthan Soni",NULL,NULL,NULL
"3946","2357220","initial",NULL,NULL,"5658",NULL,NULL,NULL,,NULL,NULL,,,"2026-07-21 12:01:43","Manthan Soni",NULL,NULL,NULL
"3947","2356206",,NULL,,,"7692","TDU27046G-20260721114024",NULL,"12","2026-07-21 12:25:32",NULL,,"FLYWIRE","2026-07-21 12:25:32","Flywire Automation",NULL,NULL,NULL
"3951","2354869",,NULL,"GT HOLIDAYS PRIVATE LIMITED",,"15296","TDU26705G",NULL,"12","2026-07-21 00:00:00",NULL,,"Bank Transfer","2026-07-21 17:26:18","Job Mathew",NULL,NULL,NULL
"3954","2357283",,NULL,"FLYWIRE",,"453","TDU36387 ",NULL,"12","2026-07-21 00:00:00",NULL,,"CREDIT CARD","2026-07-21 17:28:24","Job Mathew",NULL,NULL,NULL
"3955","2357362",,NULL,"FLYWIRE",,"722"," TDU36443",NULL,"12","2026-07-21 00:00:00",NULL,,"CREDIT CARD","2026-07-21 17:29:32","Job Mathew",NULL,NULL,NULL
"3956","2357362","initial",NULL,NULL,"752",NULL,NULL,NULL,,NULL,NULL,,,"2026-07-21 17:29:52","Job Mathew",NULL,NULL,NULL
"3958","2356940",,NULL,,,"4400","TDU36143-20260721172906",NULL,"12","2026-07-21 17:41:16",NULL,,"FLYWIRE","2026-07-21 17:41:16","Flywire Automation",NULL,NULL,NULL
"3959","2356940",,NULL,,,"1000","TDU36143-20260721172944",NULL,"12","2026-07-21 17:59:36",NULL,,"FLYWIRE","2026-07-21 17:59:36","Flywire Automation",NULL,NULL,NULL
"3960","2356940",,NULL,,,"379","TDU36143-20260721173008",NULL,"12","2026-07-21 18:03:43",NULL,,"FLYWIRE","2026-07-21 18:03:43","Flywire Automation",NULL,NULL,NULL
"3961","2357003",,NULL,,,"170","TDU36187-20260721175407",NULL,"12","2026-07-21 18:10:39",NULL,,"FLYWIRE","2026-07-21 18:10:39","Flywire Automation",NULL,NULL,NULL
"3962","2356511","initial",NULL,NULL,"2410",NULL,NULL,NULL,,NULL,NULL,,,"2026-07-22 11:01:58","Manthan Soni",NULL,NULL,NULL
"3963","2356906","initial",NULL,NULL,"4584",NULL,NULL,NULL,,NULL,NULL,,,"2026-07-22 15:47:26","Manthan Soni",NULL,NULL,NULL
"3964","2357295",,NULL,"22/07/2026	FLYREMIT PRIVATE LIMITED TO	3845",,"2656","TDU36393",NULL,"12","2026-07-22 00:00:00",NULL,,"Bank Transfer - AU","2026-07-22 16:31:29","Job Mathew",NULL,NULL,NULL
"3965","2357404",,NULL,"22/07/2026	FLYREMIT PRIVATE LIMITED TO	3845",,"866","TDU3481",NULL,"12","2026-07-22 00:00:00",NULL,,"Bank Transfer - AU","2026-07-22 16:33:58","Job Mathew",NULL,NULL,NULL
"3967","2357283","initial",NULL,NULL,"634",NULL,NULL,NULL,,NULL,NULL,,,"2026-07-23 10:08:27","Manthan Soni",NULL,NULL,NULL
"3968","2357283","final",NULL,NULL,"604",NULL,NULL,NULL,,NULL,NULL,,,"2026-07-23 10:08:41","Manthan Soni",NULL,NULL,NULL
"3969","2356906","final",NULL,NULL,"4093.5",NULL,NULL,NULL,,NULL,NULL,,,"2026-07-23 11:02:35","Manthan Soni",NULL,NULL,NULL
"3970","2353781",,NULL,"23/07/2026	Fast Transfer from PRAVINKUMAR BHARGAV	4040",,"4040","TDU33742",NULL,"12","2026-07-23 00:00:00",NULL,,"Bank Transfer - AU","2026-07-23 13:51:46","Job Mathew",NULL,NULL,NULL
"3971","2357220",,NULL,"Flywire",,"800","TDU36341",NULL,"12","2026-07-20 00:00:00",NULL,,"Credit card","2026-07-23 15:18:38","Job Mathew",NULL,NULL,NULL
"3972","2357220",,NULL,"Flywire",,"1528","TDU36341",NULL,"12","2026-07-23 00:00:00",NULL,,"Credit card","2026-07-23 15:19:23","Job Mathew",NULL,NULL,NULL
"3973","2357269",,NULL,"Flywire",,"365","TDU36256",NULL,"12","2026-07-23 00:00:00",NULL,,"Credit card","2026-07-23 16:09:59","Job Mathew",NULL,NULL,NULL
"3974","2357073","initial",NULL,NULL,"19910",NULL,NULL,NULL,,NULL,NULL,,,"2026-07-23 16:56:15","Manthan Soni",NULL,NULL,NULL
"3975","2356139",,NULL,"Direct Credit 600991 SEARCH TRAVEL PT",,"1772","TDU35548",NULL,"12","2026-07-23 00:00:00",NULL,,"Bank Transfer - AU","2026-07-23 18:30:44","Job Mathew",NULL,NULL,NULL
"3976","2356139",,NULL,"Bank charges",,"20","TDU35548",NULL,"12","2026-07-23 00:00:00",NULL,,"Bank Transfer - AU","2026-07-23 18:31:20","Job Mathew",NULL,NULL,NULL
"3979","2357028",,NULL,"2/07/2026 - AION TRIP SOLUTIONS PVT LTD	- 7636.59",,"1958","TDU36206",NULL,"12","2026-07-24 00:00:00",NULL,,"Bank Transfer - NZ","2026-07-24 14:54:50","Job Mathew",NULL,NULL,NULL
"3981","2356896",,NULL,"22/07/2026	AION TRIP SOLUTIONS PVT LTD	7636.59",,"5678.59","TDU36110",NULL,"12","2026-07-24 00:00:00",NULL,,"Bank Transfer - NZ","2026-07-24 14:58:33","Job Mathew",NULL,NULL,NULL
"3982","2357003","final",NULL,NULL,"2544",NULL,NULL,NULL,,NULL,NULL,,,"2026-07-24 15:36:36","Manthan Soni",NULL,NULL,NULL
"3983","2356959","initial",NULL,NULL,"1638",NULL,NULL,NULL,,NULL,NULL,,,"2026-07-24 16:11:06","Manthan Soni",NULL,NULL,NULL
"3985","2356460",,NULL,,,"760","TDU35789-20260724194102",NULL,"12","2026-07-24 20:07:23",NULL,,"FLYWIRE","2026-07-24 20:07:23","Flywire Automation",NULL,NULL,NULL
"3989","2357384",,NULL,"24/07/2026	AMW VACAY LLP	1551",,"1551","TDU36462",NULL,"12","2026-07-27 00:00:00",NULL,,"Bank Transfer - AU","2026-07-27 09:45:34","Job Mathew",NULL,NULL,NULL
"3991","2356460","initial",NULL,NULL,"7749",NULL,NULL,NULL,,NULL,NULL,,,"2026-07-27 10:44:22","Manthan Soni",NULL,NULL,NULL
"3993","2356460","final",NULL,NULL,"8189",NULL,NULL,NULL,,NULL,NULL,,,"2026-07-27 10:45:24","Manthan Soni",NULL,NULL,NULL
"3995","2356940","initial",NULL,NULL,"5134",NULL,NULL,NULL,,NULL,NULL,,,"2026-07-27 11:32:16","Manthan Soni",NULL,NULL,NULL
"3997","2356810",,NULL,"06/07/2026	FLYWIRE	2450",,"2450","TDU36047",NULL,"12","2026-07-06 00:00:00",NULL,,"Bank Transfer - AU","2026-07-27 12:55:09","Job Mathew",NULL,NULL,NULL
"3998","2356710",,NULL,"27/07/2026	SHEERAZ TOURS PRIVATE LIMITED	20000		TDU27169G",,"20000","TDU27169G",NULL,"12","2026-07-27 00:00:00",NULL,,"Bank Transfer - AU","2026-07-27 13:03:03","Job Mathew",NULL,NULL,NULL
"3999","2356810","initial",NULL,NULL,"2188",NULL,NULL,NULL,,NULL,NULL,,,"2026-07-27 13:08:20","Manthan Soni",NULL,NULL,NULL
"4002","2356940",,NULL,,,"180","TDU36143-20260727113239",NULL,"12","2026-07-27 16:25:07",NULL,,"FLYWIRE","2026-07-27 16:25:07","Flywire Automation",NULL,NULL,NULL
"4004","2356389",,NULL,"28/07/2026		
E WINER TRAVEL AND TOURS CORP
REF 2026072800008993
$85,531.00	",,"85531","TDU27085G",NULL,"12","2026-07-28 00:00:00",NULL,,"Bank Transfer - AU","2026-07-28 15:22:24","Job Mathew",NULL,NULL,NULL
"4005","2356389","initial",NULL,NULL,"87468",NULL,NULL,NULL,,NULL,NULL,,,"2026-07-28 15:22:52","Job Mathew",NULL,NULL,NULL
"4006","2357295","initial",NULL,NULL,"2594",NULL,NULL,NULL,,NULL,NULL,,,"2026-07-28 15:54:18","Manthan Soni",NULL,NULL,NULL
"4007","2357268","initial",NULL,NULL,"21574",NULL,NULL,NULL,,NULL,NULL,,,"2026-07-28 16:17:26","Manthan Soni",NULL,NULL,NULL
"4008","2356904",,NULL,"9/07/2026		
TRAVELAD
REF 2026072900007131
$14,976.00	",,"14976"," TDU27221G",NULL,"12","2026-07-29 00:00:00",NULL,,"Bank Transfer - AU","2026-07-29 10:46:44","Job Mathew",NULL,NULL,NULL
"4012","2356139","initial",NULL,NULL,"1784",NULL,NULL,NULL,,NULL,NULL,,,"2026-07-29 15:41:22","Manthan Soni",NULL,NULL,NULL
"4013","2357580","initial",NULL,NULL,"127",NULL,NULL,NULL,,NULL,NULL,,,"2026-07-29 16:38:22","Manthan Soni",NULL,NULL,NULL
"4014","2357360",,NULL,"8/07/2026 ""Fast Transfer from STAR VACATION PVT LTD 1856 - TDU36442",,"1856","TDU36442",NULL,"12","2026-07-28 00:00:00",NULL,,"Bank Transfer - AU","2026-07-29 17:02:34","Job Mathew",NULL,NULL,NULL
"4017","2356710",,NULL,"0/07/2026		
Fast Transfer From SHEERAZ TOURS PRIVATE
TOURS AND TRAVEL,
AD2TT26072803728
$40,000.00	",,"40000","TDU27169G",NULL,"12","2026-07-30 00:00:00",NULL,,"Bank Transfer - AU","2026-07-30 12:00:50","Job Mathew",NULL,NULL,NULL
"4021","2357555","initial",NULL,NULL,"930",NULL,NULL,NULL,,NULL,NULL,,,"2026-07-30 17:03:26","Manthan Soni",NULL,NULL,NULL
"4024","2357437","initial",NULL,NULL,"3668",NULL,NULL,NULL,,NULL,NULL,,,"2026-07-31 13:00:36","Manthan Soni",NULL,NULL,NULL
"4025","2356904",,NULL,"TDU27221G",,"14054","TDU27221G",NULL,"12","2026-07-31 00:00:00",NULL,,"Bank Transfer - AU","2026-07-31 15:21:39","Job Mathew",NULL,NULL,NULL
"4026","2357185",,NULL,"25/07/2026	Fast Transfer From DARSHIT ATUL MEHTA	1848- TDU27304G",,"1848","TDU27304G",NULL,"12","2026-07-25 00:00:00",NULL,,"Bank Transfer - AU","2026-07-31 16:04:44","Job Mathew",NULL,NULL,NULL
"4028","2357629","initial",NULL,NULL,"616",NULL,NULL,NULL,,NULL,NULL,,,"2026-07-31 21:59:52","Harsh Purswani",NULL,NULL,NULL
"4029","2357533","initial",NULL,NULL,"15330",NULL,NULL,NULL,,NULL,NULL,,,"2026-08-03 09:55:39","Manthan Soni",NULL,NULL,NULL
"4031","2357406","initial",NULL,NULL,"973",NULL,NULL,NULL,,NULL,NULL,,,"2026-08-03 10:30:23","Manthan Soni",NULL,NULL,NULL
"4032","2357598","initial",NULL,NULL,"530",NULL,NULL,NULL,,NULL,NULL,,,"2026-08-03 10:33:28","Manthan Soni",NULL,NULL,NULL
"4034","2356904","initial",NULL,NULL,"41247",NULL,NULL,NULL,,NULL,NULL,,,"2026-08-03 13:08:21","Job Mathew",NULL,NULL,NULL
"4035","2356710",,NULL,"01/08/2026	SHEERAZ TOURS PRIVATETOURS AND TRAVEL	20000",,"20000","TDU27169G",NULL,"12","2026-08-03 00:00:00",NULL,,"Bank Transfer - AU","2026-08-03 13:19:38","Job Mathew",NULL,NULL,NULL
"4036","2356710","initial",NULL,NULL,"83232",NULL,NULL,NULL,,NULL,NULL,,,"2026-08-03 13:20:34","Job Mathew",NULL,NULL,NULL
"4043","2357284","initial",NULL,NULL,"16900",NULL,NULL,NULL,,NULL,NULL,,,"2026-08-03 16:36:28","Harsh Purswani",NULL,NULL,NULL
"4046","2357555","final",NULL,NULL,"990",NULL,NULL,NULL,,NULL,NULL,,,"2026-08-03 16:46:36","Manthan Soni",NULL,NULL,NULL
"4047","2356922","initial",NULL,NULL,"5038",NULL,NULL,NULL,,NULL,NULL,,,"2026-08-03 18:08:50","Manthan Soni",NULL,NULL,NULL
"4048","2356998","final",NULL,NULL,"8044",NULL,NULL,NULL,,NULL,NULL,,,"2026-08-03 23:02:04","Harsh Purswani",NULL,NULL,NULL
"4049","2357402","initial",NULL,NULL,"3324",NULL,NULL,NULL,,NULL,NULL,,,"2026-08-04 11:16:56","Maharshi Mankodi",NULL,NULL,NULL
"4050","2356710",,NULL,"SHEERAZ TOURS PRIVATE
TOURS AND TRAVEL",,"12000","TDU27169G",NULL,"12","2026-08-04 00:00:00",NULL,,"Bank Transfer - AU","2026-08-04 13:24:14","Job Mathew",NULL,NULL,NULL
"4051","2357122",,NULL,"23/07/2026	     AMAN TRAVELS LIMITED	883.48",,"883.48","TDU36269",NULL,"12","2026-07-23 00:00:00",NULL,,"Bank Transfer - NZ","2026-08-04 15:30:23","Job Mathew",NULL,NULL,NULL
"4054","2357328","initial",NULL,NULL,"3854",NULL,NULL,NULL,,NULL,NULL,,,"2026-08-04 18:08:09","Manthan Soni",NULL,NULL,NULL
"4057","2357028","initial",NULL,NULL,"2188",NULL,NULL,NULL,,NULL,NULL,,,"2026-08-05 16:25:28","Manthan Soni",NULL,NULL,NULL
"4061","2357591",,NULL,"5/08/2026  GT HOLIDAYS PRIVATE LIMITED   $3252 AUD - TDU36614",,"3252.00"," TDU36614",NULL,"12","2026-08-05 00:00:00",NULL,,"5/08/2026  GT HOLIDAYS PRIVATE","2026-08-05 17:16:18","Manthan Soni",NULL,NULL,NULL
"4063","2354869","initial",NULL,NULL,"38095",NULL,NULL,NULL,,NULL,NULL,,,"2026-08-06 10:06:33","Manthan Soni",NULL,NULL,NULL
"4064","2357090",,NULL,"6/08/2026		
1/HGC VOYAGES PRIVATE LIMITED
/ROC/0331NSMT0016427///URI/TWDS OTH
$29,995.00	",,"29995","TDU27278G",NULL,"12","2026-08-06 00:00:00",NULL,,"Bank Transfer - AU","2026-08-06 13:52:07","Job Mathew",NULL,NULL,NULL
"4065","2357591","initial",NULL,NULL,"3276",NULL,NULL,NULL,,NULL,NULL,,,"2026-08-06 14:38:33","Hemant Dongrani",NULL,NULL,NULL
"4066","2357437","final",NULL,NULL,"3638",NULL,NULL,NULL,,NULL,NULL,,,"2026-08-06 21:55:49","Dhiraj Salvi",NULL,NULL,NULL
"4069","2353886",,NULL,"/08/2026		
APD TRAVEL AND TOURS INC
REF 2026080400013599
$66,467.00	",,"66467","TDU26490G",NULL,"12","2026-08-07 00:00:00",NULL,,"Bank Transfer - AU","2026-08-07 13:28:16","Job Mathew",NULL,NULL,NULL
"4072","2355783","initial",NULL,NULL,"39630",NULL,NULL,NULL,,NULL,NULL,,,"2026-08-07 14:55:29","Maharshi Mankodi",NULL,NULL,NULL
"4073","2357402",,NULL,,,"3294","TDU36479-20260807144338",NULL,"12","2026-08-07 17:43:38",NULL,,"FLYWIRE","2026-08-07 17:43:38","Flywire Automation",NULL,NULL,NULL
"4077","2356872","initial",NULL,NULL,"1828",NULL,NULL,NULL,,NULL,NULL,,,"2026-08-10 14:38:06","Hemant Dongrani",NULL,NULL,NULL
"4078","2357437",,NULL,"Fast Transfer From MADHUCHANDA TRAVELS
TOURS AND TRAVEL, MADHUCHANDA TRAVELS...
AD2TT26080703671",,"3668","TDU36509 ",NULL,"12","2026-08-10 00:00:00",NULL,,"Bank Transfer - AU","2026-08-10 17:47:00","Job Mathew",NULL,NULL,NULL
"4079","2355556",,NULL,"SPORTA HOLDINGS PTE. LTD. REF 2026081100005125",,"4835","TDU26881G",NULL,"12","2026-08-11 00:00:00",NULL,,"Bank Transfer - AU","2026-08-11 17:24:35","Job Mathew",NULL,NULL,NULL
"4080","2357610","initial",NULL,NULL,"7432",NULL,NULL,NULL,,NULL,NULL,,,"2026-08-11 18:08:26","Manthan Soni",NULL,NULL,NULL
"4081","2357088",,NULL,,,"2043","TDU36246-20260811185128",NULL,"12","2026-08-11 19:05:14",NULL,,"FLYWIRE","2026-08-11 19:05:14","Flywire Automation",NULL,NULL,NULL
"4082","2354524","initial",NULL,NULL,"7124",NULL,NULL,NULL,,NULL,NULL,,,"2026-08-12 10:53:22","Manthan Soni",NULL,NULL,NULL
"4083","2357268",,NULL,"Mr J A Kalath",,"10000","TDU36373",NULL,"12","2026-08-12 00:00:00",NULL,,"Bank Transfer - NZ","2026-08-12 11:18:43","Manthan Soni",NULL,NULL,NULL
"4084","2357268",,NULL,"Mr J A Kalath",,"10000","TDU36373",NULL,"12","2026-08-12 00:00:00",NULL,,"Bank Transfer - NZ","2026-08-12 11:19:01","Manthan Soni",NULL,NULL,NULL
"4085","2357554","initial",NULL,NULL,"8690",NULL,NULL,NULL,,NULL,NULL,,,"2026-08-12 11:35:27","Manthan Soni",NULL,NULL,NULL
"4089","2357555",,NULL,,,"990","TDU36589-20260811070938",NULL,"12","2026-08-12 15:26:21",NULL,,"FLYWIRE","2026-08-12 15:26:21","Flywire Automation",NULL,NULL,NULL
"4090","2357088",,NULL,,,"2043","TDU36246-20260811185146",NULL,"12","2026-08-12 15:45:53",NULL,,"FLYWIRE","2026-08-12 15:45:53","Flywire Automation",NULL,NULL,NULL
"4091","2354524",,NULL,"Fast Transfer From SOMAN S LEISURE TOURS
TOURS AND TRAVEL, REF NO TDU34324
AD2TT26081005894",,"7094","TDU34324",NULL,"12","2026-08-12 00:00:00",NULL,,"Bank Transfer - 7094","2026-08-12 15:51:58","Manthan Soni",NULL,NULL,NULL
"4092","2356872",,NULL,"Fast Transfer From SOMAN S LEISURE TOURS
TOURS AND TRAVEL, REF NO TDU34324
AD2TT26081005894",,"1813","TDU36090",NULL,"12","2026-08-12 00:00:00",NULL,,"Bank Transfer - 7094","2026-08-12 15:56:04","Manthan Soni",NULL,NULL,NULL
"4095","2356913",,NULL,"29/07/2026		
MAKEMYTRIP INDIA PRIVATE LIMITED
REF 2026072900010053
/ROC/00572OR034312726///URI/TOWRDS
$30,000.00	",,"30000","TDU27224G",NULL,"12","2026-07-29 00:00:00",NULL,,"Bank Transfer - 7094","2026-08-12 16:24:38","Manthan Soni",NULL,NULL,NULL
"4096","2356913",,NULL,"10/07/2026	MAKEMYTRIP INDIA PRIVATE LIMITED	1000",,"1000","TDU27224G",NULL,"12","2026-07-10 00:00:00",NULL,,"Bank Transfer - 7094","2026-08-12 16:26:04","Manthan Soni",NULL,NULL,NULL
"4097","2356913",,NULL,"13/07/2026	MAKEMYTRIP INDIA PRIVATE LIMITED	4925",,"4925","TDU27224G",NULL,"12","2026-07-13 00:00:00",NULL,,"Bank Transfer","2026-08-12 16:27:05","Manthan Soni",NULL,NULL,NULL
"4098","2353886","initial",NULL,NULL,"73903",NULL,NULL,NULL,,NULL,NULL,,,"2026-08-13 10:26:15","Maharshi Mankodi",NULL,NULL,NULL
"4099","2353886","final",NULL,NULL,"73873",NULL,NULL,NULL,,NULL,NULL,,,"2026-08-13 10:26:55","Maharshi Mankodi",NULL,NULL,NULL
"4100","2357824","initial",NULL,NULL,"2078",NULL,NULL,NULL,,NULL,NULL,,,"2026-08-13 10:45:50","Maharshi Mankodi",NULL,NULL,NULL
"4103","2355455","initial",NULL,NULL,"8872",NULL,NULL,NULL,,NULL,NULL,,,"2026-08-13 14:12:54","Manthan Soni",NULL,NULL,NULL
"4105","2356872","final",NULL,NULL,"1798",NULL,NULL,NULL,,NULL,NULL,,,"2026-08-13 16:43:30","Manthan Soni",NULL,NULL,NULL
"4108","2357011","final",NULL,NULL,"1335",NULL,NULL,NULL,,NULL,NULL,,,"2026-08-13 17:35:27","Harsh Purswani",NULL,NULL,NULL
"4109","2357558","initial",NULL,NULL,"12867",NULL,NULL,NULL,,NULL,NULL,,,"2026-08-13 17:42:24","Hemant Dongrani",NULL,NULL,NULL
"4110","2357824",,NULL,,,"2048","TDU36786-20260813131958",NULL,"12","2026-08-13 17:53:57",NULL,,"FLYWIRE","2026-08-13 17:53:57","Flywire Automation",NULL,NULL,NULL
"4112","2357037","initial",NULL,NULL,"22430",NULL,NULL,NULL,,NULL,NULL,,,"2026-08-13 18:24:33","Manthan Soni",NULL,NULL,NULL
"4114","2357645",,NULL,"14/08/2026	THUS HOLIDAYS	16000",,"16000"," TDU27423G",NULL,"12","2026-08-14 00:00:00",NULL,,"Bank Transfer","2026-08-14 09:51:19","Job Mathew",NULL,NULL,NULL
"4115","2356606",,NULL,"Transfer from CBA NetBank
Kamrul Islam
",,"6500"," TDU27143G",NULL,"12","2026-08-14 00:00:00",NULL,,"Bank Transfer","2026-08-14 14:07:19","Job Mathew",NULL,NULL,NULL
"4117","2356606",,NULL,"Direct Credit 421520 PRIME WATCH SOLU Prime Remittance",,"5000"," TDU27143G",NULL,"12","2026-08-12 00:00:00",NULL,,"Bank Transfer","2026-08-14 18:36:15","Job Mathew",NULL,NULL,NULL
"4118","2356606",,NULL,"12/08/2026	Transfer from CBA NetBank Kamrul Islam",,"5055","TDU27143G",NULL,"12","2026-08-10 00:00:00",NULL,,"BANK TRANSFER","2026-08-17 11:38:25","Job Mathew",NULL,NULL,NULL
"4119","2357554","final",NULL,NULL,"8660",NULL,NULL,NULL,,NULL,NULL,,,"2026-08-17 12:35:03","Manthan Soni",NULL,NULL,NULL
"4120","2357851","initial",NULL,NULL,"658",NULL,NULL,NULL,,NULL,NULL,,,"2026-08-17 13:27:18","Manthan Soni",NULL,NULL,NULL
"4121","2356606",,NULL,"18/08/2026		
Direct Credit 421520 PRIME WATCH SOLU
Prime Remittance
$4,742.00",,"4742","TDU27143G",NULL,"12","2026-08-18 00:00:00",NULL,,"Bank Transfer","2026-08-18 10:04:57","Job Mathew",NULL,NULL,NULL
"4122","2357475","initial",NULL,NULL,"12524",NULL,NULL,NULL,,NULL,NULL,,,"2026-08-18 11:15:46","Maharshi Mankodi",NULL,NULL,NULL
"4124","2357641","initial",NULL,NULL,"3617",NULL,NULL,NULL,,NULL,NULL,,,"2026-08-18 13:48:55","Manthan Soni",NULL,NULL,NULL
"4126","2356509","initial",NULL,NULL,"2388",NULL,NULL,NULL,,NULL,NULL,,,"2026-08-18 18:29:27","Hemant Dongrani",NULL,NULL,NULL
"4127","2357592","initial",NULL,NULL,"6817",NULL,NULL,NULL,,NULL,NULL,,,"2026-08-19 09:37:57","Maharshi Mankodi",NULL,NULL,NULL
"4129","2357969","initial",NULL,NULL,"258",NULL,NULL,NULL,,NULL,NULL,,,"2026-08-19 12:07:17","Manthan Soni",NULL,NULL,NULL
"4130","2357012","initial",NULL,NULL,"1302",NULL,NULL,NULL,,NULL,NULL,,,"2026-08-19 12:14:05","Manthan Soni",NULL,NULL,NULL
"4134","2357011",,NULL,"18/08/2026	Fast Transfer From VISHVASKUMAR PATEL	2607",,"1335","TDU36195",NULL,"12","2026-08-19 00:00:00",NULL,,"Bank Transfer - AU","2026-08-19 17:29:48","Manthan Soni",NULL,NULL,NULL
"4135","2357012",,NULL,"18/08/2026	Fast Transfer From VISHVASKUMAR PATEL	2607",,"1272","TDU36196",NULL,"12","2026-08-19 00:00:00",NULL,,"Bank Transfer - AU","2026-08-19 17:32:32","Manthan Soni",NULL,NULL,NULL
"4136","2357403","initial",NULL,NULL,"2670",NULL,NULL,NULL,,NULL,NULL,,,"2026-08-19 18:57:53","Dhiraj Salvi",NULL,NULL,NULL
"4137","2357403","final",NULL,NULL,"2640",NULL,NULL,NULL,,NULL,NULL,,,"2026-08-19 23:27:02","Hemant Dongrani",NULL,NULL,NULL
"4138","2357856","initial",NULL,NULL,"2721",NULL,NULL,NULL,,NULL,NULL,,,"2026-08-20 11:30:38","Manthan Soni",NULL,NULL,NULL
"4139","2352290","initial",NULL,NULL,"79383",NULL,NULL,NULL,,NULL,NULL,,,"2026-08-20 13:20:31","Maharshi Mankodi",NULL,NULL,NULL
