quoteid,quote_no,created_at,quotestage,total,currency_id
9,TDU00004G,2024-09-16 22:06:03,On Ground,NULL,1
13,TDU00006G,2024-09-17 11:52:00,Accounts - Reconciliation,NULL,1
18,TDU00007G,2024-09-17 14:12:35,Accounts - Reconciliation,NULL,1
22,TDU00008G,2024-09-17 15:43:41,Accounts - Reconciliation,NULL,1
23,TDU00009G,2024-09-17 15:55:41,Accounts - Reconciliation,NULL,1
25,TDU00010G,2024-09-17 16:54:11,Accounts - Reconciliation,NULL,1
27,TDU00011G,2024-09-17 17:48:54,Accounts - Reconciliation,NULL,1
30,TDU00012G,2024-09-17 19:00:12,Accounts - Reconciliation,NULL,1
33,TDU00013G,2024-09-17 19:58:46,Rejected,NULL,1
34,TDU00014G,2024-09-17 20:01:57,Rejected,NULL,1
35,TDU00015G,2024-09-17 20:03:18,Rejected,NULL,1
36,TDU00016G,2024-09-17 20:20:32,Rejected After Confirmation QA pending,NULL,1
38,TDU00017G,2024-09-17 20:40:46,Rejected After Confirmation QA pending,NULL,1
40,TDU00018G,2024-09-17 21:10:47,Accounts - Reconciliation,NULL,1
42,TDU00019G,2024-09-17 22:20:52,Accounts - Reconciliation,NULL,1
43,TDU00020G,2024-09-17 22:28:29,Accounts - Reconciliation,NULL,1
45,TDU00021G,2024-09-18 09:49:12,Accounts - Reconciliation,NULL,1
46,TDU00022G,2024-09-18 09:54:26,Accounts - Reconciliation,NULL,1
47,TDU00023G,2024-09-18 13:44:13,Rejected After Confirmation QA pending,NULL,1
48,TDU00024G,2024-09-18 14:10:41,Accounts - Reconciliation,NULL,1
51,TDU00026G,2024-09-18 14:57:00,Accepted,NULL,1
2347055,TDU24718G,2024-09-18 16:08:06,Rejected After Confirmation QA pending,NULL,1
2347056,TDU24719G,2024-09-18 17:45:56,Accounts - Reconciliation,NULL,1
2347059,TDU24722G,2024-09-18 18:49:25,Rejected After Confirmation QA pending,NULL,1
2347060,TDU24723G,2024-09-18 19:28:11,Accounts - Reconciliation,NULL,1
2347061,TDU24724G,2024-09-18 20:21:28,Accounts - Reconciliation,NULL,1
2347062,TDU24725G,2024-09-18 20:48:31,Accounts - Reconciliation,NULL,1
2347063,TDU24726G,2024-09-18 21:17:35,Rejected After Confirmation QA pending,NULL,1
2347064,TDU24727G,2024-09-18 21:33:46,On Ground,NULL,1
2347066,TDU24728G,2024-09-19 13:53:24,Rejected,NULL,1
2347068,TDU24729G,2024-09-19 15:12:11,Accounts - Reconciliation,NULL,1
2347069,TDU24730G,2024-09-19 16:16:49,Accounts - Reconciliation,NULL,1
2347070,TDU24731G,2024-09-19 16:36:08,On Ground,NULL,1
2347071,TDU24732G,2024-09-19 17:26:15,Accounts - Reconciliation,NULL,1
2347075,TDU24733G,2024-09-19 19:54:59,Accounts - Reconciliation,NULL,1
2347077,TDU24734G,2024-09-20 13:57:37,Rejected After Confirmation QA pending,NULL,1
2347078,TDU24735G,2024-09-20 15:58:02,Rejected After Confirmation QA pending,NULL,1
2347081,TDU24736G,2024-09-20 21:00:27,Rejected,NULL,1
2347083,TDU24737G,2024-09-21 09:15:15,Rejected After Confirmation QA pending,NULL,1
2347085,TDU24738G,2024-09-21 10:19:47,Accounts - Reconciliation,NULL,1
2347086,TDU24739G,2024-09-22 10:05:33,Rejected After Confirmation QA pending,NULL,1
2347088,TDU24740G,2024-09-23 07:26:13,Accounts - Reconciliation,NULL,1
2347090,TDU24741G,2024-09-23 08:06:24,Rejected After Confirmation QA pending,NULL,1
2347091,TDU24742G,2024-09-23 09:38:07,Auto Rejected,NULL,1
2347092,TDU24743G,2024-09-23 09:57:12,Auto Rejected,NULL,1
2347093,TDU24744G,2024-09-23 10:12:46,Auto Rejected,NULL,1
2347094,TDU24745G,2024-09-23 10:31:03,Auto Rejected,NULL,1
2347095,TDU24746G,2024-09-23 10:48:07,Rejected,NULL,1
2347096,TDU24747G,2024-09-23 15:33:35,Rejected,NULL,1
2347097,TDU24748G,2024-09-23 15:43:54,Rejected,NULL,1
2347098,TDU24749G,2024-09-23 16:31:22,Accounts - Reconciliation,NULL,1
2347103,TDU24750G,2024-09-23 19:36:35,Rejected,NULL,1
2347105,TDU24751G,2024-09-23 20:07:03,Accounts - Reconciliation,NULL,1
2347107,TDU24752G,2024-09-23 20:39:10,Accounts - Reconciliation,NULL,1
2347109,TDU24753G,2024-09-23 20:52:09,Rejected,NULL,1
2347110,TDU24754G,2024-09-23 20:52:09,Accounts - Reconciliation,NULL,1
2347112,TDU24755G,2024-09-24 13:44:01,Accounts - Reconciliation,NULL,1
2347114,TDU24756G,2024-09-24 16:36:49,Accounts - Reconciliation,NULL,1
2347116,TDU24757G,2024-09-24 17:11:39,Accounts - Reconciliation,NULL,1
2347118,TDU24758G,2024-09-24 18:18:11,Accounts - Reconciliation,NULL,1
2347120,TDU24759G,2024-09-24 20:52:29,Auto Rejected,NULL,1
2347122,TDU24760G,2024-09-25 08:31:31,Accounts - Reconciliation,NULL,1
2347123,TDU24761G,2024-09-25 13:15:07,Accounts - Reconciliation,NULL,1
2347125,TDU24762G,2024-09-25 14:57:23,Accounts - Reconciliation,NULL,1
2347126,TDU24763G,2024-09-25 14:59:48,Accounts - Reconciliation,NULL,1
2347128,TDU24764G,2024-09-25 15:58:15,Accounts - Reconciliation,NULL,1
2347130,TDU24765G,2024-09-25 16:34:25,Accounts - Reconciliation,NULL,1
2347131,TDU24766G,2024-09-25 17:09:18,Auto Rejected,NULL,1
2347133,TDU24767G,2024-09-25 18:41:54,Auto Rejected,NULL,1
2347135,TDU24768G,2024-09-25 20:52:24,Auto Rejected,NULL,1
2347136,TDU24769G,2024-09-25 20:52:24,Auto Rejected,NULL,1
2347137,TDU24770G,2024-09-25 20:52:25,Auto Rejected,NULL,1
2347139,TDU24771G,2024-09-25 21:24:46,Auto Rejected,NULL,1
2347141,TDU24772G,2024-09-26 09:20:06,Accounts - Reconciliation,NULL,1
2347142,TDU24773G,2024-09-26 09:51:28,Rejected After Confirmation QA pending,NULL,1
2347143,TDU24774G,2024-09-26 10:14:36,Rejected After Confirmation QA pending,NULL,1
2347144,TDU24775G,2024-09-26 17:25:22,Auto Rejected,NULL,1
2347146,TDU24776G,2024-09-26 20:00:32,Rejected,NULL,1
2347147,TDU24777G,2024-09-26 20:01:01,Auto Rejected,NULL,1
2347149,TDU24778G,2024-09-27 14:24:39,Auto Rejected,NULL,1
2347150,TDU24779G,2024-09-27 15:03:55,Auto Rejected,NULL,1
2347152,TDU24780G,2024-09-27 16:15:10,Rejected,NULL,1
2347155,TDU24781G,2024-09-27 17:12:21,Rejected,NULL,1
2347156,TDU24782G,2024-09-27 18:26:38,Accounts - Reconciliation,NULL,1
2347157,TDU24783G,2024-09-27 19:59:44,Accounts - Reconciliation,NULL,1
2347158,TDU24784G,2024-09-27 20:48:05,Accounts - Reconciliation,NULL,1
2347159,TDU24785G,2024-09-28 13:37:31,Accounts - Reconciliation,NULL,1
2347161,TDU24786G,2024-09-28 16:59:13,Auto Rejected,NULL,1
2347163,TDU24787G,2024-09-28 18:37:05,Accounts - Reconciliation,NULL,1
2347165,TDU24788G,2024-09-30 17:00:14,Accounts - Reconciliation,NULL,1
2347167,TDU24789G,2024-09-30 17:21:44,Rejected,NULL,1
2347168,TDU24790G,2024-09-30 19:23:20,Accounts - Reconciliation,NULL,1
2347169,TDU24791G,2024-09-30 19:56:24,Rejected,NULL,1
2347170,TDU24792G,2024-09-30 20:55:54,Rejected,NULL,1
2347172,TDU24793G,2024-10-01 08:42:23,Accounts - Reconciliation,NULL,1
2347174,TDU24794G,2024-10-01 14:16:19,Auto Rejected,NULL,1
2347179,TDU24795G,2024-10-01 17:41:35,Accounts - Reconciliation,NULL,1
2347182,TDU24796G,2024-10-01 20:45:44,Auto Rejected,NULL,1
2347183,TDU24797G,2024-10-01 21:46:31,Auto Rejected,NULL,1
2347185,TDU24798G,2024-10-02 10:07:04,Accounts - Reconciliation,NULL,1
2347187,TDU24799G,2024-10-02 12:18:42,Accounts - Reconciliation,NULL,1
2347188,TDU24800G,2024-10-02 13:04:20,Accounts - Reconciliation,NULL,1
2347189,TDU24801G,2024-10-02 13:26:09,Accounts - Reconciliation,NULL,1
2347191,TDU24802G,2024-10-02 14:51:44,Accounts - Reconciliation,NULL,1
2347193,TDU24803G,2024-10-02 18:25:08,Rejected,NULL,1
2347194,TDU24804G,2024-10-03 15:27:04,Auto Rejected,NULL,1
2347196,TDU24805G,2024-10-03 18:10:37,Auto Rejected,NULL,1
2347197,TDU24806G,2024-10-04 11:38:07,Rejected,NULL,1
2347198,TDU24807G,2024-10-04 11:43:43,Auto Rejected,NULL,1
2347199,TDU24808G,2024-10-04 12:04:51,Accounts - Reconciliation,NULL,1
2347200,TDU24809G,2024-10-04 16:17:27,Rejected,NULL,1
2347201,TDU24810G,2024-10-04 17:22:41,Rejected,NULL,1
2347202,TDU24811G,2024-10-05 18:25:53,Accounts - Reconciliation,NULL,1
2347203,TDU24812G,2024-10-07 12:40:52,Accounts - Reconciliation,NULL,1
2347204,TDU24813G,2024-10-08 16:56:34,Rejected,NULL,1
2347207,TDU24814G,2024-10-08 19:02:29,Accounts - Reconciliation,NULL,1
2347208,TDU24815G,2024-10-08 19:05:45,Accounts - Reconciliation,NULL,1
2347213,TDU24816G,2024-10-09 13:27:44,Accounts - Reconciliation,NULL,1
2347214,TDU24817G,2024-10-09 13:34:27,Auto Rejected,NULL,1
2347215,TDU24818G,2024-10-09 13:39:52,Auto Rejected,NULL,1
2347217,TDU24819G,2024-10-09 19:27:47,Auto Rejected,NULL,1
2347218,TDU24820G,2024-10-09 19:36:49,Auto Rejected,NULL,1
2347222,TDU24821G,2024-10-10 23:17:06,Rejected,NULL,1
2347224,TDU24822G,2024-10-11 10:18:23,Auto Rejected,NULL,1
2347226,TDU24823G,2024-10-11 17:53:15,Accounts - Reconciliation,NULL,1
2347229,TDU24824G,2024-10-11 21:28:19,Auto Rejected,NULL,1
2347232,TDU24825G,2024-10-11 22:56:43,Accounts - Reconciliation,NULL,1
2347233,TDU24826G,2024-10-11 23:13:56,Rejected,NULL,1
2347240,TDU24827G,2024-10-15 11:18:20,Auto Rejected,NULL,1
2347242,TDU24828G,2024-10-15 13:40:13,Rejected,NULL,1
2347244,TDU24829G,2024-10-15 15:51:51,Accounts - Reconciliation,NULL,1
2347245,TDU24830G,2024-10-15 17:01:09,Rejected,NULL,1
2347246,TDU24831G,2024-10-15 18:17:24,Rejected,NULL,1
2347249,TDU24832G,2024-10-15 19:04:16,Rejected,NULL,1
2347250,TDU24833G,2024-10-15 19:18:04,Rejected,NULL,1
2347251,TDU24834G,2024-10-15 19:34:30,Auto Rejected,NULL,1
2347252,TDU24835G,2024-10-15 20:47:03,Rejected,NULL,1
2347253,TDU24836G,2024-10-15 21:13:10,Accounts - Reconciliation,NULL,1
2347256,TDU24837G,2024-10-15 21:53:55,Auto Rejected,NULL,1
2347260,TDU24838G,2024-10-16 17:01:40,Accounts - Reconciliation,NULL,1
2347262,TDU24839G,2024-10-16 17:23:11,Auto Rejected,NULL,1
2347264,TDU24840G,2024-10-16 18:28:31,Auto Rejected,NULL,1
2347265,TDU24841G,2024-10-16 20:00:10,Auto Rejected,NULL,1
2347267,TDU24842G,2024-10-16 22:38:13,Auto Rejected,NULL,1
2347269,TDU24843G,2024-10-16 23:10:38,Auto Rejected,NULL,1
2347270,TDU24844G,2024-10-17 00:00:27,Rejected,NULL,1
2347272,TDU24845G,2024-10-17 10:27:39,Auto Rejected,NULL,1
2347273,TDU24846G,2024-10-17 11:48:10,Auto Rejected,NULL,1
2347275,TDU24847G,2024-10-17 12:39:33,Accounts - Reconciliation,NULL,1
2347278,TDU24848G,2024-10-17 13:35:18,Accounts - Reconciliation,NULL,1
2347279,TDU24849G,2024-10-17 14:15:13,Accounts - Reconciliation,NULL,1
2347283,TDU24850G,2024-10-17 15:42:19,Rejected,NULL,1
2347285,TDU24851G,2024-10-17 16:50:47,Auto Rejected,NULL,1
2347287,TDU24852G,2024-10-17 17:58:54,Rejected,NULL,1
2347289,TDU24853G,2024-10-17 18:32:56,Rejected,NULL,1
2347291,TDU24854G,2024-10-17 20:26:57,Auto Rejected,NULL,1
2347292,TDU24855G,2024-10-17 21:20:36,Rejected,NULL,1
2347293,TDU24856G,2024-10-18 04:52:11,Rejected,NULL,1
2347295,TDU24857G,2024-10-18 05:20:15,Auto Rejected,NULL,1
2347296,TDU24858G,2024-10-18 05:28:11,Auto Rejected,NULL,1
2347297,TDU24859G,2024-10-18 19:34:24,Rejected,NULL,1
2347300,TDU24860G,2024-10-19 18:58:53,Rejected,NULL,1
2347301,TDU24861G,2024-10-21 15:45:08,Rejected,NULL,1
2347304,TDU24862G,2024-10-21 20:11:55,Rejected,NULL,1
2347306,TDU24863G,2024-10-21 23:46:38,Auto Rejected,NULL,1
2347307,TDU24864G,2024-10-22 04:59:29,Auto Rejected,NULL,1
2347309,TDU24865G,2024-10-22 13:58:46,Auto Rejected,NULL,1
2347310,TDU24866G,2024-10-22 14:41:27,Auto Rejected,NULL,1
2347311,TDU24867G,2024-10-22 14:44:01,Auto Rejected,NULL,1
2347312,TDU24868G,2024-10-22 15:01:09,Auto Rejected,NULL,1
2347313,TDU24869G,2024-10-22 15:49:03,Auto Rejected,NULL,1
2347314,TDU24870G,2024-10-22 20:00:58,Auto Rejected,NULL,1
2347315,TDU24871G,2024-10-22 20:30:39,Auto Rejected,NULL,1
2347316,TDU24872G,2024-10-22 20:51:20,Accounts - Reconciliation,NULL,1
2347319,TDU24873G,2024-10-22 21:29:56,Auto Rejected,NULL,1
2347320,TDU24874G,2024-10-23 11:08:54,Auto Rejected,NULL,1
2347321,TDU24875G,2024-10-23 12:01:05,Auto Rejected,NULL,1
2347323,TDU24876G,2024-10-23 12:14:03,Auto Rejected,NULL,1
2347324,TDU24877G,2024-10-23 13:15:43,Auto Rejected,NULL,1
2347325,TDU24878G,2024-10-23 13:24:10,Auto Rejected,NULL,1
2347328,TDU24879G,2024-10-23 14:30:26,Auto Rejected,NULL,1
2347329,TDU24880G,2024-10-23 14:42:43,Auto Rejected,NULL,1
2347330,TDU24881G,2024-10-23 16:03:08,Rejected,NULL,1
2347331,TDU24882G,2024-10-23 16:11:00,Accepted,NULL,1
2347333,TDU24883G,2024-10-23 16:48:18,Auto Rejected,NULL,1
2347334,TDU24884G,2024-10-23 16:57:15,Auto Rejected,NULL,1
2347335,TDU24885G,2024-10-23 17:00:05,Auto Rejected,NULL,1
2347336,TDU24886G,2024-10-23 17:01:55,Auto Rejected,NULL,1
2347337,TDU24887G,2024-10-23 17:21:33,Rejected,NULL,1
2347338,TDU24888G,2024-10-23 17:48:44,Rejected,NULL,1
2347340,TDU24889G,2024-10-23 18:14:28,Auto Rejected,NULL,1
2347341,TDU24890G,2024-10-23 18:39:57,Rejected,NULL,1
2347342,TDU24891G,2024-10-23 19:00:06,Rejected,NULL,1
2347343,TDU24892G,2024-10-23 21:33:31,Rejected,NULL,1
2347344,TDU24893G,2024-10-23 21:46:04,Rejected,NULL,1
2347347,TDU24894G,2024-10-24 12:16:01,Auto Rejected,NULL,1
2347348,TDU24895G,2024-10-24 17:59:01,Auto Rejected,NULL,1
2347349,TDU24896G,2024-10-24 18:33:17,Rejected,NULL,1
2347351,TDU24897G,2024-10-24 21:09:42,Accounts - Reconciliation,NULL,1
2347352,TDU24898G,2024-10-24 21:45:06,Auto Rejected,NULL,1
2347354,TDU24899G,2024-10-24 22:46:18,Rejected,NULL,1
2347356,TDU24900G,2024-10-25 12:45:56,Auto Rejected,NULL,1
2347358,TDU24901G,2024-10-25 13:54:07,Auto Rejected,NULL,1
2347360,TDU24902G,2024-10-25 15:24:34,Rejected,NULL,1
2347361,TDU24903G,2024-10-25 16:10:50,Auto Rejected,NULL,1
2347362,TDU24904G,2024-10-25 16:19:35,Auto Rejected,NULL,1
2347364,TDU24905G,2024-10-25 17:35:47,Auto Rejected,NULL,1
2347366,TDU24906G,2024-10-25 18:39:08,Accounts - Reconciliation,NULL,1
2347367,TDU24907G,2024-10-25 19:09:18,Rejected,NULL,1
2347370,TDU24908G,2024-10-25 21:52:36,Auto Rejected,NULL,1
2347372,TDU24909G,2024-10-25 23:13:42,Rejected,NULL,1
2347374,TDU24910G,2024-10-26 15:41:44,Auto Rejected,NULL,1
2347376,TDU24911G,2024-10-26 17:24:44,Rejected,NULL,1
2347378,TDU24912G,2024-10-26 17:52:35,Accounts - Reconciliation,NULL,1
2347379,TDU24913G,2024-10-26 18:17:16,Rejected,NULL,1
2347381,TDU24914G,2024-10-26 19:38:58,Rejected,NULL,1
2347382,TDU24915G,2024-10-28 16:36:03,Auto Rejected,NULL,1
2347383,TDU24916G,2024-10-28 16:58:50,Accounts - Reconciliation,NULL,1
2347384,TDU24917G,2024-10-28 17:51:19,Rejected,NULL,1
2347386,TDU24918G,2024-10-28 20:07:56,Auto Rejected,NULL,1
2347387,TDU24919G,2024-10-28 20:36:02,Auto Rejected,NULL,1
2347389,TDU24920G,2024-10-28 23:24:23,Auto Rejected,NULL,1
2347391,TDU24921G,2024-10-29 19:31:59,Rejected,NULL,1
2347392,TDU24922G,2024-10-29 20:31:15,Accounts - Reconciliation,NULL,1
2347394,TDU24923G,2024-10-29 22:56:34,Auto Rejected,NULL,1
2347397,TDU24924G,2024-10-30 16:57:33,Auto Rejected,NULL,1
2347399,TDU24925G,2024-10-30 17:55:09,Auto Rejected,NULL,1
2347402,TDU24926G,2024-11-01 18:47:56,Accounts - Reconciliation,NULL,1
2347404,TDU24927G,2024-11-02 16:08:01,Auto Rejected,NULL,1
2347406,TDU24928G,2024-11-02 18:23:34,Auto Rejected,NULL,1
2347407,TDU24929G,2024-11-05 14:03:08,Auto Rejected,NULL,1
2347409,TDU24930G,2024-11-05 15:15:29,Auto Rejected,NULL,1
2347411,TDU24931G,2024-11-05 15:56:51,Rejected,NULL,1
2347415,TDU24932G,2024-11-05 22:10:16,Rejected,NULL,1
2347417,TDU24933G,2024-11-06 08:00:16,Auto Rejected,NULL,1
2347418,TDU24934G,2024-11-06 16:13:16,Rejected,NULL,1
2347420,TDU24935G,2024-11-06 22:30:04,Auto Rejected,NULL,1
2347422,TDU24936G,2024-11-07 00:56:33,Auto Rejected,NULL,1
2347423,TDU24937G,2024-11-07 00:59:24,Auto Rejected,NULL,1
2347424,TDU24938G,2024-11-07 01:02:09,Auto Rejected,NULL,1
2347425,TDU24939G,2024-11-07 16:27:41,Rejected,NULL,1
2347427,TDU24940G,2024-11-07 17:00:15,Auto Rejected,NULL,1
2347429,TDU24941G,2024-11-07 18:36:24,Auto Rejected,NULL,1
2347430,TDU24942G,2024-11-07 19:20:53,Auto Rejected,NULL,1
2347432,TDU24943G,2024-11-07 22:04:45,Accounts - Reconciliation,NULL,1
2347434,TDU24944G,2024-11-07 23:26:29,Rejected,NULL,1
2347436,TDU24945G,2024-11-08 14:50:24,Rejected,NULL,1
2347437,TDU24946G,2024-11-08 20:05:59,Rejected,NULL,1
2347439,TDU24947G,2024-11-08 23:07:02,Rejected,NULL,1
2347441,TDU24948G,2024-11-09 00:08:42,Rejected,NULL,1
2347442,TDU24949G,2024-11-09 00:59:47,Rejected,NULL,1
2347446,TDU24950G,2024-11-09 01:41:16,Rejected,NULL,1
2347447,TDU24951G,2024-11-09 13:52:22,Rejected,NULL,1
2347449,TDU24952G,2024-11-09 15:05:44,Rejected,NULL,1
2347450,TDU24953G,2024-11-09 15:08:01,Rejected,NULL,1
2347451,TDU24954G,2024-11-09 15:26:05,Accounts - Reconciliation,NULL,1
2347452,TDU24955G,2024-11-09 16:43:45,Rejected,NULL,1
2347453,TDU24956G,2024-11-09 16:45:07,Rejected,NULL,1
2347454,TDU24957G,2024-11-09 17:08:44,Rejected,NULL,1
2347455,TDU24958G,2024-11-09 17:59:30,Accounts - Reconciliation,NULL,1
2347456,TDU24959G,2024-11-09 18:25:21,Rejected,NULL,1
2347457,TDU24960G,2024-11-09 18:36:45,Rejected,NULL,1
2347459,TDU24961G,2024-11-09 19:19:54,Rejected,NULL,1
2347460,TDU24962G,2024-11-09 19:40:10,Rejected,NULL,1
2347462,TDU24963G,2024-11-09 20:30:18,Rejected,NULL,1
2347464,TDU24964G,2024-11-09 21:54:12,Auto Rejected,NULL,1
2347467,TDU24965G,2024-11-10 19:45:51,Rejected,NULL,1
2347468,TDU24966G,2024-11-11 19:16:36,Rejected,NULL,1
2347469,TDU24967G,2024-11-11 20:06:11,Auto Rejected,NULL,1
2347471,TDU24968G,2024-11-11 22:13:56,Auto Rejected,NULL,1
2347474,TDU24969G,2024-11-11 22:55:29,Auto Rejected,NULL,1
2347477,TDU24970G,2024-11-11 23:21:03,Rejected,NULL,1
2347481,TDU24971G,2024-11-12 15:45:30,Rejected,NULL,1
2347484,TDU24972G,2024-11-12 16:38:55,Auto Rejected,NULL,1
2347486,TDU24973G,2024-11-12 17:52:17,Rejected,NULL,1
2347487,TDU24974G,2024-11-12 18:21:05,Accounts - Reconciliation,NULL,1
2347490,TDU24975G,2024-11-12 18:49:13,Rejected,NULL,1
2347491,TDU24976G,2024-11-12 19:05:27,Rejected,NULL,1
2347494,TDU24977G,2024-11-12 19:23:07,Rejected,NULL,1
2347495,TDU24978G,2024-11-12 19:28:05,Rejected,NULL,1
2347496,TDU24979G,2024-11-12 20:08:02,Rejected,NULL,1
2347497,TDU24980G,2024-11-12 20:37:55,Auto Rejected,NULL,1
2347499,TDU24981G,2024-11-12 20:57:12,Rejected,NULL,1
2347501,TDU24982G,2024-11-12 21:26:53,Rejected,NULL,1
2347503,TDU24983G,2024-11-12 22:42:37,Accounts - Reconciliation,NULL,1
2347505,TDU24984G,2024-11-12 23:30:53,Auto Rejected,NULL,1
2347506,TDU24985G,2024-11-13 00:11:52,Auto Rejected,NULL,1
2347507,TDU24986G,2024-11-13 01:26:24,Auto Rejected,NULL,1
2347508,TDU24987G,2024-11-13 16:59:27,Rejected,NULL,1
2347509,TDU24988G,2024-11-13 19:51:57,Rejected,NULL,1
2347510,TDU24989G,2024-11-13 21:48:51,Rejected,NULL,1
2347511,TDU24990G,2024-11-14 00:37:13,Auto Rejected,NULL,1
2347512,TDU24991G,2024-11-14 01:35:24,Rejected,NULL,1
2347513,TDU24992G,2024-11-14 10:53:05,Auto Rejected,NULL,1
2347514,TDU24993G,2024-11-14 16:55:04,Rejected,NULL,1
2347516,TDU24994G,2024-11-14 17:41:09,Accounts - Reconciliation,NULL,1
2347517,TDU24995G,2024-11-15 14:55:16,Rejected,NULL,1
2347518,TDU24996G,2024-11-15 15:13:49,Accounts - Reconciliation,NULL,1
2347519,TDU24997G,2024-11-15 15:21:58,Accounts - Reconciliation,NULL,1
2347520,TDU24998G,2024-11-15 21:17:39,Auto Rejected,NULL,1
2347521,TDU24999G,2024-11-15 22:05:44,Rejected,NULL,1
2347523,TDU25000G,2024-11-16 14:48:10,Auto Rejected,NULL,1
2347524,TDU25001G,2024-11-16 15:45:48,Accounts - Reconciliation,NULL,1
2347525,TDU25002G,2024-11-16 15:50:08,On Ground,NULL,1
2347526,TDU25003G,2024-11-16 17:22:42,Accounts - Reconciliation,NULL,1
2347527,TDU25004G,2024-11-16 19:56:45,Auto Rejected,NULL,1
2347530,TDU25005G,2024-11-16 22:28:54,Rejected,NULL,1
2347531,TDU25006G,2024-11-16 22:38:36,Rejected,NULL,1
2347532,TDU25007G,2024-11-16 23:09:48,Auto Rejected,NULL,1
2347533,TDU25008G,2024-11-18 16:07:29,Rejected,NULL,1
2347534,TDU25009G,2024-11-18 17:47:09,Rejected,NULL,1
2347535,TDU25010G,2024-11-18 22:37:36,Rejected,NULL,1
2347536,TDU25011G,2024-11-19 15:29:57,Auto Rejected,NULL,1
2347537,TDU25012G,2024-11-19 17:51:18,Auto Rejected,NULL,1
2347539,TDU25013G,2024-11-19 21:27:44,Rejected,NULL,1
2347540,TDU25014G,2024-11-19 21:48:36,Auto Rejected,NULL,1
2347541,TDU25015G,2024-11-19 22:53:24,Rejected,NULL,1
2347542,TDU25016G,2024-11-19 23:08:22,Rejected,NULL,1
2347543,TDU25017G,2024-11-20 16:27:48,Auto Rejected,NULL,1
2347544,TDU25018G,2024-11-20 17:59:45,Rejected,NULL,1
2347545,TDU25019G,2024-11-20 18:23:53,Rejected,NULL,1
2347546,TDU25020G,2024-11-20 20:32:11,Rejected,NULL,1
2347547,TDU25021G,2024-11-20 21:56:22,Rejected,NULL,1
2347548,TDU25022G,2024-11-20 22:06:51,Rejected,NULL,1
2347549,TDU25023G,2024-11-20 22:57:32,Rejected,NULL,1
2347550,TDU25024G,2024-11-20 23:05:50,Auto Rejected,NULL,1
2347554,TDU25025G,2024-11-21 02:15:58,Rejected,NULL,1
2347559,TDU25026G,2024-11-21 10:29:24,Accounts - Reconciliation,NULL,1
2347570,TDU25027G,2024-11-21 17:32:29,Rejected,NULL,1
2347573,TDU25028G,2024-11-21 18:50:30,Rejected,NULL,1
2347574,TDU25029G,2024-11-21 19:07:48,Rejected,NULL,1
2347576,TDU25030G,2024-11-21 20:37:28,Rejected,NULL,1
2347577,TDU25031G,2024-11-21 20:42:03,Rejected,NULL,1
2347582,TDU25032G,2024-11-21 22:22:53,Auto Rejected,NULL,1
2347585,TDU25033G,2024-11-21 23:06:11,Rejected,NULL,1
2347587,TDU25034G,2024-11-21 23:39:55,Auto Rejected,NULL,1
2347588,TDU25035G,2024-11-22 00:08:14,Auto Rejected,NULL,1
2347589,TDU25036G,2024-11-22 00:39:03,Auto Rejected,NULL,1
2347592,TDU25037G,2024-11-22 01:29:33,Rejected,NULL,1
2347595,TDU25038G,2024-11-22 17:19:26,Auto Rejected,NULL,1
2347598,TDU25039G,2024-11-22 18:12:55,Auto Rejected,NULL,1
2347602,TDU25040G,2024-11-22 19:55:00,Rejected,NULL,1
2347603,TDU25041G,2024-11-22 20:25:44,Rejected,NULL,1
2347606,TDU25042G,2024-11-22 21:26:36,PRE QA - pending,NULL,1
2347610,TDU25043G,2024-11-23 01:45:50,Rejected,NULL,1
2347611,TDU25044G,2024-11-23 01:45:51,Rejected,NULL,1
2347619,TDU25045G,2024-11-24 16:59:40,Rejected,NULL,1
2347621,TDU25046G,2024-11-24 17:45:12,Rejected,NULL,1
2347623,TDU25047G,2024-11-24 18:44:42,Auto Rejected,NULL,1
2347624,TDU25048G,2024-11-24 18:57:27,Auto Rejected,NULL,1
2347627,TDU25049G,2024-11-24 19:23:12,Rejected,NULL,1
2347629,TDU25050G,2024-11-24 19:32:34,Auto Rejected,NULL,1
2347632,TDU25051G,2024-11-24 20:30:56,Rejected,NULL,1
2347636,TDU25052G,2024-11-25 13:10:22,Rejected,NULL,1
2347637,TDU25053G,2024-11-25 14:54:09,Completed (Accounts),NULL,1
2347638,TDU25054G,2024-11-25 15:15:34,Accepted,NULL,1
2347643,TDU25055G,2024-11-25 18:16:43,Accounts - Reconciliation,NULL,1
2347645,TDU25056G,2024-11-25 19:03:40,Accounts - Reconciliation,NULL,1
2347649,TDU25057G,2024-11-25 21:59:54,PRE QA - pending,NULL,1
2347652,TDU25058G,2024-11-26 16:57:19,Accounts - Reconciliation,NULL,1
2347655,TDU25059G,2024-11-26 18:45:56,Rejected,NULL,1
2347659,TDU25060G,2024-11-26 22:44:38,Rejected,NULL,1
2347660,TDU25061G,2024-11-26 23:13:20,Rejected,NULL,1
2347661,TDU25062G,2024-11-26 23:37:38,Auto Rejected,NULL,1
2347664,TDU25063G,2024-11-27 17:11:27,Auto Rejected,NULL,1
2347666,TDU25064G,2024-11-27 18:27:06,Rejected,NULL,1
2347668,TDU25065G,2024-11-27 19:08:18,Rejected,NULL,1
2347670,TDU25066G,2024-11-27 21:22:22,Rejected,NULL,1
2347673,TDU25067G,2024-11-27 22:14:03,Rejected,NULL,1
2347674,TDU25068G,2024-11-27 22:36:44,Auto Rejected,NULL,1
2347676,TDU25069G,2024-11-28 00:55:44,Auto Rejected,NULL,1
2347678,TDU25070G,2024-11-28 14:42:44,Rejected,NULL,1
2347680,TDU25071G,2024-11-28 18:28:39,Auto Rejected,NULL,1
2347684,TDU25072G,2024-11-28 20:16:29,Rejected,NULL,1
2347685,TDU25073G,2024-11-28 20:38:43,Rejected,NULL,1
2347687,TDU25074G,2024-11-28 22:36:49,Rejected,NULL,1
2347689,TDU25075G,2024-11-29 15:09:31,Auto Rejected,NULL,1
2347696,TDU25076G,2024-11-29 19:32:35,Rejected,NULL,1
2347698,TDU25077G,2024-11-29 21:46:51,Auto Rejected,NULL,1
2347699,TDU25078G,2024-11-29 22:05:49,Rejected,NULL,1
2347700,TDU25079G,2024-11-29 22:13:27,Rejected,NULL,1
2347701,TDU25080G,2024-11-29 22:40:19,Auto Rejected,NULL,1
2347705,TDU25081G,2024-11-30 15:25:53,Auto Rejected,NULL,1
2347706,TDU25082G,2024-11-30 17:34:19,Rejected,NULL,1
2347710,TDU25083G,2024-12-01 01:28:37,Rejected After Confirmation QA pending,NULL,1
2347711,TDU25084G,2024-12-01 01:35:37,Rejected After Confirmation QA pending,NULL,1
2347712,TDU25085G,2024-12-02 15:17:23,Rejected,NULL,1
2347714,TDU25086G,2024-12-02 17:11:47,Rejected,NULL,1
2347716,TDU25087G,2024-12-02 19:57:50,Rejected,NULL,1
2347721,TDU25088G,2024-12-02 22:25:33,Rejected,NULL,1
2347723,TDU25089G,2024-12-02 23:18:38,Accepted,NULL,1
2347729,TDU25090G,2024-12-03 17:58:49,Auto Rejected,NULL,1
2347731,TDU25091G,2024-12-03 19:57:58,On Ground,NULL,1
2347732,TDU25092G,2024-12-03 20:05:36,Accounts - Reconciliation,NULL,1
2347734,TDU25093G,2024-12-03 22:36:57,Auto Rejected,NULL,1
2347737,TDU25094G,2024-12-04 01:03:45,Rejected,NULL,1
2347739,TDU25095G,2024-12-04 19:08:01,Rejected,NULL,1
2347742,TDU25096G,2024-12-04 22:33:26,Auto Rejected,NULL,1
2347744,TDU25097G,2024-12-05 11:40:58,Auto Rejected,NULL,1
2347745,TDU25098G,2024-12-05 15:43:42,Rejected,NULL,1
2347746,TDU25099G,2024-12-05 20:33:16,Rejected After Confirmation QA pending,NULL,1
2347748,TDU25100G,2024-12-05 23:05:26,Rejected,NULL,1
2347750,TDU25101G,2024-12-05 23:50:48,Rejected,NULL,1
2347752,TDU25102G,2024-12-06 01:20:50,Rejected,NULL,1
2347753,TDU25103G,2024-12-06 02:53:25,Rejected,NULL,1
2347755,TDU25104G,2024-12-06 17:16:07,Auto Rejected,NULL,1
2347759,TDU25105G,2024-12-07 01:27:01,Rejected,NULL,1
2347760,TDU25106G,2024-12-07 01:28:39,Rejected,NULL,1
2347763,TDU25107G,2024-12-07 15:44:43,On Ground,NULL,1
2347766,TDU25108G,2024-12-08 20:24:51,Rejected,NULL,1
2347768,TDU25109G,2024-12-08 20:59:35,Rejected,NULL,1
2347770,TDU25110G,2024-12-08 22:51:03,Rejected,NULL,1
2347772,TDU25111G,2024-12-09 00:01:53,Rejected,NULL,1
2347774,TDU25112G,2024-12-09 00:23:38,Rejected,NULL,1
2347776,TDU25113G,2024-12-09 02:08:47,Auto Rejected,NULL,1
2347784,TDU25114G,2024-12-12 00:13:59,Rejected,NULL,1
2347786,TDU25115G,2024-12-12 01:29:57,Rejected,NULL,1
2347788,TDU25116G,2024-12-12 02:44:27,Accounts - Reconciliation,NULL,1
2347789,TDU25117G,2024-12-12 05:17:52,Rejected,NULL,1
2347790,TDU25118G,2024-12-12 05:19:26,Auto Rejected,NULL,1
2347791,TDU25119G,2024-12-12 10:34:32,Auto Rejected,NULL,1
2347792,TDU25120G,2024-12-12 16:18:13,Rejected,NULL,1
2347797,TDU25121G,2024-12-13 01:52:29,Auto Rejected,NULL,1
2347799,TDU25122G,2024-12-13 04:07:59,Rejected,NULL,1
2347800,TDU25123G,2024-12-13 04:40:10,Rejected,NULL,1
2347801,TDU25124G,2024-12-13 04:43:27,Rejected,NULL,1
2347802,TDU25125G,2024-12-13 13:09:20,Auto Rejected,NULL,1
2347805,TDU25126G,2024-12-13 20:57:08,Auto Rejected,NULL,1
2347807,TDU25127G,2024-12-13 22:02:15,Auto Rejected,NULL,1
2347812,TDU25128G,2024-12-14 00:54:24,Rejected,NULL,1
2347814,TDU25129G,2024-12-14 03:13:38,Accounts - Reconciliation,NULL,1
2347816,TDU25130G,2024-12-14 04:33:13,Rejected,NULL,1
2347818,TDU25131G,2024-12-14 20:57:35,Rejected,NULL,1
2347821,TDU25132G,2024-12-15 00:56:52,Auto Rejected,NULL,1
2347823,TDU25133G,2024-12-15 02:41:38,Auto Rejected,NULL,1
2347825,TDU25134G,2024-12-15 03:05:07,Rejected,NULL,1
2347826,TDU25135G,2024-12-15 03:15:59,Rejected,NULL,1
2347828,TDU25136G,2024-12-15 04:07:22,Rejected,NULL,1
2347830,TDU25137G,2024-12-15 04:34:32,Auto Rejected,NULL,1
2347834,TDU25138G,2024-12-16 22:04:48,Auto Rejected,NULL,1
2347836,TDU25139G,2024-12-17 02:00:49,Auto Rejected,NULL,1
2347838,TDU25140G,2024-12-17 12:59:25,Auto Rejected,NULL,1
2347840,TDU25141G,2024-12-17 21:01:25,Auto Rejected,NULL,1
2347842,TDU25142G,2024-12-17 21:21:25,Auto Rejected,NULL,1
2347844,TDU25143G,2024-12-17 21:55:53,Auto Rejected,NULL,1
2347846,TDU25144G,2024-12-17 23:00:57,Auto Rejected,NULL,1
2347848,TDU25145G,2024-12-18 02:29:19,Auto Rejected,NULL,1
2347850,TDU25146G,2024-12-18 03:30:32,Auto Rejected,NULL,1
2347852,TDU25147G,2024-12-18 20:17:22,Rejected,NULL,1
2347853,TDU25148G,2024-12-18 21:08:51,Auto Rejected,NULL,1
2347856,TDU25149G,2024-12-19 00:26:20,Auto Rejected,NULL,1
2347858,TDU25150G,2024-12-19 16:17:13,Auto Rejected,NULL,1
2347859,TDU25151G,2024-12-19 18:08:50,Auto Rejected,NULL,1
2347860,TDU25152G,2024-12-19 18:35:29,Auto Rejected,NULL,1
2347862,TDU25153G,2024-12-19 20:40:19,Rejected,NULL,1
2347865,TDU25154G,2024-12-20 00:01:10,Auto Rejected,NULL,1
2347867,TDU25155G,2024-12-20 04:08:04,Auto Rejected,NULL,1
2347868,TDU25156G,2024-12-20 06:58:45,Rejected,NULL,1
2347870,TDU25157G,2024-12-20 10:18:21,Auto Rejected,NULL,1
2347871,TDU25158G,2024-12-20 11:17:50,Auto Rejected,NULL,1
2347873,TDU25159G,2024-12-20 22:20:18,Auto Rejected,NULL,1
2347874,TDU25160G,2024-12-20 22:34:25,Rejected,NULL,1
2347875,TDU25161G,2024-12-20 22:36:45,Rejected,NULL,1
2347877,TDU25162G,2024-12-20 23:37:24,Auto Rejected,NULL,1
2347879,TDU25163G,2024-12-21 01:49:03,Rejected,NULL,1
2347881,TDU25164G,2024-12-21 06:27:24,Rejected,NULL,1
2347883,TDU25165G,2024-12-21 17:48:13,Rejected After Confrmation QA completed,NULL,1
2347884,TDU25166G,2024-12-21 20:27:09,Auto Rejected,NULL,1
2347885,TDU25167G,2024-12-22 01:38:16,Rejected After Confrmation QA completed,NULL,1
2347887,TDU25168G,2024-12-23 06:41:27,Auto Rejected,NULL,1
2347889,TDU25169G,2024-12-23 07:50:32,Auto Rejected,NULL,1
2347891,TDU25170G,2024-12-23 10:15:49,Auto Rejected,NULL,1
2347893,TDU25171G,2024-12-23 12:59:46,Auto Rejected,NULL,1
2347898,TDU25172G,2024-12-23 20:05:33,Accounts - Reconciliation,NULL,1
2347904,TDU25173G,2024-12-23 22:32:26,Auto Rejected,NULL,1
2347920,TDU25174G,2024-12-24 00:16:44,On Ground,NULL,1
2347930,TDU25175G,2024-12-24 09:49:46,Rejected After Confrmation QA completed,NULL,1
2347946,TDU25176G,2024-12-24 17:32:01,Auto Rejected,NULL,1
2347950,TDU25177G,2024-12-24 19:00:20,Auto Rejected,NULL,1
2347989,TDU25178G,2024-12-25 15:52:14,Auto Rejected,NULL,1
2348005,TDU25179G,2024-12-25 18:35:25,Auto Rejected,NULL,1
2348007,TDU25180G,2024-12-25 21:16:10,Auto Rejected,NULL,1
2348008,TDU25181G,2024-12-25 21:44:17,Rejected,NULL,1
2348009,TDU25182G,2024-12-25 22:20:48,Auto Rejected,NULL,1
2348012,TDU30102,2024-12-25 23:04:47,Rejected,NULL,1
2348014,TDU30103,2024-12-26 00:08:36,Rejected,NULL,1
2348015,TDU30104,2024-12-26 00:46:25,Rejected,NULL,1
2348016,TDU30105,2024-12-26 01:24:58,Rejected,NULL,1
2348017,TDU25183G,2024-12-26 02:11:05,Rejected,NULL,1
2348019,TDU25184G,2024-12-26 02:51:20,Rejected,NULL,1
2348020,TDU30106,2024-12-26 03:00:44,Rejected,NULL,1
2348023,TDU30107,2024-12-26 11:41:18,Rejected,NULL,1
2348024,TDU25185G,2024-12-26 15:27:47,Auto Rejected,NULL,1
2348025,TDU30108,2024-12-26 16:08:44,Rejected,NULL,1
2348026,TDU30109,2024-12-26 16:55:17,Rejected,NULL,1
2348027,TDU30110,2024-12-26 17:18:22,Rejected,NULL,1
2348028,TDU30111,2024-12-26 17:18:55,Rejected,NULL,1
2348029,TDU30112,2024-12-26 17:20:28,Rejected,NULL,1
2348030,TDU30113,2024-12-26 17:20:46,Rejected,NULL,1
2348031,TDU30114,2024-12-26 17:21:50,Rejected,NULL,1
2348032,TDU30115,2024-12-26 17:57:46,Rejected,NULL,1
2348033,TDU30116,2024-12-26 19:06:27,Rejected,NULL,1
2348034,TDU30117,2024-12-26 19:08:21,Auto Rejected,NULL,1
2348035,TDU30118,2024-12-26 19:22:25,Rejected,NULL,1
2348036,TDU30119,2024-12-26 19:34:39,Rejected,NULL,1
2348037,TDU30120,2024-12-26 20:35:22,Rejected,NULL,1
2348038,TDU30121,2024-12-26 20:36:13,Rejected,NULL,1
2348039,TDU30122,2024-12-26 20:37:47,Rejected,NULL,1
2348040,TDU30123,2024-12-26 20:37:51,Rejected,NULL,1
2348041,TDU30124,2024-12-26 20:41:36,Rejected,NULL,1
2348042,TDU30125,2024-12-26 20:49:10,Rejected,NULL,1
2348043,TDU30126,2024-12-26 21:01:25,Auto Rejected,NULL,1
2348044,TDU30127,2024-12-26 21:12:27,Rejected,NULL,1
2348045,TDU30128,2024-12-26 21:12:27,Rejected,NULL,1
2348046,TDU30129,2024-12-26 21:15:30,Rejected,NULL,1
2348047,TDU30130,2024-12-26 21:18:09,Rejected,NULL,1
2348048,TDU30131,2024-12-26 21:34:14,Rejected,NULL,1
2348050,TDU30132,2024-12-26 22:15:11,Rejected,NULL,1
2348051,TDU25186G,2024-12-26 22:26:16,Rejected,NULL,1
2348052,TDU30133,2024-12-26 22:32:33,Rejected,NULL,1
2348053,TDU30134,2024-12-26 22:44:07,Rejected,NULL,1
2348054,TDU30135,2024-12-26 22:50:41,Rejected,NULL,1
2348055,TDU30136,2024-12-26 23:05:29,Rejected,NULL,1
2348056,TDU30137,2024-12-26 23:09:39,Rejected,NULL,1
2348057,TDU30138,2024-12-26 23:11:30,Rejected,NULL,1
2348058,TDU30139,2024-12-26 23:12:01,Rejected,NULL,1
2348059,TDU30140,2024-12-26 23:14:21,Rejected,NULL,1
2348060,TDU30141,2024-12-26 23:33:25,Auto Rejected,NULL,1
2348061,TDU30142,2024-12-26 23:35:45,Rejected,NULL,1
2348062,TDU30143,2024-12-26 23:57:22,Rejected,NULL,1
2348063,TDU30144,2024-12-27 00:18:56,Rejected,NULL,1
2348064,TDU25187G,2024-12-27 02:52:27,Rejected,NULL,1
2348066,TDU25188G,2024-12-27 03:44:26,Auto Rejected,NULL,1
2348068,TDU25189G,2024-12-27 04:40:25,Rejected,NULL,1
2348070,TDU30145,2024-12-27 16:11:16,Rejected,NULL,1
2348071,TDU30146,2024-12-27 16:11:20,Rejected,NULL,1
2348072,TDU30147,2024-12-27 17:27:57,Rejected,NULL,1
2348073,TDU30148,2024-12-27 17:38:59,Rejected,NULL,1
2348074,TDU30149,2024-12-27 17:42:42,Rejected,NULL,1
2348075,TDU30150,2024-12-27 17:42:48,Rejected,NULL,1
2348076,TDU30151,2024-12-27 17:51:39,Rejected,NULL,1
2348077,TDU30152,2024-12-27 17:55:54,Rejected,NULL,1
2348078,TDU30153,2024-12-27 17:59:00,Rejected,NULL,1
2348079,TDU30154,2024-12-27 18:09:47,Rejected,NULL,1
2348080,TDU30155,2024-12-27 19:19:44,Rejected,NULL,1
2348081,TDU30156,2024-12-27 19:31:34,Rejected,NULL,1
2348082,TDU30157,2024-12-27 19:32:39,Rejected,NULL,1
2348083,TDU30158,2024-12-27 19:33:34,Rejected,NULL,1
2348084,TDU30159,2024-12-27 19:38:16,Rejected,NULL,1
2348085,TDU30160,2024-12-27 19:47:02,Rejected,NULL,1
2348086,TDU30161,2024-12-27 19:58:22,Rejected,NULL,1
2348087,TDU30162,2024-12-27 20:08:41,Rejected,NULL,1
2348088,TDU30163,2024-12-27 20:13:30,Rejected,NULL,1
2348089,TDU30164,2024-12-27 20:15:27,Rejected,NULL,1
2348090,TDU30165,2024-12-27 20:21:09,Rejected,NULL,1
2348091,TDU30166,2024-12-27 20:30:48,Rejected,NULL,1
2348092,TDU30167,2024-12-27 20:56:10,Rejected,NULL,1
2348093,TDU30168,2024-12-27 21:16:46,Rejected,NULL,1
2348094,TDU25190G,2024-12-27 21:20:23,Rejected,NULL,1
2348096,TDU30169,2024-12-27 21:27:21,Rejected,NULL,1
2348097,TDU30170,2024-12-27 22:40:07,Rejected,NULL,1
2348098,TDU30171,2024-12-27 22:41:13,Rejected,NULL,1
2348099,TDU30172,2024-12-27 22:41:16,Rejected,NULL,1
2348100,TDU30173,2024-12-27 22:43:49,Rejected,NULL,1
2348101,TDU30174,2024-12-27 22:45:33,Rejected,NULL,1
2348102,TDU30175,2024-12-27 22:49:50,Rejected,NULL,1
2348103,TDU30176,2024-12-27 22:58:23,Rejected,NULL,1
2348104,TDU30177,2024-12-27 23:14:21,Rejected,NULL,1
2348105,TDU30178,2024-12-27 23:20:45,Rejected,NULL,1
2348106,TDU30179,2024-12-27 23:23:30,Rejected,NULL,1
2348108,TDU25191G,2024-12-28 01:33:46,Auto Rejected,NULL,1
2348110,TDU30180,2024-12-28 16:45:40,Rejected,NULL,1
2348111,TDU30181,2024-12-28 17:08:24,Rejected,NULL,1
2348112,TDU30182,2024-12-28 20:41:50,Rejected,NULL,1
2348113,TDU30183,2024-12-28 20:50:36,Rejected,NULL,1
2348114,TDU30184,2024-12-28 20:52:02,Rejected,NULL,1
2348115,TDU30185,2024-12-28 21:15:41,Rejected,NULL,1
2348116,TDU30186,2024-12-28 21:30:56,Rejected,NULL,1
2348117,TDU30187,2024-12-28 21:38:24,Rejected,NULL,1
2348118,TDU30188,2024-12-28 22:18:46,Rejected,NULL,1
2348119,TDU30189,2024-12-28 22:21:36,Rejected,NULL,1
2348120,TDU25192G,2024-12-28 23:05:13,Auto Rejected,NULL,1
2348122,TDU30190,2024-12-28 23:32:14,Rejected,NULL,1
2348123,TDU30191,2024-12-28 23:35:28,Rejected,NULL,1
2348124,TDU30192,2024-12-28 23:37:13,Rejected,NULL,1
2348125,TDU30193,2024-12-29 00:08:57,Rejected,NULL,1
2348126,TDU30194,2024-12-29 00:09:31,Rejected,NULL,1
2348127,TDU25193G,2024-12-29 02:09:06,Auto Rejected,NULL,1
2348130,TDU30195,2024-12-30 15:55:45,Rejected,NULL,1
2348131,TDU30196,2024-12-30 15:56:21,Rejected,NULL,1
2348132,TDU30197,2024-12-30 15:57:02,Rejected,NULL,1
2348133,TDU30198,2024-12-30 16:04:42,Rejected,NULL,1
2348134,TDU30199,2024-12-30 16:06:55,Rejected,NULL,1
2348135,TDU30200,2024-12-30 16:10:55,Rejected,NULL,1
2348136,TDU30201,2024-12-30 16:11:00,Rejected,NULL,1
2348137,TDU30202,2024-12-30 16:25:15,Rejected,NULL,1
2348138,TDU30203,2024-12-30 16:32:56,Rejected,NULL,1
2348139,TDU30204,2024-12-30 16:34:18,Rejected,NULL,1
2348140,TDU30205,2024-12-30 16:45:03,Rejected,NULL,1
2348141,TDU30206,2024-12-30 16:47:08,Auto Rejected,NULL,1
2348142,TDU30207,2024-12-30 16:48:52,Rejected,NULL,1
2348143,TDU25194G,2024-12-30 16:49:29,Rejected,NULL,1
2348144,TDU30208,2024-12-30 16:51:59,Rejected,NULL,1
2348145,TDU30209,2024-12-30 16:52:25,Rejected,NULL,1
2348146,TDU30210,2024-12-30 16:52:55,Rejected,NULL,1
2348147,TDU30211,2024-12-30 16:56:26,Rejected,NULL,1
2348148,TDU30212,2024-12-30 17:00:28,Rejected,NULL,1
2348149,TDU30213,2024-12-30 17:00:28,Rejected,NULL,1
2348150,TDU30214,2024-12-30 17:02:59,Rejected,NULL,1
2348151,TDU30215,2024-12-30 17:12:11,Rejected,NULL,1
2348152,TDU30216,2024-12-30 17:18:24,Rejected,NULL,1
2348153,TDU30217,2024-12-30 17:18:48,Rejected,NULL,1
2348154,TDU25195G,2024-12-30 17:20:42,Rejected,NULL,1
2348155,TDU30218,2024-12-30 17:22:37,Rejected,NULL,1
2348156,TDU30219,2024-12-30 17:28:49,Rejected,NULL,1
2348157,TDU30220,2024-12-30 17:32:33,Rejected,NULL,1
2348158,TDU30221,2024-12-30 17:55:17,Rejected,NULL,1
2348159,TDU30222,2024-12-30 17:55:17,Rejected,NULL,1
2348160,TDU30223,2024-12-30 18:05:06,Rejected,NULL,1
2348161,TDU30224,2024-12-30 18:14:31,Rejected,NULL,1
2348163,TDU30225,2024-12-30 18:18:55,Accounts - Reconciliation,NULL,1
2348164,TDU30226,2024-12-30 18:21:49,Rejected,NULL,1
2348165,TDU30227,2024-12-30 18:21:58,Rejected,NULL,1
2348166,TDU30228,2024-12-30 18:47:10,Rejected,NULL,1
2348167,TDU30229,2024-12-30 18:47:31,Rejected,NULL,1
2348168,TDU30230,2024-12-30 19:09:01,Auto Rejected,NULL,1
2348169,TDU30231,2024-12-30 19:57:59,Rejected,NULL,1
2348170,TDU30232,2024-12-30 20:00:36,Rejected,NULL,1
2348171,TDU30233,2024-12-30 20:11:40,Rejected,NULL,1
2348172,TDU30234,2024-12-30 20:27:13,Rejected,NULL,1
2348173,TDU30235,2024-12-30 21:31:21,Rejected,NULL,1
2348175,TDU30236,2024-12-30 21:37:15,Rejected,NULL,1
2348176,TDU25196G,2024-12-30 22:01:47,Auto Rejected,NULL,1
2348177,TDU30237,2024-12-30 22:38:12,Rejected,NULL,1
2348178,TDU25197G,2024-12-30 22:38:51,Auto Rejected,NULL,1
2348179,TDU30238,2024-12-30 22:53:44,Rejected,NULL,1
2348180,TDU30239,2024-12-30 23:05:27,Rejected,NULL,1
2348181,TDU30240,2024-12-30 23:41:35,Rejected,NULL,1
2348183,TDU30241,2024-12-31 00:16:50,Rejected,NULL,1
2348184,TDU30242,2024-12-31 01:15:11,Rejected,NULL,1
2348185,TDU25198G,2024-12-31 01:45:30,On Ground,NULL,1
2348187,TDU30243,2024-12-31 15:24:39,Rejected,NULL,1
2348188,TDU30244,2024-12-31 16:02:18,Auto Rejected,NULL,1
2348189,TDU30245,2024-12-31 16:13:05,Rejected,NULL,1
2348190,TDU30246,2024-12-31 16:33:33,Rejected,NULL,1
2348191,TDU30247,2024-12-31 17:08:53,Rejected,NULL,1
2348193,TDU30248,2024-12-31 17:17:44,On Ground,NULL,1
2348195,TDU30249,2024-12-31 18:36:01,Rejected,NULL,1
2348196,TDU25199G,2024-12-31 18:47:04,Rejected,NULL,1
2348197,TDU30250,2024-12-31 18:50:34,Rejected,NULL,1
2348198,TDU30251,2024-12-31 19:02:21,Rejected,NULL,1
2348199,TDU30252,2024-12-31 19:14:19,Rejected,NULL,1
2348201,TDU30253,2024-12-31 21:44:20,On Ground,NULL,1
2348202,TDU25200G,2024-12-31 22:01:35,Rejected,NULL,1
2348203,TDU30254,2024-12-31 22:41:20,Rejected,NULL,1
2348205,TDU30255,2024-12-31 23:30:00,Rejected,NULL,1
2348206,TDU30256,2024-12-31 23:40:26,Rejected,NULL,1
2348208,TDU30257,2025-01-01 00:27:35,Rejected,NULL,1
2348209,TDU30258,2025-01-01 01:38:17,Auto Rejected,NULL,1
2348211,TDU30259,2025-01-02 14:48:14,Rejected,NULL,1
2348212,TDU25201G,2025-01-02 15:48:31,Rejected,NULL,1
2348214,TDU30260,2025-01-02 16:22:28,Rejected,NULL,1
2348218,TDU30261,2025-01-02 17:06:15,Auto Rejected,NULL,1
2348219,TDU30262,2025-01-02 17:15:49,Rejected,NULL,1
2348220,TDU30263,2025-01-02 19:10:38,Rejected,NULL,1
2348221,TDU25202G,2025-01-02 19:42:15,Rejected,NULL,1
2348222,TDU30264,2025-01-02 20:14:29,Rejected,NULL,1
2348223,TDU30265,2025-01-02 20:37:21,Accounts - Reconciliation,NULL,1
2348224,TDU25203G,2025-01-02 21:55:26,Rejected,NULL,1
2348225,TDU25204G,2025-01-02 21:55:27,Rejected,NULL,1
2348226,TDU25205G,2025-01-02 21:59:53,Accounts - Reconciliation,NULL,1
2348227,TDU30266,2025-01-02 22:36:44,Rejected,NULL,1
2348228,TDU30267,2025-01-02 22:44:11,Rejected,NULL,1
2348231,TDU30268,2025-01-02 23:14:55,On Ground,NULL,1
2348232,TDU30269,2025-01-02 23:47:09,Rejected,NULL,1
2348233,TDU25206G,2025-01-02 23:53:09,Rejected,NULL,1
2348234,TDU30270,2025-01-03 00:00:18,Auto Rejected,NULL,1
2348235,TDU30271,2025-01-03 00:09:09,Rejected,NULL,1
2348237,TDU30272,2025-01-03 01:21:00,Rejected,NULL,1
2348240,TDU25207G,2025-01-03 16:27:04,Auto Rejected,NULL,1
2348241,TDU30273,2025-01-03 16:53:26,Rejected,NULL,1
2348242,TDU30274,2025-01-03 17:00:36,Rejected,NULL,1
2348243,TDU30275,2025-01-03 17:21:05,Rejected,NULL,1
2348245,TDU30276,2025-01-03 18:31:00,Auto Rejected,NULL,1
2348247,TDU25208G,2025-01-03 19:24:56,Rejected,NULL,1
2348248,TDU30277,2025-01-03 19:54:08,Rejected,NULL,1
2348249,TDU30278,2025-01-03 19:56:49,Rejected,NULL,1
2348251,TDU30279,2025-01-03 21:43:08,Accounts - Reconciliation,NULL,1
2348252,TDU30280,2025-01-03 21:50:35,Rejected,NULL,1
2348253,TDU30281,2025-01-03 22:09:21,Auto Rejected,NULL,1
2348254,TDU25209G,2025-01-03 22:24:33,Rejected,NULL,1
2348255,TDU30282,2025-01-03 22:37:33,Rejected,NULL,1
2348256,TDU30283,2025-01-03 23:32:55,Rejected,NULL,1
2348257,TDU30284,2025-01-04 00:10:34,Rejected,NULL,1
2348258,TDU30285,2025-01-04 00:12:28,Rejected,NULL,1
2348259,TDU30286,2025-01-04 00:19:15,Rejected,NULL,1
2348260,TDU30287,2025-01-04 01:01:07,Auto Rejected,NULL,1
2348262,TDU30288,2025-01-04 15:51:28,Auto Rejected,NULL,1
2348263,TDU30289,2025-01-04 16:20:27,Rejected,NULL,1
2348264,TDU30290,2025-01-04 16:21:51,Rejected,NULL,1
2348265,TDU30291,2025-01-04 16:55:34,Auto Rejected,NULL,1
2348266,TDU30292,2025-01-04 17:21:12,Rejected,NULL,1
2348267,TDU30293,2025-01-04 17:44:47,Rejected,NULL,1
2348268,TDU30294,2025-01-04 17:46:28,Rejected,NULL,1
2348269,TDU30295,2025-01-04 19:00:53,Auto Rejected,NULL,1
2348270,TDU30296,2025-01-04 19:39:28,Rejected,NULL,1
2348271,TDU30297,2025-01-04 21:01:31,Auto Rejected,NULL,1
2348272,TDU30298,2025-01-04 21:42:22,Rejected,NULL,1
2348273,TDU30299,2025-01-04 22:30:44,Rejected,NULL,1
2348274,TDU25210G,2025-01-04 22:43:18,Accounts - Reconciliation,NULL,1
2348275,TDU25211G,2025-01-04 22:44:41,Rejected,NULL,1
2348276,TDU30300,2025-01-05 00:04:56,Rejected,NULL,1
2348277,TDU30301,2025-01-05 19:24:41,Rejected,NULL,1
2348279,TDU25212G,2025-01-05 20:56:28,Auto Rejected,NULL,1
2348281,TDU25213G,2025-01-05 22:25:20,Rejected,NULL,1
2348283,TDU25214G,2025-01-05 22:40:24,Accounts - Reconciliation,NULL,1
2348287,TDU25215G,2025-01-06 12:25:30,Auto Rejected,NULL,1
2348289,TDU30302,2025-01-06 13:15:58,Auto Rejected,NULL,1
2348290,TDU25216G,2025-01-06 14:15:51,Auto Rejected,NULL,1
2348292,TDU25217G,2025-01-06 14:40:22,Rejected,NULL,1
2348293,TDU25218G,2025-01-06 14:48:43,Auto Rejected,NULL,1
2348294,TDU30303,2025-01-06 15:28:41,Rejected,NULL,1
2348295,TDU30304,2025-01-06 16:36:15,Auto Rejected,NULL,1
2348296,TDU30305,2025-01-06 17:03:24,Rejected,NULL,1
2348297,TDU30306,2025-01-06 17:07:35,Auto Rejected,NULL,1
2348298,TDU30307,2025-01-06 17:32:52,Rejected,NULL,1
2348299,TDU30308,2025-01-06 18:52:45,Rejected,NULL,1
2348300,TDU30309,2025-01-06 19:30:54,Rejected,NULL,1
2348301,TDU25219G,2025-01-06 21:19:00,Rejected,NULL,1
2348303,TDU30310,2025-01-06 21:38:11,Rejected,NULL,1
2348304,TDU30311,2025-01-06 22:12:02,Rejected,NULL,1
2348305,TDU30312,2025-01-06 22:42:30,Rejected,NULL,1
2348307,TDU30313,2025-01-06 23:46:06,Rejected,NULL,1
2348308,TDU30314,2025-01-07 01:39:20,Auto Rejected,NULL,1
2348311,TDU25220G,2025-01-07 14:47:39,Auto Rejected,NULL,1
2348312,TDU25221G,2025-01-07 14:59:24,Auto Rejected,NULL,1
2348313,TDU25222G,2025-01-07 21:34:41,Auto Rejected,NULL,1
2348314,TDU30315,2025-01-07 21:40:00,Rejected,NULL,1
2348315,TDU30316,2025-01-07 21:46:46,Auto Rejected,NULL,1
2348316,TDU30317,2025-01-07 22:20:15,Rejected,NULL,1
2348317,TDU25223G,2025-01-07 22:31:37,Auto Rejected,NULL,1
2348318,TDU30318,2025-01-07 22:50:10,Rejected,NULL,1
2348319,TDU30319,2025-01-07 22:52:44,Auto Rejected,NULL,1
2348320,TDU30320,2025-01-07 23:03:33,Rejected,NULL,1
2348321,TDU30321,2025-01-08 00:01:23,Rejected,NULL,1
2348322,TDU30322,2025-01-08 00:15:25,Rejected,NULL,1
2348324,TDU25224G,2025-01-08 10:59:46,Auto Rejected,NULL,1
2348325,TDU30323,2025-01-08 12:12:37,Auto Rejected,NULL,1
2348327,TDU25225G,2025-01-08 13:47:24,Rejected,NULL,1
2348328,TDU25226G,2025-01-08 14:09:43,Auto Rejected,NULL,1
2348331,TDU25227G,2025-01-08 14:40:27,Accounts - Reconciliation,NULL,1
2348332,TDU25228G,2025-01-08 14:48:23,Rejected,NULL,1
2348333,TDU30324,2025-01-08 15:29:33,Rejected,NULL,1
2348334,TDU25229G,2025-01-08 15:45:19,Auto Rejected,NULL,1
2348335,TDU30325,2025-01-08 16:18:09,Rejected,NULL,1
2348336,TDU30326,2025-01-08 17:59:51,Rejected,NULL,1
2348337,TDU30327,2025-01-08 19:22:52,Rejected,NULL,1
2348338,TDU30328,2025-01-08 20:12:29,Auto Rejected,NULL,1
2348339,TDU30329,2025-01-08 20:55:02,Rejected,NULL,1
2348340,TDU30330,2025-01-08 20:55:02,Rejected,NULL,1
2348341,TDU30331,2025-01-08 21:12:19,Auto Rejected,NULL,1
2348342,TDU30332,2025-01-08 21:16:52,On Ground,NULL,1
2348343,TDU25230G,2025-01-08 21:24:41,Rejected,NULL,1
2348344,TDU30333,2025-01-08 21:32:01,Rejected,NULL,1
2348345,TDU30334,2025-01-08 22:52:09,Rejected,NULL,1
2348346,TDU30335,2025-01-08 23:23:05,Auto Rejected,NULL,1
2348347,TDU30336,2025-01-09 00:50:24,Rejected,NULL,1
2348348,TDU30337,2025-01-09 02:05:44,Auto Rejected,NULL,1
2348349,TDU25231G,2025-01-09 10:04:05,Rejected After Confrmation QA completed,NULL,1
2348352,TDU25232G,2025-01-09 11:22:56,Accepted,NULL,1
2348354,TDU25233G,2025-01-09 11:36:09,Auto Rejected,NULL,1
2348356,TDU25234G,2025-01-09 14:58:53,Auto Rejected,NULL,1
2348357,TDU25235G,2025-01-09 15:24:14,Auto Rejected,NULL,1
2348358,TDU30338,2025-01-09 16:10:37,Auto Rejected,NULL,1
2348359,TDU30339,2025-01-09 16:14:52,Rejected,NULL,1
2348360,TDU30340,2025-01-09 16:23:26,Rejected,NULL,1
2348361,TDU30341,2025-01-09 16:31:06,Rejected,NULL,1
2348362,TDU30342,2025-01-09 16:47:53,Auto Rejected,NULL,1
2348363,TDU30343,2025-01-09 17:28:13,Rejected,NULL,1
2348364,TDU30344,2025-01-09 18:13:55,Rejected After Confrmation QA pending,NULL,1
2348366,TDU30345,2025-01-09 18:51:32,Auto Rejected,NULL,1
2348367,TDU30346,2025-01-09 19:05:50,Rejected,NULL,1
2348368,TDU30347,2025-01-09 19:36:25,Rejected,NULL,1
2348370,TDU30348,2025-01-09 20:15:07,Auto Rejected,NULL,1
2348371,TDU30349,2025-01-09 20:21:17,Auto Rejected,NULL,1
2348372,TDU30350,2025-01-09 20:47:11,Auto Rejected,NULL,1
2348373,TDU30351,2025-01-09 20:54:05,Auto Rejected,NULL,1
2348375,TDU30352,2025-01-09 21:18:45,Auto Rejected,NULL,1
2348376,TDU25236G,2025-01-09 21:23:52,Auto Rejected,NULL,1
2348377,TDU30353,2025-01-09 21:39:56,Auto Rejected,NULL,1
2348378,TDU30354,2025-01-09 21:45:24,Auto Rejected,NULL,1
2348379,TDU30355,2025-01-09 21:53:22,Rejected,NULL,1
2348381,TDU25237G,2025-01-09 22:11:56,Auto Rejected,NULL,1
2348382,TDU30356,2025-01-09 22:13:50,Rejected,NULL,1
2348384,TDU30357,2025-01-09 22:50:09,Rejected,NULL,1
2348386,TDU30358,2025-01-09 23:04:40,Rejected,NULL,1
2348387,TDU30359,2025-01-09 23:08:49,Auto Rejected,NULL,1
2348388,TDU30360,2025-01-10 00:20:58,On Ground,NULL,1
2348389,TDU30361,2025-01-10 09:44:55,Rejected,NULL,1
2348390,TDU25238G,2025-01-10 12:29:28,Rejected,NULL,1
2348392,TDU25239G,2025-01-10 15:05:24,Auto Rejected,NULL,1
2348393,TDU30362,2025-01-10 15:42:05,On Ground,NULL,1
2348394,TDU30363,2025-01-10 16:27:12,Rejected After Confrmation QA completed,NULL,1
2348395,TDU30364,2025-01-10 16:35:48,Auto Rejected,NULL,1
2348396,TDU30365,2025-01-10 16:37:10,Rejected,NULL,1
2348397,TDU30366,2025-01-10 16:52:23,On Ground,NULL,1
2348398,TDU30367,2025-01-10 17:06:28,Auto Rejected,NULL,1
2348399,TDU30368,2025-01-10 17:16:55,Rejected,NULL,1
2348400,TDU30369,2025-01-10 17:42:52,On Ground,NULL,1
2348402,TDU30370,2025-01-10 18:10:16,On Ground,NULL,1
2348404,TDU30371,2025-01-10 20:13:21,Accounts - Reconciliation,NULL,1
2348406,TDU30372,2025-01-10 20:59:42,Accounts - Reconciliation,NULL,1
2348408,TDU30373,2025-01-10 21:36:51,On Ground,NULL,1
2348409,TDU30374,2025-01-10 21:56:46,On Ground,NULL,1
2348410,TDU25240G,2025-01-10 22:09:51,Rejected,NULL,1
2348411,TDU30375,2025-01-10 22:23:25,Accounts - Reconciliation,NULL,1
2348412,TDU25241G,2025-01-10 22:40:49,Rejected,NULL,1
2348413,TDU30376,2025-01-10 22:49:42,Accounts - Reconciliation,NULL,1
2348416,TDU30377,2025-01-10 23:52:50,Auto Rejected,NULL,1
2348417,TDU30378,2025-01-11 00:07:56,Auto Rejected,NULL,1
2348418,TDU30379,2025-01-11 00:23:58,Auto Rejected,NULL,1
2348419,TDU25242G,2025-01-11 01:32:42,Rejected,NULL,1
2348420,TDU25243G,2025-01-11 11:55:51,Rejected,NULL,1
2348421,TDU25244G,2025-01-11 14:42:29,Rejected,NULL,1
2348422,TDU25245G,2025-01-11 14:46:35,Rejected,NULL,1
2348423,TDU30380,2025-01-11 16:00:43,Auto Rejected,NULL,1
2348424,TDU30381,2025-01-11 16:21:16,Auto Rejected,NULL,1
2348426,TDU30382,2025-01-11 17:14:45,Rejected,NULL,1
2348427,TDU30383,2025-01-11 17:20:19,Auto Rejected,NULL,1
2348428,TDU30384,2025-01-11 17:36:53,PRE QA - completed,NULL,1
2348430,TDU30385,2025-01-11 20:30:17,Accounts - Reconciliation,NULL,1
2348431,TDU30386,2025-01-11 21:30:49,Accounts - Reconciliation,NULL,1
2348433,TDU30387,2025-01-11 21:53:29,PRE QA - completed,NULL,1
2348434,TDU25246G,2025-01-11 22:11:52,Rejected,NULL,1
2348436,TDU30388,2025-01-11 22:43:29,Accounts - Reconciliation,NULL,1
2348438,TDU30389,2025-01-12 01:21:35,Auto Rejected,NULL,1
2348439,TDU30390,2025-01-12 04:05:14,Rejected,NULL,1
2348440,TDU30391,2025-01-12 04:05:14,PRE QA - completed,NULL,1
2348441,TDU30392,2025-01-12 04:29:06,Auto Rejected,NULL,1
2348442,TDU30393,2025-01-12 04:32:25,PRE QA - completed,NULL,1
2348443,TDU30394,2025-01-12 04:40:03,Rejected After Confrmation QA pending,NULL,1
2348444,TDU30395,2025-01-12 05:07:24,Auto Rejected,NULL,1
2348445,TDU30396,2025-01-12 05:07:24,Rejected After Confrmation QA pending,NULL,1
2348446,TDU30397,2025-01-12 13:56:13,On Ground,NULL,1
2348447,TDU30398,2025-01-12 14:16:16,Completed (Accounts),NULL,1
2348448,TDU30399,2025-01-12 14:27:09,Accounts - Reconciliation,NULL,1
2348449,TDU30400,2025-01-12 15:05:16,Completed (Accounts),NULL,1
2348450,TDU30401,2025-01-13 02:45:31,PRE QA - completed,NULL,1
2348451,TDU30402,2025-01-13 03:10:46,PRE QA - completed,NULL,1
2348452,TDU25247G,2025-01-13 12:40:42,Accounts - Reconciliation,NULL,1
2348453,TDU30403,2025-01-13 15:56:46,Auto Rejected,NULL,1
2348454,TDU30404,2025-01-13 16:04:45,Auto Rejected,NULL,1
2348455,TDU30405,2025-01-13 16:04:47,Auto Rejected,NULL,1
2348456,TDU30406,2025-01-13 16:49:52,Accounts - Reconciliation,NULL,1
2348457,TDU30407,2025-01-13 17:17:03,Auto Rejected,NULL,1
2348458,TDU30408,2025-01-13 17:28:27,Auto Rejected,NULL,1
2348459,TDU30409,2025-01-13 18:19:29,On Ground,NULL,1
2348460,TDU30410,2025-01-13 19:50:56,Auto Rejected,NULL,1
2348462,TDU30411,2025-01-14 10:49:32,Auto Rejected,NULL,1
2348463,TDU30412,2025-01-14 11:19:07,Accounts - Reconciliation,NULL,1
2348464,TDU30413,2025-01-14 11:40:11,Rejected,NULL,1
2348465,TDU25248G,2025-01-14 15:16:15,Rejected,NULL,1
2348466,TDU30414,2025-01-14 15:58:28,Rejected,NULL,1
2348467,TDU30415,2025-01-14 16:21:11,Rejected,NULL,1
2348468,TDU25249G,2025-01-14 16:40:42,Auto Rejected,NULL,1
2348470,TDU30416,2025-01-14 17:19:05,Rejected,NULL,1
2348472,TDU30417,2025-01-14 17:48:57,Rejected,NULL,1
2348473,TDU30418,2025-01-14 18:47:41,Rejected,NULL,1
2348474,TDU30419,2025-01-14 18:53:40,Rejected,NULL,1
2348475,TDU30420,2025-01-14 18:55:40,Rejected,NULL,1
2348476,TDU30421,2025-01-14 19:10:40,Rejected,NULL,1
2348477,TDU30422,2025-01-14 19:10:46,Rejected,NULL,1
2348478,TDU30423,2025-01-14 19:24:35,Rejected,NULL,1
2348479,TDU30424,2025-01-14 19:26:15,Rejected,NULL,1
2348480,TDU30425,2025-01-14 19:44:47,Auto Rejected,NULL,1
2348481,TDU30426,2025-01-14 19:59:13,Auto Rejected,NULL,1
2348482,TDU30427,2025-01-14 20:52:48,Rejected,NULL,1
2348484,TDU30428,2025-01-14 21:18:49,On Ground,NULL,1
2348486,TDU30429,2025-01-14 23:28:55,Accounts - Reconciliation,NULL,1
2348489,TDU25250G,2025-01-15 10:46:26,Auto Rejected,NULL,1
2348491,TDU30430,2025-01-15 11:33:32,Auto Rejected,NULL,1
2348492,TDU30431,2025-01-15 14:46:16,Auto Rejected,NULL,1
2348493,TDU25251G,2025-01-15 15:00:20,Rejected,NULL,1
2348494,TDU25252G,2025-01-15 15:04:39,Rejected,NULL,1
2348496,TDU30432,2025-01-15 17:29:56,Accounts - Reconciliation,NULL,1
2348497,TDU30433,2025-01-15 23:11:13,Auto Rejected,NULL,1
2348498,TDU25253G,2025-01-15 23:55:33,Rejected,NULL,1
2348500,TDU30434,2025-01-16 00:16:20,Auto Rejected,NULL,1
2348506,TDU25254G,2025-01-16 09:44:40,Auto Rejected,NULL,1
2348508,TDU30435,2025-01-16 15:45:50,Auto Rejected,NULL,1
2348509,TDU30436,2025-01-16 16:07:07,Accounts - Reconciliation,NULL,1
2348510,TDU30437,2025-01-16 16:47:51,Auto Rejected,NULL,1
2348511,TDU30438,2025-01-16 17:01:25,Auto Rejected,NULL,1
2348512,TDU30439,2025-01-16 17:06:54,Auto Rejected,NULL,1
2348513,TDU30440,2025-01-16 18:13:39,Rejected,NULL,1
2348514,TDU30441,2025-01-16 18:18:52,Rejected,NULL,1
2348515,TDU30442,2025-01-16 19:26:17,Rejected,NULL,1
2348516,TDU25255G,2025-01-16 19:49:27,Auto Rejected,NULL,1
2348517,TDU30443,2025-01-16 20:57:22,Rejected,NULL,1
2348519,TDU30444,2025-01-16 21:18:34,Rejected,NULL,1
2348520,TDU30445,2025-01-16 22:10:53,Rejected,NULL,1
2348524,TDU30446,2025-01-16 23:36:16,Rejected,NULL,1
2348525,TDU30447,2025-01-16 23:37:24,Auto Rejected,NULL,1
2348527,TDU25256G,2025-01-17 02:37:54,Auto Rejected,NULL,1
2348528,TDU30448,2025-01-17 14:35:01,Rejected,NULL,1
2348529,TDU30449,2025-01-17 16:22:35,Rejected,NULL,1
2348530,TDU30450,2025-01-17 16:34:35,Rejected,NULL,1
2348531,TDU30451,2025-01-17 18:27:45,Rejected,NULL,1
2348532,TDU25257G,2025-01-17 20:54:16,Rejected,NULL,1
2348537,TDU30452,2025-01-18 13:42:53,Rejected,NULL,1
2348538,TDU30453,2025-01-18 14:14:22,Auto Rejected,NULL,1
2348539,TDU30454,2025-01-18 14:55:25,Rejected,NULL,1
2348540,TDU30455,2025-01-18 16:30:06,Rejected,NULL,1
2348543,TDU30456,2025-01-18 16:44:19,Rejected,NULL,1
2348544,TDU30457,2025-01-18 17:12:08,Rejected,NULL,1
2348545,TDU30458,2025-01-18 17:26:30,On Ground,NULL,1
2348546,TDU30459,2025-01-18 17:56:50,Auto Rejected,NULL,1
2348547,TDU30460,2025-01-18 20:36:56,Rejected,NULL,1
2348548,TDU30461,2025-01-18 21:50:00,Rejected After Confrmation QA pending,NULL,1
2348549,TDU30462,2025-01-18 22:01:15,Auto Rejected,NULL,1
2348550,TDU30463,2025-01-18 22:37:41,Rejected,NULL,1
2348551,TDU30464,2025-01-18 23:13:06,Rejected,NULL,1
2348552,TDU30465,2025-01-18 23:32:57,Rejected,NULL,1
2348554,TDU30466,2025-01-19 14:12:23,Auto Rejected,NULL,1
2348555,TDU30467,2025-01-19 14:38:53,Auto Rejected,NULL,1
2348556,TDU30468,2025-01-19 15:57:42,Rejected,NULL,1
2348557,TDU30469,2025-01-19 17:06:10,Rejected,NULL,1
2348558,TDU30470,2025-01-19 17:07:22,Rejected,NULL,1
2348559,TDU25258G,2025-01-19 22:23:58,Rejected,NULL,1
2348561,TDU25259G,2025-01-19 23:40:37,Rejected,NULL,1
2348563,TDU25260G,2025-01-20 00:43:47,Rejected,NULL,1
2348565,TDU25261G,2025-01-20 04:12:04,Rejected,NULL,1
2348566,TDU30471,2025-01-20 10:29:09,Auto Rejected,NULL,1
2348567,TDU30472,2025-01-20 11:19:21,Auto Rejected,NULL,1
2348568,TDU30473,2025-01-20 12:52:34,Auto Rejected,NULL,1
2348569,TDU25262G,2025-01-20 13:11:15,Auto Rejected,NULL,1
2348572,TDU25263G,2025-01-20 14:22:58,Rejected,NULL,1
2348574,TDU25264G,2025-01-20 15:53:26,Rejected,NULL,1
2348575,TDU30474,2025-01-20 15:54:30,Accounts - Reconciliation,NULL,1
2348577,TDU30475,2025-01-20 16:49:11,Rejected,NULL,1
2348579,TDU25265G,2025-01-20 17:57:49,Accounts - Reconciliation,NULL,1
2348582,TDU30476,2025-01-20 18:22:43,Auto Rejected,NULL,1
2348583,TDU25266G,2025-01-20 19:16:42,Rejected,NULL,1
2348587,TDU30477,2025-01-20 20:53:14,Rejected,NULL,1
2348591,TDU25267G,2025-01-20 21:36:13,Rejected,NULL,1
2348592,TDU25268G,2025-01-20 21:47:33,Rejected,NULL,1
2348593,TDU30478,2025-01-20 21:47:58,Rejected,NULL,1
2348596,TDU30479,2025-01-20 22:11:32,Rejected,NULL,1
2348597,TDU30480,2025-01-20 23:14:54,Auto Rejected,NULL,1
2348598,TDU30481,2025-01-20 23:18:45,Rejected,NULL,1
2348599,TDU25269G,2025-01-21 01:44:09,Rejected,NULL,1
2348604,TDU30482,2025-01-21 11:08:19,Auto Rejected,NULL,1
2348605,TDU25270G,2025-01-21 14:33:09,Rejected,NULL,1
2348606,TDU30483,2025-01-21 15:01:28,Auto Rejected,NULL,1
2348607,TDU30484,2025-01-21 15:07:30,Rejected,NULL,1
2348609,TDU25271G,2025-01-21 15:56:31,Rejected,NULL,1
2348612,TDU30485,2025-01-21 17:20:57,Auto Rejected,NULL,1
2348613,TDU30486,2025-01-21 18:07:24,Rejected,NULL,1
2348614,TDU30487,2025-01-21 19:21:11,Rejected,NULL,1
2348615,TDU30488,2025-01-21 19:34:51,On Ground,NULL,1
2348616,TDU30489,2025-01-21 19:49:07,Rejected,NULL,1
2348617,TDU25272G,2025-01-21 19:51:52,Rejected,NULL,1
2348619,TDU25273G,2025-01-21 21:55:47,Auto Rejected,NULL,1
2348621,TDU25274G,2025-01-21 22:39:39,Rejected,NULL,1
2348622,TDU30490,2025-01-21 23:38:33,Rejected,NULL,1
2348624,TDU25275G,2025-01-21 23:57:41,Rejected,NULL,1
2348625,TDU30491,2025-01-22 00:37:45,Auto Rejected,NULL,1
2348627,TDU25276G,2025-01-22 10:29:57,Auto Rejected,NULL,1
2349323,TDU30492,2025-01-22 15:35:46,Rejected,NULL,1
2349324,TDU30493,2025-01-22 15:54:28,Rejected,NULL,1
2349325,TDU30494,2025-01-22 16:10:18,Rejected,NULL,1
2349326,TDU30495,2025-01-22 17:49:29,Rejected,NULL,1
2349327,TDU30496,2025-01-22 18:12:29,Auto Rejected,NULL,1
2349328,TDU30497,2025-01-22 18:47:47,Rejected,NULL,1
2349329,TDU30498,2025-01-22 18:53:33,Rejected,NULL,1
2349330,TDU30499,2025-01-22 19:40:38,Rejected,NULL,1
2349331,TDU30500,2025-01-22 21:29:42,Auto Rejected,NULL,1
2349333,TDU25277G,2025-01-22 23:16:46,Rejected After Confrmation QA pending,NULL,1
2349334,TDU30501,2025-01-22 23:39:04,Rejected,NULL,1
2349335,TDU30502,2025-01-23 01:19:38,Rejected,NULL,1
2349337,TDU25278G,2025-01-23 11:06:08,Auto Rejected,NULL,1
2349339,TDU30503,2025-01-23 13:54:05,Rejected,NULL,1
2349340,TDU25279G,2025-01-23 14:30:07,Rejected,NULL,1
2349341,TDU30504,2025-01-23 15:09:55,Rejected,NULL,1
2349342,TDU30505,2025-01-23 15:32:09,Rejected,NULL,1
2349343,TDU30506,2025-01-23 15:39:15,Rejected,NULL,1
2349344,TDU25280G,2025-01-23 15:44:18,Rejected,NULL,1
2349345,TDU25281G,2025-01-23 15:44:46,Rejected,NULL,1
2349346,TDU25282G,2025-01-23 15:46:52,Rejected,NULL,1
2349347,TDU30507,2025-01-23 15:57:33,Rejected,NULL,1
2349348,TDU30508,2025-01-23 16:04:50,Auto Rejected,NULL,1
2349349,TDU30509,2025-01-23 18:35:41,Auto Rejected,NULL,1
2349350,TDU30510,2025-01-23 19:04:50,Rejected,NULL,1
2349351,TDU30511,2025-01-23 19:18:17,Rejected,NULL,1
2349352,TDU30512,2025-01-23 19:28:17,Rejected,NULL,1
2349353,TDU30513,2025-01-23 19:46:06,Rejected,NULL,1
2349354,TDU25283G,2025-01-23 21:19:19,Rejected,NULL,1
2349355,TDU30514,2025-01-23 22:07:12,Auto Rejected,NULL,1
2349356,TDU25284G,2025-01-23 23:57:26,Rejected,NULL,1
2349357,TDU30515,2025-01-24 00:17:19,On Ground,NULL,1
2349358,TDU30516,2025-01-24 00:36:23,Rejected,NULL,1
2349359,TDU25285G,2025-01-24 03:25:19,Auto Rejected,NULL,1
2349360,TDU25286G,2025-01-24 11:26:13,Auto Rejected,NULL,1
2349361,TDU30517,2025-01-24 14:35:55,Rejected,NULL,1
2349362,TDU25287G,2025-01-24 15:13:21,Auto Rejected,NULL,1
2349363,TDU30518,2025-01-24 15:49:39,Auto Rejected,NULL,1
2349364,TDU30519,2025-01-24 16:06:46,Rejected,NULL,1
2349365,TDU30520,2025-01-24 17:09:19,Rejected,NULL,1
2349366,TDU30521,2025-01-24 17:23:15,Rejected,NULL,1
2349367,TDU30522,2025-01-24 17:32:09,Rejected,NULL,1
2349368,TDU30523,2025-01-24 17:59:42,Auto Rejected,NULL,1
2349369,TDU30524,2025-01-24 18:12:53,Rejected,NULL,1
2349370,TDU30525,2025-01-24 18:24:00,Rejected,NULL,1
2349371,TDU30526,2025-01-24 18:27:09,Rejected,NULL,1
2349372,TDU30527,2025-01-24 18:30:28,Rejected,NULL,1
2349373,TDU25288G,2025-01-24 18:42:30,Auto Rejected,NULL,1
2349374,TDU30528,2025-01-24 19:06:41,Rejected,NULL,1
2349375,TDU30529,2025-01-24 19:43:48,Rejected,NULL,1
2349376,TDU30530,2025-01-24 20:27:33,Auto Rejected,NULL,1
2349377,TDU30531,2025-01-24 20:55:07,Rejected,NULL,1
2349378,TDU30532,2025-01-24 21:52:46,Auto Rejected,NULL,1
2349379,TDU30533,2025-01-24 22:06:35,Rejected After Confrmation QA completed,NULL,1
2349380,TDU30534,2025-01-24 23:20:32,Rejected,NULL,1
2349381,TDU25289G,2025-01-24 23:37:39,Rejected,NULL,1
2349382,TDU30535,2025-01-25 10:29:47,Rejected,NULL,1
2349383,TDU30536,2025-01-25 11:50:42,Rejected,NULL,1
2349384,TDU30537,2025-01-25 13:13:18,Rejected,NULL,1
2349385,TDU30538,2025-01-25 13:14:49,Rejected,NULL,1
2349386,TDU30539,2025-01-25 15:50:35,Rejected,NULL,1
2349387,TDU30540,2025-01-25 17:02:29,Auto Rejected,NULL,1
2349388,TDU30541,2025-01-25 17:56:54,Auto Rejected,NULL,1
2349389,TDU30542,2025-01-25 19:55:18,Auto Rejected,NULL,1
2349390,TDU30543,2025-01-25 21:25:57,Rejected,NULL,1
2349391,TDU30544,2025-01-25 23:17:55,Rejected,NULL,1
2349392,TDU25290G,2025-01-26 01:38:42,Rejected,NULL,1
2349393,TDU25291G,2025-01-26 01:49:10,Rejected,NULL,1
2349394,TDU30545,2025-01-26 23:17:27,Auto Rejected,NULL,1
2349395,TDU25292G,2025-01-27 12:42:25,Auto Rejected,NULL,1
2349396,TDU25293G,2025-01-27 12:54:19,Auto Rejected,NULL,1
2349397,TDU30546,2025-01-27 14:38:56,Rejected,NULL,1
2349398,TDU30547,2025-01-27 20:28:27,Auto Rejected,NULL,1
2349399,TDU25294G,2025-01-27 22:32:12,Auto Rejected,NULL,1
2349400,TDU30548,2025-01-28 00:59:45,Accounts - Reconciliation,NULL,1
2349401,TDU30549,2025-01-28 03:16:41,Auto Rejected,NULL,1
2349402,TDU30550,2025-01-28 05:05:58,Rejected,NULL,1
2349403,TDU30551,2025-01-28 06:48:05,Rejected,NULL,1
2349404,TDU30552,2025-01-28 11:56:05,Auto Rejected,NULL,1
2349405,TDU30553,2025-01-28 12:28:33,Auto Rejected,NULL,1
2349406,TDU30554,2025-01-28 12:36:02,Auto Rejected,NULL,1
2349407,TDU30555,2025-01-28 12:36:30,Auto Rejected,NULL,1
2349408,TDU30556,2025-01-28 13:41:53,Rejected,NULL,1
2349409,TDU30557,2025-01-28 14:20:21,Rejected,NULL,1
2349410,TDU30558,2025-01-28 15:09:24,Rejected,NULL,1
2349411,TDU30559,2025-01-28 15:24:36,Rejected,NULL,1
2349412,TDU30560,2025-01-28 15:24:36,Rejected,NULL,1
2349413,TDU30561,2025-01-28 15:33:26,Rejected,NULL,1
2349414,TDU30562,2025-01-28 15:47:59,Rejected,NULL,1
2349415,TDU30563,2025-01-28 15:54:53,Rejected,NULL,1
2349416,TDU25295G,2025-01-28 16:09:49,Rejected,NULL,1
2349417,TDU30564,2025-01-28 16:13:53,Rejected,NULL,1
2349418,TDU30565,2025-01-28 16:37:09,Auto Rejected,NULL,1
2349419,TDU30566,2025-01-28 17:24:02,Auto Rejected,NULL,1
2349420,TDU25296G,2025-01-28 18:18:27,Rejected,NULL,1
2349421,TDU30567,2025-01-28 22:46:56,Rejected,NULL,1
2349422,TDU25297G,2025-01-28 23:24:58,Rejected,NULL,1
2349423,TDU30568,2025-01-29 00:14:42,Rejected,NULL,1
2349424,TDU30569,2025-01-29 02:13:15,Rejected,NULL,1
2349425,TDU25298G,2025-01-29 03:14:08,Auto Rejected,NULL,1
2349426,TDU30570,2025-01-29 03:21:49,Accounts - Reconciliation,NULL,1
2349427,TDU30571,2025-01-29 04:07:18,Rejected,NULL,1
2349428,TDU30572,2025-01-29 04:41:54,Auto Rejected,NULL,1
2349429,TDU30573,2025-01-29 05:15:57,Rejected,NULL,1
2349430,TDU25299G,2025-01-29 11:26:22,Auto Rejected,NULL,1
2349431,TDU25300G,2025-01-29 12:10:20,Auto Rejected,NULL,1
2349432,TDU25301G,2025-01-29 12:16:39,Auto Rejected,NULL,1
2349433,TDU25302G,2025-01-29 12:21:10,Auto Rejected,NULL,1
2349434,TDU25303G,2025-01-29 12:25:45,Auto Rejected,NULL,1
2349435,TDU25304G,2025-01-29 12:28:48,Auto Rejected,NULL,1
2349436,TDU25305G,2025-01-29 13:01:10,Auto Rejected,NULL,1
2349437,TDU25306G,2025-01-29 13:19:48,Auto Rejected,NULL,1
2349438,TDU25307G,2025-01-29 13:25:47,Auto Rejected,NULL,1
2349439,TDU25308G,2025-01-29 13:29:12,Auto Rejected,NULL,1
2349440,TDU30574,2025-01-29 13:38:17,Rejected,NULL,1
2349441,TDU25309G,2025-01-29 13:41:12,Auto Rejected,NULL,1
2349442,TDU25310G,2025-01-29 13:43:12,Auto Rejected,NULL,1
2349443,TDU25311G,2025-01-29 13:45:42,Auto Rejected,NULL,1
2349444,TDU25312G,2025-01-29 13:48:49,Auto Rejected,NULL,1
2349445,TDU25313G,2025-01-29 13:51:32,Auto Rejected,NULL,1
2349446,TDU30575,2025-01-29 14:06:52,Auto Rejected,NULL,1
2349447,TDU30576,2025-01-29 14:47:09,Auto Rejected,NULL,1
2349448,TDU30577,2025-01-29 14:49:28,Rejected After Confrmation QA pending,NULL,1
2349449,TDU30578,2025-01-29 15:33:37,Auto Rejected,NULL,1
2349450,TDU25314G,2025-01-29 15:35:15,On Ground,NULL,1
2349451,TDU30579,2025-01-29 15:46:29,Auto Rejected,NULL,1
2349452,TDU30580,2025-01-29 16:34:02,Auto Rejected,NULL,1
2349453,TDU30581,2025-01-29 16:40:29,Rejected,NULL,1
2349454,TDU25315G,2025-01-29 17:44:48,Rejected,NULL,1
2349455,TDU30582,2025-01-29 17:58:24,Auto Rejected,NULL,1
2349456,TDU30583,2025-01-29 19:48:08,Auto Rejected,NULL,1
2349457,TDU30584,2025-01-29 21:12:35,Auto Rejected,NULL,1
2349458,TDU25316G,2025-01-29 22:04:18,Rejected,NULL,1
2349459,TDU25317G,2025-01-29 22:08:53,Rejected,NULL,1
2349460,TDU25318G,2025-01-29 22:39:29,Rejected,NULL,1
2349461,TDU30585,2025-01-30 01:53:00,Auto Rejected,NULL,1
2349462,TDU25319G,2025-01-30 03:11:11,Rejected,NULL,1
2349463,TDU30586,2025-01-30 04:15:23,Accounts - Reconciliation,NULL,1
2349464,TDU30587,2025-01-30 06:23:53,Accounts - Reconciliation,NULL,1
2349465,TDU30588,2025-01-30 13:42:52,Auto Rejected,NULL,1
2349466,TDU30589,2025-01-30 14:03:53,Auto Rejected,NULL,1
2349467,TDU30590,2025-01-30 14:33:03,Rejected,NULL,1
2349468,TDU30591,2025-01-30 15:45:56,Auto Rejected,NULL,1
2349469,TDU30592,2025-01-30 17:43:53,Rejected,NULL,1
2349470,TDU25320G,2025-01-30 18:27:27,Auto Rejected,NULL,1
2349471,TDU30593,2025-01-30 18:57:55,Auto Rejected,NULL,1
2349472,TDU30594,2025-01-30 19:20:03,Auto Rejected,NULL,1
2349473,TDU30595,2025-01-30 19:30:14,Auto Rejected,NULL,1
2349474,TDU30596,2025-01-30 19:37:04,Auto Rejected,NULL,1
2349475,TDU30597,2025-01-30 19:56:09,Rejected,NULL,1
2349476,TDU25321G,2025-01-30 20:57:33,Auto Rejected,NULL,1
2349477,TDU30598,2025-01-30 21:24:01,Auto Rejected,NULL,1
2349478,TDU30599,2025-01-30 23:30:32,Auto Rejected,NULL,1
2349479,TDU25322G,2025-01-30 23:52:38,Rejected,NULL,1
2349480,TDU30600,2025-01-31 00:14:24,Auto Rejected,NULL,1
2349481,TDU30601,2025-01-31 07:42:55,Auto Rejected,NULL,1
2349482,TDU25323G,2025-01-31 09:56:52,Auto Rejected,NULL,1
2349483,TDU30602,2025-01-31 11:38:23,Rejected,NULL,1
2349484,TDU25324G,2025-01-31 11:39:38,Auto Rejected,NULL,1
2349485,TDU25325G,2025-01-31 11:42:31,Auto Rejected,NULL,1
2349486,TDU25326G,2025-01-31 11:44:52,Auto Rejected,NULL,1
2349487,TDU30603,2025-01-31 11:46:17,Rejected,NULL,1
2349488,TDU25327G,2025-01-31 12:02:06,Rejected,NULL,1
2349489,TDU25328G,2025-01-31 12:20:25,Auto Rejected,NULL,1
2349490,TDU25329G,2025-01-31 13:08:11,Auto Rejected,NULL,1
2349491,TDU30604,2025-01-31 13:40:10,Auto Rejected,NULL,1
2349492,TDU25330G,2025-01-31 13:50:48,Auto Rejected,NULL,1
2349493,TDU25331G,2025-01-31 13:58:16,Auto Rejected,NULL,1
2349494,TDU30605,2025-01-31 14:06:50,Rejected,NULL,1
2349495,TDU30606,2025-01-31 16:26:13,Rejected,NULL,1
2349496,TDU25332G,2025-01-31 16:38:03,Auto Rejected,NULL,1
2349497,TDU30607,2025-01-31 16:42:20,Auto Rejected,NULL,1
2349498,TDU25333G,2025-01-31 17:37:23,Rejected,NULL,1
2349499,TDU30608,2025-01-31 23:53:13,Rejected,NULL,1
2349500,TDU25334G,2025-02-01 00:19:32,Rejected,NULL,1
2349501,TDU30609,2025-02-01 12:44:04,Auto Rejected,NULL,1
2349502,TDU30610,2025-02-01 13:41:42,Rejected,NULL,1
2349503,TDU30611,2025-02-01 18:30:37,Auto Rejected,NULL,1
2349504,TDU30612,2025-02-01 19:06:57,Auto Rejected,NULL,1
2349505,TDU25335G,2025-02-01 20:53:32,Rejected,NULL,1
2349506,TDU25336G,2025-02-01 21:58:43,Rejected,NULL,1
2349507,TDU30613,2025-02-02 00:17:05,Auto Rejected,NULL,1
2349508,TDU30614,2025-02-02 01:03:21,Rejected,NULL,1
2349509,TDU30615,2025-02-03 11:36:30,Auto Rejected,NULL,1
2349510,TDU30616,2025-02-03 12:25:36,Auto Rejected,NULL,1
2349511,TDU30617,2025-02-03 15:46:24,Auto Rejected,NULL,1
2349512,TDU30618,2025-02-03 17:56:39,Auto Rejected,NULL,1
2349513,TDU25337G,2025-02-03 19:21:54,Auto Rejected,NULL,1
2349514,TDU25338G,2025-02-03 20:23:19,Auto Rejected,NULL,1
2349515,TDU30619,2025-02-03 21:50:54,Rejected,NULL,1
2349516,TDU30620,2025-02-03 23:30:37,Rejected,NULL,1
2349517,TDU30621,2025-02-04 04:41:16,Auto Rejected,NULL,1
2349518,TDU30622,2025-02-04 09:09:18,Rejected,NULL,1
2349519,TDU30623,2025-02-04 10:18:46,Rejected,NULL,1
2349520,TDU30624,2025-02-04 11:30:22,Rejected After Confrmation QA completed,NULL,1
2349521,TDU30625,2025-02-04 11:53:11,Auto Rejected,NULL,1
2349522,TDU25339G,2025-02-04 12:20:50,Auto Rejected,NULL,1
2349523,TDU30626,2025-02-04 14:38:53,Rejected,NULL,1
2349524,TDU30627,2025-02-04 16:33:50,Auto Rejected,NULL,1
2349525,TDU30628,2025-02-04 16:48:38,Rejected,NULL,1
2349526,TDU30629,2025-02-04 16:59:42,Auto Rejected,NULL,1
2349527,TDU30630,2025-02-04 17:30:13,Rejected,NULL,1
2349528,TDU25340G,2025-02-04 19:14:56,Rejected,NULL,1
2349529,TDU30631,2025-02-04 19:19:57,Rejected,NULL,1
2349530,TDU25341G,2025-02-04 20:44:54,Rejected,NULL,1
2349531,TDU30632,2025-02-04 22:07:13,Rejected,NULL,1
2349532,TDU30633,2025-02-04 22:38:42,On Ground,NULL,1
2349533,TDU30634,2025-02-05 05:19:33,Rejected,NULL,1
2349534,TDU30635,2025-02-05 11:53:23,Auto Rejected,NULL,1
2349535,TDU25342G,2025-02-05 14:21:31,Auto Rejected,NULL,1
2349536,TDU25343G,2025-02-05 15:44:09,Auto Rejected,NULL,1
2349537,TDU25344G,2025-02-05 16:05:15,Auto Rejected,NULL,1
2349538,TDU25345G,2025-02-05 17:28:21,Rejected,NULL,1
2349539,TDU30636,2025-02-05 21:09:05,Rejected,NULL,1
2349540,TDU30637,2025-02-05 21:47:34,Rejected,NULL,1
2349541,TDU25346G,2025-02-05 22:04:44,Rejected,NULL,1
2349542,TDU25347G,2025-02-05 23:50:36,Auto Rejected,NULL,1
2349543,TDU30638,2025-02-06 03:40:17,Rejected,NULL,1
2349544,TDU30639,2025-02-06 09:58:57,Rejected,NULL,1
2349545,TDU30640,2025-02-06 14:11:55,Rejected,NULL,1
2349546,TDU30641,2025-02-06 14:30:57,Rejected,NULL,1
2349547,TDU30642,2025-02-06 15:45:04,Rejected,NULL,1
2349548,TDU30643,2025-02-06 16:52:03,Accounts - Reconciliation,NULL,1
2349549,TDU30644,2025-02-06 16:52:09,Rejected,NULL,1
2349550,TDU30645,2025-02-06 17:15:16,Auto Rejected,NULL,1
2349551,TDU25348G,2025-02-06 17:54:59,Rejected,NULL,1
2349552,TDU25349G,2025-02-06 17:58:05,Rejected,NULL,1
2349553,TDU30646,2025-02-06 18:56:35,Auto Rejected,NULL,1
2349554,TDU25350G,2025-02-06 19:46:05,Rejected,NULL,1
2349555,TDU25351G,2025-02-06 19:49:11,Rejected,NULL,1
2349556,TDU25352G,2025-02-06 21:34:16,Rejected,NULL,1
2349557,TDU30647,2025-02-07 01:06:33,Rejected,NULL,1
2349558,TDU30648,2025-02-07 03:24:39,Auto Rejected,NULL,1
2349559,TDU30649,2025-02-07 08:30:39,Auto Rejected,NULL,1
2349560,TDU30650,2025-02-07 09:22:28,Rejected,NULL,1
2349561,TDU30651,2025-02-07 10:01:37,Rejected,NULL,1
2349562,TDU25353G,2025-02-07 11:48:56,Auto Rejected,NULL,1
2349563,TDU25354G,2025-02-07 14:49:42,Auto Rejected,NULL,1
2349564,TDU25355G,2025-02-07 16:01:09,Auto Rejected,NULL,1
2349565,TDU30652,2025-02-07 16:46:48,Rejected,NULL,1
2349566,TDU25356G,2025-02-07 17:29:41,Rejected,NULL,1
2349567,TDU30653,2025-02-07 20:08:43,Rejected,NULL,1
2349568,TDU25357G,2025-02-07 20:15:20,Rejected,NULL,1
2349569,TDU30654,2025-02-07 21:46:29,Rejected,NULL,1
2349570,TDU25358G,2025-02-07 22:06:54,Auto Rejected,NULL,1
2349571,TDU30655,2025-02-08 05:58:35,Rejected,NULL,1
2349572,TDU30656,2025-02-08 08:16:52,Rejected,NULL,1
2349573,TDU30657,2025-02-08 10:43:41,Auto Rejected,NULL,1
2349574,TDU30658,2025-02-08 14:48:51,Rejected,NULL,1
2349575,TDU30659,2025-02-08 15:04:47,Rejected,NULL,1
2349576,TDU30660,2025-02-08 15:35:56,Rejected,NULL,1
2349577,TDU30661,2025-02-08 18:32:59,Rejected,NULL,1
2349578,TDU30662,2025-02-08 21:24:02,Rejected,NULL,1
2349579,TDU30663,2025-02-08 22:14:48,Accounts - Reconciliation,NULL,1
2349580,TDU30664,2025-02-08 23:24:21,Rejected,NULL,1
2349581,TDU25359G,2025-02-10 03:20:03,Auto Rejected,NULL,1
2349582,TDU25360G,2025-02-10 04:28:16,Auto Rejected,NULL,1
2349583,TDU30665,2025-02-10 14:58:54,Rejected,NULL,1
2349584,TDU25361G,2025-02-10 15:07:27,Auto Rejected,NULL,1
2349585,TDU25362G,2025-02-10 16:21:59,Auto Rejected,NULL,1
2349586,TDU25363G,2025-02-10 17:42:07,Auto Rejected,NULL,1
2349587,TDU25364G,2025-02-10 18:02:43,Auto Rejected,NULL,1
2349588,TDU25365G,2025-02-10 18:20:50,Rejected,NULL,1
2349589,TDU25366G,2025-02-10 18:36:23,Auto Rejected,NULL,1
2349590,TDU25367G,2025-02-10 18:59:12,Auto Rejected,NULL,1
2349591,TDU30666,2025-02-10 19:48:11,Auto Rejected,NULL,1
2349592,TDU30667,2025-02-10 20:14:48,Rejected,NULL,1
2349593,TDU30668,2025-02-10 21:42:29,Rejected,NULL,1
2349594,TDU30669,2025-02-10 23:42:02,Auto Rejected,NULL,1
2349595,TDU30670,2025-02-11 00:39:46,Rejected,NULL,1
2349596,TDU30671,2025-02-11 00:49:48,Rejected,NULL,1
2349597,TDU30672,2025-02-11 01:11:02,Requote After Confirmation,NULL,1
2349598,TDU25368G,2025-02-11 04:34:12,Rejected,NULL,1
2349599,TDU25369G,2025-02-11 11:46:05,Auto Rejected,NULL,1
2349600,TDU25370G,2025-02-11 12:12:35,Auto Rejected,NULL,1
2349601,TDU25371G,2025-02-11 12:35:03,Auto Rejected,NULL,1
2349602,TDU25372G,2025-02-11 13:15:48,Auto Rejected,NULL,1
2349603,TDU25373G,2025-02-11 13:44:51,Auto Rejected,NULL,1
2349604,TDU25374G,2025-02-11 14:01:14,Auto Rejected,NULL,1
2349605,TDU30673,2025-02-11 14:58:06,Auto Rejected,NULL,1
2349606,TDU25375G,2025-02-11 15:25:37,Auto Rejected,NULL,1
2349607,TDU25376G,2025-02-11 16:02:27,Auto Rejected,NULL,1
2349608,TDU25377G,2025-02-11 16:29:34,Auto Rejected,NULL,1
2349609,TDU25378G,2025-02-11 16:50:09,Rejected,NULL,1
2349610,TDU25379G,2025-02-11 16:50:23,Auto Rejected,NULL,1
2349611,TDU30674,2025-02-11 16:54:50,Rejected,NULL,1
2349612,TDU25380G,2025-02-11 17:07:48,Auto Rejected,NULL,1
2349613,TDU25381G,2025-02-11 17:17:11,Auto Rejected,NULL,1
2349614,TDU30675,2025-02-11 17:24:36,Rejected,NULL,1
2349615,TDU30676,2025-02-11 17:26:02,Rejected,NULL,1
2349616,TDU30677,2025-02-11 17:27:30,Rejected,NULL,1
2349617,TDU25382G,2025-02-11 17:28:58,Auto Rejected,NULL,1
2349618,TDU25383G,2025-02-11 17:47:18,Rejected,NULL,1
2349619,TDU30678,2025-02-11 18:04:42,Rejected,NULL,1
2349620,TDU25384G,2025-02-11 18:25:03,Auto Rejected,NULL,1
2349621,TDU25385G,2025-02-11 19:12:15,Auto Rejected,NULL,1
2349622,TDU25386G,2025-02-11 19:53:30,Auto Rejected,NULL,1
2349623,TDU25387G,2025-02-11 20:21:57,Rejected,NULL,1
2349624,TDU25388G,2025-02-11 23:55:47,Rejected,NULL,1
2349625,TDU30679,2025-02-12 00:00:37,On Ground,NULL,1
2349626,TDU25389G,2025-02-12 07:30:39,Rejected,NULL,1
2349627,TDU25390G,2025-02-12 13:22:31,Auto Rejected,NULL,1
2349628,TDU30680,2025-02-12 14:16:05,Rejected,NULL,1
2349629,TDU25391G,2025-02-12 14:48:05,Auto Rejected,NULL,1
2349630,TDU30681,2025-02-12 15:17:45,Auto Rejected,NULL,1
2349631,TDU25392G,2025-02-12 15:32:58,Auto Rejected,NULL,1
2349632,TDU25393G,2025-02-12 15:54:55,Auto Rejected,NULL,1
2349633,TDU30682,2025-02-12 15:58:01,Auto Rejected,NULL,1
2349634,TDU25394G,2025-02-12 16:12:52,Auto Rejected,NULL,1
2349635,TDU25395G,2025-02-12 16:52:13,Auto Rejected,NULL,1
2349636,TDU25396G,2025-02-12 17:18:00,Auto Rejected,NULL,1
2349637,TDU25397G,2025-02-12 17:33:36,Auto Rejected,NULL,1
2349638,TDU30683,2025-02-12 17:35:41,Rejected,NULL,1
2349639,TDU25398G,2025-02-12 17:51:33,Auto Rejected,NULL,1
2349640,TDU30684,2025-02-12 21:00:52,Auto Rejected,NULL,1
2349641,TDU25399G,2025-02-12 21:15:52,Auto Rejected,NULL,1
2349642,TDU30685,2025-02-12 22:30:49,Auto Rejected,NULL,1
2349643,TDU30686,2025-02-12 22:31:37,Rejected,NULL,1
2349644,TDU30687,2025-02-12 22:53:59,Rejected,NULL,1
2349645,TDU30688,2025-02-13 00:30:02,Auto Rejected,NULL,1
2349646,TDU30689,2025-02-13 11:39:46,Auto Rejected,NULL,1
2349647,TDU25400G,2025-02-13 17:03:58,Rejected,NULL,1
2349648,TDU25401G,2025-02-13 17:11:58,Auto Rejected,NULL,1
2349649,TDU25402G,2025-02-13 17:34:36,Auto Rejected,NULL,1
2349650,TDU25403G,2025-02-13 17:35:37,Auto Rejected,NULL,1
2349651,TDU30690,2025-02-13 17:41:57,Rejected,NULL,1
2349652,TDU25404G,2025-02-13 18:07:52,Rejected,NULL,1
2349653,TDU25405G,2025-02-13 18:13:28,Auto Rejected,NULL,1
2349654,TDU30691,2025-02-13 18:20:05,Rejected,NULL,1
2349655,TDU25406G,2025-02-13 18:23:17,Auto Rejected,NULL,1
2349656,TDU25407G,2025-02-13 18:34:18,Auto Rejected,NULL,1
2349657,TDU25408G,2025-02-13 18:49:17,Auto Rejected,NULL,1
2349658,TDU25409G,2025-02-14 09:31:50,Auto Rejected,NULL,1
2349659,TDU25410G,2025-02-14 14:05:52,Auto Rejected,NULL,1
2349660,TDU25411G,2025-02-14 14:19:40,Auto Rejected,NULL,1
2349661,TDU25412G,2025-02-14 14:30:31,Auto Rejected,NULL,1
2349662,TDU30692,2025-02-14 16:14:15,Rejected,NULL,1
2349663,TDU30693,2025-02-14 16:49:00,Auto Rejected,NULL,1
2349664,TDU25413G,2025-02-14 17:28:33,Rejected,NULL,1
2349665,TDU30694,2025-02-14 17:31:42,Auto Rejected,NULL,1
2349666,TDU25414G,2025-02-14 17:35:32,Auto Rejected,NULL,1
2349667,TDU30695,2025-02-14 17:53:03,On Ground,NULL,1
2349668,TDU25415G,2025-02-14 18:15:24,Auto Rejected,NULL,1
2349669,TDU30696,2025-02-14 18:34:49,Rejected,NULL,1
2349670,TDU25416G,2025-02-14 18:34:51,Auto Rejected,NULL,1
2349671,TDU30697,2025-02-14 19:19:19,Rejected,NULL,1
2349672,TDU30698,2025-02-14 20:41:00,Accounts - Reconciliation,NULL,1
2349673,TDU30699,2025-02-14 23:08:58,Rejected,NULL,1
2349674,TDU25417G,2025-02-15 15:00:36,Auto Rejected,NULL,1
2349675,TDU30700,2025-02-15 16:31:33,Auto Rejected,NULL,1
2349676,TDU30701,2025-02-15 16:42:57,Rejected,NULL,1
2349677,TDU30702,2025-02-15 16:54:29,Rejected,NULL,1
2349678,TDU30703,2025-02-15 18:08:07,Accounts - Reconciliation,NULL,1
2349679,TDU30704,2025-02-15 18:25:45,Auto Rejected,NULL,1
2349680,TDU30705,2025-02-15 19:20:40,On Ground,NULL,1
2349681,TDU30706,2025-02-15 20:04:42,Auto Rejected,NULL,1
2349682,TDU30707,2025-02-15 21:06:18,Rejected,NULL,1
2349683,TDU30708,2025-02-15 21:12:42,Rejected,NULL,1
2349684,TDU30709,2025-02-15 23:57:08,Auto Rejected,NULL,1
2349685,TDU25418G,2025-02-16 05:21:38,Auto Rejected,NULL,1
2349686,TDU30710,2025-02-16 07:21:50,Auto Rejected,NULL,1
2349687,TDU30711,2025-02-16 11:49:25,Rejected,NULL,1
2349688,TDU30712,2025-02-16 12:36:02,Rejected,NULL,1
2349689,TDU25419G,2025-02-16 20:22:44,Auto Rejected,NULL,1
2349690,TDU25420G,2025-02-16 20:40:19,Auto Rejected,NULL,1
2349691,TDU25421G,2025-02-16 22:55:09,Auto Rejected,NULL,1
2349692,TDU30713,2025-02-17 03:08:13,Rejected,NULL,1
2349693,TDU30714,2025-02-17 04:41:11,Rejected,NULL,1
2349694,TDU30715,2025-02-17 05:51:33,Rejected,NULL,1
2349695,TDU30716,2025-02-17 06:49:00,Rejected,NULL,1
2349696,TDU30717,2025-02-17 08:04:35,On Ground,NULL,1
2349697,TDU30718,2025-02-17 10:07:39,Auto Rejected,NULL,1
2349698,TDU30719,2025-02-17 10:38:11,Rejected,NULL,1
2349699,TDU25422G,2025-02-17 11:06:51,Auto Rejected,NULL,1
2349700,TDU25423G,2025-02-17 11:09:08,Auto Rejected,NULL,1
2349701,TDU30720,2025-02-17 11:18:03,Auto Rejected,NULL,1
2349702,TDU25424G,2025-02-17 11:50:08,Auto Rejected,NULL,1
2349703,TDU25425G,2025-02-17 11:51:54,Auto Rejected,NULL,1
2349704,TDU25426G,2025-02-17 12:12:11,Accounts - Reconciliation,NULL,1
2349705,TDU25427G,2025-02-17 12:27:42,Auto Rejected,NULL,1
2349706,TDU25428G,2025-02-17 12:42:21,Auto Rejected,NULL,1
2349707,TDU25429G,2025-02-17 13:00:27,Auto Rejected,NULL,1
2349708,TDU25430G,2025-02-17 13:09:53,Rejected,NULL,1
2349709,TDU25431G,2025-02-17 13:48:57,Auto Rejected,NULL,1
2349710,TDU25432G,2025-02-17 14:09:31,Auto Rejected,NULL,1
2349711,TDU25433G,2025-02-17 14:17:08,Rejected,NULL,1
2349712,TDU25434G,2025-02-17 14:23:53,Auto Rejected,NULL,1
2349713,TDU30721,2025-02-17 16:18:29,Rejected,NULL,1
2349714,TDU25435G,2025-02-17 16:24:22,Auto Rejected,NULL,1
2349715,TDU25436G,2025-02-17 16:38:00,Rejected,NULL,1
2349716,TDU30722,2025-02-17 17:11:35,Auto Rejected,NULL,1
2349717,TDU25437G,2025-02-17 17:11:46,Rejected,NULL,1
2349718,TDU30723,2025-02-17 17:41:45,Auto Rejected,NULL,1
2349719,TDU30724,2025-02-17 17:50:06,Auto Rejected,NULL,1
2349720,TDU30725,2025-02-17 19:07:23,Auto Rejected,NULL,1
2349721,TDU30726,2025-02-17 20:42:53,Rejected,NULL,1
2349722,TDU30727,2025-02-17 20:49:56,Auto Rejected,NULL,1
2349723,TDU30728,2025-02-17 20:56:23,Accounts - Reconciliation,NULL,1
2349724,TDU30729,2025-02-17 20:56:54,Rejected,NULL,1
2349725,TDU30730,2025-02-17 21:09:04,Auto Rejected,NULL,1
2349726,TDU30731,2025-02-17 21:09:45,Rejected,NULL,1
2349727,TDU30732,2025-02-17 21:27:46,Auto Rejected,NULL,1
2349728,TDU25438G,2025-02-17 21:39:20,Rejected,NULL,1
2349729,TDU30733,2025-02-17 21:50:00,Auto Rejected,NULL,1
2349730,TDU25439G,2025-02-17 22:10:32,Rejected,NULL,1
2349731,TDU30734,2025-02-18 00:44:26,On Ground,NULL,1
2349732,TDU30735,2025-02-18 02:52:06,Rejected,NULL,1
2349733,TDU30736,2025-02-18 04:02:30,Rejected,NULL,1
2349734,TDU30737,2025-02-18 04:53:14,Rejected,NULL,1
2349735,TDU30738,2025-02-18 05:54:23,Rejected,NULL,1
2349736,TDU30739,2025-02-18 07:09:15,Auto Rejected,NULL,1
2349737,TDU30740,2025-02-18 07:27:48,Rejected,NULL,1
2349738,TDU30741,2025-02-18 07:44:22,Rejected,NULL,1
2349739,TDU30742,2025-02-18 07:44:22,Rejected,NULL,1
2349740,TDU30743,2025-02-18 09:57:09,Auto Rejected,NULL,1
2349741,TDU30744,2025-02-18 10:32:02,Auto Rejected,NULL,1
2349742,TDU30745,2025-02-18 12:39:36,Auto Rejected,NULL,1
2349743,TDU25440G,2025-02-18 13:04:47,Auto Rejected,NULL,1
2349744,TDU25441G,2025-02-18 14:36:02,Auto Rejected,NULL,1
2349745,TDU30746,2025-02-18 14:37:10,Auto Rejected,NULL,1
2349746,TDU25442G,2025-02-18 14:57:40,Auto Rejected,NULL,1
2349747,TDU30747,2025-02-18 14:59:02,Auto Rejected,NULL,1
2349748,TDU30748,2025-02-18 15:18:13,Rejected,NULL,1
2349749,TDU25443G,2025-02-18 16:03:15,Auto Rejected,NULL,1
2349750,TDU30749,2025-02-18 16:21:26,Auto Rejected,NULL,1
2349751,TDU30750,2025-02-18 19:35:54,Auto Rejected,NULL,1
2349752,TDU30751,2025-02-18 19:38:24,Rejected,NULL,1
2349753,TDU25444G,2025-02-18 19:46:52,Auto Rejected,NULL,1
2349754,TDU25445G,2025-02-18 20:17:51,Auto Rejected,NULL,1
2349755,TDU30752,2025-02-18 21:17:50,Rejected,NULL,1
2349756,TDU30753,2025-02-18 21:19:30,Rejected,NULL,1
2349757,TDU30754,2025-02-19 03:22:19,Rejected,NULL,1
2349758,TDU30755,2025-02-19 04:17:54,Auto Rejected,NULL,1
2349759,TDU30756,2025-02-19 07:04:16,On Ground,NULL,1
2349760,TDU30757,2025-02-19 07:51:28,Rejected,NULL,1
2349761,TDU30758,2025-02-19 09:18:24,Auto Rejected,NULL,1
2349762,TDU30759,2025-02-19 10:50:30,Rejected,NULL,1
2349763,TDU25446G,2025-02-19 11:33:15,Auto Rejected,NULL,1
2349764,TDU25447G,2025-02-19 12:20:43,Auto Rejected,NULL,1
2349765,TDU25448G,2025-02-19 13:32:57,Rejected,NULL,1
2349766,TDU25449G,2025-02-19 14:04:25,Rejected,NULL,1
2349767,TDU25450G,2025-02-19 14:47:28,Auto Rejected,NULL,1
2349768,TDU30760,2025-02-19 15:26:03,Rejected,NULL,1
2349769,TDU30761,2025-02-19 15:40:28,Rejected,NULL,1
2349770,TDU30762,2025-02-19 17:54:26,On Ground,NULL,1
2349771,TDU30763,2025-02-19 19:57:08,Auto Rejected,NULL,1
2349772,TDU30764,2025-02-19 20:31:35,Auto Rejected,NULL,1
2349773,TDU30765,2025-02-19 20:59:46,Rejected,NULL,1
2349774,TDU25451G,2025-02-20 00:19:27,Rejected,NULL,1
2349775,TDU25452G,2025-02-20 02:29:34,Rejected,NULL,1
2349776,TDU30766,2025-02-20 03:49:40,Rejected,NULL,1
2349777,TDU30767,2025-02-20 06:35:48,Rejected,NULL,1
2349778,TDU30768,2025-02-20 07:04:40,Rejected,NULL,1
2349779,TDU30769,2025-02-20 09:50:28,Auto Rejected,NULL,1
2349780,TDU30770,2025-02-20 10:31:00,Auto Rejected,NULL,1
2349781,TDU25453G,2025-02-20 12:39:24,Rejected,NULL,1
2349782,TDU25454G,2025-02-20 13:58:13,Auto Rejected,NULL,1
2349783,TDU25455G,2025-02-20 14:02:01,Auto Rejected,NULL,1
2349784,TDU30771,2025-02-20 16:53:11,Rejected,NULL,1
2349785,TDU25456G,2025-02-20 17:21:36,Auto Rejected,NULL,1
2349786,TDU30772,2025-02-20 18:50:07,Rejected,NULL,1
2349787,TDU25457G,2025-02-20 19:06:40,Auto Rejected,NULL,1
2349788,TDU25458G,2025-02-20 19:06:44,Rejected,NULL,1
2349789,TDU25459G,2025-02-20 19:08:38,Auto Rejected,NULL,1
2349790,TDU25460G,2025-02-20 19:10:11,Rejected,NULL,1
2349791,TDU25461G,2025-02-20 20:11:23,Auto Rejected,NULL,1
2349792,TDU25462G,2025-02-20 20:12:26,Rejected,NULL,1
2349793,TDU30773,2025-02-20 20:44:17,Auto Rejected,NULL,1
2349794,TDU30774,2025-02-20 22:37:34,Rejected,NULL,1
2349795,TDU30775,2025-02-21 03:24:47,Rejected,NULL,1
2349796,TDU30776,2025-02-21 07:39:39,Rejected,NULL,1
2349797,TDU30777,2025-02-21 09:18:56,Rejected,NULL,1
2349798,TDU30778,2025-02-21 09:37:46,Rejected,NULL,1
2349799,TDU30779,2025-02-21 10:17:13,Rejected,NULL,1
2349800,TDU25463G,2025-02-21 11:31:22,Rejected,NULL,1
2349801,TDU25464G,2025-02-21 11:31:31,Rejected,NULL,1
2349802,TDU25465G,2025-02-21 12:03:05,Auto Rejected,NULL,1
2349803,TDU25466G,2025-02-21 12:51:59,Rejected,NULL,1
2349804,TDU30780,2025-02-21 13:42:56,Rejected,NULL,1
2349805,TDU30781,2025-02-21 14:19:47,Rejected,NULL,1
2349806,TDU25467G,2025-02-21 16:27:03,Auto Rejected,NULL,1
2349807,TDU30782,2025-02-21 17:07:48,Auto Rejected,NULL,1
2349808,TDU25468G,2025-02-21 17:14:41,Rejected,NULL,1
2349809,TDU30783,2025-02-21 17:28:55,On Ground,NULL,1
2349810,TDU30784,2025-02-21 17:30:09,Auto Rejected,NULL,1
2349811,TDU30785,2025-02-21 17:54:19,Rejected,NULL,1
2349812,TDU25469G,2025-02-21 18:01:50,Rejected,NULL,1
2349813,TDU25470G,2025-02-21 18:56:00,Auto Rejected,NULL,1
2349814,TDU30786,2025-02-21 22:57:59,Rejected,NULL,1
2349815,TDU30787,2025-02-22 09:08:26,Rejected,NULL,1
2349816,TDU30788,2025-02-22 12:37:19,Auto Rejected,NULL,1
2349817,TDU30789,2025-02-22 13:08:30,Rejected,NULL,1
2349818,TDU30790,2025-02-22 14:20:04,Rejected,NULL,1
2349819,TDU30791,2025-02-22 15:34:07,Rejected,NULL,1
2349820,TDU30792,2025-02-22 16:10:22,Rejected,NULL,1
2349821,TDU30793,2025-02-22 16:38:39,Auto Rejected,NULL,1
2349822,TDU30794,2025-02-22 18:38:23,Rejected,NULL,1
2349823,TDU30795,2025-02-22 19:40:03,Rejected,NULL,1
2349824,TDU30796,2025-02-22 19:40:11,Rejected,NULL,1
2349825,TDU30797,2025-02-22 22:41:27,Rejected,NULL,1
2349826,TDU25471G,2025-02-23 10:11:42,Rejected After Confrmation QA completed,NULL,1
2349827,TDU25472G,2025-02-23 10:18:49,Accounts - Reconciliation,NULL,1
2349828,TDU25473G,2025-02-23 11:17:31,Accounts - Reconciliation,NULL,1
2349829,TDU25474G,2025-02-23 11:23:55,Rejected After Confrmation QA completed,NULL,1
2349830,TDU25475G,2025-02-23 11:25:11,Rejected After Confrmation QA completed,NULL,1
2349831,TDU25476G,2025-02-23 11:26:00,Rejected After Confrmation QA pending,NULL,1
2349832,TDU25477G,2025-02-23 13:18:50,On Ground,NULL,1
2349833,TDU25478G,2025-02-24 11:57:08,Auto Rejected,NULL,1
2349834,TDU30798,2025-02-24 12:00:40,Rejected,NULL,1
2349835,TDU30799,2025-02-24 13:41:15,Auto Rejected,NULL,1
2349836,TDU30800,2025-02-24 14:17:12,Auto Rejected,NULL,1
2349837,TDU30801,2025-02-24 14:42:28,Auto Rejected,NULL,1
2349838,TDU25479G,2025-02-24 15:47:21,Rejected,NULL,1
2349839,TDU30802,2025-02-24 15:56:56,Rejected,NULL,1
2349840,TDU25480G,2025-02-24 16:43:58,Rejected,NULL,1
2349841,TDU30803,2025-02-24 16:52:59,Rejected,NULL,1
2349842,TDU25481G,2025-02-24 17:07:49,Auto Rejected,NULL,1
2349843,TDU30804,2025-02-24 18:53:46,Rejected,NULL,1
2349844,TDU30805,2025-02-24 23:08:07,Rejected,NULL,1
2349845,TDU30806,2025-02-24 23:45:58,Rejected After Confrmation QA pending,NULL,1
2349846,TDU30807,2025-02-25 02:30:22,Rejected,NULL,1
2349847,TDU25482G,2025-02-25 11:54:11,Auto Rejected,NULL,1
2349848,TDU30808,2025-02-25 12:39:19,Auto Rejected,NULL,1
2349849,TDU25483G,2025-02-25 12:44:16,Rejected,NULL,1
2349850,TDU25484G,2025-02-25 13:13:28,Rejected,NULL,1
2349851,TDU25485G,2025-02-25 13:23:32,Auto Rejected,NULL,1
2349852,TDU30809,2025-02-25 13:29:44,Rejected,NULL,1
2349853,TDU30810,2025-02-25 13:44:27,Rejected,NULL,1
2349854,TDU25486G,2025-02-25 15:50:50,Auto Rejected,NULL,1
2349855,TDU25487G,2025-02-25 16:36:51,Rejected,NULL,1
2349856,TDU25488G,2025-02-25 16:53:15,Rejected,NULL,1
2349857,TDU30811,2025-02-25 17:23:55,Rejected,NULL,1
2349858,TDU25489G,2025-02-25 18:06:28,Auto Rejected,NULL,1
2349859,TDU30812,2025-02-25 18:07:50,Rejected,NULL,1
2349860,TDU30813,2025-02-25 19:08:16,Auto Rejected,NULL,1
2349861,TDU30814,2025-02-25 19:17:07,Auto Rejected,NULL,1
2349862,TDU30815,2025-02-25 19:36:32,Auto Rejected,NULL,1
2349863,TDU30816,2025-02-25 19:59:25,Rejected,NULL,1
2349864,TDU30817,2025-02-25 20:34:17,Auto Rejected,NULL,1
2349865,TDU30818,2025-02-26 11:45:30,Auto Rejected,NULL,1
2349866,TDU30819,2025-02-26 11:58:59,Rejected,NULL,1
2349867,TDU30820,2025-02-26 12:20:17,Rejected,NULL,1
2349868,TDU30821,2025-02-26 12:38:27,Auto Rejected,NULL,1
2349869,TDU25490G,2025-02-26 12:56:13,Rejected,NULL,1
2349870,TDU25491G,2025-02-26 14:14:45,Auto Rejected,NULL,1
2349871,TDU30822,2025-02-26 14:17:13,Auto Rejected,NULL,1
2349872,TDU30823,2025-02-26 14:43:14,Rejected,NULL,1
2349873,TDU30824,2025-02-26 14:53:06,Auto Rejected,NULL,1
2349874,TDU30825,2025-02-26 16:35:49,Auto Rejected,NULL,1
2349875,TDU30826,2025-02-26 17:30:46,Rejected,NULL,1
2349876,TDU30827,2025-02-26 18:39:38,Auto Rejected,NULL,1
2349877,TDU30828,2025-02-26 19:25:11,Rejected,NULL,1
2349878,TDU25492G,2025-02-26 20:19:46,Rejected,NULL,1
2349879,TDU30829,2025-02-26 20:40:11,Rejected,NULL,1
2349880,TDU25493G,2025-02-26 23:17:42,Rejected,NULL,1
2349881,TDU25494G,2025-02-27 12:17:22,Rejected,NULL,1
2349882,TDU25495G,2025-02-27 12:51:43,Auto Rejected,NULL,1
2349883,TDU30830,2025-02-27 13:21:43,Auto Rejected,NULL,1
2349884,TDU30831,2025-02-27 13:40:38,Auto Rejected,NULL,1
2349885,TDU30832,2025-02-27 14:24:43,Rejected,NULL,1
2349886,TDU30833,2025-02-27 14:57:14,Auto Rejected,NULL,1
2349887,TDU25496G,2025-02-27 16:29:01,Rejected,NULL,1
2349888,TDU30834,2025-02-27 18:42:13,Auto Rejected,NULL,1
2349889,TDU30835,2025-02-27 19:11:38,Rejected,NULL,1
2349890,TDU25497G,2025-02-27 20:29:27,Accounts - Reconciliation,NULL,1
2349891,TDU30836,2025-02-27 23:29:11,Accounts - Reconciliation,NULL,1
2349892,TDU30837,2025-02-28 11:43:47,Rejected,NULL,1
2349893,TDU25498G,2025-02-28 13:21:51,Rejected,NULL,1
2349894,TDU30838,2025-02-28 15:52:51,Auto Rejected,NULL,1
2349895,TDU30839,2025-02-28 16:14:04,Auto Rejected,NULL,1
2349896,TDU25499G,2025-02-28 17:22:21,Auto Rejected,NULL,1
2349897,TDU30840,2025-02-28 17:25:06,Auto Rejected,NULL,1
2349898,TDU30841,2025-02-28 18:43:07,Rejected After Confrmation QA pending,NULL,1
2349899,TDU25500G,2025-02-28 20:54:10,Rejected,NULL,1
2349900,TDU25501G,2025-03-01 16:11:43,Rejected,NULL,1
2349901,TDU30842,2025-03-01 16:13:41,Auto Rejected,NULL,1
2349902,TDU30843,2025-03-01 17:01:06,Auto Rejected,NULL,1
2349903,TDU30844,2025-03-01 17:25:40,Rejected,NULL,1
2349904,TDU30845,2025-03-01 17:25:44,Auto Rejected,NULL,1
2349905,TDU30846,2025-03-01 17:54:25,Rejected,NULL,1
2349906,TDU30847,2025-03-01 18:31:50,Rejected,NULL,1
2349907,TDU30848,2025-03-01 18:47:04,Auto Rejected,NULL,1
2349908,TDU30849,2025-03-01 18:47:14,Rejected,NULL,1
2349909,TDU30850,2025-03-01 19:24:55,Rejected,NULL,1
2349910,TDU30851,2025-03-01 21:53:54,Rejected,NULL,1
2349911,TDU30852,2025-03-02 18:37:25,Rejected,NULL,1
2349912,TDU30853,2025-03-02 19:37:39,Rejected,NULL,1
2349913,TDU30854,2025-03-03 12:57:58,Auto Rejected,NULL,1
2349914,TDU25502G,2025-03-03 13:05:32,Auto Rejected,NULL,1
2349915,TDU25503G,2025-03-03 14:19:44,Rejected,NULL,1
2349916,TDU30855,2025-03-03 14:34:03,Rejected,NULL,1
2349917,TDU25504G,2025-03-03 14:51:33,Rejected,NULL,1
2349918,TDU30856,2025-03-03 14:59:50,On Ground,NULL,1
2349919,TDU25505G,2025-03-03 16:07:26,Auto Rejected,NULL,1
2349920,TDU30857,2025-03-03 17:33:13,Rejected,NULL,1
2349921,TDU30858,2025-03-03 18:11:00,Rejected,NULL,1
2349922,TDU30859,2025-03-03 18:36:47,Auto Rejected,NULL,1
2349923,TDU30860,2025-03-03 19:18:51,Rejected,NULL,1
2349924,TDU30861,2025-03-03 20:35:50,Auto Rejected,NULL,1
2349925,TDU30862,2025-03-03 20:56:30,Auto Rejected,NULL,1
2349926,TDU30863,2025-03-03 22:17:02,Rejected,NULL,1
2349927,TDU30864,2025-03-03 22:46:04,Rejected,NULL,1
2349928,TDU30865,2025-03-04 14:38:54,Auto Rejected,NULL,1
2349929,TDU25506G,2025-03-04 16:44:37,Rejected,NULL,1
2349930,TDU25507G,2025-03-04 17:52:48,Rejected,NULL,1
2349931,TDU25508G,2025-03-04 18:12:38,Auto Rejected,NULL,1
2349932,TDU30866,2025-03-04 18:37:20,Rejected,NULL,1
2349933,TDU30867,2025-03-04 19:13:49,Rejected After Confrmation QA pending,NULL,1
2349934,TDU30868,2025-03-04 19:30:18,Rejected,NULL,1
2349935,TDU25509G,2025-03-04 19:45:17,Rejected,NULL,1
2349936,TDU25510G,2025-03-04 19:54:10,Rejected,NULL,1
2349937,TDU25511G,2025-03-04 20:03:35,Rejected,NULL,1
2349938,TDU30869,2025-03-04 21:59:53,Accounts - Reconciliation,NULL,1
2349939,TDU30870,2025-03-04 22:16:50,Auto Rejected,NULL,1
2349940,TDU25512G,2025-03-04 23:24:54,Rejected,NULL,1
2349941,TDU30871,2025-03-04 23:27:26,Rejected,NULL,1
2349942,TDU30872,2025-03-05 10:22:36,Auto Rejected,NULL,1
2349943,TDU25513G,2025-03-05 13:41:36,Auto Rejected,NULL,1
2349944,TDU30873,2025-03-05 14:19:04,Rejected,NULL,1
2349945,TDU30874,2025-03-05 14:35:20,Rejected,NULL,1
2349946,TDU30875,2025-03-05 15:04:30,Auto Rejected,NULL,1
2349947,TDU25514G,2025-03-05 15:22:24,Auto Rejected,NULL,1
2349948,TDU30876,2025-03-05 15:32:47,Rejected,NULL,1
2349949,TDU30877,2025-03-05 16:02:09,Rejected,NULL,1
2349950,TDU30878,2025-03-05 16:02:13,Rejected,NULL,1
2349951,TDU30879,2025-03-05 16:02:32,Rejected,NULL,1
2349952,TDU30880,2025-03-05 16:03:13,Rejected After Confrmation QA completed,NULL,1
2349953,TDU30881,2025-03-05 16:03:32,Rejected,NULL,1
2349954,TDU30882,2025-03-05 16:36:50,Auto Rejected,NULL,1
2349955,TDU30883,2025-03-05 16:53:33,Accounts - Reconciliation,NULL,1
2349956,TDU25515G,2025-03-05 17:02:59,Auto Rejected,NULL,1
2349957,TDU30884,2025-03-05 17:20:51,Rejected,NULL,1
2349958,TDU30885,2025-03-05 17:32:20,Rejected,NULL,1
2349959,TDU30886,2025-03-05 17:38:09,Rejected,NULL,1
2349960,TDU25516G,2025-03-05 17:38:32,Auto Rejected,NULL,1
2349961,TDU30887,2025-03-05 17:56:44,Auto Rejected,NULL,1
2349962,TDU30888,2025-03-05 20:06:20,Rejected,NULL,1
2349963,TDU30889,2025-03-05 20:27:25,Rejected,NULL,1
2349964,TDU30890,2025-03-05 20:51:27,Auto Rejected,NULL,1
2349965,TDU30891,2025-03-05 21:48:09,Auto Rejected,NULL,1
2349966,TDU30892,2025-03-05 22:15:41,Rejected,NULL,1
2349967,TDU30893,2025-03-05 22:32:41,Rejected,NULL,1
2349968,TDU30894,2025-03-05 22:43:39,Auto Rejected,NULL,1
2349969,TDU30895,2025-03-05 23:02:30,Auto Rejected,NULL,1
2349970,TDU30896,2025-03-05 23:15:04,Rejected,NULL,1
2349971,TDU30897,2025-03-05 23:20:23,Rejected,NULL,1
2349972,TDU25517G,2025-03-06 12:45:14,Rejected,NULL,1
2349973,TDU25518G,2025-03-06 13:07:25,Rejected,NULL,1
2349974,TDU30898,2025-03-06 15:31:36,Rejected,NULL,1
2349975,TDU30899,2025-03-06 15:33:45,Rejected,NULL,1
2349976,TDU25519G,2025-03-06 16:21:56,Rejected,NULL,1
2349977,TDU30900,2025-03-06 16:34:14,Rejected,NULL,1
2349978,TDU30901,2025-03-06 16:42:07,Auto Rejected,NULL,1
2349979,TDU30902,2025-03-06 16:50:50,Rejected,NULL,1
2349980,TDU30903,2025-03-06 16:57:17,Rejected,NULL,1
2349981,TDU30904,2025-03-06 17:07:34,Auto Rejected,NULL,1
2349982,TDU30905,2025-03-06 17:37:44,Rejected,NULL,1
2349983,TDU30906,2025-03-06 17:37:44,Rejected,NULL,1
2349984,TDU30907,2025-03-06 18:24:14,Rejected,NULL,1
2349985,TDU30908,2025-03-06 19:02:33,Rejected,NULL,1
2349986,TDU30909,2025-03-06 20:05:21,Rejected,NULL,1
2349987,TDU30910,2025-03-06 22:04:59,Rejected,NULL,1
2349988,TDU25520G,2025-03-06 22:51:05,Rejected,NULL,1
2349989,TDU30911,2025-03-06 23:23:41,Rejected,NULL,1
2349990,TDU30912,2025-03-07 00:18:08,Rejected,NULL,1
2349991,TDU30913,2025-03-07 00:28:35,Auto Rejected,NULL,1
2349992,TDU30914,2025-03-07 00:43:40,Rejected,NULL,1
2349993,TDU30915,2025-03-07 01:02:28,Auto Rejected,NULL,1
2349994,TDU25521G,2025-03-07 11:46:24,Auto Rejected,NULL,1
2349995,TDU25522G,2025-03-07 13:59:09,Auto Rejected,NULL,1
2349996,TDU25523G,2025-03-07 16:42:16,Rejected,NULL,1
2349997,TDU30916,2025-03-07 17:02:09,On Ground,NULL,1
2349998,TDU30917,2025-03-07 17:33:23,Auto Rejected,NULL,1
2349999,TDU30918,2025-03-07 21:02:01,Auto Rejected,NULL,1
2350000,TDU30919,2025-03-07 21:22:59,Rejected,NULL,1
2350001,TDU25524G,2025-03-08 00:41:37,Rejected,NULL,1
2350002,TDU30920,2025-03-08 16:53:22,Auto Rejected,NULL,1
2350003,TDU30921,2025-03-08 18:12:48,Auto Rejected,NULL,1
2350004,TDU30922,2025-03-08 18:49:34,Rejected,NULL,1
2350005,TDU30923,2025-03-08 19:38:27,Auto Rejected,NULL,1
2350006,TDU30924,2025-03-08 21:00:25,Rejected,NULL,1
2350007,TDU30925,2025-03-08 21:12:22,Rejected,NULL,1
2350008,TDU30926,2025-03-08 22:29:27,Auto Rejected,NULL,1
2350009,TDU25525G,2025-03-08 22:46:40,Rejected,NULL,1
2350010,TDU30927,2025-03-08 23:10:32,Rejected,NULL,1
2350011,TDU30928,2025-03-08 23:54:14,Rejected,NULL,1
2350012,TDU30929,2025-03-08 23:55:03,Auto Rejected,NULL,1
2350013,TDU30930,2025-03-09 00:12:53,Rejected,NULL,1
2350014,TDU30931,2025-03-09 00:56:53,Rejected,NULL,1
2350015,TDU30932,2025-03-10 14:41:50,Rejected,NULL,1
2350016,TDU30933,2025-03-10 15:05:14,Rejected,NULL,1
2350017,TDU30934,2025-03-10 15:23:56,Rejected,NULL,1
2350018,TDU30935,2025-03-10 15:48:10,Rejected,NULL,1
2350019,TDU30936,2025-03-10 16:34:23,Accounts - Reconciliation,NULL,1
2350020,TDU30937,2025-03-10 16:52:45,Auto Rejected,NULL,1
2350021,TDU30938,2025-03-10 18:43:37,Rejected,NULL,1
2350022,TDU25526G,2025-03-10 20:17:22,Rejected,NULL,1
2350023,TDU30939,2025-03-10 20:19:20,Rejected,NULL,1
2350024,TDU30940,2025-03-10 21:35:49,Rejected,NULL,1
2350025,TDU30941,2025-03-10 22:02:51,Rejected,NULL,1
2350026,TDU30942,2025-03-10 22:28:53,Rejected,NULL,1
2350027,TDU30943,2025-03-10 23:37:33,Rejected,NULL,1
2350028,TDU30944,2025-03-11 14:43:52,Rejected,NULL,1
2350029,TDU30945,2025-03-11 16:54:34,Auto Rejected,NULL,1
2350030,TDU30946,2025-03-11 17:52:08,Rejected,NULL,1
2350031,TDU30947,2025-03-11 18:30:43,Auto Rejected,NULL,1
2350032,TDU30948,2025-03-11 19:00:13,Rejected,NULL,1
2350033,TDU30949,2025-03-11 20:09:13,Auto Rejected,NULL,1
2350034,TDU30950,2025-03-11 20:44:14,Auto Rejected,NULL,1
2350035,TDU30951,2025-03-11 22:44:55,Auto Rejected,NULL,1
2350036,TDU30952,2025-03-11 23:13:57,Rejected,NULL,1
2350037,TDU30953,2025-03-11 23:31:34,Rejected,NULL,1
2350038,TDU30954,2025-03-12 00:19:22,Auto Rejected,NULL,1
2350039,TDU30955,2025-03-12 00:33:22,Rejected,NULL,1
2350040,TDU30956,2025-03-12 00:53:24,Auto Rejected,NULL,1
2350041,TDU30957,2025-03-12 15:54:35,Auto Rejected,NULL,1
2350042,TDU30958,2025-03-12 17:00:37,Rejected,NULL,1
2350043,TDU30959,2025-03-12 18:04:20,Rejected,NULL,1
2350044,TDU30960,2025-03-12 20:44:33,Rejected,NULL,1
2350045,TDU25527G,2025-03-12 21:43:22,Rejected,NULL,1
2350046,TDU30961,2025-03-12 22:12:40,Rejected,NULL,1
2350047,TDU30962,2025-03-12 22:37:27,Rejected,NULL,1
2350048,TDU30963,2025-03-12 23:39:51,Accounts - Reconciliation,NULL,1
2350049,TDU30964,2025-03-13 15:36:36,Auto Rejected,NULL,1
2350050,TDU30965,2025-03-13 16:07:14,Auto Rejected,NULL,1
2350051,TDU25528G,2025-03-13 16:42:51,Auto Rejected,NULL,1
2350052,TDU30966,2025-03-13 17:15:47,Rejected,NULL,1
2350053,TDU25529G,2025-03-13 17:36:28,Rejected,NULL,1
2350054,TDU30967,2025-03-13 17:47:25,Rejected,NULL,1
2350055,TDU30968,2025-03-13 18:07:39,Rejected,NULL,1
2350056,TDU30969,2025-03-13 18:34:21,On Ground,NULL,1
2350057,TDU30970,2025-03-13 18:40:58,Rejected,NULL,1
2350058,TDU30971,2025-03-13 19:04:01,Auto Rejected,NULL,1
2350059,TDU30972,2025-03-13 20:01:02,Auto Rejected,NULL,1
2350060,TDU30973,2025-03-13 20:53:56,Rejected,NULL,1
2350061,TDU25530G,2025-03-13 21:41:44,Rejected,NULL,1
2350062,TDU30974,2025-03-13 22:01:53,Auto Rejected,NULL,1
2350063,TDU30975,2025-03-13 22:32:19,Auto Rejected,NULL,1
2350064,TDU30976,2025-03-13 23:38:06,Accounts - Reconciliation,NULL,1
2350065,TDU25531G,2025-03-14 09:51:00,Auto Rejected,NULL,1
2350066,TDU30977,2025-03-14 18:43:59,Auto Rejected,NULL,1
2350067,TDU30978,2025-03-15 17:52:37,Rejected,NULL,1
2350068,TDU30979,2025-03-15 22:02:36,Rejected,NULL,1
2350069,TDU30980,2025-03-15 22:33:35,Auto Rejected,NULL,1
2350070,TDU30981,2025-03-15 23:33:31,Rejected,NULL,1
2350071,TDU30982,2025-03-16 00:12:01,Auto Rejected,NULL,1
2350072,TDU30983,2025-03-16 00:46:51,Rejected,NULL,1
2350073,TDU25532G,2025-03-16 12:30:20,Rejected,NULL,1
2350074,TDU30984,2025-03-17 09:58:32,Rejected After Confrmation QA completed,NULL,1
2350075,TDU30985,2025-03-17 13:39:54,Auto Rejected,NULL,1
2350076,TDU30986,2025-03-17 13:51:44,Auto Rejected,NULL,1
2350077,TDU30987,2025-03-17 14:19:30,Auto Rejected,NULL,1
2350078,TDU30988,2025-03-17 14:53:13,Auto Rejected,NULL,1
2350079,TDU30989,2025-03-17 15:25:16,Rejected,NULL,1
2350080,TDU25533G,2025-03-17 15:26:49,Rejected,NULL,1
2350081,TDU30990,2025-03-17 15:49:14,Accounts - Reconciliation,NULL,1
2350082,TDU30991,2025-03-17 16:22:39,Rejected,NULL,1
2350083,TDU30992,2025-03-17 16:33:54,Rejected,NULL,1
2350084,TDU30993,2025-03-17 17:24:59,Auto Rejected,NULL,1
2350085,TDU30994,2025-03-17 17:31:53,Rejected,NULL,1
2350086,TDU30995,2025-03-17 17:55:38,Auto Rejected,NULL,1
2350087,TDU30996,2025-03-17 18:21:26,Auto Rejected,NULL,1
2350088,TDU30997,2025-03-17 18:50:07,Auto Rejected,NULL,1
2350089,TDU30998,2025-03-17 19:24:19,Auto Rejected,NULL,1
2350090,TDU30999,2025-03-17 20:55:25,Auto Rejected,NULL,1
2350091,TDU31000,2025-03-17 23:10:53,On Ground,NULL,1
2350092,TDU25534G,2025-03-17 23:46:10,Rejected,NULL,1
2350093,TDU31001,2025-03-18 01:28:35,Rejected,NULL,1
2350094,TDU25535G,2025-03-18 10:07:28,Auto Rejected,NULL,1
2350095,TDU31002,2025-03-18 13:45:51,Rejected,NULL,1
2350096,TDU31003,2025-03-18 14:05:00,Rejected,NULL,1
2350097,TDU31004,2025-03-18 15:29:41,Accounts - Reconciliation,NULL,1
2350098,TDU31005,2025-03-18 16:03:46,Auto Rejected,NULL,1
2350099,TDU31006,2025-03-18 16:20:27,Rejected,NULL,1
2350100,TDU31007,2025-03-18 18:52:08,Auto Rejected,NULL,1
2350101,TDU31008,2025-03-18 19:17:48,Auto Rejected,NULL,1
2350102,TDU31009,2025-03-18 19:27:41,Rejected,NULL,1
2350103,TDU31010,2025-03-18 20:41:31,Accounts - Reconciliation,NULL,1
2350104,TDU25536G,2025-03-18 20:41:34,Rejected,NULL,1
2350105,TDU31011,2025-03-18 21:43:38,Auto Rejected,NULL,1
2350106,TDU31012,2025-03-18 22:20:05,Auto Rejected,NULL,1
2350107,TDU31013,2025-03-18 22:32:09,Rejected,NULL,1
2350108,TDU31014,2025-03-18 22:50:00,Rejected,NULL,1
2350109,TDU31015,2025-03-18 23:02:13,Rejected,NULL,1
2350110,TDU31016,2025-03-18 23:39:58,Rejected,NULL,1
2350111,TDU31017,2025-03-18 23:44:30,Rejected,NULL,1
2350112,TDU31018,2025-03-19 00:03:10,Rejected,NULL,1
2350113,TDU25537G,2025-03-19 00:33:25,Rejected,NULL,1
2350114,TDU25538G,2025-03-19 01:16:48,Rejected,NULL,1
2350115,TDU25539G,2025-03-19 01:35:01,Rejected,NULL,1
2350116,TDU31019,2025-03-19 12:43:05,On Ground,NULL,1
2350117,TDU31020,2025-03-19 14:09:04,Auto Rejected,NULL,1
2350118,TDU25540G,2025-03-19 14:37:12,Rejected,NULL,1
2350119,TDU31021,2025-03-19 15:10:40,Rejected,NULL,1
2350120,TDU25541G,2025-03-19 15:52:12,Rejected,NULL,1
2350121,TDU31022,2025-03-19 16:40:13,Auto Rejected,NULL,1
2350122,TDU31023,2025-03-19 17:04:42,Rejected,NULL,1
2350123,TDU31024,2025-03-19 18:39:55,Auto Rejected,NULL,1
2350124,TDU31025,2025-03-19 19:10:15,Accounts - Reconciliation,NULL,1
2350125,TDU31026,2025-03-19 19:31:05,Rejected,NULL,1
2350126,TDU25542G,2025-03-19 20:29:35,Rejected,NULL,1
2350127,TDU31027,2025-03-19 20:49:50,Auto Rejected,NULL,1
2350128,TDU31028,2025-03-19 21:25:15,Rejected,NULL,1
2350129,TDU31029,2025-03-19 21:53:01,Rejected,NULL,1
2350130,TDU31030,2025-03-19 22:53:06,Rejected After Confrmation QA pending,NULL,1
2350131,TDU31031,2025-03-19 23:30:17,Rejected,NULL,1
2350132,TDU25543G,2025-03-20 14:49:11,Auto Rejected,NULL,1
2350133,TDU31032,2025-03-20 15:46:05,Rejected,NULL,1
2350134,TDU25544G,2025-03-20 15:49:36,Rejected,NULL,1
2350135,TDU25545G,2025-03-20 16:04:39,Rejected,NULL,1
2350136,TDU31033,2025-03-20 16:41:17,Rejected,NULL,1
2350137,TDU31034,2025-03-20 18:54:14,Rejected,NULL,1
2350138,TDU31035,2025-03-20 19:17:59,Rejected,NULL,1
2350139,TDU31036,2025-03-20 20:06:59,Rejected,NULL,1
2350140,TDU31037,2025-03-20 20:45:56,Rejected,NULL,1
2350141,TDU31038,2025-03-20 21:14:08,Rejected,NULL,1
2350142,TDU31039,2025-03-20 21:35:07,Auto Rejected,NULL,1
2350143,TDU31040,2025-03-20 22:33:50,Rejected,NULL,1
2350144,TDU31041,2025-03-21 15:00:04,Auto Rejected,NULL,1
2350145,TDU25546G,2025-03-21 15:23:17,Auto Rejected,NULL,1
2350146,TDU25547G,2025-03-21 17:48:46,Rejected,NULL,1
2350147,TDU31042,2025-03-21 19:21:52,Auto Rejected,NULL,1
2350148,TDU31043,2025-03-21 20:36:31,Auto Rejected,NULL,1
2350149,TDU31044,2025-03-21 21:06:14,Rejected,NULL,1
2350150,TDU31045,2025-03-21 21:52:12,Rejected,NULL,1
2350151,TDU31046,2025-03-21 23:16:44,Rejected,NULL,1
2350152,TDU31047,2025-03-22 00:05:27,Rejected,NULL,1
2350153,TDU31048,2025-03-22 00:15:51,Rejected,NULL,1
2350154,TDU31049,2025-03-22 15:37:50,Rejected,NULL,1
2350155,TDU31050,2025-03-22 16:06:35,Auto Rejected,NULL,1
2350156,TDU31051,2025-03-22 16:39:46,Rejected,NULL,1
2350157,TDU31052,2025-03-22 16:47:07,Auto Rejected,NULL,1
2350158,TDU25548G,2025-03-22 17:07:01,Rejected,NULL,1
2350159,TDU31053,2025-03-22 17:30:06,Rejected,NULL,1
2350160,TDU31054,2025-03-22 18:13:37,Rejected,NULL,1
2350161,TDU31055,2025-03-22 18:23:07,Rejected,NULL,1
2350162,TDU25549G,2025-03-22 18:37:07,Auto Rejected,NULL,1
2350163,TDU31056,2025-03-22 22:39:22,Auto Rejected,NULL,1
2350164,TDU31057,2025-03-22 23:25:41,Rejected,NULL,1
2350165,TDU31058,2025-03-24 13:51:01,Auto Rejected,NULL,1
2350166,TDU31059,2025-03-24 15:03:28,Auto Rejected,NULL,1
2350167,TDU25550G,2025-03-24 16:21:17,Rejected,NULL,1
2350168,TDU31060,2025-03-24 16:39:04,Rejected,NULL,1
2350169,TDU25551G,2025-03-24 16:47:25,Rejected,NULL,1
2350170,TDU31061,2025-03-24 17:20:06,Accounts - Reconciliation,NULL,1
2350171,TDU25552G,2025-02-26 14:53:06,Accounts - Reconciliation,NULL,1
2350172,TDU31062,2025-03-24 17:45:14,Rejected,NULL,1
2350173,TDU31063,2025-03-24 18:18:39,Rejected,NULL,1
2350174,TDU31064,2025-03-24 18:35:55,Auto Rejected,NULL,1
2350175,TDU25553G,2025-03-24 18:49:42,Rejected,NULL,1
2350176,TDU31065,2025-03-24 19:12:50,Rejected,NULL,1
2350177,TDU31066,2025-03-24 19:24:17,Rejected,NULL,1
2350178,TDU31067,2025-03-24 19:35:23,Rejected,NULL,1
2350179,TDU31068,2025-03-24 19:38:21,Auto Rejected,NULL,1
2350180,TDU31069,2025-03-24 21:27:21,Rejected,NULL,1
2350181,TDU31070,2025-03-24 21:46:18,Auto Rejected,NULL,1
2350182,TDU31071,2025-03-24 21:56:52,Rejected,NULL,1
2350183,TDU31072,2025-03-24 22:01:22,Rejected,NULL,1
2350184,TDU31073,2025-03-24 23:26:03,Rejected,NULL,1
2350185,TDU31074,2025-03-25 00:09:52,Auto Rejected,NULL,1
2350186,TDU31075,2025-03-25 02:49:58,Rejected,NULL,1
2350187,TDU31076,2025-03-25 03:19:59,Rejected,NULL,1
2350188,TDU31077,2025-03-25 04:13:31,Auto Rejected,NULL,1
2350189,TDU31078,2025-03-25 14:16:28,On Ground,NULL,1
2350190,TDU25554G,2025-03-25 15:17:20,Auto Rejected,NULL,1
2350191,TDU25555G,2025-03-25 15:20:04,Auto Rejected,NULL,1
2350192,TDU31079,2025-03-25 16:57:07,Auto Rejected,NULL,1
2350193,TDU31080,2025-03-25 17:30:47,Rejected,NULL,1
2350194,TDU31081,2025-03-25 18:02:48,Auto Rejected,NULL,1
2350195,TDU31082,2025-03-25 18:05:55,Rejected,NULL,1
2350196,TDU31083,2025-03-25 18:13:50,Auto Rejected,NULL,1
2350197,TDU31084,2025-03-25 18:16:18,Auto Rejected,NULL,1
2350198,TDU31085,2025-03-25 18:31:39,Rejected,NULL,1
2350199,TDU31086,2025-03-25 18:41:35,Rejected,NULL,1
2350200,TDU31087,2025-03-25 19:18:05,Auto Rejected,NULL,1
2350201,TDU31088,2025-03-25 19:48:11,Rejected,NULL,1
2350202,TDU25556G,2025-03-25 20:31:35,Auto Rejected,NULL,1
2350203,TDU31089,2025-03-25 20:41:55,Auto Rejected,NULL,1
2350204,TDU31090,2025-03-25 20:57:10,Rejected,NULL,1
2350205,TDU31091,2025-03-25 21:59:45,On Ground,NULL,1
2350206,TDU31092,2025-03-25 22:11:09,Accounts - Reconciliation,NULL,1
2350207,TDU31093,2025-03-25 22:17:42,Rejected,NULL,1
2350208,TDU31094,2025-03-25 22:44:07,Auto Rejected,NULL,1
2350209,TDU25557G,2025-03-26 09:50:19,Rejected,NULL,1
2350210,TDU31095,2025-03-26 15:38:32,Rejected,NULL,1
2350211,TDU31096,2025-03-26 15:41:52,Rejected,NULL,1
2350212,TDU31097,2025-03-26 16:38:52,Rejected,NULL,1
2350213,TDU25558G,2025-03-26 16:47:10,Rejected,NULL,1
2350214,TDU31098,2025-03-26 17:24:24,Rejected,NULL,1
2350215,TDU31099,2025-03-26 17:34:29,Rejected,NULL,1
2350216,TDU25559G,2025-03-26 17:36:19,Auto Rejected,NULL,1
2350217,TDU25560G,2025-03-26 19:50:47,Rejected,NULL,1
2350218,TDU25561G,2025-03-26 20:24:35,Rejected,NULL,1
2350219,TDU31100,2025-03-26 20:44:50,Auto Rejected,NULL,1
2350220,TDU31101,2025-03-26 20:51:53,Auto Rejected,NULL,1
2350221,TDU31102,2025-03-26 22:44:10,Rejected,NULL,1
2350222,TDU31103,2025-03-26 22:50:40,On Ground,NULL,1
2350223,TDU31104,2025-03-27 00:07:21,Rejected,NULL,1
2350224,TDU25562G,2025-03-27 01:32:00,Accepted,NULL,1
2350225,TDU25563G,2025-03-27 01:34:18,Rejected,NULL,1
2350226,TDU25564G,2025-03-27 01:39:56,Rejected,NULL,1
2350227,TDU25565G,2025-03-27 02:05:28,Rejected,NULL,1
2350228,TDU31105,2025-03-27 10:52:14,Auto Rejected,NULL,1
2350229,TDU25566G,2025-03-21 20:36:31,Rejected,NULL,1
2350230,TDU31106,2025-03-27 16:53:31,On Ground,NULL,1
2350231,TDU25567G,2025-03-27 17:42:48,Rejected,NULL,1
2350232,TDU31107,2025-03-27 18:32:18,Auto Rejected,NULL,1
2350233,TDU31108,2025-03-27 18:49:56,Auto Rejected,NULL,1
2350234,TDU31109,2025-03-27 18:50:23,Auto Rejected,NULL,1
2350235,TDU31110,2025-03-27 20:41:02,Rejected,NULL,1
2350236,TDU25568G,2025-03-27 20:52:26,Rejected,NULL,1
2350237,TDU31111,2025-03-27 20:52:47,Rejected After Confrmation QA completed,NULL,1
2350238,TDU31112,2025-03-27 21:17:16,Rejected,NULL,1
2350239,TDU31113,2025-03-27 21:41:01,Rejected,NULL,1
2350240,TDU25569G,2025-03-27 22:08:35,Rejected,NULL,1
2350241,TDU31114,2025-03-27 23:04:28,Rejected,NULL,1
2350242,TDU31115,2025-03-27 23:20:21,Rejected,NULL,1
2350243,TDU31116,2025-03-28 00:03:22,Accounts - Reconciliation,NULL,1
2350244,TDU31117,2025-03-28 00:07:01,Rejected,NULL,1
2350245,TDU31118,2025-03-28 10:26:15,Accounts - Reconciliation,NULL,1
2350246,TDU31119,2025-03-28 12:29:05,Rejected,NULL,1
2350247,TDU31120,2025-03-28 12:38:23,Rejected,NULL,1
2350248,TDU31121,2025-03-28 12:45:52,Rejected,NULL,1
2350249,TDU31122,2025-03-28 13:06:04,Rejected,NULL,1
2350250,TDU31123,2025-03-28 15:58:13,Rejected,NULL,1
2350251,TDU31124,2025-03-28 16:53:19,Rejected,NULL,1
2350252,TDU31125,2025-03-28 17:00:00,Rejected,NULL,1
2350253,TDU31126,2025-03-28 18:29:22,On Ground,NULL,1
2350254,TDU31127,2025-03-28 18:44:55,Rejected,NULL,1
2350255,TDU31128,2025-03-28 21:17:09,Accounts - Reconciliation,NULL,1
2350256,TDU31129,2025-03-28 23:45:56,Accounts - Reconciliation,NULL,1
2350257,TDU25570G,2025-03-29 00:14:29,Rejected,NULL,1
2350258,TDU25571G,2025-03-29 14:42:03,Rejected,NULL,1
2350259,TDU31130,2025-03-29 17:53:03,Rejected,NULL,1
2350260,TDU31131,2025-03-29 17:57:04,Rejected,NULL,1
2350261,TDU25572G,2025-03-29 18:34:15,Rejected,NULL,1
2350262,TDU31132,2025-03-29 18:57:53,Rejected,NULL,1
2350263,TDU31133,2025-03-29 21:28:29,Auto Rejected,NULL,1
2350264,TDU31134,2025-03-29 21:41:53,Rejected,NULL,1
2350265,TDU25573G,2025-03-29 22:43:37,Rejected,NULL,1
2350266,TDU31135,2025-03-29 22:47:28,Auto Rejected,NULL,1
2350267,TDU31136,2025-03-29 23:02:27,On Ground,NULL,1
2350268,TDU25574G,2025-02-24 13:41:15,Auto Rejected,NULL,1
2350269,TDU31137,2025-03-31 13:10:44,Auto Rejected,NULL,1
2350270,TDU31138,2025-03-31 16:18:50,Rejected,NULL,1
2350271,TDU31139,2025-03-31 16:21:28,Rejected,NULL,1
2350272,TDU31140,2025-03-31 16:30:58,Rejected,NULL,1
2350273,TDU25575G,2025-03-31 17:34:29,Rejected,NULL,1
2350274,TDU25576G,2025-03-31 13:10:44,Rejected,NULL,1
2350275,TDU25577G,2025-03-31 19:02:17,Rejected,NULL,1
2350276,TDU31141,2025-03-31 22:22:07,Rejected,NULL,1
2350277,TDU31142,2025-03-31 23:12:38,Rejected,NULL,1
2350278,TDU31143,2025-03-31 23:16:21,Rejected,NULL,1
2350279,TDU31144,2025-03-31 23:31:00,Rejected,NULL,1
2350280,TDU25578G,2025-03-31 23:48:56,Rejected,NULL,1
2350281,TDU25579G,2025-04-01 10:31:14,Auto Rejected,NULL,1
2350282,TDU31145,2025-04-01 11:52:48,Auto Rejected,NULL,1
2350283,TDU31146,2025-04-01 14:41:19,Rejected,NULL,1
2350284,TDU31147,2025-04-01 16:43:05,Rejected,NULL,1
2350285,TDU31148,2025-04-01 17:31:07,Rejected,NULL,1
2350286,TDU31149,2025-04-01 19:26:27,Auto Rejected,NULL,1
2350287,TDU25580G,2025-04-01 19:31:21,Auto Rejected,NULL,1
2350288,TDU25581G,2025-04-01 22:18:10,Rejected,NULL,1
2350289,TDU25582G,2025-03-19 14:09:04,Rejected,NULL,1
2350290,TDU31150,2025-04-01 23:19:11,Rejected,NULL,1
2350291,TDU31151,2025-04-02 01:28:32,Rejected,NULL,1
2350292,TDU31152,2025-04-02 11:26:45,On Ground,NULL,1
2350293,TDU25583G,2025-04-02 12:04:33,Auto Rejected,NULL,1
2350294,TDU31153,2025-04-02 14:45:22,Rejected,NULL,1
2350295,TDU25584G,2025-03-25 20:41:55,Rejected,NULL,1
2350296,TDU25585G,2025-04-02 16:31:31,Rejected,NULL,1
2350297,TDU31154,2025-04-02 16:45:15,Rejected,NULL,1
2350298,TDU31155,2025-04-02 19:49:15,Rejected,NULL,1
2350299,TDU31156,2025-04-02 21:15:29,Auto Rejected,NULL,1
2350300,TDU31157,2025-04-02 22:48:20,Rejected,NULL,1
2350301,TDU31158,2025-04-02 22:57:05,Rejected,NULL,1
2350302,TDU31159,2025-04-02 23:27:07,Rejected,NULL,1
2350303,TDU25586G,2025-04-03 00:17:01,Rejected,NULL,1
2350304,TDU25587G,2025-04-03 00:27:28,Rejected,NULL,1
2350305,TDU25588G,2025-04-03 01:00:16,Rejected,NULL,1
2350306,TDU31160,2025-04-03 15:23:49,Rejected,NULL,1
2350307,TDU31161,2025-04-03 16:38:36,Auto Rejected,NULL,1
2350308,TDU31162,2025-04-03 17:29:00,Rejected,NULL,1
2350309,TDU25589G,2025-04-03 19:26:42,Auto Rejected,NULL,1
2350310,TDU25590G,2025-04-03 19:31:16,Rejected,NULL,1
2350311,TDU31163,2025-04-03 20:06:54,Rejected,NULL,1
2350312,TDU31164,2025-04-03 21:22:46,Rejected,NULL,1
2350313,TDU31165,2025-04-03 21:24:23,Rejected,NULL,1
2350314,TDU31166,2025-04-03 21:44:49,Rejected,NULL,1
2350315,TDU31167,2025-04-03 22:08:13,Auto Rejected,NULL,1
2350316,TDU31168,2025-04-03 22:40:25,Rejected,NULL,1
2350317,TDU25591G,2025-04-03 22:50:52,Rejected,NULL,1
2350318,TDU25592G,2025-04-03 22:56:50,Rejected,NULL,1
2350319,TDU25593G,2025-04-03 23:02:43,Rejected,NULL,1
2350320,TDU25594G,2025-04-03 23:35:30,Rejected,NULL,1
2350321,TDU31169,2025-04-04 14:45:58,Rejected,NULL,1
2350322,TDU31170,2025-04-04 15:50:04,Auto Rejected,NULL,1
2350323,TDU31171,2025-04-04 16:17:44,Rejected,NULL,1
2350324,TDU31172,2025-04-04 18:27:26,Rejected,NULL,1
2350325,TDU31173,2025-04-04 21:06:28,Rejected,NULL,1
2350326,TDU25595G,2025-04-04 21:15:05,Rejected,NULL,1
2350327,TDU31174,2025-04-04 21:23:11,Rejected,NULL,1
2350328,TDU31175,2025-04-04 22:17:24,Rejected,NULL,1
2350329,TDU31176,2025-04-04 22:25:08,Rejected,NULL,1
2350330,TDU31177,2025-04-04 22:34:02,Rejected,NULL,1
2350331,TDU31178,2025-04-04 22:42:11,Rejected,NULL,1
2350332,TDU31179,2025-04-04 23:07:00,Rejected,NULL,1
2350333,TDU25596G,2025-04-04 23:12:52,Rejected,NULL,1
2350334,TDU31180,2025-04-04 23:27:20,Rejected,NULL,1
2350335,TDU25597G,2025-04-04 23:49:31,Rejected,NULL,1
2350336,TDU25598G,2025-04-05 00:48:32,Accounts - Reconciliation,NULL,1
2350337,TDU31181,2025-04-05 16:07:45,Auto Rejected,NULL,1
2350338,TDU31182,2025-04-05 16:34:18,Auto Rejected,NULL,1
2350339,TDU31183,2025-04-05 17:00:44,Rejected,NULL,1
2350340,TDU25599G,2025-04-05 18:06:20,Rejected,NULL,1
2350341,TDU25600G,2025-04-03 22:08:13,Rejected,NULL,1
2350342,TDU31184,2025-04-05 21:41:10,Auto Rejected,NULL,1
2350343,TDU31185,2025-04-05 22:53:19,Rejected,NULL,1
2350344,TDU31186,2025-04-06 19:55:21,Auto Rejected,NULL,1
2350345,TDU31187,2025-04-06 20:34:49,Auto Rejected,NULL,1
2350346,TDU25601G,2025-04-06 20:34:49,Rejected,NULL,1
2350347,TDU25602G,2025-04-07 12:43:16,Auto Rejected,NULL,1
2350348,TDU25603G,2025-04-07 14:16:50,Auto Rejected,NULL,1
2350349,TDU25604G,2025-04-07 14:20:49,Auto Rejected,NULL,1
2350350,TDU25605G,2025-04-07 14:21:31,Auto Rejected,NULL,1
2350351,TDU31188,2025-04-07 15:54:01,Auto Rejected,NULL,1
2350352,TDU31189,2025-04-07 15:55:32,Rejected,NULL,1
2350353,TDU31190,2025-04-07 16:21:09,Rejected,NULL,1
2350354,TDU31191,2025-04-07 16:21:13,Rejected,NULL,1
2350355,TDU31192,2025-04-07 16:47:38,Rejected,NULL,1
2350356,TDU31193,2025-04-07 21:31:18,Accounts - Reconciliation,NULL,1
2350357,TDU31194,2025-04-07 22:07:53,Rejected,NULL,1
2350358,TDU25606G,2025-04-08 00:12:19,Rejected,NULL,1
2350359,TDU25607G,2025-04-08 00:49:24,Rejected,NULL,1
2350360,TDU31195,2025-04-08 11:19:17,Auto Rejected,NULL,1
2350361,TDU25608G,2025-04-08 11:27:20,Auto Rejected,NULL,1
2350362,TDU31196,2025-04-08 12:20:16,Auto Rejected,NULL,1
2350363,TDU31197,2025-04-08 15:20:31,Rejected,NULL,1
2350364,TDU31198,2025-04-08 16:07:18,Rejected,NULL,1
2350365,TDU31199,2025-04-08 16:41:33,Auto Rejected,NULL,1
2350366,TDU31200,2025-04-08 17:00:50,Rejected,NULL,1
2350367,TDU31201,2025-04-08 17:12:53,Rejected,NULL,1
2350368,TDU31202,2025-04-08 17:38:30,Auto Rejected,NULL,1
2350369,TDU31203,2025-04-08 17:59:21,Rejected,NULL,1
2350370,TDU31204,2025-04-08 19:52:46,On Ground,NULL,1
2350371,TDU31205,2025-04-08 20:31:17,Rejected,NULL,1
2350372,TDU31206,2025-04-08 20:58:52,Rejected,NULL,1
2350373,TDU31207,2025-04-08 21:52:10,Auto Rejected,NULL,1
2350374,TDU31208,2025-04-08 22:23:33,Auto Rejected,NULL,1
2350375,TDU25609G,2025-01-13 17:28:27,On Ground,NULL,1
2350376,TDU31209,2025-04-08 22:46:01,Rejected,NULL,1
2350377,TDU31210,2025-04-09 00:05:36,Rejected,NULL,1
2350378,TDU31211,2025-04-09 00:37:44,Rejected,NULL,1
2350379,TDU31212,2025-04-09 13:48:54,Auto Rejected,NULL,1
2350380,TDU31213,2025-04-09 14:33:13,Rejected,NULL,1
2350381,TDU31214,2025-04-09 14:57:09,Auto Rejected,NULL,1
2350382,TDU31215,2025-04-09 15:03:43,Rejected,NULL,1
2350383,TDU31216,2025-04-09 20:29:12,Rejected,NULL,1
2350384,TDU25610G,2025-04-09 20:38:30,Rejected,NULL,1
2350385,TDU31217,2025-04-09 20:47:42,Rejected,NULL,1
2350386,TDU31218,2025-04-09 21:03:51,Rejected,NULL,1
2350387,TDU31219,2025-04-09 21:46:12,Rejected,NULL,1
2350388,TDU31220,2025-04-09 21:47:39,Auto Rejected,NULL,1
2350389,TDU31221,2025-04-09 21:50:37,Rejected,NULL,1
2350390,TDU25611G,2025-04-09 22:01:37,Rejected,NULL,1
2350391,TDU31222,2025-04-09 22:46:35,Rejected,NULL,1
2350392,TDU31223,2025-04-09 23:28:58,Rejected,NULL,1
2350393,TDU31224,2025-04-09 23:54:14,Auto Rejected,NULL,1
2350394,TDU25612G,2025-04-09 21:47:39,Rejected,NULL,1
2350395,TDU26266,2025-04-10 12:48:04,Auto Rejected,NULL,1
2350396,TDU27238,2025-04-10 12:51:01,Auto Rejected,NULL,1
2350397,TDU25586,2025-04-10 12:55:45,Auto Rejected,NULL,1
2350398,TDU27014,2025-04-10 13:00:11,Auto Rejected,NULL,1
2350399,TDU26882,2025-04-10 13:03:56,Auto Rejected,NULL,1
2350400,TDU26972,2025-04-10 13:06:57,Rejected,NULL,1
2350401,TDU24863,2025-04-10 13:09:00,Rejected,NULL,1
2350402,TDU27078,2025-04-10 13:10:53,Accounts - Reconciliation,NULL,1
2350403,TDU31225,2025-04-10 16:03:56,On Ground,NULL,1
2350404,TDU31226,2025-04-10 16:11:34,Auto Rejected,NULL,1
2350405,TDU25613G,2025-04-10 16:11:34,Auto Rejected,NULL,1
2350406,TDU31227,2025-04-10 17:44:59,Rejected,NULL,1
2350407,TDU31228,2025-04-10 18:02:01,Rejected,NULL,1
2350408,TDU31229,2025-04-10 18:55:46,Rejected,NULL,1
2350409,TDU31230,2025-04-10 19:48:16,Auto Rejected,NULL,1
2350410,TDU31231,2025-04-10 19:52:51,Auto Rejected,NULL,1
2350411,TDU31232,2025-04-10 21:32:41,Rejected,NULL,1
2350412,TDU31233,2025-04-10 21:45:50,Rejected,NULL,1
2350413,TDU31234,2025-04-10 21:50:41,Auto Rejected,NULL,1
2350414,TDU31235,2025-04-10 21:55:01,Auto Rejected,NULL,1
2350415,TDU25614G,2025-04-10 21:50:41,Rejected,NULL,1
2350416,TDU25615G,2025-04-09 23:54:14,Rejected,NULL,1
2350417,TDU31236,2025-04-10 22:26:32,Rejected,NULL,1
2350418,TDU31237,2025-04-10 23:18:38,Auto Rejected,NULL,1
2350419,TDU25616G,2025-04-10 23:18:38,Rejected,NULL,1
2350420,TDU31238,2025-04-10 23:23:10,Accounts - Reconciliation,NULL,1
2350421,TDU31239,2025-04-11 00:00:06,Rejected,NULL,1
2350422,TDU31240,2025-04-11 00:02:09,Accounts - Reconciliation,NULL,1
2350423,TDU25617G,2025-04-11 00:26:53,Rejected,NULL,1
2350424,TDU31241,2025-04-11 09:18:23,On Ground,NULL,1
2350425,TDU31242,2025-04-11 16:49:45,Auto Rejected,NULL,1
2350426,TDU31243,2025-04-11 16:52:48,Auto Rejected,NULL,1
2350427,TDU31244,2025-04-11 17:02:46,Rejected,NULL,1
2350428,TDU31245,2025-04-11 17:06:46,Rejected,NULL,1
2350429,TDU25618G,2025-04-11 17:55:48,Rejected,NULL,1
2350430,TDU25619G,2025-03-25 16:57:07,Rejected,NULL,1
2350431,TDU25620G,2025-04-11 20:15:31,Accounts - Reconciliation,NULL,1
2350432,TDU31246,2025-04-11 20:24:09,Rejected,NULL,1
2350433,TDU31247,2025-04-11 20:54:29,Rejected,NULL,1
2350434,TDU25621G,2025-04-11 20:54:40,Accounts - Reconciliation,NULL,1
2350435,TDU25622G,2025-04-11 21:18:22,Accounts - Reconciliation,NULL,1
2350436,TDU25623G,2025-04-11 21:41:02,Rejected,NULL,1
2350437,TDU31248,2025-04-11 21:44:17,Rejected,NULL,1
2350438,TDU31249,2025-04-11 21:59:36,Rejected,NULL,1
2350439,TDU25624G,2025-04-11 22:03:26,Rejected,NULL,1
2350440,TDU31250,2025-04-11 22:04:36,Rejected,NULL,1
2350441,TDU25625G,2025-04-11 23:15:07,Rejected,NULL,1
2350442,TDU31251,2025-04-12 00:12:22,Rejected,NULL,1
2350443,TDU31252,2025-04-12 16:00:42,Rejected,NULL,1
2350444,TDU25626G,2025-04-12 16:03:53,Rejected,NULL,1
2350445,TDU25627G,2025-04-12 16:50:02,Rejected,NULL,1
2350446,TDU31253,2025-04-12 17:31:26,Auto Rejected,NULL,1
2350447,TDU25628G,2025-04-12 17:53:05,Auto Rejected,NULL,1
2350448,TDU31254,2025-04-12 17:54:55,Accounts - Reconciliation,NULL,1
2350449,TDU31255,2025-04-12 18:14:33,Accounts - Reconciliation,NULL,1
2350450,TDU31256,2025-04-12 18:38:01,Rejected,NULL,1
2350451,TDU31257,2025-04-12 18:55:00,Rejected,NULL,1
2350452,TDU31258,2025-04-12 20:46:32,Rejected,NULL,1
2350453,TDU25629G,2025-04-12 21:11:54,Rejected,NULL,1
2350454,TDU31259,2025-04-12 21:29:18,Accounts - Reconciliation,NULL,1
2350455,TDU31260,2025-04-12 22:11:13,Rejected,NULL,1
2350456,TDU25630G,2025-04-12 22:17:24,Auto Rejected,NULL,1
2350457,TDU31261,2025-04-13 00:27:33,Rejected,NULL,1
2350458,TDU31262,2025-04-13 15:05:10,Auto Rejected,NULL,1
2350459,TDU31263,2025-04-13 17:31:22,Rejected,NULL,1
2350460,TDU31264,2025-04-13 18:48:56,Rejected,NULL,1
2350461,TDU25631G,2025-04-13 20:15:27,Rejected After Confrmation QA completed,NULL,1
2350462,TDU31265,2025-04-14 11:06:22,Accounts - Reconciliation,NULL,1
2350463,TDU25632G,2025-04-14 12:46:43,Rejected,NULL,1
2350464,TDU25633G,2025-04-14 13:10:09,Rejected,NULL,1
2350465,TDU25634G,2025-04-14 13:20:48,Rejected,NULL,1
2350466,TDU31266,2025-04-14 14:04:00,Auto Rejected,NULL,1
2350467,TDU31267,2025-04-14 14:56:22,Rejected,NULL,1
2350468,TDU31268,2025-04-14 16:30:35,Rejected,NULL,1
2350469,TDU31269,2025-04-14 16:37:19,Rejected,NULL,1
2350470,TDU31270,2025-04-14 17:28:44,Rejected,NULL,1
2350471,TDU31271,2025-04-14 17:33:48,Accounts - Reconciliation,NULL,1
2350472,TDU31272,2025-04-14 17:52:04,Rejected,NULL,1
2350473,TDU31273,2025-04-14 17:53:15,Auto Rejected,NULL,1
2350474,TDU31274,2025-04-14 20:46:21,On Ground,NULL,1
2350475,TDU31275,2025-04-14 21:14:39,Rejected,NULL,1
2350476,TDU31276,2025-04-14 21:16:39,Auto Rejected,NULL,1
2350477,TDU31277,2025-04-14 21:24:32,Rejected,NULL,1
2350478,TDU25635G,2025-04-14 22:07:13,Rejected,NULL,1
2350479,TDU31278,2025-04-14 22:24:34,Rejected,NULL,1
2350480,TDU25636G,2025-04-15 11:57:42,Auto Rejected,NULL,1
2350481,TDU31279,2025-04-15 13:07:09,Rejected,NULL,1
2350482,TDU31280,2025-04-15 15:12:28,Auto Rejected,NULL,1
2350483,TDU25637G,2025-04-15 15:42:38,Auto Rejected,NULL,1
2350484,TDU31281,2025-04-15 16:56:14,Rejected,NULL,1
2350485,TDU31282,2025-04-15 17:02:48,Accounts - Reconciliation,NULL,1
2350486,TDU31283,2025-04-15 17:07:27,Rejected,NULL,1
2350487,TDU31284,2025-04-15 17:28:27,Rejected,NULL,1
2350488,TDU31285,2025-04-15 17:35:54,Accounts - Reconciliation,NULL,1
2350489,TDU31286,2025-04-15 18:12:07,Rejected,NULL,1
2350490,TDU31287,2025-04-15 18:22:17,Rejected,NULL,1
2350491,TDU31288,2025-04-15 18:29:31,Rejected,NULL,1
2350492,TDU31289,2025-04-15 19:51:13,Rejected,NULL,1
2350493,TDU31290,2025-04-15 19:53:57,Rejected,NULL,1
2350494,TDU31291,2025-04-15 20:26:44,On Ground,NULL,1
2350495,TDU31292,2025-04-15 21:23:12,Rejected,NULL,1
2350496,TDU31293,2025-04-15 21:32:44,Rejected,NULL,1
2350497,TDU31294,2025-04-15 22:27:43,Rejected,NULL,1
2350498,TDU31295,2025-04-15 22:50:03,Rejected,NULL,1
2350499,TDU25638G,2025-04-16 10:10:52,Auto Rejected,NULL,1
2350500,TDU31296,2025-04-16 15:48:44,Rejected,NULL,1
2350501,TDU31297,2025-04-16 15:58:14,Rejected,NULL,1
2350502,TDU31298,2025-04-16 16:10:10,Rejected,NULL,1
2350503,TDU31299,2025-04-16 16:10:56,Auto Rejected,NULL,1
2350504,TDU31300,2025-04-16 16:35:18,Rejected,NULL,1
2350505,TDU31301,2025-04-16 16:48:40,Rejected,NULL,1
2350506,TDU25639G,2025-04-16 16:58:58,Rejected,NULL,1
2350507,TDU31302,2025-04-16 18:33:13,Accounts - Reconciliation,NULL,1
2350508,TDU31303,2025-04-16 19:10:20,Auto Rejected,NULL,1
2350509,TDU25640G,2025-04-16 19:47:48,Rejected,NULL,1
2350510,TDU31304,2025-04-16 21:14:03,Rejected,NULL,1
2350511,TDU31305,2025-04-16 22:16:47,Rejected,NULL,1
2350512,TDU31306,2025-04-16 22:31:36,Rejected,NULL,1
2350513,TDU31307,2025-04-16 22:33:49,Rejected,NULL,1
2350514,TDU31308,2025-04-16 23:38:26,Rejected,NULL,1
2350515,TDU31309,2025-04-17 02:11:18,Rejected,NULL,1
2350516,TDU31310,2025-04-17 02:27:02,Rejected,NULL,1
2350517,TDU25641G,2025-04-17 02:48:08,Auto Rejected,NULL,1
2350518,TDU25642G,2025-04-17 13:41:59,Rejected,NULL,1
2350519,TDU25643G,2025-04-17 14:20:55,Rejected,NULL,1
2350520,TDU25644G,2025-04-17 14:25:16,Accounts - Reconciliation,NULL,1
2350521,TDU31311,2025-04-17 14:59:30,Rejected,NULL,1
2350522,TDU31312,2025-04-17 15:08:07,Rejected,NULL,1
2350523,TDU31313,2025-04-17 15:36:30,Rejected,NULL,1
2350524,TDU31314,2025-04-17 16:01:02,Accounts - Reconciliation,NULL,1
2350525,TDU31315,2025-04-17 16:37:25,Rejected,NULL,1
2350526,TDU31316,2025-04-17 17:30:07,Rejected,NULL,1
2350527,TDU31317,2025-04-17 17:40:30,Rejected,NULL,1
2350528,TDU31318,2025-04-17 19:40:47,Rejected,NULL,1
2350529,TDU31319,2025-04-17 19:57:13,Accounts - Reconciliation,NULL,1
2350530,TDU31320,2025-04-17 21:40:36,Auto Rejected,NULL,1
2350531,TDU31321,2025-04-17 22:04:39,Auto Rejected,NULL,1
2350532,TDU31322,2025-04-17 22:13:47,Rejected,NULL,1
2350533,TDU31323,2025-04-17 23:08:45,Rejected,NULL,1
2350534,TDU31324,2025-04-18 00:03:43,On Ground,NULL,1
2350535,TDU25645G,2025-04-16 16:10:56,Rejected,NULL,1
2350536,TDU31325,2025-04-18 15:50:23,Accounts - Reconciliation,NULL,1
2350537,TDU31326,2025-04-18 16:04:39,Rejected,NULL,1
2350538,TDU25646G,2025-04-06 19:55:21,Rejected,NULL,1
2350539,TDU31327,2025-04-18 16:19:48,Auto Rejected,NULL,1
2350540,TDU31328,2025-04-18 16:52:09,Rejected,NULL,1
2350541,TDU25647G,2025-04-18 17:13:27,Rejected,NULL,1
2350542,TDU31329,2025-04-18 18:13:27,Auto Rejected,NULL,1
2350543,TDU31330,2025-04-18 18:50:45,Rejected,NULL,1
2350544,TDU31331,2025-04-18 19:06:10,Rejected,NULL,1
2350545,TDU25648G,2025-04-18 19:32:14,Rejected,NULL,1
2350546,TDU25649G,2025-04-18 20:14:33,Rejected,NULL,1
2350547,TDU31332,2025-04-18 20:50:20,Rejected,NULL,1
2350548,TDU31333,2025-04-18 20:51:33,Rejected,NULL,1
2350549,TDU31334,2025-04-18 21:54:46,Rejected,NULL,1
2350550,TDU31335,2025-04-18 22:41:23,Rejected,NULL,1
2350551,TDU31336,2025-04-18 23:19:23,Accounts - Reconciliation,NULL,1
2350552,TDU31337,2025-04-18 23:52:06,Accounts - Reconciliation,NULL,1
2350553,TDU31338,2025-04-19 11:37:12,Auto Rejected,NULL,1
2350554,TDU25650G,2025-04-19 13:10:58,Auto Rejected,NULL,1
2350555,TDU31339,2025-04-19 16:23:53,Auto Rejected,NULL,1
2350556,TDU25651G,2025-04-19 16:36:16,Accounts - Reconciliation,NULL,1
2350557,TDU31340,2025-04-19 17:40:42,Rejected,NULL,1
2350558,TDU25652G,2025-04-18 16:19:48,Rejected,NULL,1
2350559,TDU31341,2025-04-19 18:54:25,Rejected,NULL,1
2350560,TDU31342,2025-04-19 19:14:42,Rejected After Confrmation QA completed,NULL,1
2350561,TDU25653G,2025-04-19 19:18:22,Rejected,NULL,1
2350562,TDU31343,2025-04-19 19:55:44,Rejected,NULL,1
2350563,TDU31344,2025-04-19 20:03:58,Rejected,NULL,1
2350564,TDU31345,2025-04-19 20:40:38,Rejected After Confrmation QA completed,NULL,1
2350565,TDU31346,2025-04-19 21:49:40,Accounts - Reconciliation,NULL,1
2350566,TDU31347,2025-04-19 22:37:57,Rejected,NULL,1
2350567,TDU31348,2025-04-19 22:58:54,Rejected,NULL,1
2350568,TDU25654G,2025-04-21 11:49:16,Rejected,NULL,1
2350569,TDU31349,2025-04-21 15:08:34,Rejected,NULL,1
2350570,TDU31350,2025-04-21 15:37:37,Rejected,NULL,1
2350571,TDU31351,2025-04-21 16:25:46,Rejected,NULL,1
2350572,TDU31352,2025-04-21 17:06:47,Rejected,NULL,1
2350573,TDU31353,2025-04-21 17:23:26,On Ground,NULL,1
2350574,TDU31354,2025-04-21 17:27:17,Rejected,NULL,1
2350575,TDU31355,2025-04-21 19:50:18,Rejected,NULL,1
2350576,TDU25655G,2025-04-21 20:03:36,Rejected,NULL,1
2350577,TDU31356,2025-04-21 20:54:46,Rejected,NULL,1
2350578,TDU31357,2025-04-21 21:34:30,Rejected,NULL,1
2350579,TDU31358,2025-04-21 21:50:05,Auto Rejected,NULL,1
2350580,TDU31359,2025-04-21 22:01:31,Auto Rejected,NULL,1
2350581,TDU31360,2025-04-21 22:44:44,Rejected,NULL,1
2350582,TDU25656G,2025-04-22 10:44:52,Auto Rejected,NULL,1
2350583,TDU31361,2025-04-22 11:35:27,Accounts - Reconciliation,NULL,1
2350584,TDU31362,2025-04-22 12:35:46,Accounts - Reconciliation,NULL,1
2350585,TDU31363,2025-04-22 13:55:33,Rejected,NULL,1
2350586,TDU31364,2025-04-22 16:36:38,Rejected,NULL,1
2350587,TDU31365,2025-04-22 16:38:28,Accounts - Reconciliation,NULL,1
2350588,TDU31366,2025-04-22 18:00:26,Rejected,NULL,1
2350589,TDU31367,2025-04-22 18:15:20,Rejected,NULL,1
2350590,TDU31368,2025-04-22 19:14:08,Rejected,NULL,1
2350591,TDU31369,2025-04-22 20:13:59,Rejected,NULL,1
2350592,TDU31370,2025-04-22 21:11:24,Rejected,NULL,1
2350593,TDU31371,2025-04-22 21:11:25,Rejected,NULL,1
2350594,TDU31372,2025-04-22 22:42:43,On Ground,NULL,1
2350595,TDU31373,2025-04-22 22:56:39,Auto Rejected,NULL,1
2350596,TDU25657G,2025-04-23 09:43:41,Rejected,NULL,1
2350597,TDU25658G,2025-04-23 11:59:25,Auto Rejected,NULL,1
2350598,TDU25659G,2025-04-23 14:19:46,Auto Rejected,NULL,1
2350599,TDU31374,2025-04-23 16:14:47,Rejected,NULL,1
2350600,TDU31375,2025-04-23 16:27:31,Rejected,NULL,1
2350601,TDU31376,2025-04-23 17:02:48,Rejected,NULL,1
2350602,TDU25660G,2025-04-23 17:37:33,Rejected,NULL,1
2350603,TDU31377,2025-04-23 17:56:42,Auto Rejected,NULL,1
2350604,TDU31378,2025-04-23 18:10:32,Rejected,NULL,1
2350605,TDU25661G,2025-04-23 18:21:18,Rejected,NULL,1
2350606,TDU31379,2025-04-23 19:43:05,Rejected After Confrmation QA completed,NULL,1
2350607,TDU31380,2025-04-23 19:49:14,Auto Rejected,NULL,1
2350608,TDU31381,2025-04-23 21:08:12,Rejected,NULL,1
2350609,TDU31382,2025-04-23 23:24:48,Accounts - Reconciliation,NULL,1
2350610,TDU31383,2025-04-23 23:44:34,Rejected,NULL,1
2350611,TDU25662G,2025-04-24 12:23:47,Rejected,NULL,1
2350612,TDU31384,2025-04-24 15:54:52,On Ground,NULL,1
2350613,TDU31385,2025-04-24 16:16:17,Rejected,NULL,1
2350614,TDU31386,2025-04-24 16:22:37,Rejected,NULL,1
2350615,TDU31387,2025-04-24 17:27:01,Auto Rejected,NULL,1
2350616,TDU31388,2025-04-24 17:46:00,Rejected,NULL,1
2350617,TDU25663G,2025-04-24 18:00:35,Accounts - Reconciliation,NULL,1
2350618,TDU31389,2025-04-24 19:41:49,Rejected After Confrmation QA completed,NULL,1
2350619,TDU31390,2025-04-24 20:21:32,Rejected,NULL,1
2350620,TDU31391,2025-04-24 21:39:50,Rejected,NULL,1
2350621,TDU25664G,2025-04-24 22:21:24,Rejected,NULL,1
2350622,TDU31392,2025-04-24 22:43:24,Rejected,NULL,1
2350623,TDU25665G,2025-02-18 19:35:54,Rejected,NULL,1
2350624,TDU25666G,2025-04-25 11:56:37,Auto Rejected,NULL,1
2350625,TDU25667G,2025-04-25 12:17:02,PRE QA - pending,NULL,1
2350626,TDU25668G,2025-04-25 15:09:10,Rejected,NULL,1
2350627,TDU25669G,2025-04-25 15:44:36,Rejected,NULL,1
2350628,TDU25670G,2025-04-25 15:48:23,Rejected,NULL,1
2350629,TDU31393,2025-04-25 22:07:41,Rejected,NULL,1
2350630,TDU31394,2025-04-25 22:22:29,Rejected,NULL,1
2350631,TDU31395,2025-04-25 22:22:34,Rejected,NULL,1
2350632,TDU31396,2025-04-25 22:22:41,Rejected,NULL,1
2350633,TDU31397,2025-04-25 22:23:20,Rejected,NULL,1
2350634,TDU31398,2025-04-25 22:23:29,Rejected,NULL,1
2350635,TDU31399,2025-04-25 22:24:42,Rejected,NULL,1
2350636,TDU31400,2025-04-25 22:25:56,Rejected,NULL,1
2350637,TDU31401,2025-04-25 22:26:18,Rejected,NULL,1
2350638,TDU31402,2025-04-25 22:27:32,Rejected,NULL,1
2350639,TDU31403,2025-04-25 22:28:17,Rejected,NULL,1
2350640,TDU31404,2025-04-25 22:29:05,Rejected,NULL,1
2350641,TDU31405,2025-04-25 22:30:21,Rejected,NULL,1
2350642,TDU31406,2025-04-25 22:31:50,Rejected,NULL,1
2350643,TDU31407,2025-04-25 22:34:04,Rejected,NULL,1
2350644,TDU31408,2025-04-25 22:35:57,Rejected,NULL,1
2350645,TDU25671G,2025-04-26 11:56:49,Auto Rejected,NULL,1
2350646,TDU25672G,2025-04-23 17:56:42,Rejected,NULL,1
2350647,TDU31409,2025-04-26 16:02:43,Rejected,NULL,1
2350648,TDU31410,2025-04-26 17:24:33,Rejected,NULL,1
2350649,TDU31411,2025-04-26 17:27:14,Rejected,NULL,1
2350650,TDU31412,2025-04-26 20:36:39,Rejected,NULL,1
2350651,TDU31413,2025-04-26 20:49:29,Accounts - Reconciliation,NULL,1
2350652,TDU25673G,2025-04-26 20:52:57,Auto Rejected,NULL,1
2350653,TDU31414,2025-04-27 20:15:15,Rejected,NULL,1
2350654,TDU25674G,2025-04-28 11:07:38,Auto Rejected,NULL,1
2350655,TDU31415,2025-04-28 15:04:15,Rejected,NULL,1
2350656,TDU31416,2025-04-28 15:31:42,Rejected,NULL,1
2350657,TDU31417,2025-04-28 15:52:36,Rejected,NULL,1
2350658,TDU31418,2025-04-28 16:11:01,Rejected,NULL,1
2350659,TDU31419,2025-04-28 17:33:38,Rejected,NULL,1
2350660,TDU31420,2025-04-28 18:19:21,Rejected,NULL,1
2350661,TDU31421,2025-04-28 19:15:43,Auto Rejected,NULL,1
2350662,TDU31422,2025-04-28 22:19:34,Rejected,NULL,1
2350663,TDU31423,2025-04-28 22:49:01,Auto Rejected,NULL,1
2350664,TDU31424,2025-04-28 22:56:16,Rejected,NULL,1
2350665,TDU31425,2025-04-28 23:12:22,Rejected,NULL,1
2350666,TDU31426,2025-04-28 23:16:03,Rejected,NULL,1
2350667,TDU31427,2025-04-28 23:54:10,Rejected,NULL,1
2350668,TDU31428,2025-04-29 14:29:44,Auto Rejected,NULL,1
2350669,TDU31429,2025-04-29 14:55:14,Rejected,NULL,1
2350670,TDU31430,2025-04-29 15:27:43,Accounts - Reconciliation,NULL,1
2350671,TDU31431,2025-04-29 15:47:45,Rejected,NULL,1
2350672,TDU31432,2025-04-29 16:20:22,Rejected,NULL,1
2350673,TDU31433,2025-04-29 20:31:58,Rejected,NULL,1
2350674,TDU31434,2025-04-29 20:35:30,Rejected,NULL,1
2350675,TDU31435,2025-04-29 20:51:47,Rejected,NULL,1
2350676,TDU31436,2025-04-29 21:37:50,On Ground,NULL,1
2350677,TDU31437,2025-04-29 21:51:13,Rejected,NULL,1
2350678,TDU31438,2025-04-29 22:10:31,Auto Rejected,NULL,1
2350679,TDU31439,2025-04-29 22:22:07,Rejected,NULL,1
2350680,TDU31440,2025-04-29 22:27:07,Rejected,NULL,1
2350681,TDU31441,2025-04-29 22:38:31,Auto Rejected,NULL,1
2350682,TDU31442,2025-04-29 23:16:15,Rejected,NULL,1
2350683,TDU31443,2025-04-30 00:21:59,Auto Rejected,NULL,1
2350684,TDU25675G,2025-04-30 01:11:55,Rejected,NULL,1
2350685,TDU31444,2025-04-30 14:50:10,Rejected,NULL,1
2350686,TDU25676G,2025-04-30 16:11:14,Auto Rejected,NULL,1
2350687,TDU31445,2025-04-30 17:12:52,Auto Rejected,NULL,1
2350688,TDU31446,2025-04-30 17:25:44,Rejected,NULL,1
2350689,TDU25677G,2025-04-30 17:42:10,Rejected,NULL,1
2350690,TDU31447,2025-04-30 19:39:03,Rejected,NULL,1
2350691,TDU31448,2025-04-30 19:49:05,Auto Rejected,NULL,1
2350692,TDU31449,2025-04-30 20:04:55,Rejected,NULL,1
2350693,TDU25678G,2025-04-30 20:15:22,Rejected After Confrmation QA completed,NULL,1
2350694,TDU31450,2025-04-30 20:38:13,Rejected,NULL,1
2350695,TDU31451,2025-04-30 20:43:47,Rejected,NULL,1
2350696,TDU31452,2025-04-30 21:59:03,Rejected,NULL,1
2350697,TDU31453,2025-04-30 22:07:10,Rejected,NULL,1
2350698,TDU31454,2025-04-30 22:37:29,Rejected,NULL,1
2350699,TDU31455,2025-04-30 22:53:45,Rejected,NULL,1
2350700,TDU25679G,2025-05-01 08:49:10,Auto Rejected,NULL,1
2350701,TDU25680G,2025-05-01 21:25:54,Rejected,NULL,1
2350702,TDU25681G,2025-05-01 22:19:12,Rejected After Confrmation QA completed,NULL,1
2350703,TDU25682G,2025-05-02 00:41:13,Rejected,NULL,1
2350704,TDU25683G,2025-05-02 01:09:15,Rejected,NULL,1
2350705,TDU25684G,2025-05-02 11:15:49,Rejected,NULL,1
2350706,TDU31456,2025-05-02 15:00:37,Auto Rejected,NULL,1
2350707,TDU31457,2025-05-02 15:32:54,Auto Rejected,NULL,1
2350708,TDU31458,2025-05-02 15:33:55,Auto Rejected,NULL,1
2350709,TDU31459,2025-05-02 15:34:33,Auto Rejected,NULL,1
2350710,TDU25685G,2025-05-02 15:54:18,Rejected,NULL,1
2350711,TDU31460,2025-05-02 16:17:42,Rejected,NULL,1
2350712,TDU31461,2025-05-02 16:36:04,Auto Rejected,NULL,1
2350713,TDU31462,2025-05-02 16:38:04,Rejected,NULL,1
2350714,TDU31463,2025-05-02 16:38:10,Rejected,NULL,1
2350715,TDU31464,2025-05-02 16:38:13,Rejected,NULL,1
2350716,TDU31465,2025-05-02 16:39:08,Auto Rejected,NULL,1
2350717,TDU31466,2025-05-02 16:39:39,Rejected,NULL,1
2350718,TDU31467,2025-05-02 17:04:17,Accounts - Reconciliation,NULL,1
2350719,TDU31468,2025-05-02 17:20:52,Accounts - Reconciliation,NULL,1
2350720,TDU25686G,2025-04-24 17:27:01,Accounts - Reconciliation,NULL,1
2350721,TDU31469,2025-05-02 17:31:11,Rejected,NULL,1
2350722,TDU31470,2025-05-02 17:40:06,Auto Rejected,NULL,1
2350723,TDU25687G,2025-05-02 17:47:29,Rejected,NULL,1
2350724,TDU31471,2025-05-02 17:59:17,Rejected,NULL,1
2350725,TDU25688G,2025-05-02 18:10:38,Auto Rejected,NULL,1
2350726,TDU31472,2025-05-02 19:04:16,Rejected,NULL,1
2350727,TDU31473,2025-05-02 19:29:20,Rejected,NULL,1
2350728,TDU25689G,2025-05-02 19:53:46,Rejected,NULL,1
2350729,TDU31474,2025-05-02 20:21:52,Rejected,NULL,1
2350730,TDU31475,2025-05-02 20:33:50,Rejected,NULL,1
2350731,TDU31476,2025-05-02 20:38:54,On Ground,NULL,1
2350732,TDU31477,2025-05-02 20:46:28,Rejected,NULL,1
2350733,TDU31478,2025-05-02 21:09:10,Auto Rejected,NULL,1
2350734,TDU31479,2025-05-02 21:12:15,Rejected,NULL,1
2350735,TDU31480,2025-05-02 21:22:49,Rejected,NULL,1
2350736,TDU31481,2025-05-02 21:26:37,Rejected,NULL,1
2350737,TDU31482,2025-05-02 21:30:21,Rejected,NULL,1
2350738,TDU31483,2025-05-02 21:37:48,Auto Rejected,NULL,1
2350739,TDU31484,2025-05-02 22:07:20,Rejected,NULL,1
2350740,TDU31485,2025-05-02 22:13:16,Accounts - Reconciliation,NULL,1
2350741,TDU31486,2025-05-02 22:21:03,Rejected,NULL,1
2350742,TDU31487,2025-05-02 22:21:48,Rejected,NULL,1
2350743,TDU31488,2025-05-02 23:31:04,Rejected,NULL,1
2350744,TDU31489,2025-05-03 11:39:39,Auto Rejected,NULL,1
2350745,TDU25690G,2025-05-03 14:15:18,Auto Rejected,NULL,1
2350746,TDU31490,2025-05-03 14:42:11,Auto Rejected,NULL,1
2350747,TDU25691G,2025-05-03 15:37:14,Rejected,NULL,1
2350748,TDU31491,2025-05-03 15:52:22,Accounts - Reconciliation,NULL,1
2350749,TDU31492,2025-05-03 16:14:07,Rejected,NULL,1
2350750,TDU25692G,2025-05-03 17:28:38,Rejected,NULL,1
2350751,TDU25693G,2025-05-03 17:29:34,Auto Rejected,NULL,1
2350752,TDU31493,2025-05-03 17:33:34,Rejected,NULL,1
2350753,TDU25694G,2025-05-03 17:44:25,Rejected,NULL,1
2350754,TDU31494,2025-05-03 18:57:23,Rejected,NULL,1
2350755,TDU31495,2025-05-03 22:43:24,Rejected,NULL,1
2350756,TDU31496,2025-05-03 23:43:13,Auto Rejected,NULL,1
2350757,TDU31497,2025-05-04 12:39:02,Rejected,NULL,1
2350758,TDU31498,2025-05-04 14:19:16,Rejected,NULL,1
2350759,TDU25695G,2025-05-04 18:36:38,Accounts - Reconciliation,NULL,1
2350760,TDU25696G,2025-05-05 00:26:02,Auto Rejected,NULL,1
2350761,TDU25697G,2025-05-05 00:48:21,Rejected,NULL,1
2350762,TDU25698G,2025-05-05 01:05:41,Rejected,NULL,1
2350763,TDU25699G,2025-05-05 10:09:37,Auto Rejected,NULL,1
2350764,TDU31499,2025-05-05 10:51:53,Accounts - Reconciliation,NULL,1
2350765,TDU25700G,2025-05-05 11:08:16,Auto Rejected,NULL,1
2350766,TDU31500,2025-05-05 12:58:43,Auto Rejected,NULL,1
2350767,TDU25701G,2025-05-05 15:11:43,Rejected,NULL,1
2350768,TDU25702G,2025-05-05 18:05:30,Rejected,NULL,1
2350769,TDU25703G,2025-05-05 20:27:50,Rejected,NULL,1
2350770,TDU31501,2025-05-05 23:14:44,Rejected,NULL,1
2350771,TDU31502,2025-05-05 23:29:21,On Ground,NULL,1
2350772,TDU31503,2025-05-06 00:22:49,Rejected,NULL,1
2350773,TDU25704G,2025-05-06 00:46:28,Rejected,NULL,1
2350774,TDU25705G,2025-05-06 10:34:10,Rejected,NULL,1
2350775,TDU31504,2025-05-06 11:11:59,Auto Rejected,NULL,1
2350776,TDU25706G,2025-05-06 11:11:59,Rejected,NULL,1
2350777,TDU31505,2025-05-06 11:21:28,Auto Rejected,NULL,1
2350778,TDU25707G,2025-05-06 12:05:15,Accounts - Reconciliation,NULL,1
2350779,TDU31506,2025-05-06 12:13:58,Auto Rejected,NULL,1
2350780,TDU31507,2025-05-06 12:21:01,Rejected,NULL,1
2350781,TDU31508,2025-05-06 12:29:19,Auto Rejected,NULL,1
2350782,TDU31509,2025-05-06 12:32:36,Rejected,NULL,1
2350783,TDU31510,2025-05-06 13:14:04,Rejected,NULL,1
2350784,TDU31511,2025-05-06 13:18:14,Rejected,NULL,1
2350785,TDU31512,2025-05-06 14:21:56,Rejected,NULL,1
2350786,TDU31513,2025-05-06 16:46:57,Accounts - Reconciliation,NULL,1
2350787,TDU31514,2025-05-06 18:15:53,Rejected,NULL,1
2350788,TDU31515,2025-05-06 19:56:09,Rejected,NULL,1
2350789,TDU31516,2025-05-06 21:08:43,Rejected,NULL,1
2350790,TDU31517,2025-05-06 21:56:30,Rejected,NULL,1
2350791,TDU31518,2025-05-06 22:24:26,Auto Rejected,NULL,1
2350792,TDU25708G,2025-05-07 00:10:28,Rejected,NULL,1
2350793,TDU31519,2025-05-07 12:13:55,Rejected,NULL,1
2350794,TDU31520,2025-05-07 12:18:02,Rejected,NULL,1
2350795,TDU31521,2025-05-07 12:24:15,Rejected,NULL,1
2350796,TDU31522,2025-05-07 12:45:15,Rejected,NULL,1
2350797,TDU31523,2025-05-07 12:52:05,Rejected,NULL,1
2350798,TDU31524,2025-05-07 12:59:14,Auto Rejected,NULL,1
2350799,TDU25709G,2025-05-07 13:16:21,Auto Rejected,NULL,1
2350800,TDU31525,2025-05-07 13:21:32,Rejected,NULL,1
2350801,TDU31526,2025-05-07 13:31:35,Rejected,NULL,1
2350802,TDU31527,2025-05-07 16:00:20,Rejected,NULL,1
2350803,TDU25710G,2025-05-07 17:56:39,Auto Rejected,NULL,1
2350804,TDU25711G,2025-02-07 03:24:39,Rejected,NULL,1
2350805,TDU31528,2025-05-08 00:04:37,Rejected,NULL,1
2350806,TDU31529,2025-05-08 10:52:01,Auto Rejected,NULL,1
2350807,TDU31530,2025-05-08 11:16:48,Auto Rejected,NULL,1
2350808,TDU25712G,2025-05-08 12:35:01,Accounts - Reconciliation,NULL,1
2350809,TDU31531,2025-05-08 12:36:23,Rejected,NULL,1
2350810,TDU31532,2025-05-08 12:50:48,Rejected,NULL,1
2350811,TDU31533,2025-05-08 13:29:28,On Ground,NULL,1
2350812,TDU31534,2025-05-08 14:08:39,Rejected,NULL,1
2350813,TDU31535,2025-05-08 16:13:25,Auto Rejected,NULL,1
2350814,TDU31536,2025-05-08 16:43:32,Auto Rejected,NULL,1
2350815,TDU31537,2025-05-08 18:31:50,Rejected,NULL,1
2350816,TDU31538,2025-05-08 18:57:36,Rejected,NULL,1
2350817,TDU31539,2025-05-08 19:00:59,Rejected,NULL,1
2350818,TDU31540,2025-05-08 21:27:32,Rejected,NULL,1
2350819,TDU31541,2025-05-08 22:06:37,Rejected,NULL,1
2350820,TDU31542,2025-05-09 00:07:05,Auto Rejected,NULL,1
2350821,TDU31543,2025-05-09 01:10:02,Rejected,NULL,1
2350822,TDU25713G,2025-05-09 10:09:46,Rejected,NULL,1
2350823,TDU25714G,2025-05-09 10:27:54,Auto Rejected,NULL,1
2350824,TDU31544,2025-05-09 12:29:27,Rejected,NULL,1
2350825,TDU31545,2025-05-09 13:47:55,On Ground,NULL,1
2350826,TDU31546,2025-05-09 15:48:21,On Ground,NULL,1
2350827,TDU31547,2025-05-09 18:06:16,Rejected,NULL,1
2350828,TDU31548,2025-05-09 18:23:10,Rejected,NULL,1
2350829,TDU31549,2025-05-09 18:45:06,Rejected After Confrmation QA completed,NULL,1
2350830,TDU31550,2025-05-09 19:11:23,Auto Rejected,NULL,1
2350831,TDU31551,2025-05-09 19:24:51,Rejected,NULL,1
2350832,TDU25715G,2025-05-09 19:52:56,Rejected,NULL,1
2350833,TDU25716G,2025-05-09 21:18:53,Rejected,NULL,1
2350834,TDU25717G,2025-05-09 22:15:25,Rejected,NULL,1
2350835,TDU25718G,2025-05-09 22:37:48,Rejected,NULL,1
2350836,TDU25719G,2025-05-09 23:33:49,Rejected,NULL,1
2350837,TDU31552,2025-05-10 12:51:29,Auto Rejected,NULL,1
2350838,TDU31553,2025-05-10 15:52:46,Rejected,NULL,1
2350839,TDU31554,2025-05-10 16:15:39,Rejected,NULL,1
2350840,TDU25720G,2025-05-11 20:33:47,Rejected,NULL,1
2350841,TDU25721G,2025-05-12 09:51:57,Accounts - Reconciliation,NULL,1
2350842,TDU31555,2025-05-12 14:36:00,Auto Rejected,NULL,1
2350843,TDU31556,2025-05-12 17:16:01,Rejected,NULL,1
2350844,TDU31557,2025-05-12 17:19:39,Accounts - Reconciliation,NULL,1
2350845,TDU31558,2025-05-12 17:40:17,Auto Rejected,NULL,1
2350846,TDU25722G,2025-05-12 17:42:35,Rejected,NULL,1
2350847,TDU31559,2025-05-12 18:28:37,Accounts - Reconciliation,NULL,1
2350848,TDU31560,2025-05-12 18:57:25,Rejected,NULL,1
2350849,TDU25723G,2025-05-12 19:12:22,Rejected,NULL,1
2350850,TDU25724G,2025-05-12 19:48:19,Rejected,NULL,1
2350851,TDU31561,2025-05-12 19:53:43,Rejected,NULL,1
2350852,TDU25725G,2025-05-12 19:56:52,Rejected,NULL,1
2350853,TDU31562,2025-05-12 20:03:57,Accounts - Reconciliation,NULL,1
2350854,TDU31563,2025-05-12 20:14:40,Auto Rejected,NULL,1
2350855,TDU31564,2025-05-12 22:15:21,Accounts - Reconciliation,NULL,1
2350856,TDU31565,2025-05-12 23:49:25,Rejected,NULL,1
2350857,TDU25726G,2025-05-13 12:07:29,Rejected,NULL,1
2350858,TDU31566,2025-05-13 12:10:04,Auto Rejected,NULL,1
2350859,TDU31567,2025-05-13 12:13:25,Auto Rejected,NULL,1
2350860,TDU31568,2025-05-13 12:31:13,Rejected,NULL,1
2350861,TDU25727G,2025-05-13 12:34:34,Rejected,NULL,1
2350862,TDU25728G,2025-05-13 12:35:30,Rejected,NULL,1
2350863,TDU25729G,2025-05-13 12:51:32,Rejected,NULL,1
2350864,TDU31569,2025-05-13 15:42:50,Rejected,NULL,1
2350865,TDU31570,2025-05-13 17:27:25,Rejected,NULL,1
2350866,TDU31571,2025-05-13 17:58:21,Rejected,NULL,1
2350867,TDU31572,2025-05-13 19:24:40,Rejected,NULL,1
2350868,TDU31573,2025-05-13 19:39:55,Rejected,NULL,1
2350869,TDU25730G,2025-05-14 01:24:18,Rejected,NULL,1
2350870,TDU31574,2025-05-14 12:09:35,Auto Rejected,NULL,1
2350871,TDU31575,2025-05-14 13:39:04,Auto Rejected,NULL,1
2350872,TDU31576,2025-05-14 13:41:33,Rejected,NULL,1
2350873,TDU31577,2025-05-14 13:47:53,Rejected After Confrmation QA completed,NULL,1
2350874,TDU31578,2025-05-14 16:51:31,Rejected,NULL,1
2350875,TDU25731G,2025-05-14 18:20:00,Rejected,NULL,1
2350876,TDU31579,2025-05-14 19:20:15,Accounts - Reconciliation,NULL,1
2350877,TDU31580,2025-05-15 00:21:39,Rejected,NULL,1
2350878,TDU31581,2025-05-15 11:19:18,Rejected,NULL,1
2350879,TDU31582,2025-05-15 12:00:49,Rejected,NULL,1
2350880,TDU31583,2025-05-15 23:17:27,Rejected,NULL,1
2350881,TDU31584,2025-05-15 23:18:00,Rejected,NULL,1
2350882,TDU31585,2025-05-16 00:16:00,Rejected,NULL,1
2350883,TDU25732G,2025-05-16 09:49:00,Auto Rejected,NULL,1
2350884,TDU25733G,2025-05-16 11:34:59,Rejected,NULL,1
2350885,TDU31586,2025-05-16 11:40:26,Rejected,NULL,1
2350886,TDU25734G,2025-05-09 00:07:05,Rejected,NULL,1
2350887,TDU25735G,2025-05-09 00:07:05,Auto Rejected,NULL,1
2350888,TDU25736G,2025-05-16 12:31:27,Rejected,NULL,1
2350889,TDU25737G,2025-05-16 13:23:21,Rejected,NULL,1
2350890,TDU25738G,2025-05-16 13:41:08,Auto Rejected,NULL,1
2350891,TDU25739G,2025-05-16 13:56:30,Rejected,NULL,1
2350892,TDU31587,2025-05-16 16:14:47,Rejected,NULL,1
2350893,TDU31588,2025-05-16 17:07:08,Rejected,NULL,1
2350894,TDU31589,2025-05-16 17:15:17,Rejected,NULL,1
2350895,TDU31590,2025-05-16 17:40:03,Rejected After Confrmation QA completed,NULL,1
2350896,TDU25740G,2025-05-16 17:43:25,Rejected,NULL,1
2350897,TDU25741G,2025-05-16 17:59:46,Auto Rejected,NULL,1
2350898,TDU31591,2025-05-16 18:05:11,On Ground,NULL,1
2350899,TDU31592,2025-05-16 18:22:39,Rejected,NULL,1
2350900,TDU31593,2025-05-16 18:43:37,Rejected,NULL,1
2350901,TDU31594,2025-05-16 20:06:40,Rejected,NULL,1
2350902,TDU25742G,2025-05-16 20:25:54,Rejected,NULL,1
2350903,TDU31595,2025-05-16 20:38:11,Rejected,NULL,1
2350904,TDU31596,2025-05-16 20:53:38,Rejected,NULL,1
2350905,TDU31597,2025-05-16 21:53:34,Accounts - Reconciliation,NULL,1
2350906,TDU31598,2025-05-16 22:08:54,Rejected,NULL,1
2350907,TDU31599,2025-05-16 22:36:44,Rejected,NULL,1
2350908,TDU31600,2025-05-16 22:52:47,Rejected,NULL,1
2350909,TDU31601,2025-05-16 23:54:28,Auto Rejected,NULL,1
2350910,TDU31602,2025-05-17 00:20:36,Auto Rejected,NULL,1
2350911,TDU31603,2025-05-17 12:33:50,Rejected,NULL,1
2350912,TDU31604,2025-05-17 12:41:32,Auto Rejected,NULL,1
2350913,TDU31605,2025-05-17 12:45:44,Rejected,NULL,1
2350914,TDU31606,2025-05-17 15:44:37,Rejected,NULL,1
2350915,TDU31607,2025-05-17 15:58:53,Rejected,NULL,1
2350916,TDU31608,2025-05-17 17:00:15,Rejected,NULL,1
2350917,TDU31609,2025-05-17 18:01:00,Rejected,NULL,1
2350918,TDU31610,2025-05-17 18:15:48,Rejected,NULL,1
2350919,TDU25743G,2025-05-17 18:49:55,Rejected,NULL,1
2350920,TDU31611,2025-05-17 21:25:30,Rejected,NULL,1
2350921,TDU31612,2025-05-17 22:21:28,Auto Rejected,NULL,1
2350922,TDU31613,2025-05-17 22:27:48,Auto Rejected,NULL,1
2350923,TDU31614,2025-05-18 00:31:30,Auto Rejected,NULL,1
2350924,TDU25744G,2025-05-19 11:40:57,Auto Rejected,NULL,1
2350925,TDU25745G,2025-05-19 17:39:45,Rejected,NULL,1
2350926,TDU31615,2025-05-19 17:58:19,Auto Rejected,NULL,1
2350927,TDU31616,2025-05-19 18:01:07,Auto Rejected,NULL,1
2350928,TDU25746G,2025-05-19 18:44:53,Rejected,NULL,1
2350929,TDU25747G,2025-05-19 18:57:57,Rejected,NULL,1
2350930,TDU31617,2025-05-19 19:03:35,Rejected,NULL,1
2350931,TDU25748G,2025-05-19 21:21:55,Rejected,NULL,1
2350932,TDU31618,2025-05-20 00:39:16,Rejected,NULL,1
2350933,TDU25749G,2025-05-20 15:04:31,Auto Rejected,NULL,1
2350934,TDU31619,2025-05-20 15:41:50,Rejected,NULL,1
2350935,TDU31620,2025-05-20 18:10:17,Rejected,NULL,1
2350936,TDU31621,2025-05-20 18:22:05,Accounts - Reconciliation,NULL,1
2350937,TDU25750G,2025-05-20 18:49:13,Rejected,NULL,1
2350938,TDU31622,2025-05-20 18:52:17,Auto Rejected,NULL,1
2350939,TDU25751G,2025-05-20 19:26:55,Accounts - Reconciliation,NULL,1
2350940,TDU25752G,2025-05-20 20:18:53,Rejected,NULL,1
2350941,TDU31623,2025-05-20 20:59:21,Rejected,NULL,1
2350942,TDU25753G,2025-05-20 21:29:58,Rejected,NULL,1
2350943,TDU31624,2025-05-20 21:36:47,Accounts - Reconciliation,NULL,1
2350944,TDU25754G,2025-05-20 21:59:36,Rejected,NULL,1
2350945,TDU31625,2025-05-20 23:12:24,Rejected,NULL,1
2350946,TDU31626,2025-05-20 23:16:30,Auto Rejected,NULL,1
2350947,TDU31627,2025-05-20 23:37:46,Rejected,NULL,1
2350948,TDU31628,2025-05-20 23:47:10,Rejected,NULL,1
2350949,TDU25755G,2025-05-20 23:56:18,Rejected,NULL,1
2350950,TDU31629,2025-05-21 00:14:33,Rejected,NULL,1
2350951,TDU25756G,2025-05-21 00:30:27,Rejected,NULL,1
2350952,TDU31630,2025-05-21 01:04:22,Accounts - Reconciliation,NULL,1
2350953,TDU25757G,2025-05-20 18:52:17,Accounts - Reconciliation,NULL,1
2350954,TDU25758G,2025-05-21 10:28:24,Rejected,NULL,1
2350955,TDU25759G,2025-05-21 13:00:40,Rejected,NULL,1
2350956,TDU25760G,2025-05-21 13:26:22,Rejected,NULL,1
2350957,TDU31631,2025-05-21 14:36:34,Auto Rejected,NULL,1
2350958,TDU31632,2025-05-21 16:13:47,Rejected,NULL,1
2350959,TDU31633,2025-05-21 16:20:49,Rejected,NULL,1
2350960,TDU31634,2025-05-21 16:34:57,Accounts - Reconciliation,NULL,1
2350961,TDU25761G,2025-05-21 17:04:56,Rejected,NULL,1
2350962,TDU25762G,2025-05-21 17:52:38,Rejected,NULL,1
2350963,TDU31635,2025-05-21 18:02:21,Rejected,NULL,1
2350964,TDU25763G,2025-05-21 18:17:39,Auto Rejected,NULL,1
2350965,TDU31636,2025-05-21 19:35:43,Rejected,NULL,1
2350966,TDU31637,2025-05-21 20:19:31,Rejected,NULL,1
2350967,TDU25764G,2025-05-21 20:45:46,Auto Rejected,NULL,1
2350968,TDU31638,2025-05-21 23:55:30,Auto Rejected,NULL,1
2350969,TDU31639,2025-05-22 00:49:15,Rejected,NULL,1
2350970,TDU25765G,2025-05-22 01:26:48,Rejected,NULL,1
2350971,TDU25766G,2025-05-22 15:43:13,Rejected,NULL,1
2350972,TDU31640,2025-05-22 16:24:31,Accounts - Reconciliation,NULL,1
2350973,TDU31641,2025-05-22 17:10:52,Rejected,NULL,1
2350974,TDU31642,2025-05-22 18:18:32,Rejected,NULL,1
2350975,TDU31643,2025-05-22 18:50:17,Rejected,NULL,1
2350976,TDU31644,2025-05-22 20:19:07,Auto Rejected,NULL,1
2350977,TDU25767G,2025-05-22 20:45:12,Accounts - Reconciliation,NULL,1
2350978,TDU31645,2025-05-22 21:33:41,Rejected,NULL,1
2350979,TDU31646,2025-05-22 21:39:24,Rejected,NULL,1
2350980,TDU25768G,2025-05-22 20:19:07,Rejected,NULL,1
2350981,TDU31647,2025-05-22 22:24:27,Rejected,NULL,1
2350982,TDU31648,2025-05-22 22:43:26,Rejected,NULL,1
2350983,TDU31649,2025-05-22 23:03:04,Rejected,NULL,1
2350984,TDU31650,2025-05-22 23:10:55,Auto Rejected,NULL,1
2350985,TDU31651,2025-05-22 23:19:28,Rejected,NULL,1
2350986,TDU31652,2025-05-22 23:21:45,Accounts - Reconciliation,NULL,1
2350987,TDU31653,2025-05-23 00:14:28,Auto Rejected,NULL,1
2350988,TDU31654,2025-05-23 00:23:45,Rejected,NULL,1
2350989,TDU31655,2025-05-23 11:02:08,Accounts - Reconciliation,NULL,1
2350990,TDU25769G,2025-05-21 23:55:30,Rejected,NULL,1
2350991,TDU25770G,2025-05-23 16:49:54,Auto Rejected,NULL,1
2350992,TDU31656,2025-05-23 17:02:47,Rejected,NULL,1
2350993,TDU25771G,2025-05-23 17:09:32,Auto Rejected,NULL,1
2350994,TDU25772G,2025-05-23 17:40:15,Auto Rejected,NULL,1
2350995,TDU31657,2025-05-23 17:46:05,Rejected,NULL,1
2350996,TDU25773G,2025-05-23 17:46:32,Auto Rejected,NULL,1
2350997,TDU31658,2025-05-23 20:31:29,Auto Rejected,NULL,1
2350998,TDU31659,2025-05-23 21:18:26,Accounts - Reconciliation,NULL,1
2350999,TDU31660,2025-05-23 21:21:06,On Ground,NULL,1
2351000,TDU25774G,2025-05-23 21:44:08,Rejected,NULL,1
2351001,TDU31661,2025-05-23 22:26:48,Auto Rejected,NULL,1
2351002,TDU31662,2025-05-23 23:31:17,Rejected,NULL,1
2351003,TDU31663,2025-05-24 00:33:18,Auto Rejected,NULL,1
2351004,TDU31664,2025-05-24 00:42:47,Rejected,NULL,1
2351005,TDU31665,2025-05-24 14:36:18,Rejected,NULL,1
2351006,TDU31666,2025-05-24 14:36:51,Rejected,NULL,1
2351007,TDU31667,2025-05-24 14:37:13,Rejected,NULL,1
2351008,TDU31668,2025-05-24 14:38:47,Rejected,NULL,1
2351009,TDU31669,2025-05-24 14:51:29,Rejected After Confrmation QA completed,NULL,1
2351010,TDU25775G,2025-05-24 16:39:21,Auto Rejected,NULL,1
2351011,TDU31670,2025-05-24 19:15:32,Auto Rejected,NULL,1
2351012,TDU31671,2025-05-24 19:15:36,Auto Rejected,NULL,1
2351013,TDU25776G,2025-05-24 19:15:32,Rejected,NULL,1
2351014,TDU31672,2025-05-24 20:24:05,Rejected,NULL,1
2351015,TDU31673,2025-05-24 22:19:22,Auto Rejected,NULL,1
2351016,TDU31674,2025-05-24 22:59:28,Rejected,NULL,1
2351017,TDU31675,2025-05-24 23:32:06,Rejected,NULL,1
2351018,TDU25777G,2025-05-25 05:07:10,Rejected,NULL,1
2351019,TDU31676,2025-05-25 20:14:09,Rejected,NULL,1
2351020,TDU31677,2025-05-25 20:41:17,Auto Rejected,NULL,1
2351021,TDU31678,2025-05-25 21:40:38,Rejected,NULL,1
2351022,TDU31679,2025-05-25 21:51:28,Rejected,NULL,1
2351023,TDU31680,2025-05-25 22:05:09,Auto Rejected,NULL,1
2351024,TDU25778G,2025-05-26 00:35:41,Rejected,NULL,1
2351025,TDU25779G,2025-05-26 14:06:00,Rejected,NULL,1
2351026,TDU31681,2025-05-26 19:38:01,Auto Rejected,NULL,1
2351027,TDU31682,2025-05-26 20:20:15,Rejected After Confrmation QA completed,NULL,1
2351028,TDU25780G,2025-05-26 22:16:39,Rejected,NULL,1
2351029,TDU31683,2025-05-26 22:31:00,Rejected,NULL,1
2351030,TDU31684,2025-05-26 23:15:26,Rejected,NULL,1
2351031,TDU25781G,2025-05-26 23:42:53,Rejected,NULL,1
2351032,TDU31685,2025-05-26 23:52:13,Rejected,NULL,1
2351033,TDU31686,2025-05-27 01:02:10,Rejected,NULL,1
2351034,TDU31687,2025-05-27 01:13:59,Auto Rejected,NULL,1
2351035,TDU25782G,2025-05-27 05:51:57,Rejected,NULL,1
2351036,TDU25783G,2025-05-27 11:44:36,Rejected,NULL,1
2351037,TDU25784G,2025-05-27 12:07:50,Rejected,NULL,1
2351038,TDU31688,2025-05-27 17:02:24,Auto Rejected,NULL,1
2351039,TDU31689,2025-05-27 17:13:04,Auto Rejected,NULL,1
2351040,TDU25785G,2025-05-27 17:20:58,Rejected,NULL,1
2351041,TDU31690,2025-05-27 17:22:07,Rejected,NULL,1
2351042,TDU31691,2025-05-27 17:40:26,Accounts - Reconciliation,NULL,1
2351043,TDU31692,2025-05-27 17:58:40,Rejected,NULL,1
2351044,TDU31693,2025-05-27 19:21:32,Rejected,NULL,1
2351045,TDU31694,2025-05-27 19:28:07,Rejected,NULL,1
2351046,TDU31695,2025-05-27 20:58:15,Auto Rejected,NULL,1
2351047,TDU31696,2025-05-27 21:05:03,Auto Rejected,NULL,1
2351048,TDU31697,2025-05-27 21:13:44,Rejected,NULL,1
2351049,TDU31698,2025-05-27 21:22:32,Rejected,NULL,1
2351050,TDU31699,2025-05-27 21:58:21,Auto Rejected,NULL,1
2351051,TDU31700,2025-05-27 22:16:42,Rejected After Confrmation QA completed,NULL,1
2351052,TDU31701,2025-05-27 23:44:50,Auto Rejected,NULL,1
2351053,TDU31702,2025-05-27 23:57:08,Rejected,NULL,1
2351054,TDU31703,2025-05-28 00:45:19,Rejected,NULL,1
2351055,TDU25786G,2025-05-28 15:09:08,Rejected,NULL,1
2351056,TDU31704,2025-05-28 16:11:18,Rejected,NULL,1
2351057,TDU31705,2025-05-28 16:12:14,Auto Rejected,NULL,1
2351058,TDU25787G,2025-05-28 17:12:02,Auto Rejected,NULL,1
2351059,TDU25788G,2025-05-28 17:20:54,Rejected,NULL,1
2351060,TDU31706,2025-05-28 19:08:40,Rejected,NULL,1
2351061,TDU31707,2025-05-28 20:21:25,Rejected,NULL,1
2351062,TDU31708,2025-05-28 20:36:57,Rejected,NULL,1
2351063,TDU31709,2025-05-28 20:45:28,Rejected,NULL,1
2351064,TDU31710,2025-05-28 21:38:01,Auto Rejected,NULL,1
2351065,TDU31711,2025-05-28 22:14:09,Auto Rejected,NULL,1
2351066,TDU31712,2025-05-29 01:02:24,Rejected,NULL,1
2351067,TDU31713,2025-05-29 01:19:50,Rejected,NULL,1
2351068,TDU31714,2025-05-29 15:17:35,Rejected,NULL,1
2351069,TDU31715,2025-05-29 15:26:25,Rejected,NULL,1
2351070,TDU31716,2025-05-29 16:55:33,Accounts - Reconciliation,NULL,1
2351071,TDU31717,2025-05-29 17:02:53,Auto Rejected,NULL,1
2351072,TDU31718,2025-05-29 17:12:25,Rejected,NULL,1
2351073,TDU31719,2025-05-29 17:29:45,Rejected,NULL,1
2351074,TDU25789G,2025-05-29 17:37:11,Rejected,NULL,1
2351075,TDU31720,2025-05-29 18:19:01,Rejected,NULL,1
2351076,TDU31721,2025-05-29 18:20:18,Accounts - Reconciliation,NULL,1
2351077,TDU25790G,2025-05-29 18:38:39,Rejected,NULL,1
2351078,TDU31722,2025-05-29 19:55:32,Rejected,NULL,1
2351079,TDU31723,2025-05-29 20:21:20,Rejected,NULL,1
2351080,TDU31724,2025-05-29 20:38:39,Rejected,NULL,1
2351081,TDU31725,2025-05-29 20:59:11,Rejected,NULL,1
2351082,TDU31726,2025-05-29 21:16:21,Auto Rejected,NULL,1
2351083,TDU31727,2025-05-29 21:18:36,Rejected After Confrmation QA completed,NULL,1
2351084,TDU31728,2025-05-29 21:24:41,Rejected,NULL,1
2351085,TDU31729,2025-05-29 22:06:16,Rejected,NULL,1
2351086,TDU31730,2025-05-29 22:35:36,Rejected,NULL,1
2351087,TDU31731,2025-05-29 22:54:46,Rejected,NULL,1
2351088,TDU31732,2025-05-29 23:16:59,Rejected,NULL,1
2351089,TDU31733,2025-05-29 23:48:14,Rejected,NULL,1
2351090,TDU31734,2025-05-30 00:24:23,Auto Rejected,NULL,1
2351091,TDU31735,2025-05-30 11:50:10,Rejected,NULL,1
2351092,TDU31736,2025-05-30 12:49:12,Rejected,NULL,1
2351093,TDU25791G,2025-05-08 11:16:48,Accounts - Reconciliation,NULL,1
2351094,TDU25792G,2025-05-30 14:00:07,Accounts - Reconciliation,NULL,1
2351095,TDU31737,2025-05-30 15:15:01,Rejected,NULL,1
2351096,TDU31738,2025-05-30 15:39:46,Rejected,NULL,1
2351097,TDU31739,2025-05-30 16:37:34,Rejected,NULL,1
2351098,TDU25793G,2025-05-30 16:49:36,Rejected,NULL,1
2351099,TDU31740,2025-05-30 17:05:10,Rejected,NULL,1
2351100,TDU25794G,2025-05-30 17:08:01,Auto Rejected,NULL,1
2351101,TDU31741,2025-05-30 17:30:11,Rejected,NULL,1
2351102,TDU31742,2025-05-30 19:39:02,Auto Rejected,NULL,1
2351103,TDU31743,2025-05-30 19:57:34,Rejected,NULL,1
2351104,TDU31744,2025-05-30 20:04:52,Accounts - Reconciliation,NULL,1
2351105,TDU25795G,2025-05-30 20:24:54,Rejected,NULL,1
2351106,TDU31745,2025-05-30 20:43:43,Accounts - Reconciliation,NULL,1
2351107,TDU31746,2025-05-30 21:23:00,Rejected,NULL,1
2351108,TDU31747,2025-05-30 22:37:25,Rejected,NULL,1
2351109,TDU25796G,2025-05-31 00:43:25,Auto Rejected,NULL,1
2351110,TDU31748,2025-05-31 17:37:43,Rejected,NULL,1
2351111,TDU31749,2025-05-31 19:05:28,Rejected,NULL,1
2351112,TDU25797G,2025-05-31 19:54:03,Rejected,NULL,1
2351113,TDU31750,2025-05-31 19:59:58,Auto Rejected,NULL,1
2351114,TDU25798G,2025-05-31 22:36:51,Rejected,NULL,1
2351115,TDU31751,2025-05-31 22:40:31,Rejected,NULL,1
2351116,TDU31752,2025-06-01 02:24:04,Rejected,NULL,1
2351117,TDU31753,2025-06-01 02:28:51,Rejected,NULL,1
2351118,TDU31754,2025-06-01 02:36:48,Rejected,NULL,1
2351119,TDU31755,2025-06-01 18:22:43,Rejected,NULL,1
2351120,TDU25799G,2025-06-02 10:15:09,Rejected,NULL,1
2351121,TDU31756,2025-06-02 16:39:15,Rejected,NULL,1
2351122,TDU31757,2025-06-02 16:57:24,Rejected,NULL,1
2351123,TDU31758,2025-06-02 17:29:44,Auto Rejected,NULL,1
2351124,TDU25800G,2025-06-02 17:45:10,Auto Rejected,NULL,1
2351125,TDU25801G,2025-06-02 18:43:13,On Ground,NULL,1
2351126,TDU25802G,2025-06-02 19:01:56,Auto Rejected,NULL,1
2351127,TDU25803G,2025-06-02 19:35:25,Auto Rejected,NULL,1
2351128,TDU31759,2025-06-02 20:08:49,Rejected,NULL,1
2351129,TDU31760,2025-06-02 20:30:35,Rejected,NULL,1
2351130,TDU31761,2025-06-02 20:44:56,Rejected,NULL,1
2351131,TDU31762,2025-06-02 21:05:35,Rejected,NULL,1
2351132,TDU31763,2025-06-02 21:45:51,Rejected,NULL,1
2351133,TDU25804G,2025-06-03 10:05:02,Auto Rejected,NULL,1
2351134,TDU31764,2025-06-03 11:32:49,Rejected,NULL,1
2351135,TDU31765,2025-06-03 13:11:29,Rejected,NULL,1
2351136,TDU25805G,2025-06-03 14:31:55,Rejected After Confrmation QA completed,NULL,1
2351137,TDU31766,2025-06-03 15:28:07,Rejected,NULL,1
2351138,TDU31767,2025-06-03 15:41:50,Rejected,NULL,1
2351139,TDU31768,2025-06-03 16:23:31,Accounts - Reconciliation,NULL,1
2351140,TDU31769,2025-06-03 16:52:59,Rejected,NULL,1
2351141,TDU31770,2025-06-03 19:31:01,Auto Rejected,NULL,1
2351142,TDU31771,2025-06-03 20:22:27,Auto Rejected,NULL,1
2351143,TDU31772,2025-06-03 21:08:43,Rejected,NULL,1
2351144,TDU25806G,2025-06-04 10:34:21,Rejected,NULL,1
2351145,TDU25807G,2025-06-04 12:15:01,Rejected,NULL,1
2351146,TDU25808G,2025-06-04 13:20:32,Rejected,NULL,1
2351147,TDU25809G,2025-06-04 13:28:59,Rejected,NULL,1
2351148,TDU25810G,2025-06-04 14:23:02,Rejected,NULL,1
2351149,TDU25811G,2025-06-04 14:38:43,Auto Rejected,NULL,1
2351150,TDU31773,2025-06-04 16:02:23,Auto Rejected,NULL,1
2351151,TDU25812G,2025-06-04 16:07:20,Auto Rejected,NULL,1
2351152,TDU25813G,2025-06-04 17:15:56,Auto Rejected,NULL,1
2351153,TDU25814G,2025-06-04 17:39:48,Auto Rejected,NULL,1
2351154,TDU31774,2025-06-04 20:35:19,Accounts - Reconciliation,NULL,1
2351155,TDU31775,2025-06-04 20:53:03,Rejected,NULL,1
2351156,TDU31776,2025-06-04 21:00:56,Auto Rejected,NULL,1
2351157,TDU31777,2025-06-04 21:26:47,Rejected,NULL,1
2351158,TDU31778,2025-06-04 21:48:53,Rejected,NULL,1
2351159,TDU31779,2025-06-04 21:52:17,Auto Rejected,NULL,1
2351160,TDU31780,2025-06-04 21:56:16,Auto Rejected,NULL,1
2351161,TDU31781,2025-06-04 22:44:46,Rejected After Confrmation QA completed,NULL,1
2351162,TDU31782,2025-06-04 23:09:29,Rejected,NULL,1
2351163,TDU31783,2025-06-05 00:02:46,Auto Rejected,NULL,1
2351164,TDU25815G,2025-06-05 00:17:11,Rejected,NULL,1
2351165,TDU25816G,2025-06-05 00:17:59,Rejected,NULL,1
2351166,TDU25817G,2025-06-05 00:43:36,Rejected,NULL,1
2351167,TDU25818G,2025-06-05 00:56:51,Rejected,NULL,1
2351168,TDU25819G,2025-06-05 10:33:26,Rejected,NULL,1
2351169,TDU25820G,2025-06-05 11:35:21,Rejected,NULL,1
2351170,TDU25821G,2025-06-05 11:35:41,Rejected,NULL,1
2351171,TDU25822G,2025-06-05 11:38:14,Rejected,NULL,1
2351172,TDU31784,2025-06-05 11:42:05,Rejected,NULL,1
2351173,TDU31785,2025-06-05 12:15:17,Auto Rejected,NULL,1
2351174,TDU31786,2025-06-05 12:48:37,Rejected,NULL,1
2351175,TDU31787,2025-06-05 15:31:02,Rejected,NULL,1
2351176,TDU31788,2025-06-05 16:04:22,Auto Rejected,NULL,1
2351177,TDU31789,2025-06-05 16:26:24,Rejected,NULL,1
2351178,TDU25823G,2025-06-05 17:15:57,Auto Rejected,NULL,1
2351179,TDU25824G,2025-06-05 17:25:26,Auto Rejected,NULL,1
2351180,TDU25825G,2025-06-05 17:26:52,Rejected,NULL,1
2351181,TDU31790,2025-06-05 18:32:09,Rejected,NULL,1
2351182,TDU31791,2025-06-05 18:45:47,Auto Rejected,NULL,1
2351183,TDU31792,2025-06-05 19:34:24,Rejected,NULL,1
2351184,TDU31793,2025-06-05 20:00:18,Rejected,NULL,1
2351185,TDU31794,2025-06-05 20:10:49,Rejected,NULL,1
2351186,TDU31795,2025-06-05 20:26:36,Rejected,NULL,1
2351187,TDU31796,2025-06-05 21:41:52,Rejected,NULL,1
2351188,TDU31797,2025-06-05 21:42:20,Auto Rejected,NULL,1
2351189,TDU31798,2025-06-05 21:45:27,Accounts - Reconciliation,NULL,1
2351190,TDU31799,2025-06-05 22:33:50,Rejected,NULL,1
2351191,TDU31800,2025-06-05 23:24:24,Rejected,NULL,1
2351192,TDU25826G,2025-06-06 00:31:40,Rejected,NULL,1
2351193,TDU31801,2025-06-06 00:54:50,Rejected,NULL,1
2351194,TDU25827G,2025-06-06 00:58:26,Rejected,NULL,1
2351195,TDU31802,2025-06-06 11:20:55,Rejected,NULL,1
2351196,TDU31803,2025-06-06 12:54:59,Auto Rejected,NULL,1
2351197,TDU25828G,2025-06-06 13:17:46,Auto Rejected,NULL,1
2351198,TDU25829G,2025-06-06 13:42:02,Rejected,NULL,1
2351199,TDU31804,2025-06-06 17:10:38,Rejected,NULL,1
2351200,TDU31805,2025-06-06 17:25:36,Accounts - Reconciliation,NULL,1
2351201,TDU31806,2025-06-06 22:02:03,Auto Rejected,NULL,1
2351202,TDU31807,2025-06-07 00:03:25,Accounts - Reconciliation,NULL,1
2351203,TDU31808,2025-06-07 05:01:40,Rejected,NULL,1
2351204,TDU31809,2025-06-07 06:08:12,Rejected,NULL,1
2351205,TDU31810,2025-06-07 06:51:02,Auto Rejected,NULL,1
2351206,TDU31811,2025-06-07 19:59:53,Rejected,NULL,1
2351207,TDU31812,2025-06-07 20:45:07,Accounts - Reconciliation,NULL,1
2351208,TDU31813,2025-06-07 23:30:16,Rejected,NULL,1
2351209,TDU31814,2025-06-07 23:37:25,Rejected,NULL,1
2351210,TDU31815,2025-06-07 23:40:18,Rejected,NULL,1
2351211,TDU31816,2025-06-07 23:50:25,Rejected,NULL,1
2351212,TDU25830G,2025-06-08 01:58:10,Rejected,NULL,1
2351213,TDU25831G,2025-06-08 01:59:25,Rejected,NULL,1
2351214,TDU31817,2025-06-08 03:01:33,Rejected,NULL,1
2351215,TDU31818,2025-06-08 03:26:00,Rejected,NULL,1
2351216,TDU25832G,2025-06-08 19:04:32,Rejected,NULL,1
2351217,TDU25833G,2025-06-08 20:13:52,Rejected,NULL,1
2351218,TDU25834G,2025-06-08 21:23:23,Rejected,NULL,1
2351219,TDU25835G,2025-06-09 01:05:25,Auto Rejected,NULL,1
2351220,TDU25836G,2025-06-09 01:32:41,Rejected,NULL,1
2351221,TDU31819,2025-06-09 13:52:45,Rejected,NULL,1
2351222,TDU31820,2025-06-09 15:07:49,Accounts - Reconciliation,NULL,1
2351223,TDU31821,2025-06-09 15:36:07,Accounts - Reconciliation,NULL,1
2351224,TDU31822,2025-06-09 17:18:34,Rejected,NULL,1
2351225,TDU31823,2025-06-09 19:32:06,Accounts - Reconciliation,NULL,1
2351226,TDU31824,2025-06-09 20:30:00,Rejected,NULL,1
2351227,TDU25837G,2025-06-09 21:16:59,Auto Rejected,NULL,1
2351228,TDU25838G,2025-06-09 21:53:39,Rejected,NULL,1
2351229,TDU25839G,2025-06-09 21:55:53,Rejected,NULL,1
2351230,TDU25840G,2025-06-09 22:08:43,Auto Rejected,NULL,1
2351231,TDU25841G,2025-06-09 22:15:48,Rejected,NULL,1
2351232,TDU31825,2025-06-09 23:38:38,Rejected,NULL,1
2351233,TDU25842G,2025-06-10 01:21:09,Auto Rejected,NULL,1
2351234,TDU25843G,2025-06-10 02:12:04,Rejected,NULL,1
2351235,TDU31826,2025-06-10 08:46:26,Auto Rejected,NULL,1
2351236,TDU25844G,2025-06-10 09:36:23,Auto Rejected,NULL,1
2351237,TDU31827,2025-06-10 10:26:10,Auto Rejected,NULL,1
2351238,TDU31828,2025-06-10 11:36:00,Auto Rejected,NULL,1
2351239,TDU31829,2025-06-10 11:55:15,Rejected,NULL,1
2351240,TDU31830,2025-06-10 13:23:48,Rejected,NULL,1
2351241,TDU31831,2025-06-10 15:38:49,Accounts - Reconciliation,NULL,1
2351242,TDU25845G,2025-06-10 16:19:27,Auto Rejected,NULL,1
2351243,TDU25846G,2025-06-10 16:21:24,Auto Rejected,NULL,1
2351244,TDU25847G,2025-06-10 17:03:48,Auto Rejected,NULL,1
2351245,TDU25848G,2025-06-10 17:15:42,Rejected,NULL,1
2351246,TDU25849G,2025-06-10 18:37:51,Rejected,NULL,1
2351247,TDU25850G,2025-06-10 18:44:37,Rejected,NULL,1
2351248,TDU31832,2025-06-10 19:28:35,Rejected,NULL,1
2351249,TDU25851G,2025-06-10 19:38:39,Rejected After Confrmation QA pending,NULL,1
2351250,TDU31833,2025-06-10 19:49:01,Rejected,NULL,1
2351251,TDU25852G,2025-06-10 20:04:05,Accounts - Reconciliation,NULL,1
2351252,TDU31834,2025-06-10 20:04:18,Rejected,NULL,1
2351253,TDU31835,2025-06-10 20:16:30,Rejected,NULL,1
2351254,TDU31836,2025-06-10 20:33:46,Rejected,NULL,1
2351255,TDU25853G,2025-06-10 20:57:22,Rejected,NULL,1
2351256,TDU25854G,2025-06-10 21:33:22,Rejected,NULL,1
2351257,TDU31837,2025-06-10 21:34:42,Accounts - Reconciliation,NULL,1
2351258,TDU25855G,2025-06-10 21:44:22,Rejected,NULL,1
2351259,TDU31838,2025-06-11 04:40:12,Rejected,NULL,1
2351260,TDU31839,2025-06-11 17:32:07,Rejected,NULL,1
2351261,TDU31840,2025-06-11 17:37:28,Rejected,NULL,1
2351262,TDU25856G,2025-06-11 18:12:35,Auto Rejected,NULL,1
2351263,TDU25857G,2025-06-11 18:21:06,Auto Rejected,NULL,1
2351264,TDU31841,2025-06-11 18:57:38,Rejected,NULL,1
2351265,TDU25858G,2025-06-11 19:35:12,Rejected,NULL,1
2351266,TDU31842,2025-06-11 20:23:51,Rejected,NULL,1
2351267,TDU31843,2025-06-11 20:31:17,Rejected,NULL,1
2351268,TDU31844,2025-06-11 21:55:19,Accounts - Reconciliation,NULL,1
2351269,TDU31845,2025-06-11 22:06:28,Accounts - Reconciliation,NULL,1
2351270,TDU31846,2025-06-11 23:57:56,Rejected,NULL,1
2351271,TDU31847,2025-06-12 00:20:26,Accounts - Reconciliation,NULL,1
2351272,TDU31848,2025-06-12 05:57:58,Rejected,NULL,1
2351273,TDU31849,2025-06-12 06:41:27,Rejected,NULL,1
2351274,TDU25859G,2025-06-12 10:31:22,Auto Rejected,NULL,1
2351275,TDU25860G,2025-06-12 11:29:58,Rejected,NULL,1
2351276,TDU25861G,2025-06-12 11:33:12,Auto Rejected,NULL,1
2351277,TDU31850,2025-06-12 12:47:44,Rejected,NULL,1
2351278,TDU31851,2025-06-12 12:55:31,Rejected,NULL,1
2351279,TDU31852,2025-06-12 13:20:33,Auto Rejected,NULL,1
2351280,TDU31853,2025-06-12 13:45:53,Auto Rejected,NULL,1
2351281,TDU31854,2025-06-12 14:19:42,Auto Rejected,NULL,1
2351282,TDU31855,2025-06-12 16:20:31,Accounts - Reconciliation,NULL,1
2351283,TDU25862G,2025-06-12 17:22:21,Rejected,NULL,1
2351284,TDU25863G,2025-06-12 17:43:17,Rejected,NULL,1
2351285,TDU25864G,2025-06-12 17:51:21,Rejected,NULL,1
2351286,TDU31856,2025-06-12 18:29:09,Auto Rejected,NULL,1
2351287,TDU25865G,2025-06-12 18:36:36,Rejected,NULL,1
2351288,TDU25866G,2025-06-12 22:33:58,Rejected,NULL,1
2351289,TDU31857,2025-06-12 22:47:47,Accounts - Reconciliation,NULL,1
2351290,TDU31858,2025-06-12 23:18:45,Auto Rejected,NULL,1
2351291,TDU31859,2025-06-12 23:50:50,Auto Rejected,NULL,1
2351292,TDU31860,2025-06-13 05:38:56,Rejected,NULL,1
2351293,TDU31861,2025-06-13 06:23:29,Accounts - Reconciliation,NULL,1
2351294,TDU31862,2025-06-13 07:29:03,Rejected,NULL,1
2351295,TDU25867G,2025-06-13 10:59:59,Rejected,NULL,1
2351296,TDU31863,2025-06-13 11:13:54,Auto Rejected,NULL,1
2351297,TDU31864,2025-06-13 11:49:52,Rejected,NULL,1
2351298,TDU31865,2025-06-13 16:39:55,Rejected,NULL,1
2351299,TDU31866,2025-06-13 19:13:07,Rejected,NULL,1
2351300,TDU31867,2025-06-13 19:30:35,Rejected,NULL,1
2351301,TDU31868,2025-06-13 19:34:00,Auto Rejected,NULL,1
2351302,TDU31869,2025-06-13 20:02:24,Rejected,NULL,1
2351303,TDU31870,2025-06-13 20:03:45,Rejected,NULL,1
2351304,TDU31871,2025-06-13 20:23:41,Rejected,NULL,1
2351305,TDU31872,2025-06-13 20:39:45,Rejected,NULL,1
2351306,TDU31873,2025-06-13 20:44:35,Rejected,NULL,1
2351307,TDU25868G,2025-06-13 21:14:57,Rejected,NULL,1
2351308,TDU31874,2025-06-13 21:17:05,Rejected,NULL,1
2351309,TDU31875,2025-06-13 23:06:06,Rejected,NULL,1
2351310,TDU25869G,2025-06-13 23:27:42,Accounts - Reconciliation,NULL,1
2351311,TDU25870G,2025-06-14 00:47:06,On Ground,NULL,1
2351312,TDU31876,2025-06-14 07:25:55,Rejected,NULL,1
2351313,TDU31877,2025-06-14 07:50:08,Rejected,NULL,1
2351314,TDU25871G,2025-06-14 15:12:55,Rejected,NULL,1
2351315,TDU25872G,2025-06-14 15:22:11,PRE QA - completed,NULL,1
2351316,TDU31878,2025-06-14 19:54:50,Rejected,NULL,1
2351317,TDU31879,2025-06-14 20:02:08,Rejected,NULL,1
2351318,TDU31880,2025-06-14 20:36:34,Accounts - Reconciliation,NULL,1
2351319,TDU25873G,2025-06-15 00:21:22,Rejected,NULL,1
2351320,TDU31881,2025-06-15 03:21:08,Rejected,NULL,1
2351321,TDU31882,2025-06-15 04:27:11,Rejected,NULL,1
2351322,TDU31883,2025-06-15 04:44:41,Rejected,NULL,1
2351323,TDU31884,2025-06-15 04:57:12,Rejected After Confrmation QA completed,NULL,1
2351324,TDU31885,2025-06-15 05:32:48,Auto Rejected,NULL,1
2351325,TDU31886,2025-06-15 12:57:35,Rejected After Confrmation QA pending,NULL,1
2351326,TDU25874G,2025-06-16 10:42:46,Rejected,NULL,1
2351327,TDU25875G,2025-06-16 11:07:08,Rejected,NULL,1
2351328,TDU25876G,2025-06-16 11:31:30,Rejected,NULL,1
2351329,TDU25877G,2025-06-16 12:16:44,Rejected,NULL,1
2351330,TDU31887,2025-06-16 17:47:56,Rejected,NULL,1
2351331,TDU31888,2025-06-16 17:53:17,Auto Rejected,NULL,1
2351332,TDU31889,2025-06-16 19:23:16,Rejected,NULL,1
2351333,TDU31890,2025-06-16 19:39:56,Rejected,NULL,1
2351334,TDU31891,2025-06-16 20:22:47,Rejected,NULL,1
2351335,TDU31892,2025-06-16 21:36:55,Rejected,NULL,1
2351336,TDU31893,2025-06-16 22:57:48,Auto Rejected,NULL,1
2351337,TDU31894,2025-06-17 07:01:39,Auto Rejected,NULL,1
2351338,TDU31895,2025-06-17 10:23:45,Auto Rejected,NULL,1
2351339,TDU25878G,2025-06-17 11:59:46,Rejected,NULL,1
2351340,TDU31896,2025-06-17 14:52:31,Rejected,NULL,1
2351341,TDU31897,2025-06-17 15:35:17,Rejected,NULL,1
2351342,TDU31898,2025-06-17 16:40:57,Accounts - Reconciliation,NULL,1
2351343,TDU25879G,2025-06-17 17:31:39,Rejected,NULL,1
2351344,TDU31899,2025-06-17 18:11:37,Rejected,NULL,1
2351345,TDU31900,2025-06-17 18:17:35,Accounts - Reconciliation,NULL,1
2351346,TDU31901,2025-06-17 19:14:50,Rejected,NULL,1
2351347,TDU31902,2025-06-17 19:59:21,Rejected,NULL,1
2351348,TDU25880G,2025-06-17 20:02:44,Rejected,NULL,1
2351349,TDU31903,2025-06-17 20:14:24,Accounts - Reconciliation,NULL,1
2351350,TDU31904,2025-06-17 20:29:48,Auto Rejected,NULL,1
2351351,TDU31905,2025-06-17 20:45:15,Auto Rejected,NULL,1
2351352,TDU31906,2025-06-17 21:48:14,Rejected,NULL,1
2351353,TDU31907,2025-06-17 22:46:20,Accounts - Reconciliation,NULL,1
2351354,TDU25881G,2025-06-18 00:18:53,Rejected,NULL,1
2351355,TDU25882G,2025-06-18 00:44:53,Rejected After Confrmation QA pending,NULL,1
2351356,TDU31908,2025-06-18 03:15:01,Rejected,NULL,1
2351357,TDU31909,2025-06-18 05:46:05,Rejected,NULL,1
2351358,TDU31910,2025-06-18 06:58:24,Rejected,NULL,1
2351359,TDU31911,2025-06-18 07:27:00,Rejected,NULL,1
2351360,TDU31912,2025-06-18 07:51:40,Rejected,NULL,1
2351361,TDU31913,2025-06-18 09:54:11,Rejected,NULL,1
2351362,TDU31914,2025-06-18 15:47:32,Auto Rejected,NULL,1
2351363,TDU31915,2025-06-18 16:06:40,Auto Rejected,NULL,1
2351364,TDU31916,2025-06-18 16:43:19,Auto Rejected,NULL,1
2351365,TDU31917,2025-06-18 16:55:27,Rejected,NULL,1
2351366,TDU31918,2025-06-18 17:19:02,Rejected,NULL,1
2351367,TDU31919,2025-06-18 17:41:54,Rejected,NULL,1
2351368,TDU31920,2025-06-18 19:40:28,Rejected,NULL,1
2351369,TDU31921,2025-06-18 21:13:18,Rejected,NULL,1
2351370,TDU31922,2025-06-18 21:22:43,Rejected,NULL,1
2351371,TDU31923,2025-06-18 22:21:34,Auto Rejected,NULL,1
2351372,TDU31924,2025-06-18 22:27:16,Auto Rejected,NULL,1
2351373,TDU31925,2025-06-18 23:16:50,Rejected,NULL,1
2351374,TDU25883G,2025-06-19 00:32:01,Rejected After Confrmation QA pending,NULL,1
2351375,TDU25884G,2025-06-19 01:08:48,Rejected,NULL,1
2351376,TDU25885G,2025-06-19 02:47:41,Rejected,NULL,1
2351377,TDU31926,2025-06-19 04:35:41,Rejected,NULL,1
2351378,TDU31927,2025-06-19 13:47:23,Auto Rejected,NULL,1
2351379,TDU31928,2025-06-19 17:32:52,Rejected,NULL,1
2351380,TDU25886G,2025-06-19 17:41:18,Auto Rejected,NULL,1
2351381,TDU25887G,2025-06-19 19:31:22,Rejected,NULL,1
2351382,TDU31929,2025-06-19 21:00:44,Rejected,NULL,1
2351383,TDU31930,2025-06-19 21:37:32,Rejected,NULL,1
2351384,TDU31931,2025-06-19 21:40:19,Rejected,NULL,1
2351385,TDU31932,2025-06-19 21:50:44,Rejected,NULL,1
2351386,TDU25888G,2025-06-20 00:44:21,Rejected,NULL,1
2351387,TDU31933,2025-06-20 07:14:52,Rejected,NULL,1
2351388,TDU25889G,2025-06-20 11:24:49,Rejected,NULL,1
2351389,TDU31934,2025-06-20 11:41:44,Rejected,NULL,1
2351390,TDU31935,2025-06-20 13:05:51,Accounts - Reconciliation,NULL,1
2351391,TDU25890G,2025-06-20 14:00:49,Rejected,NULL,1
2351392,TDU25891G,2025-06-20 15:02:40,Rejected,NULL,1
2351393,TDU31936,2025-06-20 15:16:41,Rejected,NULL,1
2351394,TDU31937,2025-06-20 17:29:08,Rejected,NULL,1
2351395,TDU31938,2025-06-20 17:56:26,Rejected,NULL,1
2351396,TDU31939,2025-06-20 19:20:03,Rejected,NULL,1
2351397,TDU31940,2025-06-20 19:28:22,Rejected,NULL,1
2351398,TDU31941,2025-06-20 19:37:42,Rejected,NULL,1
2351399,TDU31942,2025-06-20 20:05:57,Accounts - Reconciliation,NULL,1
2351400,TDU31943,2025-06-20 21:13:19,Rejected,NULL,1
2351401,TDU31944,2025-06-20 23:34:06,Auto Rejected,NULL,1
2351402,TDU25892G,2025-06-21 00:09:39,Rejected,NULL,1
2351403,TDU25893G,2025-06-21 01:04:00,Rejected,NULL,1
2351404,TDU25894G,2025-06-21 01:30:52,Rejected,NULL,1
2351405,TDU31945,2025-06-21 05:00:57,Rejected,NULL,1
2351406,TDU31946,2025-06-21 05:41:44,Rejected,NULL,1
2351407,TDU31947,2025-06-21 06:39:28,Rejected,NULL,1
2351408,TDU31948,2025-06-21 06:59:38,Auto Rejected,NULL,1
2351409,TDU31949,2025-06-21 07:49:37,Rejected,NULL,1
2351410,TDU25895G,2025-06-21 15:31:25,Rejected,NULL,1
2351411,TDU25896G,2025-06-21 16:41:23,Rejected,NULL,1
2351412,TDU25897G,2025-06-21 16:51:49,Rejected,NULL,1
2351413,TDU31950,2025-06-21 17:24:12,Auto Rejected,NULL,1
2351414,TDU31951,2025-06-21 17:40:38,Rejected,NULL,1
2351415,TDU25898G,2025-06-21 19:10:34,Rejected,NULL,1
2351416,TDU25899G,2025-06-21 20:16:35,Rejected,NULL,1
2351417,TDU31952,2025-06-22 03:26:18,Rejected,NULL,1
2351418,TDU31953,2025-06-22 03:50:31,Rejected,NULL,1
2351419,TDU31954,2025-06-22 04:14:57,Rejected,NULL,1
2351420,TDU31955,2025-06-22 04:31:24,Accounts - Reconciliation,NULL,1
2351421,TDU25900G,2025-06-22 19:22:22,Rejected,NULL,1
2351422,TDU25901G,2025-06-22 22:14:35,Rejected,NULL,1
2351423,TDU31956,2025-06-23 00:24:54,Rejected,NULL,1
2351424,TDU31957,2025-06-23 00:46:18,Rejected,NULL,1
2351425,TDU25902G,2025-06-23 10:05:48,Auto Rejected,NULL,1
2351426,TDU25903G,2025-06-23 11:59:09,Accepted,NULL,1
2351427,TDU25904G,2025-06-23 13:19:40,Rejected,NULL,1
2351428,TDU31958,2025-06-23 15:15:50,Rejected,NULL,1
2351429,TDU31959,2025-06-23 15:29:44,Auto Rejected,NULL,1
2351430,TDU31960,2025-06-23 15:50:56,Rejected,NULL,1
2351431,TDU31961,2025-06-23 16:15:54,Rejected,NULL,1
2351432,TDU31962,2025-06-23 17:18:10,Auto Rejected,NULL,1
2351433,TDU25905G,2025-06-23 17:47:32,Rejected,NULL,1
2351434,TDU31963,2025-06-23 17:49:04,Rejected,NULL,1
2351435,TDU25906G,2025-06-23 18:00:22,Rejected,NULL,1
2351436,TDU31964,2025-06-23 18:14:57,Rejected,NULL,1
2351437,TDU31965,2025-06-23 18:24:39,Auto Rejected,NULL,1
2351438,TDU31966,2025-06-23 20:34:45,Rejected,NULL,1
2351439,TDU31967,2025-06-23 20:43:02,Auto Rejected,NULL,1
2351440,TDU31968,2025-06-23 23:08:54,Rejected,NULL,1
2351441,TDU25907G,2025-06-24 00:51:28,Rejected,NULL,1
2351442,TDU31969,2025-06-24 03:43:12,Auto Rejected,NULL,1
2351443,TDU31970,2025-06-24 04:41:02,Rejected,NULL,1
2351444,TDU31971,2025-06-24 05:40:22,Rejected,NULL,1
2351445,TDU25908G,2025-06-24 10:56:18,Auto Rejected,NULL,1
2351446,TDU31972,2025-06-24 11:23:52,Rejected,NULL,1
2351447,TDU31973,2025-06-24 12:42:14,Rejected,NULL,1
2351448,TDU31974,2025-06-24 13:13:58,Auto Rejected,NULL,1
2351449,TDU25909G,2025-06-24 14:46:43,Rejected,NULL,1
2351450,TDU25910G,2025-06-24 16:47:59,Rejected,NULL,1
2351451,TDU25911G,2025-06-24 16:52:51,Rejected,NULL,1
2351452,TDU31975,2025-06-24 17:00:21,Auto Rejected,NULL,1
2351453,TDU25912G,2025-06-24 17:03:15,Rejected,NULL,1
2351454,TDU25913G,2025-06-24 17:03:43,Rejected,NULL,1
2351455,TDU31976,2025-06-24 20:11:40,Auto Rejected,NULL,1
2351456,TDU25914G,2025-06-24 20:13:02,Auto Rejected,NULL,1
2351457,TDU31977,2025-06-24 21:06:15,Rejected,NULL,1
2351458,TDU25915G,2025-06-24 21:08:22,Rejected,NULL,1
2351459,TDU25916G,2025-06-24 21:39:35,Rejected,NULL,1
2351460,TDU31978,2025-06-24 21:48:21,Rejected,NULL,1
2351461,TDU31979,2025-06-24 23:37:04,Auto Rejected,NULL,1
2351462,TDU31980,2025-06-25 00:30:57,Rejected,NULL,1
2351463,TDU31981,2025-06-25 05:16:32,Rejected,NULL,1
2351464,TDU25917G,2025-06-25 10:40:49,Rejected,NULL,1
2351465,TDU25918G,2025-06-25 11:26:05,Rejected After Confrmation QA completed,NULL,1
2351466,TDU25919G,2025-06-25 12:41:10,Auto Rejected,NULL,1
2351467,TDU25920G,2025-06-25 13:30:14,Rejected,NULL,1
2351468,TDU31982,2025-06-25 14:35:45,Rejected,NULL,1
2351469,TDU25921G,2025-06-25 15:31:20,Rejected,NULL,1
2351470,TDU25922G,2025-06-25 18:08:33,Rejected,NULL,1
2351471,TDU31983,2025-06-25 19:59:38,Auto Rejected,NULL,1
2351472,TDU31984,2025-06-25 20:23:26,Auto Rejected,NULL,1
2351473,TDU31985,2025-06-25 20:43:36,Auto Rejected,NULL,1
2351474,TDU31986,2025-06-25 20:51:05,Rejected,NULL,1
2351475,TDU31987,2025-06-25 21:37:04,Rejected,NULL,1
2351476,TDU25923G,2025-06-26 00:27:17,Rejected,NULL,1
2351477,TDU31988,2025-06-26 00:33:37,Rejected,NULL,1
2351478,TDU31989,2025-06-26 05:34:43,Accounts - Reconciliation,NULL,1
2351479,TDU25924G,2025-06-26 10:57:21,PRE QA - pending,NULL,1
2351480,TDU25925G,2025-06-26 13:58:58,On Ground,NULL,1
2351481,TDU31990,2025-06-26 14:07:32,Rejected,NULL,1
2351482,TDU31991,2025-06-26 16:53:10,Accounts - Reconciliation,NULL,1
2351483,TDU25926G,2025-06-26 17:04:47,Auto Rejected,NULL,1
2351484,TDU31992,2025-06-26 17:47:45,Auto Rejected,NULL,1
2351485,TDU31993,2025-06-26 18:06:12,Rejected,NULL,1
2351486,TDU25927G,2025-06-26 18:08:47,Auto Rejected,NULL,1
2351487,TDU31994,2025-06-26 19:31:44,Auto Rejected,NULL,1
2351488,TDU25928G,2025-06-26 19:45:33,Rejected,NULL,1
2351489,TDU25929G,2025-06-26 20:08:03,Rejected After Confrmation QA completed,NULL,1
2351490,TDU31995,2025-06-27 04:30:41,Rejected,NULL,1
2351491,TDU31996,2025-06-27 05:23:24,Rejected,NULL,1
2351492,TDU31997,2025-06-27 07:41:11,Rejected,NULL,1
2351493,TDU25930G,2025-06-27 10:45:18,Auto Rejected,NULL,1
2351494,TDU25931G,2025-06-27 12:42:02,Rejected,NULL,1
2351495,TDU25932G,2025-06-27 12:55:44,Rejected,NULL,1
2351496,TDU25933G,2025-06-27 13:12:15,Rejected,NULL,1
2351497,TDU31998,2025-06-27 15:43:21,Rejected,NULL,1
2351498,TDU31999,2025-06-27 16:25:37,Rejected,NULL,1
2351499,TDU25934G,2025-06-27 17:14:34,Auto Rejected,NULL,1
2351500,TDU25935G,2025-06-27 19:47:47,Rejected,NULL,1
2351501,TDU32000,2025-06-27 21:05:23,Auto Rejected,NULL,1
2351502,TDU32001,2025-06-27 21:27:25,Rejected,NULL,1
2351503,TDU32002,2025-06-28 06:03:43,Rejected,NULL,1
2351504,TDU32003,2025-06-29 20:21:32,Auto Rejected,NULL,1
2351505,TDU25936G,2025-06-30 10:23:06,Created,NULL,1
2351506,TDU25937G,2025-06-30 14:42:40,Rejected,NULL,1
2351507,TDU32004,2025-06-30 14:57:27,Rejected,NULL,1
2351508,TDU32005,2025-06-30 15:04:33,Rejected,NULL,1
2351509,TDU25938G,2025-06-30 15:13:30,Rejected,NULL,1
2351510,TDU32006,2025-06-30 15:25:47,Auto Rejected,NULL,1
2351511,TDU32007,2025-06-30 15:52:53,Rejected,NULL,1
2351512,TDU32008,2025-06-30 16:09:34,Rejected,NULL,1
2351513,TDU32009,2025-06-30 16:24:17,Rejected,NULL,1
2351514,TDU25939G,2025-06-30 16:45:57,Auto Rejected,NULL,1
2351515,TDU25940G,2025-06-30 16:48:21,Rejected After Confrmation QA completed,NULL,1
2351516,TDU32010,2025-06-30 16:59:31,Accounts - Reconciliation,NULL,1
2351517,TDU25941G,2025-06-30 17:39:22,Rejected,NULL,1
2351518,TDU32011,2025-06-30 17:55:05,Auto Rejected,NULL,1
2351519,TDU32012,2025-06-30 18:53:25,Rejected,NULL,1
2351520,TDU25942G,2025-06-30 18:58:18,Rejected,NULL,1
2351521,TDU32013,2025-06-30 20:52:44,Rejected,NULL,1
2351522,TDU32014,2025-06-30 21:00:21,Rejected,NULL,1
2351523,TDU32015,2025-06-30 21:36:00,Rejected,NULL,1
2351524,TDU32016,2025-06-30 21:55:42,Rejected,NULL,1
2351525,TDU32017,2025-06-30 22:03:23,Rejected After Confrmation QA pending,NULL,1
2351526,TDU32018,2025-06-30 22:18:02,Rejected,NULL,1
2351527,TDU32019,2025-06-30 22:27:31,Accounts - Reconciliation,NULL,1
2351528,TDU25943G,2025-07-01 09:38:54,Auto Rejected,NULL,1
2351529,TDU32020,2025-07-01 12:32:40,Rejected,NULL,1
2351530,TDU25944G,2025-07-01 14:27:48,Auto Rejected,NULL,1
2351531,TDU25945G,2025-07-01 17:10:17,Auto Rejected,NULL,1
2351532,TDU25946G,2025-07-01 17:26:14,Rejected,NULL,1
2351533,TDU25947G,2025-07-01 18:00:33,Rejected,NULL,1
2351534,TDU32021,2025-07-01 19:52:22,Rejected,NULL,1
2351535,TDU32022,2025-07-01 20:33:45,Rejected,NULL,1
2351536,TDU32023,2025-07-01 20:54:27,Rejected,NULL,1
2351537,TDU32024,2025-07-01 21:23:16,Auto Rejected,NULL,1
2351538,TDU32025,2025-07-01 21:43:39,Rejected,NULL,1
2351539,TDU32026,2025-07-01 21:59:57,Auto Rejected,NULL,1
2351540,TDU32027,2025-07-02 12:19:21,Rejected,NULL,1
2351541,TDU32028,2025-07-02 12:23:56,Rejected,NULL,1
2351542,TDU32029,2025-07-02 12:37:41,Rejected,NULL,1
2351543,TDU32030,2025-07-02 12:58:32,Rejected,NULL,1
2351544,TDU32031,2025-07-02 13:12:59,Rejected,NULL,1
2351545,TDU32032,2025-07-02 13:41:42,Rejected,NULL,1
2351546,TDU32033,2025-07-02 14:18:07,Rejected,NULL,1
2351547,TDU32034,2025-07-02 14:33:24,Rejected After Confrmation QA completed,NULL,1
2351548,TDU25948G,2025-07-02 14:42:46,Rejected,NULL,1
2351549,TDU25949G,2025-07-02 15:03:49,Rejected,NULL,1
2351550,TDU32035,2025-07-02 15:06:03,Rejected,NULL,1
2351551,TDU32036,2025-07-02 15:29:57,Rejected,NULL,1
2351552,TDU32037,2025-07-02 15:43:37,Rejected,NULL,1
2351553,TDU32038,2025-07-02 16:00:48,Rejected,NULL,1
2351554,TDU32039,2025-07-02 16:23:42,Rejected,NULL,1
2351555,TDU25950G,2025-07-02 16:37:26,Rejected,NULL,1
2351556,TDU32040,2025-07-02 16:57:49,Accounts - Reconciliation,NULL,1
2351557,TDU25951G,2025-07-02 17:00:11,Rejected,NULL,1
2351558,TDU25952G,2025-07-02 17:26:09,Auto Rejected,NULL,1
2351559,TDU25953G,2025-07-02 17:54:13,Accepted,NULL,1
2351560,TDU32041,2025-07-02 18:41:38,On Ground,NULL,1
2351561,TDU25954G,2025-07-02 18:59:20,Rejected,NULL,1
2351562,TDU25955G,2025-07-02 19:14:04,Rejected,NULL,1
2351563,TDU32042,2025-07-02 19:42:44,Rejected,NULL,1
2351564,TDU32043,2025-07-02 20:08:53,Rejected,NULL,1
2351565,TDU32044,2025-07-02 20:09:38,Auto Rejected,NULL,1
2351566,TDU25956G,2025-07-02 20:16:28,Rejected,NULL,1
2351567,TDU25957G,2025-07-02 20:21:56,Rejected,NULL,1
2351568,TDU32045,2025-07-03 00:03:09,Rejected,NULL,1
2351569,TDU32046,2025-07-03 00:44:24,Accounts - Reconciliation,NULL,1
2351570,TDU32047,2025-07-03 00:58:59,Auto Rejected,NULL,1
2351571,TDU32048,2025-07-03 01:10:25,Rejected,NULL,1
2351572,TDU32049,2025-07-03 11:56:18,Rejected,NULL,1
2351573,TDU32050,2025-07-03 15:49:53,Rejected,NULL,1
2351574,TDU25958G,2025-07-03 16:18:22,Rejected,NULL,1
2351575,TDU25959G,2025-07-03 17:17:30,Rejected,NULL,1
2351576,TDU25960G,2025-07-03 17:40:35,Auto Rejected,NULL,1
2351577,TDU32051,2025-07-03 17:44:57,Rejected,NULL,1
2351578,TDU25961G,2025-07-03 18:02:31,Rejected,NULL,1
2351579,TDU32052,2025-07-03 18:02:57,Accounts - Reconciliation,NULL,1
2351580,TDU32053,2025-07-03 18:08:01,Rejected,NULL,1
2351581,TDU32054,2025-07-03 19:27:25,Accounts - Reconciliation,NULL,1
2351582,TDU32055,2025-07-03 19:40:34,Rejected,NULL,1
2351583,TDU32056,2025-07-03 20:02:14,Rejected,NULL,1
2351584,TDU32057,2025-07-03 21:15:41,Accounts - Reconciliation,NULL,1
2351585,TDU32058,2025-07-03 22:10:30,Rejected,NULL,1
2351586,TDU32059,2025-07-03 22:31:58,Accounts - Reconciliation,NULL,1
2351587,TDU25962G,2025-07-04 11:41:27,Rejected,NULL,1
2351588,TDU32060,2025-07-04 12:45:25,Rejected,NULL,1
2351589,TDU32061,2025-07-04 12:56:23,Rejected,NULL,1
2351590,TDU32062,2025-07-04 13:14:26,Rejected,NULL,1
2351591,TDU32063,2025-07-04 13:51:59,Rejected,NULL,1
2351592,TDU32064,2025-07-04 14:07:27,Rejected,NULL,1
2351593,TDU32065,2025-07-04 14:25:24,Rejected,NULL,1
2351594,TDU32066,2025-07-04 15:45:54,Rejected,NULL,1
2351595,TDU25963G,2025-07-04 16:02:30,Rejected,NULL,1
2351596,TDU32067,2025-07-04 16:43:14,Rejected,NULL,1
2351597,TDU32068,2025-07-04 17:07:24,Accounts - Reconciliation,NULL,1
2351598,TDU32069,2025-07-04 17:14:22,Rejected,NULL,1
2351599,TDU25964G,2025-07-04 17:31:26,Rejected,NULL,1
2351600,TDU32070,2025-07-04 17:37:37,Rejected,NULL,1
2351601,TDU25965G,2025-07-04 17:50:42,Auto Rejected,NULL,1
2351602,TDU32071,2025-07-04 18:02:26,Rejected,NULL,1
2351603,TDU32072,2025-07-04 18:04:36,Rejected,NULL,1
2351604,TDU32073,2025-07-04 18:38:31,Rejected,NULL,1
2351605,TDU32074,2025-07-04 18:43:32,Rejected,NULL,1
2351606,TDU25966G,2025-07-04 20:03:54,Rejected,NULL,1
2351607,TDU25967G,2025-07-04 21:32:18,Rejected,NULL,1
2351608,TDU32075,2025-07-04 21:37:33,Auto Rejected,NULL,1
2351609,TDU32076,2025-07-04 22:00:23,Rejected,NULL,1
2351610,TDU32077,2025-07-04 22:01:01,Auto Rejected,NULL,1
2351611,TDU25968G,2025-07-04 22:01:01,Rejected,NULL,1
2351612,TDU25969G,2025-07-04 22:03:17,Rejected,NULL,1
2351613,TDU32078,2025-07-04 22:29:31,Rejected,NULL,1
2351614,TDU25970G,2025-07-04 22:58:54,Rejected,NULL,1
2351615,TDU32079,2025-07-04 23:35:45,Auto Rejected,NULL,1
2351616,TDU25971G,2025-07-05 00:15:06,Rejected,NULL,1
2351617,TDU32080,2025-07-05 00:31:32,Rejected,NULL,1
2351618,TDU25972G,2025-07-05 00:46:28,Rejected,NULL,1
2351619,TDU32081,2025-07-05 01:12:05,Rejected,NULL,1
2351620,TDU32082,2025-07-05 11:57:12,Auto Rejected,NULL,1
2351621,TDU32083,2025-07-05 12:11:56,Auto Rejected,NULL,1
2351622,TDU32084,2025-07-05 12:13:55,Auto Rejected,NULL,1
2351623,TDU32085,2025-07-05 12:17:05,Auto Rejected,NULL,1
2351624,TDU32086,2025-07-05 12:19:55,Auto Rejected,NULL,1
2351625,TDU32087,2025-07-05 13:44:13,Auto Rejected,NULL,1
2351626,TDU32088,2025-07-05 16:20:57,Rejected,NULL,1
2351627,TDU32089,2025-07-05 16:36:42,Rejected,NULL,1
2351628,TDU32090,2025-07-05 17:21:30,Rejected,NULL,1
2351629,TDU32091,2025-07-05 20:20:26,Rejected,NULL,1
2351630,TDU32092,2025-07-05 20:31:03,Auto Rejected,NULL,1
2351631,TDU25973G,2025-07-05 20:43:40,Rejected,NULL,1
2351632,TDU32093,2025-07-05 20:52:35,Auto Rejected,NULL,1
2351633,TDU32094,2025-07-05 21:05:45,Rejected,NULL,1
2351634,TDU32095,2025-07-05 21:17:59,Auto Rejected,NULL,1
2351635,TDU32096,2025-07-05 21:37:51,Auto Rejected,NULL,1
2351636,TDU25974G,2025-07-05 21:48:35,Rejected,NULL,1
2351637,TDU32097,2025-07-05 22:33:54,Accounts - Reconciliation,NULL,1
2351638,TDU32098,2025-07-05 23:40:42,Rejected,NULL,1
2351639,TDU25975G,2025-07-05 23:46:27,Auto Rejected,NULL,1
2351640,TDU32099,2025-07-06 10:47:16,Auto Rejected,NULL,1
2351641,TDU32100,2025-07-06 12:29:24,Auto Rejected,NULL,1
2351642,TDU32101,2025-07-06 14:08:12,Auto Rejected,NULL,1
2351643,TDU32102,2025-07-06 14:58:15,Auto Rejected,NULL,1
2351644,TDU32103,2025-07-06 18:22:10,Auto Rejected,NULL,1
2351645,TDU32104,2025-07-06 18:27:20,Auto Rejected,NULL,1
2351646,TDU32105,2025-07-06 19:21:17,Auto Rejected,NULL,1
2351647,TDU32106,2025-07-06 19:29:33,Auto Rejected,NULL,1
2351648,TDU32107,2025-07-07 00:07:25,Auto Rejected,NULL,1
2351649,TDU32108,2025-07-07 13:53:33,Auto Rejected,NULL,1
2351650,TDU32109,2025-07-07 14:01:23,Auto Rejected,NULL,1
2351651,TDU32110,2025-07-07 14:08:10,Auto Rejected,NULL,1
2351652,TDU32111,2025-07-07 15:15:18,Accounts - Reconciliation,NULL,1
2351653,TDU32112,2025-07-07 17:08:12,Rejected,NULL,1
2351654,TDU32113,2025-07-07 17:34:23,Accounts - Reconciliation,NULL,1
2351655,TDU32114,2025-07-07 17:49:07,Rejected,NULL,1
2351656,TDU32115,2025-07-07 18:07:51,Rejected,NULL,1
2351657,TDU32116,2025-07-07 18:23:41,Rejected,NULL,1
2351658,TDU32117,2025-07-07 19:57:58,Rejected After Confrmation QA completed,NULL,1
2351659,TDU32118,2025-07-07 20:07:45,Auto Rejected,NULL,1
2351660,TDU32119,2025-07-07 20:08:53,Rejected,NULL,1
2351661,TDU32120,2025-07-07 21:26:35,Rejected,NULL,1
2351662,TDU32121,2025-07-07 22:54:21,Rejected,NULL,1
2351663,TDU32122,2025-07-07 23:26:27,Accounts - Reconciliation,NULL,1
2351664,TDU32123,2025-07-08 00:36:18,Rejected,NULL,1
2351665,TDU32124,2025-07-08 11:22:57,Accounts - Reconciliation,NULL,1
2351666,TDU25976G,2025-07-08 11:41:11,Rejected,NULL,1
2351667,TDU25977G,2025-07-08 12:22:34,Rejected,NULL,1
2351668,TDU25978G,2025-07-08 12:25:48,Auto Rejected,NULL,1
2351669,TDU32125,2025-07-08 12:59:24,Rejected,NULL,1
2351670,TDU32126,2025-07-08 15:47:31,Rejected,NULL,1
2351671,TDU32127,2025-07-08 16:09:54,Rejected,NULL,1
2351672,TDU25979G,2025-07-08 16:48:08,Rejected,NULL,1
2351673,TDU32128,2025-07-08 17:08:12,Rejected,NULL,1
2351674,TDU32129,2025-07-08 17:20:38,Rejected,NULL,1
2351675,TDU32130,2025-07-08 17:43:19,Rejected,NULL,1
2351676,TDU32131,2025-07-08 18:27:20,Auto Rejected,NULL,1
2351677,TDU32132,2025-07-08 18:29:35,Accounts - Reconciliation,NULL,1
2351678,TDU32133,2025-07-08 18:36:24,Rejected,NULL,1
2351679,TDU32134,2025-07-08 20:05:40,Rejected,NULL,1
2351680,TDU25980G,2025-07-08 20:47:19,Auto Rejected,NULL,1
2351681,TDU32135,2025-07-08 20:59:24,Auto Rejected,NULL,1
2351682,TDU32136,2025-07-08 21:18:05,Rejected,NULL,1
2351683,TDU32137,2025-07-08 22:14:59,Rejected,NULL,1
2351684,TDU32138,2025-07-08 22:49:08,Rejected,NULL,1
2351685,TDU32139,2025-07-09 00:02:52,Rejected,NULL,1
2351686,TDU32140,2025-07-09 00:47:00,Rejected,NULL,1
2351687,TDU32141,2025-07-09 12:49:51,Rejected,NULL,1
2351688,TDU32142,2025-07-09 13:02:09,Rejected,NULL,1
2351689,TDU32143,2025-07-09 15:49:12,Rejected,NULL,1
2351690,TDU25981G,2025-07-09 17:11:10,Rejected,NULL,1
2351691,TDU25982G,2025-07-09 17:27:31,Rejected,NULL,1
2351692,TDU32144,2025-07-09 17:28:25,Rejected,NULL,1
2351693,TDU32145,2025-07-09 18:09:40,Rejected,NULL,1
2351694,TDU32146,2025-07-09 18:12:48,Rejected,NULL,1
2351695,TDU25983G,2025-07-09 18:38:50,Auto Rejected,NULL,1
2351696,TDU32147,2025-07-09 21:19:00,Rejected,NULL,1
2351697,TDU32148,2025-07-09 21:26:37,Auto Rejected,NULL,1
2351698,TDU25984G,2025-07-09 21:32:13,Auto Rejected,NULL,1
2351699,TDU32149,2025-07-09 22:02:52,Rejected,NULL,1
2351700,TDU32150,2025-07-09 22:12:51,Rejected,NULL,1
2351701,TDU32151,2025-07-10 00:02:31,Rejected,NULL,1
2351702,TDU32152,2025-07-10 00:35:58,Rejected,NULL,1
2351703,TDU25985G,2025-07-10 01:39:55,Auto Rejected,NULL,1
2351704,TDU25986G,2025-07-10 13:17:57,Auto Rejected,NULL,1
2351705,TDU25987G,2025-07-10 14:00:58,Rejected,NULL,1
2351706,TDU25988G,2025-07-10 14:20:03,Rejected,NULL,1
2351707,TDU25989G,2025-07-10 14:43:15,Rejected,NULL,1
2351708,TDU25990G,2025-07-10 15:01:36,Rejected,NULL,1
2351709,TDU32153,2025-07-10 15:29:05,Auto Rejected,NULL,1
2351710,TDU32154,2025-07-10 16:00:46,Rejected,NULL,1
2351711,TDU32155,2025-07-10 17:42:56,Rejected,NULL,1
2351712,TDU32156,2025-07-10 18:06:19,Rejected,NULL,1
2351713,TDU32157,2025-07-10 18:28:49,Rejected,NULL,1
2351714,TDU32158,2025-07-10 18:33:21,Rejected,NULL,1
2351715,TDU32159,2025-07-10 19:32:13,Auto Rejected,NULL,1
2351716,TDU32160,2025-07-10 20:22:03,Rejected,NULL,1
2351717,TDU32161,2025-07-10 20:27:00,Rejected,NULL,1
2351718,TDU32162,2025-07-10 20:45:59,Auto Rejected,NULL,1
2351719,TDU32163,2025-07-10 20:49:20,Auto Rejected,NULL,1
2351720,TDU32164,2025-07-10 20:54:41,Auto Rejected,NULL,1
2351721,TDU32165,2025-07-10 21:22:03,Rejected,NULL,1
2351722,TDU32166,2025-07-10 21:59:10,Auto Rejected,NULL,1
2351723,TDU32167,2025-07-10 22:16:27,Rejected,NULL,1
2351724,TDU32168,2025-07-10 22:43:34,Auto Rejected,NULL,1
2351725,TDU32169,2025-07-10 22:43:36,Auto Rejected,NULL,1
2351726,TDU32170,2025-07-11 00:15:47,Rejected,NULL,1
2351727,TDU32171,2025-07-11 00:26:18,Auto Rejected,NULL,1
2351728,TDU32172,2025-07-11 01:22:13,Rejected,NULL,1
2351729,TDU32173,2025-07-11 02:29:58,Auto Rejected,NULL,1
2351730,TDU32174,2025-07-11 03:13:12,Rejected,NULL,1
2351731,TDU25991G,2025-07-11 09:23:13,Auto Rejected,NULL,1
2351732,TDU25992G,2025-07-11 12:19:32,Auto Rejected,NULL,1
2351733,TDU32175,2025-07-11 15:06:50,Rejected,NULL,1
2351734,TDU25993G,2025-07-11 15:23:18,Rejected,NULL,1
2351735,TDU32176,2025-07-11 15:56:38,Rejected,NULL,1
2351736,TDU32177,2025-07-11 15:56:59,Rejected,NULL,1
2351737,TDU32178,2025-07-11 16:28:10,Rejected,NULL,1
2351738,TDU32179,2025-07-11 16:54:27,Auto Rejected,NULL,1
2351739,TDU32180,2025-07-11 18:26:15,Rejected,NULL,1
2351740,TDU25994G,2025-07-11 20:00:08,Auto Rejected,NULL,1
2351741,TDU32181,2025-07-11 20:19:07,Rejected,NULL,1
2351742,TDU32182,2025-07-11 22:18:31,Rejected,NULL,1
2351743,TDU32183,2025-07-12 00:04:10,Rejected,NULL,1
2351744,TDU32184,2025-07-12 00:59:42,Rejected,NULL,1
2351745,TDU25995G,2025-07-12 01:01:31,Auto Rejected,NULL,1
2351746,TDU32185,2025-07-12 01:19:39,Auto Rejected,NULL,1
2351747,TDU32186,2025-07-12 02:03:21,Auto Rejected,NULL,1
2351748,TDU32187,2025-07-12 11:31:49,Auto Rejected,NULL,1
2351749,TDU32188,2025-07-12 11:41:35,Rejected,NULL,1
2351750,TDU32189,2025-07-12 12:00:51,Rejected,NULL,1
2351751,TDU32190,2025-07-12 13:43:03,Auto Rejected,NULL,1
2351752,TDU32191,2025-07-12 13:55:03,Auto Rejected,NULL,1
2351753,TDU32192,2025-07-12 13:55:57,Auto Rejected,NULL,1
2351754,TDU32193,2025-07-12 14:54:41,Rejected,NULL,1
2351755,TDU32194,2025-07-12 16:29:47,Rejected,NULL,1
2351756,TDU32195,2025-07-12 17:47:51,Rejected,NULL,1
2351757,TDU32196,2025-07-12 23:29:59,Rejected,NULL,1
2351758,TDU32197,2025-07-12 23:56:14,Rejected,NULL,1
2351759,TDU32198,2025-07-13 00:52:47,Rejected,NULL,1
2351760,TDU32199,2025-07-13 01:05:06,Accounts - Reconciliation,NULL,1
2351761,TDU32200,2025-07-13 01:28:36,Rejected,NULL,1
2351762,TDU25996G,2025-07-14 09:18:32,Accounts - Reconciliation,NULL,1
2351763,TDU25997G,2025-07-14 09:36:38,Rejected,NULL,1
2351764,TDU25998G,2025-07-14 10:44:57,Auto Rejected,NULL,1
2351765,TDU25999G,2025-07-14 10:57:44,Auto Rejected,NULL,1
2351766,TDU32201,2025-07-14 11:50:16,Accounts - Reconciliation,NULL,1
2351767,TDU32202,2025-07-14 12:32:28,Rejected,NULL,1
2351768,TDU32203,2025-07-14 13:12:53,Rejected,NULL,1
2351769,TDU32204,2025-07-14 13:45:24,Rejected,NULL,1
2351770,TDU32205,2025-07-14 14:05:43,Rejected,NULL,1
2351771,TDU32206,2025-07-14 14:45:13,Rejected,NULL,1
2351772,TDU32207,2025-07-14 15:28:40,Rejected,NULL,1
2351773,TDU32208,2025-07-14 16:15:02,Auto Rejected,NULL,1
2351774,TDU26000G,2025-07-14 16:49:30,Rejected,NULL,1
2351775,TDU32209,2025-07-14 17:13:33,Auto Rejected,NULL,1
2351776,TDU32210,2025-07-14 17:15:16,Rejected,NULL,1
2351777,TDU26001G,2025-07-14 17:39:14,Rejected,NULL,1
2351778,TDU26002G,2025-07-14 17:59:59,Rejected,NULL,1
2351779,TDU32211,2025-07-14 19:33:51,Rejected,NULL,1
2351780,TDU26003G,2025-07-14 19:51:18,Rejected,NULL,1
2351781,TDU32212,2025-07-14 20:58:41,Rejected,NULL,1
2351782,TDU32213,2025-07-14 21:14:33,Auto Rejected,NULL,1
2351783,TDU26004G,2025-07-14 22:10:16,Auto Rejected,NULL,1
2351784,TDU26005G,2025-07-14 22:10:17,Rejected,NULL,1
2351785,TDU32214,2025-07-14 23:45:41,Accounts - Reconciliation,NULL,1
2351786,TDU32215,2025-07-15 01:25:46,Auto Rejected,NULL,1
2351787,TDU26006G,2025-07-15 10:02:15,Auto Rejected,NULL,1
2351788,TDU26007G,2025-07-15 10:18:32,On Ground,NULL,1
2351789,TDU26008G,2025-07-15 12:13:24,Rejected,NULL,1
2351790,TDU26009G,2025-07-15 14:18:10,Rejected,NULL,1
2351791,TDU26010G,2025-07-15 15:00:59,Rejected,NULL,1
2351792,TDU26011G,2025-07-15 15:18:15,Rejected,NULL,1
2351793,TDU32216,2025-07-15 18:27:35,Rejected,NULL,1
2351794,TDU26012G,2025-07-15 19:48:19,Rejected,NULL,1
2351795,TDU32217,2025-07-15 20:56:14,Rejected,NULL,1
2351796,TDU32218,2025-07-15 21:10:41,Rejected,NULL,1
2351797,TDU32219,2025-07-15 21:47:53,Auto Rejected,NULL,1
2351798,TDU32220,2025-07-15 22:01:12,Auto Rejected,NULL,1
2351799,TDU32221,2025-07-15 22:19:00,Auto Rejected,NULL,1
2351800,TDU26013G,2025-07-15 22:23:16,Auto Rejected,NULL,1
2351801,TDU32222,2025-07-15 22:25:25,Auto Rejected,NULL,1
2351802,TDU32223,2025-07-15 23:04:21,Rejected,NULL,1
2351803,TDU32224,2025-07-16 00:22:06,Auto Rejected,NULL,1
2351804,TDU32225,2025-07-16 00:50:22,Accounts - Reconciliation,NULL,1
2351805,TDU32226,2025-07-16 01:11:45,Rejected After Confrmation QA completed,NULL,1
2351806,TDU32227,2025-07-16 02:03:34,Auto Rejected,NULL,1
2351807,TDU32228,2025-07-16 10:50:19,Auto Rejected,NULL,1
2351808,TDU26014G,2025-07-16 11:23:51,Rejected,NULL,1
2351809,TDU26015G,2025-07-16 12:15:45,Auto Rejected,NULL,1
2351810,TDU26016G,2025-07-16 12:36:21,Rejected,NULL,1
2351811,TDU26017G,2025-07-16 13:30:27,Rejected,NULL,1
2351812,TDU32229,2025-07-16 15:31:00,Rejected,NULL,1
2351813,TDU32230,2025-07-16 17:05:05,Rejected,NULL,1
2351814,TDU32231,2025-07-16 17:17:53,Rejected,NULL,1
2351815,TDU32232,2025-07-16 17:25:41,Rejected,NULL,1
2351816,TDU26018G,2025-07-16 17:27:48,Rejected,NULL,1
2351817,TDU26019G,2025-07-16 17:49:04,Rejected,NULL,1
2351818,TDU32233,2025-07-16 18:01:22,Rejected,NULL,1
2351819,TDU32234,2025-07-16 18:51:41,Rejected,NULL,1
2351820,TDU32235,2025-07-16 19:18:22,Rejected,NULL,1
2351821,TDU32236,2025-07-16 19:20:06,Auto Rejected,NULL,1
2351822,TDU32237,2025-07-16 19:44:26,Accounts - Reconciliation,NULL,1
2351823,TDU32238,2025-07-16 19:53:13,Rejected,NULL,1
2351824,TDU32239,2025-07-16 20:22:37,Rejected,NULL,1
2351825,TDU32240,2025-07-16 20:27:18,Rejected,NULL,1
2351826,TDU32241,2025-07-16 20:34:07,Rejected,NULL,1
2351827,TDU32242,2025-07-16 21:56:05,Accounts - Reconciliation,NULL,1
2351828,TDU32243,2025-07-16 21:59:05,Rejected,NULL,1
2351829,TDU32244,2025-07-17 00:31:21,Auto Rejected,NULL,1
2351830,TDU26020G,2025-07-17 01:08:23,Rejected,NULL,1
2351831,TDU32245,2025-07-17 10:22:13,Rejected,NULL,1
2351832,TDU26021G,2025-07-17 12:16:58,Rejected,NULL,1
2351833,TDU32246,2025-07-17 13:29:52,Accounts - Reconciliation,NULL,1
2351834,TDU26022G,2025-07-17 13:36:44,Rejected,NULL,1
2351835,TDU26023G,2025-07-17 14:45:34,Accounts - Reconciliation,NULL,1
2351836,TDU32247,2025-07-17 15:36:45,Rejected,NULL,1
2351837,TDU32248,2025-07-17 18:29:52,Auto Rejected,NULL,1
2351838,TDU32249,2025-07-17 18:37:44,Auto Rejected,NULL,1
2351839,TDU32250,2025-07-17 18:58:49,Rejected,NULL,1
2351840,TDU32251,2025-07-17 19:38:13,Auto Rejected,NULL,1
2351841,TDU32252,2025-07-17 20:42:26,Rejected,NULL,1
2351842,TDU26024G,2025-07-17 21:24:15,Auto Rejected,NULL,1
2351843,TDU32253,2025-07-17 21:31:42,Rejected,NULL,1
2351844,TDU32254,2025-07-17 22:12:09,Rejected,NULL,1
2351845,TDU32255,2025-07-17 23:15:52,Rejected,NULL,1
2351846,TDU32256,2025-07-18 01:30:34,Accounts - Reconciliation,NULL,1
2351847,TDU26025G,2025-07-18 01:48:51,Rejected,NULL,1
2351848,TDU26026G,2025-07-18 10:09:41,Accounts - Reconciliation,NULL,1
2351849,TDU32257,2025-07-18 12:30:31,Accounts - Reconciliation,NULL,1
2351850,TDU26027G,2025-07-18 12:31:57,Rejected,NULL,1
2351851,TDU32258,2025-07-18 13:07:24,Accounts - Reconciliation,NULL,1
2351852,TDU26028G,2025-07-18 15:08:57,Rejected,NULL,1
2351853,TDU32259,2025-07-18 15:54:42,Accounts - Reconciliation,NULL,1
2351854,TDU32260,2025-07-18 16:01:13,Rejected After Confrmation QA completed,NULL,1
2351855,TDU32261,2025-07-18 16:03:49,Rejected,NULL,1
2351856,TDU26029G,2025-07-18 16:23:54,Rejected,NULL,1
2351857,TDU26030G,2025-07-18 16:48:06,Rejected,NULL,1
2351858,TDU26031G,2025-07-18 16:55:46,Rejected,NULL,1
2351859,TDU32262,2025-07-18 17:15:04,Rejected,NULL,1
2351860,TDU32263,2025-07-18 17:50:23,Rejected,NULL,1
2351861,TDU26032G,2025-07-18 17:57:27,Rejected,NULL,1
2351862,TDU32264,2025-07-18 18:05:16,Auto Rejected,NULL,1
2351863,TDU32265,2025-07-18 19:14:27,Rejected,NULL,1
2351864,TDU32266,2025-07-18 20:06:48,Rejected After Confrmation QA completed,NULL,1
2351865,TDU32267,2025-07-18 20:36:36,Auto Rejected,NULL,1
2351866,TDU32268,2025-07-18 21:25:29,Auto Rejected,NULL,1
2351867,TDU32269,2025-07-18 23:27:52,Rejected,NULL,1
2351868,TDU32270,2025-07-18 23:32:15,Rejected,NULL,1
2351869,TDU32271,2025-07-18 23:57:18,Rejected,NULL,1
2351870,TDU32272,2025-07-19 00:11:59,Rejected,NULL,1
2351871,TDU32273,2025-07-19 17:20:00,Rejected,NULL,1
2351872,TDU26033G,2025-07-19 17:41:32,Rejected,NULL,1
2351873,TDU32274,2025-07-19 17:47:13,Rejected,NULL,1
2351874,TDU32275,2025-07-19 19:05:07,Rejected,NULL,1
2351875,TDU32276,2025-07-19 19:16:30,Rejected,NULL,1
2351876,TDU32277,2025-07-19 19:52:33,Accounts - Reconciliation,NULL,1
2351877,TDU32278,2025-07-19 19:56:53,Accounts - Reconciliation,NULL,1
2351878,TDU32279,2025-07-19 20:14:57,Rejected,NULL,1
2351879,TDU32280,2025-07-19 20:33:37,Auto Rejected,NULL,1
2351880,TDU26034G,2025-07-20 01:51:56,Rejected,NULL,1
2351881,TDU26035G,2025-07-20 02:28:24,Rejected,NULL,1
2351882,TDU26036G,2025-07-21 10:09:37,Auto Rejected,NULL,1
2351883,TDU32281,2025-07-21 15:04:08,Auto Rejected,NULL,1
2351884,TDU26037G,2025-07-21 15:04:08,Rejected,NULL,1
2351885,TDU32282,2025-07-21 17:44:24,Auto Rejected,NULL,1
2351886,TDU32283,2025-07-21 18:27:17,Auto Rejected,NULL,1
2351887,TDU32284,2025-07-21 18:27:20,Rejected,NULL,1
2351888,TDU32285,2025-07-21 18:40:02,Accounts - Reconciliation,NULL,1
2351889,TDU32286,2025-07-21 18:41:03,Auto Rejected,NULL,1
2351890,TDU32287,2025-07-21 18:45:14,Rejected,NULL,1
2351891,TDU32288,2025-07-21 19:19:10,Rejected,NULL,1
2351892,TDU32289,2025-07-21 20:29:51,Rejected After Confrmation QA pending,NULL,1
2351893,TDU32290,2025-07-21 22:09:24,Rejected,NULL,1
2351894,TDU32291,2025-07-21 22:34:32,Auto Rejected,NULL,1
2351895,TDU32292,2025-07-21 23:44:27,Accounts - Reconciliation,NULL,1
2351896,TDU26038G,2025-07-22 10:32:51,Rejected,NULL,1
2351897,TDU26039G,2025-07-22 10:55:57,Rejected,NULL,1
2351898,TDU32293,2025-07-22 13:41:41,Rejected,NULL,1
2351899,TDU32294,2025-07-22 15:14:54,Rejected,NULL,1
2351900,TDU26040G,2025-07-22 16:25:54,Auto Rejected,NULL,1
2351901,TDU32295,2025-07-22 16:34:22,Rejected,NULL,1
2351902,TDU32296,2025-07-22 16:51:40,Auto Rejected,NULL,1
2351903,TDU32297,2025-07-22 16:55:14,PRE QA - completed,NULL,1
2351904,TDU32298,2025-07-22 17:16:57,Auto Rejected,NULL,1
2351905,TDU32299,2025-07-22 17:17:46,Rejected,NULL,1
2351906,TDU32300,2025-07-22 17:21:59,Auto Rejected,NULL,1
2351907,TDU26041G,2025-07-22 17:43:34,Rejected,NULL,1
2351908,TDU32301,2025-07-22 20:48:54,Rejected,NULL,1
2351909,TDU32302,2025-07-22 21:04:31,Rejected,NULL,1
2351910,TDU32303,2025-07-22 21:06:53,Rejected,NULL,1
2351911,TDU32304,2025-07-22 21:44:44,Rejected,NULL,1
2351912,TDU32305,2025-07-22 21:57:08,Rejected,NULL,1
2351913,TDU32306,2025-07-22 21:58:20,Rejected,NULL,1
2351914,TDU32307,2025-07-22 22:16:57,Auto Rejected,NULL,1
2351915,TDU32308,2025-07-22 22:22:06,Rejected,NULL,1
2351916,TDU32309,2025-07-22 22:23:52,Rejected,NULL,1
2351917,TDU32310,2025-07-22 22:56:34,Rejected After Confrmation QA pending,NULL,1
2351918,TDU32311,2025-07-23 00:08:52,Rejected,NULL,1
2351919,TDU32312,2025-07-23 00:23:07,Accounts - Reconciliation,NULL,1
2351920,TDU32313,2025-07-23 00:49:56,Rejected,NULL,1
2351921,TDU32314,2025-07-23 01:02:50,Rejected,NULL,1
2351922,TDU26042G,2025-07-23 12:38:24,Rejected,NULL,1
2351923,TDU26043G,2025-07-23 13:08:02,Auto Rejected,NULL,1
2351924,TDU26044G,2025-07-23 13:20:16,Auto Rejected,NULL,1
2351925,TDU26045G,2025-07-23 13:21:34,Rejected,NULL,1
2351926,TDU26046G,2025-07-23 13:30:36,Rejected,NULL,1
2351927,TDU32315,2025-07-23 16:55:02,Rejected,NULL,1
2351928,TDU32316,2025-07-23 18:12:51,Accounts - Reconciliation,NULL,1
2351929,TDU32317,2025-07-23 19:02:29,Rejected,NULL,1
2351930,TDU32318,2025-07-23 19:27:26,Auto Rejected,NULL,1
2351931,TDU32319,2025-07-23 19:46:36,Rejected,NULL,1
2351932,TDU32320,2025-07-23 20:00:50,Rejected,NULL,1
2351933,TDU32321,2025-07-23 20:06:05,Rejected,NULL,1
2351934,TDU32322,2025-07-23 21:07:27,Rejected,NULL,1
2351935,TDU32323,2025-07-23 21:45:48,Rejected,NULL,1
2351936,TDU32324,2025-07-23 22:12:24,Rejected,NULL,1
2351937,TDU32325,2025-07-23 23:54:53,Rejected,NULL,1
2351938,TDU26047G,2025-07-24 06:05:25,Rejected,NULL,1
2351939,TDU26048G,2025-07-24 10:25:09,Auto Rejected,NULL,1
2351940,TDU26049G,2025-07-24 12:50:06,Rejected,NULL,1
2351941,TDU26050G,2025-07-24 13:20:51,Rejected,NULL,1
2351942,TDU32326,2025-07-24 15:41:37,Rejected,NULL,1
2351943,TDU32327,2025-07-24 15:45:30,Accounts - Reconciliation,NULL,1
2351944,TDU32328,2025-07-24 16:02:16,Rejected,NULL,1
2351945,TDU32329,2025-07-24 16:15:10,Rejected,NULL,1
2351946,TDU32330,2025-07-24 16:30:58,Rejected,NULL,1
2351947,TDU32331,2025-07-24 17:00:05,Rejected,NULL,1
2351948,TDU32332,2025-07-24 17:07:19,Rejected,NULL,1
2351949,TDU32333,2025-07-24 17:32:18,Rejected,NULL,1
2351950,TDU32334,2025-07-24 17:43:24,Rejected,NULL,1
2351951,TDU32335,2025-07-24 17:54:40,Auto Rejected,NULL,1
2351952,TDU32336,2025-07-24 18:06:27,Accounts - Reconciliation,NULL,1
2351953,TDU32337,2025-07-24 18:59:52,Rejected,NULL,1
2351954,TDU32338,2025-07-24 19:54:19,Auto Rejected,NULL,1
2351955,TDU32339,2025-07-24 20:46:23,Auto Rejected,NULL,1
2351956,TDU32340,2025-07-24 22:31:42,Rejected,NULL,1
2351957,TDU32341,2025-07-24 22:34:10,Rejected,NULL,1
2351958,TDU32342,2025-07-24 22:51:09,Accounts - Reconciliation,NULL,1
2351959,TDU32343,2025-07-24 23:46:09,Rejected,NULL,1
2351960,TDU26051G,2025-07-25 16:12:21,Rejected,NULL,1
2351961,TDU26052G,2025-07-25 17:06:37,Rejected,NULL,1
2351962,TDU32344,2025-07-25 17:50:09,Rejected,NULL,1
2351963,TDU26053G,2025-07-25 18:08:47,Rejected,NULL,1
2351964,TDU26054G,2025-07-25 18:30:01,Rejected,NULL,1
2351965,TDU26055G,2025-07-25 19:56:32,Rejected,NULL,1
2351966,TDU32345,2025-07-25 20:14:51,Rejected,NULL,1
2351967,TDU26056G,2025-07-25 20:47:18,Auto Rejected,NULL,1
2351968,TDU32346,2025-07-25 20:50:24,Auto Rejected,NULL,1
2351969,TDU32347,2025-07-25 21:07:10,Accounts - Reconciliation,NULL,1
2351970,TDU32348,2025-07-25 21:22:22,Rejected,NULL,1
2351971,TDU32349,2025-07-25 21:51:31,Rejected,NULL,1
2351972,TDU26057G,2025-07-25 22:44:22,Auto Rejected,NULL,1
2351973,TDU32350,2025-07-25 22:46:18,Rejected,NULL,1
2351974,TDU32351,2025-07-25 23:09:07,Rejected,NULL,1
2351975,TDU32352,2025-07-25 23:42:14,Accounts - Reconciliation,NULL,1
2351976,TDU26058G,2025-07-26 00:23:39,Rejected,NULL,1
2351977,TDU26059G,2025-07-26 06:31:42,Rejected,NULL,1
2351978,TDU32353,2025-07-26 20:31:49,Rejected,NULL,1
2351979,TDU32354,2025-07-26 21:14:40,Rejected,NULL,1
2351980,TDU32355,2025-07-26 22:05:07,Rejected,NULL,1
2351981,TDU32356,2025-07-26 22:54:13,Rejected,NULL,1
2351982,TDU26060G,2025-07-26 22:55:26,Rejected,NULL,1
2351983,TDU32357,2025-07-26 23:03:25,Rejected,NULL,1
2351984,TDU32358,2025-07-26 23:58:42,Rejected,NULL,1
2351985,TDU32359,2025-07-27 00:26:22,Rejected,NULL,1
2351986,TDU26061G,2025-07-27 16:21:26,Rejected,NULL,1
2351987,TDU26062G,2025-07-27 17:00:31,Rejected,NULL,1
2351988,TDU26063G,2025-07-27 18:26:41,Rejected,NULL,1
2351989,TDU26064G,2025-07-27 20:06:34,Rejected,NULL,1
2351990,TDU26065G,2025-07-28 17:13:31,Auto Rejected,NULL,1
2351991,TDU32360,2025-07-28 19:16:16,Auto Rejected,NULL,1
2351992,TDU26066G,2025-07-28 19:19:16,Rejected,NULL,1
2351993,TDU32361,2025-07-28 19:30:35,Rejected,NULL,1
2351994,TDU32362,2025-07-28 19:57:13,Rejected,NULL,1
2351995,TDU32363,2025-07-28 20:35:29,Auto Rejected,NULL,1
2351996,TDU32364,2025-07-28 20:40:25,Auto Rejected,NULL,1
2351997,TDU32365,2025-07-28 21:07:39,Auto Rejected,NULL,1
2351998,TDU32366,2025-07-28 21:32:55,Rejected,NULL,1
2351999,TDU32367,2025-07-28 21:45:45,Auto Rejected,NULL,1
2352000,TDU32368,2025-07-28 22:55:31,Auto Rejected,NULL,1
2352001,TDU26067G,2025-07-28 22:58:52,Rejected,NULL,1
2352002,TDU32369,2025-07-28 23:43:59,Rejected,NULL,1
2352003,TDU32370,2025-07-29 00:25:10,Auto Rejected,NULL,1
2352004,TDU32371,2025-07-29 00:25:47,Auto Rejected,NULL,1
2352005,TDU32372,2025-07-29 10:49:10,Auto Rejected,NULL,1
2352006,TDU32373,2025-07-29 10:53:09,Auto Rejected,NULL,1
2352007,TDU26068G,2025-07-29 13:08:17,Rejected,NULL,1
2352008,TDU32374,2025-07-29 14:11:31,Accounts - Reconciliation,NULL,1
2352009,TDU32375,2025-07-29 14:57:04,Auto Rejected,NULL,1
2352010,TDU32376,2025-07-29 16:02:50,Accounts - Reconciliation,NULL,1
2352011,TDU32377,2025-07-29 16:35:18,Rejected,NULL,1
2352012,TDU32378,2025-07-29 16:36:12,Auto Rejected,NULL,1
2352013,TDU32379,2025-07-29 16:38:15,Auto Rejected,NULL,1
2352014,TDU26069G,2025-07-29 16:49:23,Auto Rejected,NULL,1
2352015,TDU26070G,2025-07-29 16:57:48,Rejected,NULL,1
2352016,TDU32380,2025-07-29 17:41:40,Rejected,NULL,1
2352017,TDU26071G,2025-07-29 17:41:52,Rejected,NULL,1
2352018,TDU26072G,2025-07-29 17:50:47,Rejected,NULL,1
2352019,TDU26073G,2025-07-29 17:52:53,Rejected,NULL,1
2352020,TDU32381,2025-07-29 19:17:53,Accounts - Reconciliation,NULL,1
2352021,TDU32382,2025-07-29 20:08:50,Auto Rejected,NULL,1
2352022,TDU32383,2025-07-29 20:26:03,Auto Rejected,NULL,1
2352023,TDU32384,2025-07-29 20:40:26,Accounts - Reconciliation,NULL,1
2352024,TDU32385,2025-07-29 20:48:57,Auto Rejected,NULL,1
2352025,TDU26074G,2025-07-29 20:50:17,Auto Rejected,NULL,1
2352026,TDU32386,2025-07-29 21:03:20,Rejected,NULL,1
2352027,TDU26075G,2025-07-29 21:17:24,Rejected,NULL,1
2352028,TDU32387,2025-07-29 21:30:48,Auto Rejected,NULL,1
2352029,TDU32388,2025-07-29 22:04:21,Rejected,NULL,1
2352030,TDU32389,2025-07-29 22:13:22,Rejected,NULL,1
2352031,TDU32390,2025-07-29 22:21:23,Auto Rejected,NULL,1
2352032,TDU32391,2025-07-29 22:31:27,Auto Rejected,NULL,1
2352033,TDU32392,2025-07-29 22:47:44,Rejected,NULL,1
2352034,TDU32393,2025-07-29 23:32:15,Rejected,NULL,1
2352035,TDU32394,2025-07-29 23:36:54,Auto Rejected,NULL,1
2352036,TDU32395,2025-07-30 01:38:44,Auto Rejected,NULL,1
2352037,TDU26076G,2025-07-30 12:57:44,Accounts - Reconciliation,NULL,1
2352038,TDU32396,2025-07-30 15:43:00,Accounts - Reconciliation,NULL,1
2352039,TDU32397,2025-07-30 16:01:49,Accounts - Reconciliation,NULL,1
2352040,TDU32398,2025-07-30 16:04:11,Accounts - Reconciliation,NULL,1
2352041,TDU32399,2025-07-30 16:45:13,Rejected After Confrmation QA completed,NULL,1
2352042,TDU26077G,2025-07-30 16:49:45,Rejected,NULL,1
2352043,TDU32400,2025-07-30 16:52:22,Accounts - Reconciliation,NULL,1
2352044,TDU32401,2025-07-30 17:12:39,Rejected After Confrmation QA completed,NULL,1
2352045,TDU32402,2025-07-30 17:19:30,Rejected,NULL,1
2352046,TDU32403,2025-07-30 17:47:44,Rejected,NULL,1
2352047,TDU26078G,2025-07-30 18:12:26,Auto Rejected,NULL,1
2352048,TDU32404,2025-07-30 18:14:08,Auto Rejected,NULL,1
2352049,TDU32405,2025-07-30 18:22:00,Rejected,NULL,1
2352050,TDU26079G,2025-07-30 18:51:24,Auto Rejected,NULL,1
2352051,TDU32406,2025-07-30 19:35:43,Auto Rejected,NULL,1
2352052,TDU32407,2025-07-30 19:55:29,Rejected,NULL,1
2352053,TDU32408,2025-07-30 20:57:50,Rejected,NULL,1
2352054,TDU26080G,2025-07-30 21:03:08,Rejected After Confrmation QA completed,NULL,1
2352055,TDU32409,2025-07-30 21:27:33,Rejected,NULL,1
2352056,TDU26081G,2025-07-30 21:59:27,Auto Rejected,NULL,1
2352057,TDU32410,2025-07-30 22:03:05,Rejected,NULL,1
2352058,TDU32411,2025-07-30 23:25:47,Rejected,NULL,1
2352059,TDU32412,2025-07-31 00:04:11,Rejected,NULL,1
2352060,TDU32413,2025-07-31 00:05:37,Rejected,NULL,1
2352061,TDU26082G,2025-07-31 14:31:53,Rejected,NULL,1
2352062,TDU32414,2025-07-31 14:41:03,Rejected,NULL,1
2352063,TDU26083G,2025-07-31 15:16:01,Auto Rejected,NULL,1
2352064,TDU32415,2025-07-31 16:11:11,Auto Rejected,NULL,1
2352065,TDU32416,2025-07-31 16:32:38,Rejected,NULL,1
2352066,TDU32417,2025-07-31 16:58:54,Rejected,NULL,1
2352067,TDU32418,2025-07-31 17:20:09,Rejected,NULL,1
2352068,TDU32419,2025-07-31 17:45:45,Accounts - Reconciliation,NULL,1
2352069,TDU32420,2025-07-31 17:51:26,Accounts - Reconciliation,NULL,1
2352070,TDU32421,2025-07-31 17:53:54,Accounts - Reconciliation,NULL,1
2352071,TDU32422,2025-07-31 18:52:53,Auto Rejected,NULL,1
2352072,TDU32423,2025-07-31 19:05:38,Auto Rejected,NULL,1
2352073,TDU32424,2025-07-31 21:42:43,Rejected,NULL,1
2352074,TDU32425,2025-07-31 22:24:32,Auto Rejected,NULL,1
2352075,TDU26084G,2025-07-31 22:57:03,Auto Rejected,NULL,1
2352076,TDU32426,2025-07-31 23:24:59,Rejected,NULL,1
2352077,TDU32427,2025-07-31 23:33:26,Rejected,NULL,1
2352078,TDU32428,2025-07-31 23:52:59,Rejected,NULL,1
2352079,TDU32429,2025-08-01 00:14:53,Rejected,NULL,1
2352080,TDU32430,2025-08-01 00:19:05,Rejected,NULL,1
2352081,TDU26085G,2025-08-01 02:58:50,Auto Rejected,NULL,1
2352082,TDU26086G,2025-08-01 09:20:37,Auto Rejected,NULL,1
2352083,TDU32431,2025-08-01 14:49:47,Accounts - Reconciliation,NULL,1
2352084,TDU32432,2025-08-01 15:12:06,Rejected,NULL,1
2352085,TDU26087G,2025-08-01 15:23:06,Rejected After Confrmation QA completed,NULL,1
2352086,TDU32433,2025-08-01 16:28:27,Accounts - Reconciliation,NULL,1
2352087,TDU32434,2025-08-01 16:45:32,Auto Rejected,NULL,1
2352088,TDU26088G,2025-08-01 17:54:11,Rejected,NULL,1
2352089,TDU32435,2025-08-01 18:26:41,Rejected,NULL,1
2352090,TDU26089G,2025-08-01 19:22:53,Rejected,NULL,1
2352091,TDU32436,2025-08-01 20:28:21,Rejected,NULL,1
2352092,TDU32437,2025-08-01 21:13:30,Auto Rejected,NULL,1
2352093,TDU32438,2025-08-01 21:31:07,Rejected,NULL,1
2352094,TDU32439,2025-08-01 21:51:07,Rejected,NULL,1
2352095,TDU32440,2025-08-01 22:31:45,Rejected,NULL,1
2352096,TDU32441,2025-08-01 22:34:35,Rejected,NULL,1
2352097,TDU32442,2025-08-01 23:18:53,Rejected,NULL,1
2352098,TDU32443,2025-08-01 23:23:11,Auto Rejected,NULL,1
2352099,TDU26090G,2025-08-02 05:41:47,Rejected,NULL,1
2352100,TDU32444,2025-08-02 12:40:21,Accounts - Reconciliation,NULL,1
2352101,TDU26091G,2025-08-02 15:26:51,Rejected,NULL,1
2352102,TDU32445,2025-08-02 15:42:11,Rejected,NULL,1
2352103,TDU32446,2025-08-02 18:12:48,Rejected,NULL,1
2352104,TDU26092G,2025-08-02 19:50:12,Rejected,NULL,1
2352105,TDU26093G,2025-08-02 20:39:26,Rejected,NULL,1
2352106,TDU32447,2025-08-02 20:45:30,Auto Rejected,NULL,1
2352107,TDU26094G,2025-08-02 20:58:42,Rejected,NULL,1
2352108,TDU26095G,2025-08-02 22:59:36,Rejected,NULL,1
2352109,TDU26096G,2025-08-03 02:47:33,Rejected,NULL,1
2352110,TDU32448,2025-08-04 12:48:08,On Ground,NULL,1
2352111,TDU26097G,2025-08-04 12:48:56,Rejected,NULL,1
2352112,TDU26098G,2025-08-04 13:12:01,Auto Rejected,NULL,1
2352113,TDU32449,2025-08-04 14:07:38,Auto Rejected,NULL,1
2352114,TDU26099G,2025-08-04 15:01:15,Rejected,NULL,1
2352115,TDU32450,2025-08-04 15:24:37,Auto Rejected,NULL,1
2352116,TDU32451,2025-08-04 16:01:54,Rejected After Confrmation QA completed,NULL,1
2352117,TDU32452,2025-08-04 17:15:40,Rejected,NULL,1
2352118,TDU32453,2025-08-04 17:17:30,Auto Rejected,NULL,1
2352119,TDU32454,2025-08-04 17:22:48,Rejected,NULL,1
2352120,TDU32455,2025-08-04 17:35:23,Auto Rejected,NULL,1
2352121,TDU32456,2025-08-04 17:50:39,Auto Rejected,NULL,1
2352122,TDU32457,2025-08-04 18:34:20,Rejected,NULL,1
2352123,TDU32458,2025-08-04 19:48:45,Rejected,NULL,1
2352124,TDU26100G,2025-08-04 20:25:52,Auto Rejected,NULL,1
2352125,TDU26101G,2025-08-04 20:42:44,Auto Rejected,NULL,1
2352126,TDU32459,2025-08-04 20:46:14,Rejected,NULL,1
2352127,TDU32460,2025-08-04 20:50:40,Rejected,NULL,1
2352128,TDU32461,2025-08-04 21:15:17,Rejected,NULL,1
2352129,TDU26102G,2025-08-04 21:40:51,Auto Rejected,NULL,1
2352130,TDU26103G,2025-08-04 22:17:06,Rejected,NULL,1
2352131,TDU32462,2025-08-04 22:25:14,Rejected,NULL,1
2352132,TDU32463,2025-08-04 22:46:29,Accounts - Reconciliation,NULL,1
2352133,TDU26104G,2025-08-04 22:51:59,Rejected,NULL,1
2352134,TDU32464,2025-08-04 23:51:48,Auto Rejected,NULL,1
2352135,TDU32465,2025-08-04 23:59:47,Rejected,NULL,1
2352136,TDU26105G,2025-08-05 10:11:38,Auto Rejected,NULL,1
2352137,TDU26106G,2025-08-05 12:43:48,On Ground,NULL,1
2352138,TDU32466,2025-08-05 15:15:27,Accounts - Reconciliation,NULL,1
2352139,TDU32467,2025-08-05 15:28:31,Rejected,NULL,1
2352140,TDU32468,2025-08-05 15:32:06,Rejected After Confrmation QA pending,NULL,1
2352141,TDU32469,2025-08-05 17:44:23,Rejected,NULL,1
2352142,TDU32470,2025-08-05 19:07:52,Auto Rejected,NULL,1
2352143,TDU26107G,2025-08-05 19:14:34,Rejected,NULL,1
2352144,TDU32471,2025-08-05 19:25:23,Rejected,NULL,1
2352145,TDU32472,2025-08-05 20:00:03,Rejected,NULL,1
2352146,TDU32473,2025-08-05 20:18:29,Rejected,NULL,1
2352147,TDU32474,2025-08-05 22:04:58,Auto Rejected,NULL,1
2352148,TDU32475,2025-08-05 22:10:42,Auto Rejected,NULL,1
2352149,TDU32476,2025-08-05 22:12:42,Rejected,NULL,1
2352150,TDU32477,2025-08-05 22:49:14,Auto Rejected,NULL,1
2352151,TDU26108G,2025-08-05 23:21:27,Rejected,NULL,1
2352152,TDU26109G,2025-08-06 05:49:54,Rejected,NULL,1
2352153,TDU26110G,2025-08-06 11:34:53,Rejected,NULL,1
2352154,TDU32478,2025-08-06 15:06:53,Auto Rejected,NULL,1
2352155,TDU26111G,2025-08-06 15:49:57,Accounts - Reconciliation,NULL,1
2352156,TDU32479,2025-08-06 15:55:36,Rejected After Confrmation QA pending,NULL,1
2352157,TDU32480,2025-08-06 16:29:31,Rejected,NULL,1
2352158,TDU32481,2025-08-06 17:24:53,Accounts - Reconciliation,NULL,1
2352159,TDU32482,2025-08-06 17:53:54,Rejected,NULL,1
2352160,TDU32483,2025-08-06 20:51:27,Rejected,NULL,1
2352161,TDU32484,2025-08-06 20:58:18,Rejected After Confrmation QA completed,NULL,1
2352162,TDU32485,2025-08-06 21:29:06,Rejected,NULL,1
2352163,TDU32486,2025-08-06 22:18:24,Rejected,NULL,1
2352164,TDU32487,2025-08-06 22:49:32,Auto Rejected,NULL,1
2352165,TDU32488,2025-08-06 23:14:25,Auto Rejected,NULL,1
2352166,TDU32489,2025-08-06 23:40:52,Rejected,NULL,1
2352167,TDU32490,2025-08-07 00:02:58,Rejected,NULL,1
2352168,TDU32491,2025-08-07 00:08:43,Rejected,NULL,1
2352169,TDU32492,2025-08-07 00:22:40,Rejected,NULL,1
2352170,TDU26112G,2025-08-07 15:05:13,Rejected,NULL,1
2352171,TDU32493,2025-08-07 15:11:27,Rejected,NULL,1
2352172,TDU32494,2025-08-07 15:31:50,Rejected,NULL,1
2352173,TDU32495,2025-08-07 15:54:55,Accounts - Reconciliation,NULL,1
2352174,TDU26113G,2025-08-07 16:10:04,Rejected,NULL,1
2352175,TDU32496,2025-08-07 16:27:22,Accounts - Reconciliation,NULL,1
2352176,TDU26114G,2025-08-07 16:37:31,Rejected,NULL,1
2352177,TDU32497,2025-08-07 16:41:18,PRE QA - completed,NULL,1
2352178,TDU26115G,2025-08-07 17:03:53,Rejected,NULL,1
2352179,TDU32498,2025-08-07 17:12:55,Rejected,NULL,1
2352180,TDU26116G,2025-08-07 17:18:05,Accounts - Reconciliation,NULL,1
2352181,TDU32499,2025-08-07 17:32:22,Accounts - Reconciliation,NULL,1
2352182,TDU32500,2025-08-07 17:38:19,Rejected,NULL,1
2352183,TDU32501,2025-08-07 17:39:56,Rejected,NULL,1
2352184,TDU26117G,2025-08-07 17:41:22,Rejected,NULL,1
2352185,TDU26118G,2025-08-07 18:15:53,Rejected,NULL,1
2352186,TDU32502,2025-08-07 18:23:23,Rejected,NULL,1
2352187,TDU32503,2025-08-07 18:37:18,Rejected,NULL,1
2352188,TDU26119G,2025-08-07 18:54:39,Rejected,NULL,1
2352189,TDU26120G,2025-08-07 19:27:06,Auto Rejected,NULL,1
2352190,TDU26121G,2025-08-07 19:31:52,Auto Rejected,NULL,1
2352191,TDU32504,2025-08-07 19:59:20,Auto Rejected,NULL,1
2352192,TDU32505,2025-08-07 20:35:57,Rejected,NULL,1
2352193,TDU32506,2025-08-07 21:17:42,Auto Rejected,NULL,1
2352194,TDU32507,2025-08-07 21:26:36,Auto Rejected,NULL,1
2352195,TDU32508,2025-08-07 22:20:56,Rejected,NULL,1
2352196,TDU32509,2025-08-07 22:36:55,Rejected,NULL,1
2352197,TDU32510,2025-08-07 23:04:46,Rejected,NULL,1
2352198,TDU32511,2025-08-07 23:06:56,Accounts - Reconciliation,NULL,1
2352199,TDU32512,2025-08-07 23:08:30,Rejected,NULL,1
2352200,TDU32513,2025-08-07 23:57:37,Auto Rejected,NULL,1
2352201,TDU26122G,2025-08-08 00:17:11,Auto Rejected,NULL,1
2352202,TDU26123G,2025-08-08 12:42:02,Auto Rejected,NULL,1
2352203,TDU26124G,2025-08-08 14:36:59,Rejected,NULL,1
2352204,TDU32514,2025-08-08 14:57:40,Rejected,NULL,1
2352205,TDU32515,2025-08-08 15:54:48,Rejected,NULL,1
2352206,TDU32516,2025-08-08 16:51:46,Auto Rejected,NULL,1
2352207,TDU32517,2025-08-08 16:55:35,Rejected,NULL,1
2352208,TDU32518,2025-08-08 17:14:25,Rejected,NULL,1
2352209,TDU32519,2025-08-08 17:37:26,Rejected,NULL,1
2352210,TDU32520,2025-08-08 17:47:07,Auto Rejected,NULL,1
2352211,TDU32521,2025-08-08 18:51:31,Auto Rejected,NULL,1
2352212,TDU32522,2025-08-08 19:28:45,Rejected,NULL,1
2352213,TDU32523,2025-08-08 19:28:45,Rejected,NULL,1
2352214,TDU32524,2025-08-08 19:52:26,Auto Rejected,NULL,1
2352215,TDU32525,2025-08-08 20:07:51,Rejected,NULL,1
2352216,TDU32526,2025-08-08 20:35:11,Accounts - Reconciliation,NULL,1
2352217,TDU32527,2025-08-08 20:43:23,Auto Rejected,NULL,1
2352218,TDU32528,2025-08-08 20:45:43,Auto Rejected,NULL,1
2352219,TDU32529,2025-08-08 21:04:37,Rejected,NULL,1
2352220,TDU32530,2025-08-08 21:51:20,Rejected,NULL,1
2352221,TDU32531,2025-08-08 22:09:47,Rejected,NULL,1
2352222,TDU32532,2025-08-08 22:14:09,Rejected,NULL,1
2352223,TDU32533,2025-08-08 22:33:24,Rejected,NULL,1
2352224,TDU32534,2025-08-08 22:56:36,Auto Rejected,NULL,1
2352225,TDU32535,2025-08-08 23:27:46,Auto Rejected,NULL,1
2352226,TDU32536,2025-08-08 23:29:36,Accounts - Reconciliation,NULL,1
2352227,TDU26125G,2025-08-08 23:43:50,Auto Rejected,NULL,1
2352228,TDU32537,2025-08-09 14:39:50,On Ground,NULL,1
2352229,TDU26126G,2025-08-11 10:20:52,Auto Rejected,NULL,1
2352230,TDU26127G,2025-08-11 11:30:16,Rejected,NULL,1
2352231,TDU26128G,2025-08-11 11:33:56,Rejected,NULL,1
2352232,TDU26129G,2025-08-11 11:51:44,Rejected,NULL,1
2352233,TDU26130G,2025-08-11 13:19:00,Rejected,NULL,1
2352234,TDU26131G,2025-08-11 14:09:59,Auto Rejected,NULL,1
2352235,TDU32538,2025-08-11 16:12:31,Rejected,NULL,1
2352236,TDU32539,2025-08-11 16:24:46,On Ground,NULL,1
2352237,TDU32540,2025-08-11 16:39:59,On Ground,NULL,1
2352238,TDU32541,2025-08-11 16:50:22,Rejected After Confrmation QA pending,NULL,1
2352239,TDU32542,2025-08-11 17:06:33,Auto Rejected,NULL,1
2352240,TDU26132G,2025-08-11 17:08:04,Rejected,NULL,1
2352241,TDU32543,2025-08-11 17:11:36,Auto Rejected,NULL,1
2352242,TDU32544,2025-08-11 17:16:07,Rejected,NULL,1
2352243,TDU32545,2025-08-11 17:16:56,Rejected,NULL,1
2352244,TDU32546,2025-08-11 18:11:17,Rejected,NULL,1
2352245,TDU32547,2025-08-11 18:11:17,Rejected,NULL,1
2352246,TDU32548,2025-08-11 18:30:40,Rejected,NULL,1
2352247,TDU26133G,2025-08-11 19:08:47,Rejected,NULL,1
2352248,TDU26134G,2025-08-11 19:09:36,Auto Rejected,NULL,1
2352249,TDU32549,2025-08-11 19:26:08,Rejected,NULL,1
2352250,TDU32550,2025-08-11 19:43:59,Accounts - Reconciliation,NULL,1
2352251,TDU32551,2025-08-11 19:55:05,Accounts - Reconciliation,NULL,1
2352252,TDU26135G,2025-08-11 20:27:35,Accounts - Reconciliation,NULL,1
2352253,TDU26136G,2025-08-11 20:34:53,Rejected After Confrmation QA pending,NULL,1
2352254,TDU26137G,2025-08-11 20:42:05,Rejected After Confrmation QA pending,NULL,1
2352255,TDU26138G,2025-08-11 20:55:32,Accepted,NULL,1
2352256,TDU32552,2025-08-11 20:56:13,Rejected,NULL,1
2352257,TDU32553,2025-08-11 20:58:17,Rejected,NULL,1
2352258,TDU32554,2025-08-11 22:10:14,Auto Rejected,NULL,1
2352259,TDU32555,2025-08-11 22:25:14,Rejected,NULL,1
2352260,TDU32556,2025-08-11 22:35:06,Rejected,NULL,1
2352261,TDU26139G,2025-08-11 22:42:01,Accounts - Reconciliation,NULL,1
2352262,TDU26140G,2025-08-11 22:45:21,Rejected After Confrmation QA pending,NULL,1
2352263,TDU26141G,2025-08-11 22:49:52,Rejected After Confrmation QA pending,NULL,1
2352264,TDU26142G,2025-08-11 22:54:44,Accounts - Reconciliation,NULL,1
2352265,TDU32557,2025-08-11 22:57:35,Rejected,NULL,1
2352266,TDU32558,2025-08-11 23:05:22,Rejected,NULL,1
2352267,TDU32559,2025-08-11 23:07:27,Auto Rejected,NULL,1
2352268,TDU32560,2025-08-11 23:15:12,Rejected,NULL,1
2352269,TDU32561,2025-08-12 09:52:33,Accounts - Reconciliation,NULL,1
2352270,TDU26143G,2025-08-12 13:07:12,Rejected,NULL,1
2352271,TDU26144G,2025-08-12 15:01:01,Auto Rejected,NULL,1
2352272,TDU32562,2025-08-12 15:46:25,Rejected,NULL,1
2352273,TDU32563,2025-08-12 16:17:11,Accounts - Reconciliation,NULL,1
2352274,TDU32564,2025-08-12 16:39:07,Rejected,NULL,1
2352275,TDU32565,2025-08-12 16:49:58,Accounts - Reconciliation,NULL,1
2352276,TDU32566,2025-08-12 17:24:53,Rejected After Confrmation QA pending,NULL,1
2352277,TDU32567,2025-08-12 17:34:02,Rejected,NULL,1
2352278,TDU32568,2025-08-12 17:34:02,Rejected,NULL,1
2352279,TDU26145G,2025-08-12 17:34:29,Rejected,NULL,1
2352280,TDU32569,2025-08-12 17:56:15,Auto Rejected,NULL,1
2352281,TDU32570,2025-08-12 19:22:35,Rejected,NULL,1
2352282,TDU32571,2025-08-12 20:23:04,Rejected,NULL,1
2352283,TDU32572,2025-08-12 20:40:16,Rejected,NULL,1
2352284,TDU32573,2025-08-12 20:51:32,Rejected,NULL,1
2352285,TDU32574,2025-08-12 21:06:58,Auto Rejected,NULL,1
2352286,TDU32575,2025-08-12 21:32:14,Rejected,NULL,1
2352287,TDU32576,2025-08-12 21:40:21,Rejected,NULL,1
2352288,TDU26146G,2025-08-12 21:56:12,Auto Rejected,NULL,1
2352289,TDU32577,2025-08-12 22:13:38,Rejected,NULL,1
2352290,TDU26147G,2025-08-12 22:17:01,Accepted,NULL,1
2352291,TDU32578,2025-08-12 22:22:50,Rejected,NULL,1
2352292,TDU32579,2025-08-12 22:22:59,Rejected,NULL,1
2352293,TDU32580,2025-08-12 22:22:59,Rejected,NULL,1
2352294,TDU32581,2025-08-12 22:51:18,Rejected,NULL,1
2352295,TDU32582,2025-08-12 23:15:31,Rejected,NULL,1
2352296,TDU26148G,2025-08-13 04:11:22,Auto Rejected,NULL,1
2352297,TDU26149G,2025-08-13 10:03:20,Auto Rejected,NULL,1
2352298,TDU26150G,2025-08-13 11:31:40,Rejected,NULL,1
2352299,TDU26151G,2025-08-13 11:48:02,Rejected,NULL,1
2352300,TDU32583,2025-08-13 13:02:15,Accounts - Reconciliation,NULL,1
2352301,TDU32584,2025-08-13 15:41:23,Rejected,NULL,1
2352302,TDU32585,2025-08-13 16:30:41,Rejected,NULL,1
2352303,TDU32586,2025-08-13 16:35:19,Rejected,NULL,1
2352304,TDU32587,2025-08-13 17:11:09,Rejected,NULL,1
2352305,TDU32588,2025-08-13 17:34:15,Rejected,NULL,1
2352306,TDU32589,2025-08-13 17:38:19,Rejected,NULL,1
2352307,TDU32590,2025-08-13 17:53:21,Rejected,NULL,1
2352308,TDU32591,2025-08-13 18:06:59,Rejected,NULL,1
2352309,TDU32592,2025-08-13 18:29:30,Rejected,NULL,1
2352310,TDU32593,2025-08-13 20:22:45,Rejected,NULL,1
2352311,TDU32594,2025-08-13 20:28:33,Auto Rejected,NULL,1
2352312,TDU32595,2025-08-13 20:52:02,Rejected,NULL,1
2352313,TDU32596,2025-08-13 21:50:23,Rejected,NULL,1
2352314,TDU32597,2025-08-13 22:42:21,On Ground,NULL,1
2352315,TDU32598,2025-08-13 22:46:08,Rejected,NULL,1
2352316,TDU26152G,2025-08-14 09:18:28,Rejected,NULL,1
2352317,TDU26153G,2025-08-14 16:17:25,Rejected,NULL,1
2352318,TDU26154G,2025-08-14 16:22:56,Rejected,NULL,1
2352319,TDU32599,2025-08-14 16:31:30,Rejected,NULL,1
2352320,TDU26155G,2025-08-14 16:33:49,Rejected,NULL,1
2352321,TDU26156G,2025-08-14 16:53:26,Rejected After Confrmation QA pending,NULL,1
2352322,TDU26157G,2025-08-14 17:18:29,Auto Rejected,NULL,1
2352323,TDU32600,2025-08-14 17:30:36,Rejected,NULL,1
2352324,TDU32601,2025-08-14 17:59:47,Rejected,NULL,1
2352325,TDU32602,2025-08-14 19:07:44,Auto Rejected,NULL,1
2352326,TDU32603,2025-08-14 19:11:34,On Ground,NULL,1
2352327,TDU32604,2025-08-14 19:58:19,Auto Rejected,NULL,1
2352328,TDU26158G,2025-08-14 20:33:03,Rejected,NULL,1
2352329,TDU32605,2025-08-14 22:03:00,Rejected,NULL,1
2352330,TDU32606,2025-08-14 22:54:18,Rejected,NULL,1
2352331,TDU26159G,2025-08-14 22:56:45,Auto Rejected,NULL,1
2352332,TDU26160G,2025-08-14 23:00:27,Auto Rejected,NULL,1
2352333,TDU32607,2025-08-14 23:27:32,Auto Rejected,NULL,1
2352334,TDU26161G,2025-08-15 02:11:33,Auto Rejected,NULL,1
2352335,TDU26162G,2025-08-15 02:16:58,Auto Rejected,NULL,1
2352336,TDU26163G,2025-08-15 02:16:58,Auto Rejected,NULL,1
2352337,TDU32608,2025-08-15 10:29:18,Auto Rejected,NULL,1
2352338,TDU26164G,2025-08-15 15:37:27,Rejected After Confrmation QA pending,NULL,1
2352339,TDU26165G,2025-08-15 15:57:17,Rejected,NULL,1
2352340,TDU26166G,2025-08-15 18:30:24,Rejected,NULL,1
2352341,TDU26167G,2025-08-16 04:22:26,Rejected,NULL,1
2352342,TDU26168G,2025-08-16 05:25:32,Accounts - Reconciliation,NULL,1
2352343,TDU32609,2025-08-16 15:33:21,Rejected,NULL,1
2352344,TDU32610,2025-08-16 16:21:32,Auto Rejected,NULL,1
2352345,TDU32611,2025-08-16 16:34:28,Rejected,NULL,1
2352346,TDU26169G,2025-08-16 16:56:30,Rejected,NULL,1
2352347,TDU32612,2025-08-16 17:38:50,Rejected After Confrmation QA completed,NULL,1
2352348,TDU32613,2025-08-16 18:15:42,Rejected,NULL,1
2352349,TDU26170G,2025-08-16 19:49:19,Rejected,NULL,1
2352350,TDU32614,2025-08-16 19:52:13,Rejected,NULL,1
2352351,TDU32615,2025-08-16 20:01:24,Rejected,NULL,1
2352352,TDU32616,2025-08-16 21:33:15,Accounts - Reconciliation,NULL,1
2352353,TDU32617,2025-08-16 21:57:38,Rejected,NULL,1
2352354,TDU32618,2025-08-16 22:59:33,Rejected,NULL,1
2352355,TDU32619,2025-08-16 23:06:23,Rejected,NULL,1
2352356,TDU26171G,2025-08-17 22:06:57,Auto Rejected,NULL,1
2352357,TDU26172G,2025-08-18 00:50:50,Rejected,NULL,1
2352358,TDU26173G,2025-08-18 13:51:50,Auto Rejected,NULL,1
2352359,TDU26174G,2025-08-18 14:11:01,Rejected,NULL,1
2352360,TDU26175G,2025-08-18 14:27:18,Rejected,NULL,1
2352361,TDU32620,2025-08-18 15:19:43,Rejected,NULL,1
2352362,TDU32621,2025-08-18 15:31:40,Rejected,NULL,1
2352363,TDU32622,2025-08-18 15:48:01,Rejected,NULL,1
2352364,TDU26176G,2025-08-18 15:54:23,Accounts - Reconciliation,NULL,1
2352365,TDU32623,2025-08-18 16:11:22,Auto Rejected,NULL,1
2352366,TDU26177G,2025-08-18 16:17:10,PRE QA - pending,NULL,1
2352367,TDU32624,2025-08-18 16:49:21,Accounts - Reconciliation,NULL,1
2352368,TDU32625,2025-08-18 17:31:10,Rejected,NULL,1
2352369,TDU26178G,2025-08-18 18:12:34,Rejected,NULL,1
2352370,TDU26179G,2025-08-18 18:51:17,Auto Rejected,NULL,1
2352371,TDU32626,2025-08-18 19:14:56,Rejected,NULL,1
2352372,TDU26180G,2025-08-18 19:55:55,Rejected After Confrmation QA completed,NULL,1
2352373,TDU32627,2025-08-18 20:24:52,Rejected,NULL,1
2352374,TDU32628,2025-08-18 20:34:23,Rejected,NULL,1
2352375,TDU32629,2025-08-18 21:11:45,Rejected,NULL,1
2352376,TDU32630,2025-08-18 21:27:01,Accounts - Reconciliation,NULL,1
2352377,TDU32631,2025-08-18 22:24:31,Rejected,NULL,1
2352378,TDU32632,2025-08-18 22:58:13,Rejected,NULL,1
2352379,TDU32633,2025-08-19 09:09:44,Auto Rejected,NULL,1
2352380,TDU32634,2025-08-19 13:22:48,Rejected,NULL,1
2352381,TDU26181G,2025-08-19 14:18:55,Rejected,NULL,1
2352382,TDU26182G,2025-08-19 14:44:37,Rejected,NULL,1
2352383,TDU26183G,2025-08-19 15:00:12,Rejected,NULL,1
2352384,TDU32635,2025-08-19 16:04:32,Auto Rejected,NULL,1
2352385,TDU32636,2025-08-19 16:13:33,Rejected,NULL,1
2352386,TDU32637,2025-08-19 16:23:45,Auto Rejected,NULL,1
2352387,TDU32638,2025-08-19 17:07:15,Rejected,NULL,1
2352388,TDU32639,2025-08-19 17:23:23,Auto Rejected,NULL,1
2352389,TDU32640,2025-08-19 17:52:26,Rejected,NULL,1
2352390,TDU26184G,2025-08-19 17:59:47,Rejected,NULL,1
2352391,TDU32641,2025-08-19 18:13:05,Rejected,NULL,1
2352392,TDU26185G,2025-08-19 18:23:49,Rejected,NULL,1
2352393,TDU26186G,2025-08-19 19:07:33,Rejected After Confrmation QA completed,NULL,1
2352394,TDU32642,2025-08-19 19:18:52,Rejected,NULL,1
2352395,TDU26187G,2025-08-19 19:27:55,Rejected After Confrmation QA completed,NULL,1
2352396,TDU32643,2025-08-19 19:29:34,Rejected,NULL,1
2352397,TDU32644,2025-08-19 19:36:00,Rejected,NULL,1
2352398,TDU32645,2025-08-19 20:02:05,Auto Rejected,NULL,1
2352399,TDU32646,2025-08-19 20:04:10,Rejected,NULL,1
2352400,TDU32647,2025-08-19 20:13:19,Rejected,NULL,1
2352401,TDU32648,2025-08-19 20:26:36,Rejected,NULL,1
2352402,TDU32649,2025-08-19 20:41:16,Auto Rejected,NULL,1
2352403,TDU32650,2025-08-19 21:04:28,Rejected,NULL,1
2352404,TDU32651,2025-08-19 21:08:22,Accounts - Reconciliation,NULL,1
2352405,TDU26188G,2025-08-19 21:18:20,Rejected After Confrmation QA completed,NULL,1
2352406,TDU26189G,2025-08-19 21:31:50,Rejected,NULL,1
2352407,TDU32652,2025-08-19 22:00:17,Rejected,NULL,1
2352408,TDU32653,2025-08-19 22:40:02,Rejected,NULL,1
2352409,TDU32654,2025-08-19 22:40:13,Rejected,NULL,1
2352410,TDU32655,2025-08-19 22:56:25,Rejected,NULL,1
2352411,TDU32656,2025-08-19 23:09:44,Rejected,NULL,1
2352412,TDU32657,2025-08-19 23:46:17,Rejected,NULL,1
2352413,TDU32658,2025-08-19 23:47:26,Rejected,NULL,1
2352414,TDU26190G,2025-08-19 23:48:30,Rejected,NULL,1
2352415,TDU26191G,2025-08-20 01:31:12,Auto Rejected,NULL,1
2352416,TDU32659,2025-08-20 14:36:28,Accounts - Reconciliation,NULL,1
2352417,TDU26192G,2025-08-20 15:45:45,Auto Rejected,NULL,1
2352418,TDU32660,2025-08-20 16:39:24,Rejected,NULL,1
2352419,TDU32661,2025-08-20 16:58:06,Rejected,NULL,1
2352420,TDU26193G,2025-08-20 17:10:54,Rejected,NULL,1
2352421,TDU32662,2025-08-20 17:30:10,Rejected,NULL,1
2352422,TDU32663,2025-08-20 17:51:08,Rejected,NULL,1
2352423,TDU32664,2025-08-20 17:53:40,Auto Rejected,NULL,1
2352424,TDU32665,2025-08-20 18:26:14,Accounts - Reconciliation,NULL,1
2352425,TDU26194G,2025-08-20 18:52:36,Rejected After Confrmation QA pending,NULL,1
2352426,TDU32666,2025-08-20 19:22:02,Auto Rejected,NULL,1
2352427,TDU32667,2025-08-20 19:32:30,Rejected,NULL,1
2352428,TDU32668,2025-08-20 20:15:11,Rejected,NULL,1
2352429,TDU26195G,2025-08-20 20:59:42,Rejected,NULL,1
2352430,TDU32669,2025-08-20 21:22:34,Rejected,NULL,1
2352431,TDU32670,2025-08-20 21:36:58,Rejected,NULL,1
2352432,TDU32671,2025-08-20 22:00:10,Rejected,NULL,1
2352433,TDU32672,2025-08-20 22:01:56,Rejected,NULL,1
2352434,TDU32673,2025-08-20 22:22:29,Rejected,NULL,1
2352435,TDU32674,2025-08-20 22:35:49,Rejected,NULL,1
2352436,TDU32675,2025-08-20 22:56:41,Rejected,NULL,1
2352437,TDU32676,2025-08-20 23:04:17,Rejected,NULL,1
2352438,TDU26196G,2025-08-21 14:08:09,Rejected,NULL,1
2352439,TDU26197G,2025-08-21 14:32:58,Rejected,NULL,1
2352440,TDU26198G,2025-08-21 14:51:06,Rejected,NULL,1
2352441,TDU32677,2025-08-21 15:18:19,Rejected,NULL,1
2352442,TDU32678,2025-08-21 15:19:12,Auto Rejected,NULL,1
2352443,TDU32679,2025-08-21 15:45:00,Rejected,NULL,1
2352444,TDU32680,2025-08-21 15:46:27,Accounts - Reconciliation,NULL,1
2352445,TDU32681,2025-08-21 15:51:25,Accounts - Reconciliation,NULL,1
2352446,TDU26199G,2025-08-21 16:33:19,Auto Rejected,NULL,1
2352447,TDU32682,2025-08-21 16:35:13,On Ground,NULL,1
2352448,TDU32683,2025-08-21 16:52:03,Created,NULL,1
2352449,TDU32684,2025-08-21 16:53:42,Auto Rejected,NULL,1
2352450,TDU32685,2025-08-21 17:03:30,Rejected,NULL,1
2352451,TDU32686,2025-08-21 17:41:24,Rejected,NULL,1
2352452,TDU32687,2025-08-21 17:58:41,Rejected,NULL,1
2352453,TDU32688,2025-08-21 18:15:09,Rejected,NULL,1
2352454,TDU32689,2025-08-21 18:28:26,Rejected,NULL,1
2352455,TDU32690,2025-08-21 19:02:27,Accounts - Reconciliation,NULL,1
2352456,TDU32691,2025-08-21 19:21:52,Rejected,NULL,1
2352457,TDU32692,2025-08-21 20:05:46,Rejected,NULL,1
2352458,TDU32693,2025-08-21 20:24:58,Rejected,NULL,1
2352459,TDU32694,2025-08-21 21:29:53,Rejected,NULL,1
2352460,TDU32695,2025-08-21 21:33:39,Rejected,NULL,1
2352461,TDU26200G,2025-08-21 22:12:15,Rejected,NULL,1
2352462,TDU26201G,2025-08-21 22:14:48,Rejected,NULL,1
2352463,TDU32696,2025-08-21 22:18:45,Rejected After Confrmation QA pending,NULL,1
2352464,TDU26202G,2025-08-21 22:30:27,Rejected,NULL,1
2352465,TDU32697,2025-08-21 22:53:27,Rejected,NULL,1
2352466,TDU32698,2025-08-21 23:00:43,Rejected,NULL,1
2352467,TDU32699,2025-08-21 23:31:59,Rejected,NULL,1
2352468,TDU32700,2025-08-21 23:42:27,Rejected,NULL,1
2352469,TDU32701,2025-08-22 00:23:44,Accounts - Reconciliation,NULL,1
2352470,TDU26203G,2025-08-22 00:56:25,Rejected,NULL,1
2352471,TDU26204G,2025-08-22 04:28:13,Rejected,NULL,1
2352472,TDU26205G,2025-08-22 09:51:16,Auto Rejected,NULL,1
2352473,TDU26206G,2025-08-22 09:54:10,Rejected,NULL,1
2352474,TDU26207G,2025-08-22 14:14:07,Rejected,NULL,1
2352475,TDU26208G,2025-08-22 15:35:15,Rejected,NULL,1
2352476,TDU26209G,2025-08-22 15:59:44,Rejected,NULL,1
2352477,TDU26210G,2025-08-22 16:34:02,Rejected,NULL,1
2352478,TDU26211G,2025-08-22 16:36:39,Accepted,NULL,1
2352479,TDU32702,2025-08-22 16:44:05,Rejected,NULL,1
2352480,TDU26212G,2025-08-22 17:08:52,Rejected,NULL,1
2352481,TDU26213G,2025-08-22 17:10:39,Rejected,NULL,1
2352482,TDU32703,2025-08-22 18:09:18,Rejected,NULL,1
2352483,TDU32704,2025-08-22 18:14:12,Accounts - Reconciliation,NULL,1
2352484,TDU32705,2025-08-22 19:09:28,Rejected,NULL,1
2352485,TDU26214G,2025-08-22 19:24:08,Rejected,NULL,1
2352486,TDU32706,2025-08-22 20:42:34,Rejected,NULL,1
2352487,TDU32707,2025-08-22 20:52:46,Rejected,NULL,1
2352488,TDU32708,2025-08-22 21:01:35,Rejected,NULL,1
2352489,TDU32709,2025-08-22 21:01:45,Accounts - Reconciliation,NULL,1
2352490,TDU32710,2025-08-22 21:19:15,Rejected,NULL,1
2352491,TDU32711,2025-08-22 21:35:22,Rejected,NULL,1
2352492,TDU32712,2025-08-22 21:41:46,Rejected,NULL,1
2352493,TDU32713,2025-08-22 21:54:20,Rejected,NULL,1
2352494,TDU32714,2025-08-22 22:02:51,Auto Rejected,NULL,1
2352495,TDU32715,2025-08-22 22:04:20,Rejected,NULL,1
2352496,TDU26215G,2025-08-22 22:08:44,Rejected,NULL,1
2352497,TDU32716,2025-08-22 22:34:26,Rejected,NULL,1
2352498,TDU32717,2025-08-22 22:39:12,Auto Rejected,NULL,1
2352499,TDU32718,2025-08-22 22:49:26,Rejected,NULL,1
2352500,TDU32719,2025-08-22 22:58:45,Rejected,NULL,1
2352501,TDU32720,2025-08-22 23:19:16,Rejected,NULL,1
2352502,TDU32721,2025-08-22 23:29:25,Accounts - Reconciliation,NULL,1
2352503,TDU32722,2025-08-23 14:36:01,Rejected,NULL,1
2352504,TDU32723,2025-08-23 15:01:06,Rejected,NULL,1
2352505,TDU32724,2025-08-23 15:11:39,Accounts - Reconciliation,NULL,1
2352506,TDU32725,2025-08-23 15:51:36,Rejected,NULL,1
2352507,TDU32726,2025-08-23 15:53:57,Rejected,NULL,1
2352508,TDU32727,2025-08-23 16:11:10,Rejected,NULL,1
2352509,TDU26216G,2025-08-23 16:15:17,Auto Rejected,NULL,1
2352510,TDU32728,2025-08-23 16:29:19,Auto Rejected,NULL,1
2352511,TDU32729,2025-08-23 16:40:57,Rejected,NULL,1
2352512,TDU26217G,2025-08-23 17:17:21,Rejected,NULL,1
2352513,TDU32730,2025-08-23 17:19:41,Rejected,NULL,1
2352514,TDU32731,2025-08-23 17:21:01,Rejected,NULL,1
2352515,TDU32732,2025-08-23 18:53:54,Rejected,NULL,1
2352516,TDU32733,2025-08-23 18:57:52,Rejected,NULL,1
2352517,TDU32734,2025-08-23 19:29:38,Rejected,NULL,1
2352518,TDU32735,2025-08-23 20:24:27,Rejected,NULL,1
2352519,TDU32736,2025-08-23 20:44:38,Rejected,NULL,1
2352520,TDU32737,2025-08-23 20:45:58,Auto Rejected,NULL,1
2352521,TDU32738,2025-08-23 20:58:36,Rejected,NULL,1
2352522,TDU32739,2025-08-23 21:25:05,Rejected,NULL,1
2352523,TDU32740,2025-08-23 21:34:31,Rejected,NULL,1
2352524,TDU32741,2025-08-23 21:35:08,Rejected,NULL,1
2352525,TDU32742,2025-08-23 21:48:08,Rejected,NULL,1
2352526,TDU32743,2025-08-23 22:03:20,Rejected,NULL,1
2352527,TDU32744,2025-08-23 22:10:28,Accounts - Reconciliation,NULL,1
2352528,TDU32745,2025-08-23 22:30:43,Rejected,NULL,1
2352529,TDU32746,2025-08-23 22:41:08,Rejected,NULL,1
2352530,TDU32747,2025-08-23 22:50:53,Rejected,NULL,1
2352531,TDU32748,2025-08-23 23:22:26,Rejected,NULL,1
2352532,TDU32749,2025-08-23 23:41:42,Rejected,NULL,1
2352533,TDU32750,2025-08-23 23:47:49,Rejected,NULL,1
2352534,TDU32751,2025-08-23 23:50:28,Rejected,NULL,1
2352535,TDU32752,2025-08-23 23:50:57,Auto Rejected,NULL,1
2352536,TDU32753,2025-08-24 00:04:31,Rejected,NULL,1
2352537,TDU32754,2025-08-24 00:06:04,Rejected,NULL,1
2352538,TDU32755,2025-08-24 00:16:26,Rejected,NULL,1
2352539,TDU32756,2025-08-24 00:27:58,Auto Rejected,NULL,1
2352540,TDU26218G,2025-08-25 07:07:34,Rejected,NULL,1
2352541,TDU26219G,2025-08-25 09:39:48,Auto Rejected,NULL,1
2352542,TDU26220G,2025-08-25 09:57:18,Auto Rejected,NULL,1
2352543,TDU32757,2025-08-25 15:11:16,Accounts - Reconciliation,NULL,1
2352544,TDU32758,2025-08-25 15:48:45,Rejected,NULL,1
2352545,TDU32759,2025-08-25 16:14:11,Auto Rejected,NULL,1
2352546,TDU32760,2025-08-25 16:52:20,Rejected,NULL,1
2352547,TDU32761,2025-08-25 17:21:08,Rejected,NULL,1
2352548,TDU32762,2025-08-25 17:26:39,Rejected,NULL,1
2352549,TDU32763,2025-08-25 19:09:57,Rejected,NULL,1
2352550,TDU32764,2025-08-25 19:28:06,Rejected,NULL,1
2352551,TDU32765,2025-08-25 19:53:28,Auto Rejected,NULL,1
2352552,TDU32766,2025-08-25 20:21:21,Auto Rejected,NULL,1
2352553,TDU32767,2025-08-25 20:51:14,Rejected,NULL,1
2352554,TDU32768,2025-08-25 20:54:10,Rejected,NULL,1
2352555,TDU32769,2025-08-25 21:39:47,Rejected,NULL,1
2352556,TDU32770,2025-08-25 21:47:58,Rejected,NULL,1
2352557,TDU32771,2025-08-25 21:50:15,Rejected,NULL,1
2352558,TDU26221G,2025-08-25 21:58:45,Rejected,NULL,1
2352559,TDU32772,2025-08-25 22:58:06,Rejected,NULL,1
2352560,TDU32773,2025-08-25 23:13:47,Rejected,NULL,1
2352561,TDU26222G,2025-08-26 01:39:28,Auto Rejected,NULL,1
2352562,TDU26223G,2025-08-26 04:17:37,Rejected,NULL,1
2352563,TDU32774,2025-08-26 13:43:49,Auto Rejected,NULL,1
2352564,TDU32775,2025-08-26 15:35:36,Rejected,NULL,1
2352565,TDU32776,2025-08-26 15:41:34,Rejected,NULL,1
2352566,TDU26224G,2025-08-26 15:51:51,Rejected,NULL,1
2352567,TDU32777,2025-08-26 17:06:29,Rejected,NULL,1
2352568,TDU32778,2025-08-26 17:22:56,Accounts - Reconciliation,NULL,1
2352569,TDU32779,2025-08-26 17:38:10,On Ground,NULL,1
2352570,TDU32780,2025-08-26 17:57:19,Accounts - Reconciliation,NULL,1
2352571,TDU32781,2025-08-26 18:04:18,Rejected,NULL,1
2352572,TDU32782,2025-08-26 19:17:04,Rejected After Confrmation QA completed,NULL,1
2352573,TDU32783,2025-08-26 19:23:58,Rejected,NULL,1
2352574,TDU32784,2025-08-26 19:48:57,Rejected,NULL,1
2352575,TDU32785,2025-08-26 20:29:04,Auto Rejected,NULL,1
2352576,TDU32786,2025-08-26 20:51:10,Rejected,NULL,1
2352577,TDU32787,2025-08-26 21:03:23,Rejected,NULL,1
2352578,TDU32788,2025-08-26 21:06:48,Rejected,NULL,1
2352579,TDU32789,2025-08-26 21:20:18,Rejected,NULL,1
2352580,TDU32790,2025-08-26 21:23:58,Rejected,NULL,1
2352581,TDU32791,2025-08-26 21:41:39,Rejected,NULL,1
2352582,TDU32792,2025-08-26 21:46:33,Rejected,NULL,1
2352583,TDU32793,2025-08-26 22:15:45,Rejected,NULL,1
2352584,TDU32794,2025-08-26 22:28:40,Rejected,NULL,1
2352585,TDU26225G,2025-08-26 23:22:10,Rejected After Confrmation QA completed,NULL,1
2352586,TDU32795,2025-08-26 23:32:03,Rejected After Confrmation QA completed,NULL,1
2352587,TDU32796,2025-08-27 17:53:33,Rejected,NULL,1
2352588,TDU32797,2025-08-27 20:34:34,Rejected,NULL,1
2352589,TDU32798,2025-08-27 20:59:51,Accounts - Reconciliation,NULL,1
2352590,TDU32799,2025-08-27 22:02:40,Rejected,NULL,1
2352591,TDU32800,2025-08-27 22:28:21,Rejected,NULL,1
2352592,TDU32801,2025-08-27 23:16:46,Rejected,NULL,1
2352593,TDU32802,2025-08-27 23:21:57,Rejected,NULL,1
2352594,TDU26226G,2025-08-28 05:44:23,Rejected,NULL,1
2352595,TDU26227G,2025-08-28 06:00:05,Rejected,NULL,1
2352596,TDU26228G,2025-08-28 09:24:01,Auto Rejected,NULL,1
2352597,TDU26229G,2025-08-28 09:52:43,Auto Rejected,NULL,1
2352598,TDU26230G,2025-08-28 14:53:51,Rejected,NULL,1
2352599,TDU32803,2025-08-28 15:39:40,Auto Rejected,NULL,1
2352600,TDU32804,2025-08-28 15:48:26,Accounts - Reconciliation,NULL,1
2352601,TDU32805,2025-08-28 15:52:50,Rejected,NULL,1
2352602,TDU32806,2025-08-28 16:03:42,Auto Rejected,NULL,1
2352603,TDU32807,2025-08-28 16:27:44,Auto Rejected,NULL,1
2352604,TDU32808,2025-08-28 17:33:32,Rejected,NULL,1
2352605,TDU32809,2025-08-28 18:15:41,Rejected,NULL,1
2352606,TDU32810,2025-08-28 18:16:48,Rejected,NULL,1
2352607,TDU32811,2025-08-28 18:44:33,Rejected,NULL,1
2352608,TDU32812,2025-08-28 19:12:00,Rejected,NULL,1
2352609,TDU32813,2025-08-28 19:20:28,Accounts - Reconciliation,NULL,1
2352610,TDU32814,2025-08-28 19:22:22,Rejected,NULL,1
2352611,TDU32815,2025-08-28 19:49:29,Rejected,NULL,1
2352612,TDU32816,2025-08-28 19:56:59,Rejected,NULL,1
2352613,TDU32817,2025-08-28 20:18:52,Rejected,NULL,1
2352614,TDU32818,2025-08-28 20:39:38,Rejected,NULL,1
2352615,TDU32819,2025-08-28 21:19:38,Rejected,NULL,1
2352616,TDU32820,2025-08-28 21:27:46,Auto Rejected,NULL,1
2352617,TDU32821,2025-08-28 21:50:05,Rejected,NULL,1
2352618,TDU32822,2025-08-28 21:56:08,Rejected,NULL,1
2352619,TDU26231G,2025-08-28 21:58:43,Rejected,NULL,1
2352620,TDU26232G,2025-08-28 22:10:31,Rejected After Confrmation QA pending,NULL,1
2352621,TDU32823,2025-08-28 22:18:03,On Ground,NULL,1
2352622,TDU32824,2025-08-28 22:25:05,Accounts - Reconciliation,NULL,1
2352623,TDU32825,2025-08-28 22:26:48,Auto Rejected,NULL,1
2352624,TDU32826,2025-08-28 22:40:54,Rejected,NULL,1
2352625,TDU32827,2025-08-28 23:07:39,Auto Rejected,NULL,1
2352626,TDU26233G,2025-08-28 23:14:00,Rejected,NULL,1
2352627,TDU32828,2025-08-28 23:19:49,Rejected,NULL,1
2352628,TDU32829,2025-08-28 23:23:06,Rejected,NULL,1
2352629,TDU26234G,2025-08-28 23:38:38,Rejected After Confrmation QA pending,NULL,1
2352630,TDU26235G,2025-08-29 13:30:24,Accounts - Reconciliation,NULL,1
2352631,TDU26236G,2025-08-29 13:35:04,Accounts - Reconciliation,NULL,1
2352632,TDU26237G,2025-08-29 13:50:18,Rejected,NULL,1
2352633,TDU26238G,2025-08-29 14:21:28,Rejected,NULL,1
2352634,TDU32830,2025-08-29 15:22:47,Rejected,NULL,1
2352635,TDU26239G,2025-08-29 15:35:39,Rejected,NULL,1
2352636,TDU32831,2025-08-29 16:06:47,Rejected,NULL,1
2352637,TDU32832,2025-08-29 16:26:15,Rejected,NULL,1
2352638,TDU32833,2025-08-29 16:59:18,Rejected,NULL,1
2352639,TDU32834,2025-08-29 17:17:48,Rejected After Confrmation QA completed,NULL,1
2352640,TDU26240G,2025-08-29 17:19:24,Rejected,NULL,1
2352641,TDU26241G,2025-08-29 18:28:30,Rejected,NULL,1
2352642,TDU32835,2025-08-29 18:40:18,Rejected,NULL,1
2352643,TDU32836,2025-08-29 18:54:22,Accounts - Reconciliation,NULL,1
2352644,TDU32837,2025-08-29 19:05:59,Auto Rejected,NULL,1
2352645,TDU32838,2025-08-29 19:37:41,Auto Rejected,NULL,1
2352646,TDU32839,2025-08-29 19:39:57,Auto Rejected,NULL,1
2352647,TDU32840,2025-08-29 19:45:24,Rejected,NULL,1
2352648,TDU32841,2025-08-29 20:14:18,Rejected,NULL,1
2352649,TDU32842,2025-08-29 20:16:48,Rejected,NULL,1
2352650,TDU32843,2025-08-29 20:34:51,Rejected,NULL,1
2352651,TDU32844,2025-08-29 20:44:12,Rejected,NULL,1
2352652,TDU32845,2025-08-29 21:06:22,Rejected,NULL,1
2352653,TDU32846,2025-08-29 21:22:36,Rejected,NULL,1
2352654,TDU32847,2025-08-29 21:35:46,Rejected,NULL,1
2352655,TDU32848,2025-08-29 21:36:27,Rejected,NULL,1
2352656,TDU26242G,2025-08-29 21:52:55,Rejected,NULL,1
2352657,TDU32849,2025-08-29 22:21:48,Rejected,NULL,1
2352658,TDU32850,2025-08-29 22:45:11,Rejected,NULL,1
2352659,TDU32851,2025-08-29 22:52:36,Rejected,NULL,1
2352660,TDU32852,2025-08-29 23:16:16,Rejected,NULL,1
2352661,TDU32853,2025-08-29 23:19:39,Rejected,NULL,1
2352662,TDU32854,2025-08-29 23:43:55,Rejected,NULL,1
2352663,TDU32855,2025-08-29 23:45:34,Auto Rejected,NULL,1
2352664,TDU26243G,2025-08-30 15:17:18,Auto Rejected,NULL,1
2352665,TDU32856,2025-08-30 16:29:13,Rejected,NULL,1
2352666,TDU32857,2025-08-30 16:38:01,Rejected,NULL,1
2352667,TDU32858,2025-08-30 17:01:14,Rejected,NULL,1
2352668,TDU32859,2025-08-30 17:20:22,Rejected,NULL,1
2352669,TDU32860,2025-08-30 17:35:03,Rejected After Confrmation QA completed,NULL,1
2352670,TDU32861,2025-08-30 17:36:59,Rejected,NULL,1
2352671,TDU32862,2025-08-30 17:43:52,Auto Rejected,NULL,1
2352672,TDU32863,2025-08-30 18:21:14,Rejected,NULL,1
2352673,TDU32864,2025-08-30 18:43:44,Rejected,NULL,1
2352674,TDU32865,2025-08-30 18:49:18,Rejected,NULL,1
2352675,TDU32866,2025-08-30 19:09:21,On Ground,NULL,1
2352676,TDU32867,2025-08-30 19:12:18,Rejected,NULL,1
2352677,TDU32868,2025-08-30 20:06:13,Auto Rejected,NULL,1
2352678,TDU32869,2025-08-30 20:35:20,Rejected,NULL,1
2352679,TDU32870,2025-08-30 20:45:38,Rejected,NULL,1
2352680,TDU32871,2025-08-30 21:08:51,Rejected,NULL,1
2352681,TDU26244G,2025-08-30 21:09:46,Rejected,NULL,1
2352682,TDU32872,2025-08-30 21:35:45,Auto Rejected,NULL,1
2352683,TDU32873,2025-08-30 21:36:36,Accounts - Reconciliation,NULL,1
2352684,TDU32874,2025-08-30 21:56:11,Accounts - Reconciliation,NULL,1
2352685,TDU26245G,2025-08-11 17:06:33,Rejected,NULL,1
2352686,TDU32875,2025-08-30 21:59:37,Rejected,NULL,1
2352687,TDU32876,2025-08-30 22:04:34,Rejected,NULL,1
2352688,TDU32877,2025-08-30 22:23:10,Rejected,NULL,1
2352689,TDU32878,2025-08-30 22:36:31,Rejected,NULL,1
2352690,TDU32879,2025-08-30 22:39:06,Auto Rejected,NULL,1
2352691,TDU32880,2025-08-30 22:46:45,Rejected,NULL,1
2352692,TDU32881,2025-08-30 22:46:47,Rejected,NULL,1
2352693,TDU32882,2025-08-30 22:56:29,Rejected,NULL,1
2352694,TDU32883,2025-08-30 23:13:23,Rejected,NULL,1
2352695,TDU32884,2025-08-30 23:21:37,Rejected,NULL,1
2352696,TDU26246G,2025-09-01 14:49:17,Rejected,NULL,1
2352697,TDU26247G,2025-09-01 14:53:33,Rejected,NULL,1
2352698,TDU26248G,2025-09-01 14:56:44,Rejected,NULL,1
2352699,TDU26249G,2025-09-01 15:02:51,Rejected,NULL,1
2352700,TDU32885,2025-09-01 15:31:13,Rejected,NULL,1
2352701,TDU32886,2025-09-01 15:41:54,Rejected,NULL,1
2352702,TDU32887,2025-09-01 15:47:48,Accounts - Reconciliation,NULL,1
2352703,TDU32888,2025-09-01 15:59:41,Rejected,NULL,1
2352704,TDU32889,2025-09-01 16:52:55,Rejected,NULL,1
2352705,TDU32890,2025-09-01 17:02:54,Rejected,NULL,1
2352706,TDU32891,2025-09-01 17:05:28,Rejected,NULL,1
2352707,TDU32892,2025-09-01 17:30:39,Rejected,NULL,1
2352708,TDU32893,2025-09-01 17:41:10,Rejected,NULL,1
2352709,TDU32894,2025-09-01 17:55:07,Rejected,NULL,1
2352710,TDU32895,2025-09-01 18:18:36,Rejected,NULL,1
2352711,TDU32896,2025-09-01 18:20:13,Rejected,NULL,1
2352712,TDU32897,2025-09-01 18:43:30,Rejected,NULL,1
2352713,TDU26250G,2025-09-01 19:53:19,Rejected,NULL,1
2352714,TDU32898,2025-09-01 19:55:37,Rejected,NULL,1
2352715,TDU32899,2025-09-01 20:01:36,Rejected,NULL,1
2352716,TDU26251G,2025-09-01 20:44:17,Rejected,NULL,1
2352717,TDU26252G,2025-09-01 20:47:35,Rejected,NULL,1
2352718,TDU32900,2025-09-01 21:56:28,Rejected,NULL,1
2352719,TDU32901,2025-09-01 22:26:14,Rejected,NULL,1
2352720,TDU32902,2025-09-01 22:47:54,Rejected,NULL,1
2352721,TDU26253G,2025-09-01 23:04:56,Rejected,NULL,1
2352722,TDU32903,2025-09-01 23:17:57,Rejected,NULL,1
2352723,TDU32904,2025-09-01 23:19:18,Rejected,NULL,1
2352724,TDU32905,2025-09-01 23:24:41,Auto Rejected,NULL,1
2352725,TDU32906,2025-09-01 23:35:10,Auto Rejected,NULL,1
2352726,TDU26254G,2025-09-01 23:43:02,Rejected,NULL,1
2352727,TDU32907,2025-09-02 00:36:14,Rejected,NULL,1
2352728,TDU32908,2025-09-02 00:55:49,Rejected,NULL,1
2352729,TDU32909,2025-09-02 15:23:51,Rejected,NULL,1
2352730,TDU32910,2025-09-02 16:28:03,Auto Rejected,NULL,1
2352731,TDU32911,2025-09-02 16:37:02,Rejected After Confrmation QA pending,NULL,1
2352732,TDU32912,2025-09-02 17:04:50,Accounts - Reconciliation,NULL,1
2352733,TDU26255G,2025-09-02 17:21:48,Auto Rejected,NULL,1
2352734,TDU26256G,2025-09-02 17:40:10,Rejected,NULL,1
2352735,TDU32913,2025-09-02 18:06:29,Rejected,NULL,1
2352736,TDU32914,2025-09-02 18:11:52,Rejected,NULL,1
2352737,TDU32915,2025-09-02 18:37:07,Auto Rejected,NULL,1
2352738,TDU32916,2025-09-02 18:37:36,Rejected,NULL,1
2352739,TDU32917,2025-09-02 19:07:49,Auto Rejected,NULL,1
2352740,TDU26257G,2025-09-02 19:11:56,Rejected,NULL,1
2352741,TDU32918,2025-09-02 19:30:15,Accounts - Reconciliation,NULL,1
2352742,TDU26258G,2025-09-02 19:52:53,Rejected,NULL,1
2352743,TDU32919,2025-09-02 19:53:15,Rejected,NULL,1
2352744,TDU32920,2025-09-02 20:00:06,Rejected,NULL,1
2352745,TDU26259G,2025-09-02 20:54:33,Rejected,NULL,1
2352746,TDU32921,2025-09-02 21:32:25,Rejected,NULL,1
2352747,TDU32922,2025-09-02 21:38:00,Rejected,NULL,1
2352748,TDU32923,2025-09-02 22:10:51,Rejected,NULL,1
2352749,TDU32924,2025-09-02 22:32:49,Rejected,NULL,1
2352750,TDU32925,2025-09-02 23:09:52,Rejected,NULL,1
2352751,TDU32926,2025-09-03 00:16:00,Rejected After Confrmation QA completed,NULL,1
2352752,TDU26260G,2025-09-03 15:51:23,Auto Rejected,NULL,1
2352753,TDU32927,2025-09-03 16:18:16,Rejected,NULL,1
2352754,TDU32928,2025-09-03 17:09:51,Auto Rejected,NULL,1
2352755,TDU26261G,2025-09-03 17:17:04,Auto Rejected,NULL,1
2352756,TDU32929,2025-09-03 18:55:38,Rejected,NULL,1
2352757,TDU32930,2025-09-03 19:06:45,On Ground,NULL,1
2352758,TDU26262G,2025-09-03 19:39:00,Rejected,NULL,1
2352759,TDU32931,2025-09-03 19:43:15,Rejected,NULL,1
2352760,TDU32932,2025-09-03 19:45:42,Rejected,NULL,1
2352761,TDU26263G,2025-09-03 19:58:58,Auto Rejected,NULL,1
2352762,TDU26264G,2025-09-03 20:17:28,Rejected,NULL,1
2352763,TDU32933,2025-09-03 20:18:01,Accounts - Reconciliation,NULL,1
2352764,TDU32934,2025-09-03 20:23:21,On Ground,NULL,1
2352765,TDU32935,2025-09-04 14:55:54,Rejected,NULL,1
2352766,TDU32936,2025-09-04 15:07:26,On Ground,NULL,1
2352767,TDU32937,2025-09-04 16:59:15,Rejected,NULL,1
2352768,TDU32938,2025-09-04 17:14:29,Rejected,NULL,1
2352769,TDU32939,2025-09-04 17:46:03,Rejected,NULL,1
2352770,TDU32940,2025-09-04 17:48:27,Rejected,NULL,1
2352771,TDU32941,2025-09-04 17:57:53,Rejected,NULL,1
2352772,TDU26265G,2025-09-04 18:00:16,Rejected,NULL,1
2352773,TDU32942,2025-09-04 18:05:40,Rejected,NULL,1
2352774,TDU32943,2025-09-04 18:06:34,Rejected,NULL,1
2352775,TDU32944,2025-09-04 18:24:34,Rejected,NULL,1
2352776,TDU26266G,2025-09-04 18:32:24,Rejected,NULL,1
2352777,TDU26267G,2025-09-04 20:06:06,Rejected,NULL,1
2352778,TDU32945,2025-09-04 20:14:01,Accounts - Reconciliation,NULL,1
2352779,TDU26268G,2025-09-04 20:42:21,Auto Rejected,NULL,1
2352780,TDU26269G,2025-09-04 21:04:49,Rejected,NULL,1
2352781,TDU32946,2025-09-04 21:42:23,Rejected,NULL,1
2352782,TDU32947,2025-09-04 21:58:29,Rejected,NULL,1
2352783,TDU26270G,2025-09-04 22:10:58,Auto Rejected,NULL,1
2352784,TDU26271G,2025-09-04 22:31:08,Rejected,NULL,1
2352785,TDU32948,2025-09-04 22:46:18,Rejected,NULL,1
2352786,TDU32949,2025-09-04 22:47:53,Rejected,NULL,1
2352787,TDU32950,2025-09-04 23:24:21,Rejected,NULL,1
2352788,TDU26272G,2025-09-04 23:44:29,Rejected,NULL,1
2352789,TDU32951,2025-09-05 00:13:50,Rejected,NULL,1
2352790,TDU26273G,2025-09-05 00:26:49,Rejected,NULL,1
2352791,TDU26274G,2025-09-05 01:02:13,Rejected,NULL,1
2352792,TDU26275G,2025-09-05 01:11:02,Rejected,NULL,1
2352793,TDU26276G,2025-09-05 01:33:32,Auto Rejected,NULL,1
2352794,TDU26277G,2025-09-05 01:48:02,Rejected,NULL,1
2352795,TDU26278G,2025-09-05 02:00:58,Rejected,NULL,1
2352796,TDU26279G,2025-09-05 15:40:52,Rejected,NULL,1
2352797,TDU32952,2025-09-05 15:57:52,Rejected,NULL,1
2352798,TDU26280G,2025-09-05 15:58:46,Auto Rejected,NULL,1
2352799,TDU32953,2025-09-05 16:16:14,Rejected,NULL,1
2352800,TDU26281G,2025-09-05 16:43:04,Rejected,NULL,1
2352801,TDU26282G,2025-09-05 16:51:54,Rejected,NULL,1
2352802,TDU32954,2025-09-05 16:53:26,Rejected,NULL,1
2352803,TDU32955,2025-09-05 17:10:49,Rejected,NULL,1
2352804,TDU32956,2025-09-05 17:27:26,Rejected,NULL,1
2352805,TDU26283G,2025-09-05 17:35:13,Rejected,NULL,1
2352806,TDU32957,2025-09-05 17:35:17,Auto Rejected,NULL,1
2352807,TDU32958,2025-09-05 17:57:05,Rejected,NULL,1
2352808,TDU26284G,2025-09-05 18:08:32,Rejected,NULL,1
2352809,TDU32959,2025-09-05 18:20:14,Rejected,NULL,1
2352810,TDU26285G,2025-09-05 18:51:00,Rejected,NULL,1
2352811,TDU32960,2025-09-05 19:01:44,Rejected,NULL,1
2352812,TDU26286G,2025-09-05 19:10:39,Rejected,NULL,1
2352813,TDU26287G,2025-09-05 19:28:46,Rejected,NULL,1
2352814,TDU32961,2025-09-05 19:35:44,Rejected,NULL,1
2352815,TDU32962,2025-09-05 19:46:34,Accounts - Reconciliation,NULL,1
2352816,TDU26288G,2025-09-05 20:04:53,Rejected,NULL,1
2352817,TDU32963,2025-09-05 20:31:13,Auto Rejected,NULL,1
2352818,TDU32964,2025-09-05 21:11:05,Rejected,NULL,1
2352819,TDU32965,2025-09-05 21:29:25,Rejected,NULL,1
2352820,TDU32966,2025-09-05 21:40:14,Rejected,NULL,1
2352821,TDU26289G,2025-09-05 21:46:25,Rejected,NULL,1
2352822,TDU26290G,2025-09-05 21:46:28,Rejected,NULL,1
2352823,TDU32967,2025-09-05 22:07:39,Rejected,NULL,1
2352824,TDU32968,2025-09-05 22:17:00,Rejected,NULL,1
2352825,TDU26291G,2025-09-05 22:23:40,Auto Rejected,NULL,1
2352826,TDU32969,2025-09-05 22:32:36,Rejected,NULL,1
2352827,TDU32970,2025-09-05 23:09:15,Rejected,NULL,1
2352828,TDU32971,2025-09-05 23:47:54,Rejected,NULL,1
2352829,TDU32972,2025-09-06 00:06:33,Rejected,NULL,1
2352830,TDU32973,2025-09-06 00:47:08,Rejected,NULL,1
2352831,TDU32974,2025-09-06 01:03:42,Rejected,NULL,1
2352832,TDU32975,2025-09-06 13:47:40,Rejected,NULL,1
2352833,TDU26292G,2025-09-06 14:10:11,Auto Rejected,NULL,1
2352834,TDU32976,2025-09-06 15:18:04,Rejected,NULL,1
2352835,TDU32977,2025-09-06 15:30:34,Rejected,NULL,1
2352836,TDU32978,2025-09-06 16:57:17,Rejected,NULL,1
2352837,TDU32979,2025-09-06 17:31:48,Auto Rejected,NULL,1
2352838,TDU32980,2025-09-06 17:43:59,Rejected,NULL,1
2352839,TDU32981,2025-09-06 18:07:36,Auto Rejected,NULL,1
2352840,TDU32982,2025-09-06 18:15:11,Auto Rejected,NULL,1
2352841,TDU32983,2025-09-06 18:24:12,Rejected,NULL,1
2352842,TDU32984,2025-09-06 18:26:49,Rejected,NULL,1
2352843,TDU32985,2025-09-06 18:33:25,Rejected,NULL,1
2352844,TDU32986,2025-09-06 18:37:35,Rejected,NULL,1
2352845,TDU32987,2025-09-06 19:06:45,Rejected,NULL,1
2352846,TDU32988,2025-09-06 19:30:08,Rejected,NULL,1
2352847,TDU32989,2025-09-06 19:41:29,Rejected,NULL,1
2352848,TDU32990,2025-09-06 20:06:05,Rejected,NULL,1
2352849,TDU32991,2025-09-06 20:07:41,Rejected,NULL,1
2352850,TDU32992,2025-09-06 20:52:25,Rejected,NULL,1
2352851,TDU32993,2025-09-06 20:57:44,Rejected,NULL,1
2352852,TDU32994,2025-09-06 21:12:58,Rejected,NULL,1
2352853,TDU32995,2025-09-06 21:27:24,Rejected,NULL,1
2352854,TDU32996,2025-09-06 21:33:20,Rejected,NULL,1
2352855,TDU32997,2025-09-06 21:56:21,Rejected,NULL,1
2352856,TDU32998,2025-09-06 21:59:49,Rejected,NULL,1
2352857,TDU32999,2025-09-06 22:14:57,On Ground,NULL,1
2352858,TDU33000,2025-09-06 22:27:24,Rejected,NULL,1
2352859,TDU33001,2025-09-06 22:34:43,Rejected,NULL,1
2352860,TDU33002,2025-09-06 22:36:32,Rejected,NULL,1
2352861,TDU33003,2025-09-06 22:39:39,Rejected,NULL,1
2352862,TDU33004,2025-09-06 23:03:18,Rejected,NULL,1
2352863,TDU33005,2025-09-06 23:27:30,Auto Rejected,NULL,1
2352864,TDU33006,2025-09-06 23:32:50,Rejected,NULL,1
2352865,TDU33007,2025-09-06 23:49:54,Accounts - Reconciliation,NULL,1
2352866,TDU33008,2025-09-06 23:53:08,Rejected,NULL,1
2352867,TDU33009,2025-09-07 00:05:06,Rejected,NULL,1
2352868,TDU33010,2025-09-07 00:05:24,Rejected,NULL,1
2352869,TDU26293G,2025-09-07 00:26:03,Auto Rejected,NULL,1
2352870,TDU33011,2025-09-07 00:55:45,Rejected,NULL,1
2352871,TDU33012,2025-09-07 01:09:01,Auto Rejected,NULL,1
2352872,TDU26294G,2025-09-08 10:40:53,Auto Rejected,NULL,1
2352873,TDU26295G,2025-09-08 13:11:52,Rejected,NULL,1
2352874,TDU33013,2025-09-08 14:34:52,Auto Rejected,NULL,1
2352875,TDU33014,2025-09-08 15:50:12,Auto Rejected,NULL,1
2352876,TDU26296G,2025-09-08 16:09:29,Rejected,NULL,1
2352877,TDU33015,2025-09-08 16:28:05,Rejected,NULL,1
2352878,TDU33016,2025-09-08 16:35:38,Rejected,NULL,1
2352879,TDU26297G,2025-09-08 16:40:12,Rejected,NULL,1
2352880,TDU33017,2025-09-08 16:57:15,Rejected,NULL,1
2352881,TDU26298G,2025-09-08 17:00:41,Auto Rejected,NULL,1
2352882,TDU33018,2025-09-08 17:43:36,Rejected,NULL,1
2352883,TDU26299G,2025-09-08 17:56:29,Rejected,NULL,1
2352884,TDU33019,2025-09-08 19:32:31,Rejected,NULL,1
2352885,TDU33020,2025-09-08 19:46:36,Rejected,NULL,1
2352886,TDU33021,2025-09-08 20:06:10,Rejected,NULL,1
2352887,TDU26300G,2025-09-08 20:27:58,Auto Rejected,NULL,1
2352888,TDU33022,2025-09-08 21:05:42,On Ground,NULL,1
2352889,TDU33023,2025-09-08 21:07:44,Rejected,NULL,1
2352890,TDU33024,2025-09-08 21:14:10,Rejected,NULL,1
2352891,TDU33025,2025-09-08 21:16:22,Accounts - Reconciliation,NULL,1
2352892,TDU33026,2025-09-08 22:19:06,Rejected,NULL,1
2352893,TDU33027,2025-09-08 22:27:06,Rejected,NULL,1
2352894,TDU33028,2025-09-08 22:37:08,Rejected,NULL,1
2352895,TDU33029,2025-09-08 22:50:09,Rejected,NULL,1
2352896,TDU33030,2025-09-08 23:05:26,Accounts - Reconciliation,NULL,1
2352897,TDU33031,2025-09-08 23:14:04,Rejected,NULL,1
2352898,TDU33032,2025-09-08 23:15:38,Rejected,NULL,1
2352899,TDU33033,2025-09-08 23:28:37,Rejected,NULL,1
2352900,TDU26301G,2025-09-09 11:31:51,Accepted,NULL,1
2352901,TDU33034,2025-09-09 15:48:26,Rejected,NULL,1
2352902,TDU33035,2025-09-09 16:53:20,Rejected,NULL,1
2352903,TDU33036,2025-09-09 17:34:37,Auto Rejected,NULL,1
2352904,TDU33037,2025-09-09 17:34:57,Rejected,NULL,1
2352905,TDU33038,2025-09-09 17:58:39,Rejected,NULL,1
2352906,TDU33039,2025-09-09 19:53:27,Rejected,NULL,1
2352907,TDU33040,2025-09-09 21:06:57,Rejected,NULL,1
2352908,TDU33041,2025-09-09 21:59:57,Rejected,NULL,1
2352909,TDU33042,2025-09-09 23:02:48,Rejected,NULL,1
2352910,TDU33043,2025-09-09 23:15:47,Auto Rejected,NULL,1
2352911,TDU33044,2025-09-09 23:23:48,Rejected,NULL,1
2352912,TDU26302G,2025-09-10 13:31:19,Auto Rejected,NULL,1
2352913,TDU26303G,2025-09-10 14:32:13,Rejected,NULL,1
2352914,TDU33045,2025-09-10 15:01:09,Accounts - Reconciliation,NULL,1
2352915,TDU33046,2025-09-10 15:31:02,Rejected,NULL,1
2352916,TDU33047,2025-09-10 16:33:12,Rejected,NULL,1
2352917,TDU33048,2025-09-10 16:52:46,Rejected,NULL,1
2352918,TDU26304G,2025-09-10 17:36:15,Rejected,NULL,1
2352919,TDU26305G,2025-09-10 17:49:48,Rejected,NULL,1
2352920,TDU33049,2025-09-10 17:52:47,Rejected,NULL,1
2352921,TDU26306G,2025-09-10 17:59:24,Rejected,NULL,1
2352922,TDU33050,2025-09-10 18:10:46,Rejected,NULL,1
2352923,TDU33051,2025-09-10 18:21:38,Accounts - Reconciliation,NULL,1
2352924,TDU33052,2025-09-10 19:30:33,Rejected,NULL,1
2352925,TDU33053,2025-09-10 19:48:10,Rejected,NULL,1
2352926,TDU33054,2025-09-10 19:58:10,Rejected,NULL,1
2352927,TDU33055,2025-09-10 20:06:08,Rejected,NULL,1
2352928,TDU33056,2025-09-10 20:15:24,Rejected,NULL,1
2352929,TDU33057,2025-09-10 20:34:10,Rejected,NULL,1
2352930,TDU33058,2025-09-10 21:56:05,Rejected,NULL,1
2352931,TDU33059,2025-09-10 22:37:28,Rejected,NULL,1
2352932,TDU33060,2025-09-10 23:20:00,Rejected,NULL,1
2352933,TDU33061,2025-09-10 23:24:09,Rejected,NULL,1
2352934,TDU33062,2025-09-11 00:40:43,Rejected,NULL,1
2352935,TDU26307G,2025-09-11 10:11:39,Auto Rejected,NULL,1
2352936,TDU26308G,2025-09-11 15:19:19,Rejected,NULL,1
2352937,TDU26309G,2025-09-11 15:24:01,Rejected,NULL,1
2352938,TDU33063,2025-09-11 16:04:57,Rejected,NULL,1
2352939,TDU33064,2025-09-11 16:17:28,Rejected,NULL,1
2352940,TDU26310G,2025-09-11 17:00:21,Rejected,NULL,1
2352941,TDU33065,2025-09-11 17:07:17,Rejected,NULL,1
2352942,TDU26311G,2025-09-11 17:18:55,Rejected,NULL,1
2352943,TDU33066,2025-09-11 17:30:00,Rejected,NULL,1
2352944,TDU33067,2025-09-11 17:49:09,Rejected,NULL,1
2352945,TDU26312G,2025-09-11 17:53:31,Rejected,NULL,1
2352946,TDU33068,2025-09-11 18:14:56,Rejected,NULL,1
2352947,TDU33069,2025-09-11 18:16:34,Rejected,NULL,1
2352948,TDU33070,2025-09-11 18:28:25,Rejected,NULL,1
2352949,TDU33071,2025-09-11 18:53:22,Rejected,NULL,1
2352950,TDU33072,2025-09-11 20:36:45,Rejected,NULL,1
2352951,TDU33073,2025-09-11 20:37:47,Rejected,NULL,1
2352952,TDU26313G,2025-09-11 20:37:54,Rejected,NULL,1
2352953,TDU33074,2025-09-11 20:41:06,Auto Rejected,NULL,1
2352954,TDU33075,2025-09-11 20:49:33,Rejected,NULL,1
2352955,TDU33076,2025-09-11 21:22:07,Rejected,NULL,1
2352956,TDU26314G,2025-09-11 21:54:21,Rejected,NULL,1
2352957,TDU33077,2025-09-11 21:56:49,Rejected,NULL,1
2352958,TDU33078,2025-09-11 22:15:46,Rejected,NULL,1
2352959,TDU33079,2025-09-11 22:22:28,Accounts - Reconciliation,NULL,1
2352960,TDU33080,2025-09-11 22:32:14,Rejected,NULL,1
2352961,TDU33081,2025-09-11 22:39:31,Accounts - Reconciliation,NULL,1
2352962,TDU33082,2025-09-11 23:03:11,Rejected,NULL,1
2352963,TDU26315G,2025-09-11 23:06:58,Rejected,NULL,1
2352964,TDU33083,2025-09-11 23:19:29,Rejected After Confrmation QA completed,NULL,1
2352965,TDU33084,2025-09-11 23:19:52,Rejected,NULL,1
2352966,TDU33085,2025-09-12 01:30:07,Auto Rejected,NULL,1
2352967,TDU26316G,2025-09-12 12:15:30,Rejected,NULL,1
2352968,TDU26317G,2025-09-12 14:03:07,Rejected,NULL,1
2352969,TDU33086,2025-09-12 14:41:04,Accounts - Reconciliation,NULL,1
2352970,TDU33087,2025-09-12 15:07:22,Rejected,NULL,1
2352971,TDU33088,2025-09-12 15:39:32,Rejected,NULL,1
2352972,TDU33089,2025-09-12 15:45:28,Rejected,NULL,1
2352973,TDU33090,2025-09-12 15:56:59,Rejected,NULL,1
2352974,TDU33091,2025-09-12 16:24:01,Rejected,NULL,1
2352975,TDU33092,2025-09-12 16:43:43,Rejected,NULL,1
2352976,TDU26318G,2025-09-12 16:47:31,Rejected,NULL,1
2352977,TDU33093,2025-09-12 16:57:29,Rejected,NULL,1
2352978,TDU33094,2025-09-12 17:12:06,Rejected,NULL,1
2352979,TDU33095,2025-09-12 17:18:00,Rejected,NULL,1
2352980,TDU33096,2025-09-12 17:20:35,Rejected,NULL,1
2352981,TDU33097,2025-09-12 17:35:22,Rejected,NULL,1
2352982,TDU33098,2025-09-12 17:38:20,Accounts - Reconciliation,NULL,1
2352983,TDU33099,2025-09-12 19:18:07,Rejected,NULL,1
2352984,TDU33100,2025-09-12 19:47:36,Rejected,NULL,1
2352985,TDU33101,2025-09-12 19:56:43,Rejected,NULL,1
2352986,TDU33102,2025-09-12 20:04:58,Rejected,NULL,1
2352987,TDU33103,2025-09-12 20:23:31,Rejected,NULL,1
2352988,TDU33104,2025-09-12 20:29:07,Rejected,NULL,1
2352989,TDU33105,2025-09-12 20:42:56,Rejected,NULL,1
2352990,TDU33106,2025-09-12 20:57:00,Rejected,NULL,1
2352991,TDU33107,2025-09-12 21:03:13,Rejected,NULL,1
2352992,TDU33108,2025-09-12 21:28:01,Rejected,NULL,1
2352993,TDU33109,2025-09-12 22:02:15,Rejected After Confrmation QA completed,NULL,1
2352994,TDU33110,2025-09-12 22:03:45,Rejected,NULL,1
2352995,TDU33111,2025-09-12 22:30:55,Auto Rejected,NULL,1
2352996,TDU33112,2025-09-12 22:36:06,Rejected,NULL,1
2352997,TDU26319G,2025-09-12 22:37:27,Rejected,NULL,1
2352998,TDU33113,2025-09-12 22:38:56,Rejected,NULL,1
2352999,TDU33114,2025-09-12 22:39:37,Auto Rejected,NULL,1
2353000,TDU33115,2025-09-12 22:42:13,Auto Rejected,NULL,1
2353001,TDU33116,2025-09-12 22:43:23,Auto Rejected,NULL,1
2353002,TDU33117,2025-09-12 22:44:33,Auto Rejected,NULL,1
2353003,TDU33118,2025-09-12 23:03:56,Rejected,NULL,1
2353004,TDU33119,2025-09-12 23:12:29,Rejected,NULL,1
2353005,TDU33120,2025-09-13 15:07:17,Rejected,NULL,1
2353006,TDU33121,2025-09-13 15:23:40,Rejected,NULL,1
2353007,TDU33122,2025-09-13 15:31:42,Rejected,NULL,1
2353008,TDU33123,2025-09-13 15:58:59,Rejected,NULL,1
2353009,TDU26320G,2025-09-13 16:03:24,Auto Rejected,NULL,1
2353010,TDU26321G,2025-09-13 16:29:00,Rejected,NULL,1
2353011,TDU33124,2025-09-13 16:34:08,Auto Rejected,NULL,1
2353012,TDU33125,2025-09-13 17:15:17,Rejected,NULL,1
2353013,TDU33126,2025-09-13 17:34:29,Rejected,NULL,1
2353014,TDU26322G,2025-09-13 18:03:17,Rejected,NULL,1
2353015,TDU33127,2025-09-13 18:15:48,On Ground,NULL,1
2353016,TDU26323G,2025-09-13 18:22:10,On Ground,NULL,1
2353017,TDU33128,2025-09-13 19:50:45,Auto Rejected,NULL,1
2353018,TDU33129,2025-09-13 20:16:39,Auto Rejected,NULL,1
2353019,TDU33130,2025-09-13 20:23:05,Rejected,NULL,1
2353020,TDU33131,2025-09-13 20:53:21,Rejected,NULL,1
2353021,TDU33132,2025-09-13 21:36:21,Accounts - Reconciliation,NULL,1
2353022,TDU26324G,2025-09-13 22:19:09,Rejected,NULL,1
2353023,TDU33133,2025-09-15 15:14:59,Rejected,NULL,1
2353024,TDU33134,2025-09-15 15:21:50,Rejected,NULL,1
2353025,TDU33135,2025-09-15 16:21:40,Rejected,NULL,1
2353026,TDU33136,2025-09-15 18:11:43,Rejected,NULL,1
2353027,TDU33137,2025-09-15 18:13:25,Rejected,NULL,1
2353028,TDU33138,2025-09-15 18:33:31,Rejected,NULL,1
2353029,TDU26325G,2025-09-15 19:04:34,Rejected,NULL,1
2353030,TDU33139,2025-09-15 19:59:02,Rejected,NULL,1
2353031,TDU33140,2025-09-15 20:04:18,Rejected,NULL,1
2353032,TDU33141,2025-09-15 20:26:32,Rejected,NULL,1
2353033,TDU33142,2025-09-15 20:30:14,Rejected,NULL,1
2353034,TDU33143,2025-09-15 20:49:16,Rejected,NULL,1
2353035,TDU33144,2025-09-15 21:53:32,Rejected,NULL,1
2353036,TDU33145,2025-09-15 23:19:29,Accounts - Reconciliation,NULL,1
2353037,TDU33146,2025-09-15 23:29:55,Accounts - Reconciliation,NULL,1
2353038,TDU33147,2025-09-15 23:32:56,PRE QA - pending,NULL,1
2353039,TDU33148,2025-09-16 15:05:11,Rejected,NULL,1
2353040,TDU33149,2025-09-16 15:34:31,Rejected,NULL,1
2353041,TDU33150,2025-09-16 15:51:20,Rejected,NULL,1
2353042,TDU33151,2025-09-16 16:01:43,Rejected,NULL,1
2353043,TDU33152,2025-09-16 16:29:49,Rejected,NULL,1
2353044,TDU33153,2025-09-16 16:43:13,Accounts - Reconciliation,NULL,1
2353045,TDU33154,2025-09-16 17:08:16,Rejected,NULL,1
2353046,TDU33155,2025-09-16 17:29:55,Rejected,NULL,1
2353047,TDU26326G,2025-09-16 17:53:47,Rejected,NULL,1
2353048,TDU33156,2025-09-16 19:08:04,Auto Rejected,NULL,1
2353049,TDU33157,2025-09-16 19:30:26,Rejected,NULL,1
2353050,TDU33158,2025-09-16 20:29:17,Rejected,NULL,1
2353051,TDU33159,2025-09-16 20:41:12,Rejected,NULL,1
2353052,TDU33160,2025-09-16 20:51:22,Rejected,NULL,1
2353053,TDU33161,2025-09-16 21:05:13,Rejected,NULL,1
2353054,TDU33162,2025-09-16 21:32:01,Rejected,NULL,1
2353055,TDU33163,2025-09-16 21:36:01,Rejected,NULL,1
2353056,TDU33164,2025-09-16 21:38:33,Rejected,NULL,1
2353057,TDU33165,2025-09-16 21:48:15,Auto Rejected,NULL,1
2353058,TDU33166,2025-09-16 21:49:47,Rejected,NULL,1
2353059,TDU33167,2025-09-16 22:06:06,Rejected,NULL,1
2353060,TDU33168,2025-09-16 22:11:48,Rejected,NULL,1
2353061,TDU33169,2025-09-16 22:16:26,Rejected,NULL,1
2353062,TDU33170,2025-09-16 22:17:36,Rejected,NULL,1
2353063,TDU33171,2025-09-16 22:37:35,Rejected,NULL,1
2353064,TDU33172,2025-09-16 22:40:56,Rejected,NULL,1
2353065,TDU33173,2025-09-16 22:56:13,Rejected,NULL,1
2353066,TDU33174,2025-09-16 23:03:09,Rejected,NULL,1
2353067,TDU33175,2025-09-16 23:20:11,Rejected,NULL,1
2353068,TDU33176,2025-09-16 23:20:46,Rejected,NULL,1
2353069,TDU26327G,2025-09-17 09:29:15,Accepted,NULL,1
2353070,TDU33177,2025-09-17 09:43:49,Auto Rejected,NULL,1
2353071,TDU26328G,2025-09-17 09:43:49,Auto Rejected,NULL,1
2353072,TDU26329G,2025-09-17 15:10:51,Rejected,NULL,1
2353073,TDU33178,2025-09-17 15:16:40,Rejected,NULL,1
2353074,TDU33179,2025-09-17 15:16:59,Auto Rejected,NULL,1
2353075,TDU33180,2025-09-17 15:41:05,Rejected,NULL,1
2353076,TDU33181,2025-09-17 15:56:08,Rejected,NULL,1
2353077,TDU33182,2025-09-17 15:56:40,Auto Rejected,NULL,1
2353078,TDU26330G,2025-09-17 16:02:12,Auto Rejected,NULL,1
2353079,TDU33183,2025-09-17 16:05:10,Rejected,NULL,1
2353080,TDU26331G,2025-09-17 16:13:05,Rejected,NULL,1
2353081,TDU33184,2025-09-17 16:15:37,Rejected,NULL,1
2353082,TDU26332G,2025-09-17 16:16:06,Rejected,NULL,1
2353083,TDU26333G,2025-09-17 16:35:01,Rejected,NULL,1
2353084,TDU33185,2025-09-17 16:48:34,Rejected,NULL,1
2353085,TDU33186,2025-09-17 16:50:31,Rejected After Confrmation QA pending,NULL,1
2353086,TDU26334G,2025-09-17 17:38:02,Rejected,NULL,1
2353087,TDU26335G,2025-09-17 17:51:12,Auto Rejected,NULL,1
2353088,TDU26336G,2025-09-17 18:01:24,Rejected,NULL,1
2353089,TDU26337G,2025-09-17 18:03:32,Rejected,NULL,1
2353090,TDU26338G,2025-09-17 18:38:13,Rejected,NULL,1
2353091,TDU26339G,2025-09-17 18:41:51,Rejected,NULL,1
2353092,TDU33187,2025-09-17 18:44:48,Rejected,NULL,1
2353093,TDU33188,2025-09-17 19:14:08,Auto Rejected,NULL,1
2353094,TDU33189,2025-09-17 19:15:29,Rejected,NULL,1
2353095,TDU33190,2025-09-17 19:18:39,Rejected,NULL,1
2353096,TDU33191,2025-09-17 19:22:13,Rejected,NULL,1
2353097,TDU33192,2025-09-17 19:49:30,Rejected,NULL,1
2353098,TDU33193,2025-09-17 20:22:28,Auto Rejected,NULL,1
2353099,TDU26340G,2025-09-17 20:28:07,Rejected,NULL,1
2353100,TDU33194,2025-09-17 20:39:52,Rejected,NULL,1
2353101,TDU33195,2025-09-17 20:56:08,Rejected,NULL,1
2353102,TDU33196,2025-09-17 21:27:00,Accounts - Reconciliation,NULL,1
2353103,TDU33197,2025-09-17 22:05:07,Rejected,NULL,1
2353104,TDU26341G,2025-09-17 22:42:30,Rejected,NULL,1
2353105,TDU33198,2025-09-17 22:42:44,Rejected,NULL,1
2353106,TDU33199,2025-09-17 22:46:00,Rejected,NULL,1
2353107,TDU33200,2025-09-17 22:47:39,Rejected,NULL,1
2353108,TDU33201,2025-09-17 23:03:43,Rejected,NULL,1
2353109,TDU33202,2025-09-17 23:05:46,Auto Rejected,NULL,1
2353110,TDU33203,2025-09-17 23:26:48,Rejected,NULL,1
2353111,TDU26342G,2025-09-17 23:47:17,Auto Rejected,NULL,1
2353112,TDU33204,2025-09-18 01:39:20,Auto Rejected,NULL,1
2353113,TDU26343G,2025-09-18 11:20:11,Rejected,NULL,1
2353114,TDU33205,2025-09-18 14:46:12,Auto Rejected,NULL,1
2353115,TDU33206,2025-09-18 15:17:56,Rejected,NULL,1
2353116,TDU33207,2025-09-18 15:30:36,Rejected,NULL,1
2353117,TDU26344G,2025-09-18 16:12:54,Rejected,NULL,1
2353118,TDU33208,2025-09-18 16:24:40,Rejected,NULL,1
2353119,TDU26345G,2025-09-18 16:32:38,Rejected,NULL,1
2353120,TDU33209,2025-09-18 16:33:47,Rejected,NULL,1
2353121,TDU33210,2025-09-18 16:50:23,Rejected,NULL,1
2353122,TDU33211,2025-09-18 17:02:44,Rejected,NULL,1
2353123,TDU33212,2025-09-18 17:03:58,Rejected,NULL,1
2353124,TDU26346G,2025-09-18 17:14:26,Rejected,NULL,1
2353125,TDU33213,2025-09-18 17:36:07,Rejected,NULL,1
2353126,TDU33214,2025-09-18 18:20:38,Rejected,NULL,1
2353127,TDU33215,2025-09-18 18:37:01,Rejected,NULL,1
2353128,TDU33216,2025-09-18 19:25:48,Rejected,NULL,1
2353129,TDU33217,2025-09-18 20:20:57,Rejected,NULL,1
2353130,TDU33218,2025-09-18 21:00:56,Rejected,NULL,1
2353131,TDU26347G,2025-09-18 21:33:03,Rejected,NULL,1
2353132,TDU33219,2025-09-18 21:36:21,Rejected,NULL,1
2353133,TDU33220,2025-09-18 21:54:03,Rejected,NULL,1
2353134,TDU33221,2025-09-18 22:02:30,Rejected,NULL,1
2353135,TDU33222,2025-09-18 22:32:59,Rejected,NULL,1
2353136,TDU33223,2025-09-18 22:40:46,Rejected,NULL,1
2353137,TDU33224,2025-09-18 22:49:05,Rejected,NULL,1
2353138,TDU33225,2025-09-18 23:03:39,Rejected,NULL,1
2353139,TDU33226,2025-09-18 23:06:11,Rejected,NULL,1
2353140,TDU33227,2025-09-18 23:13:34,Rejected,NULL,1
2353141,TDU33228,2025-09-18 23:17:12,Rejected,NULL,1
2353142,TDU33229,2025-09-18 23:24:39,Rejected,NULL,1
2353143,TDU33230,2025-09-19 16:52:06,Auto Rejected,NULL,1
2353144,TDU33231,2025-09-19 17:49:52,Auto Rejected,NULL,1
2353145,TDU33232,2025-09-19 18:14:15,Rejected,NULL,1
2353146,TDU33233,2025-09-19 18:27:54,On Ground,NULL,1
2353147,TDU33234,2025-09-19 19:13:53,Rejected,NULL,1
2353148,TDU26348G,2025-09-19 19:42:08,Rejected,NULL,1
2353149,TDU33235,2025-09-19 19:47:20,Rejected,NULL,1
2353150,TDU33236,2025-09-19 20:31:45,Rejected,NULL,1
2353151,TDU33237,2025-09-19 20:50:18,Rejected,NULL,1
2353152,TDU26349G,2025-09-19 21:09:17,Rejected,NULL,1
2353153,TDU33238,2025-09-19 21:36:37,Auto Rejected,NULL,1
2353154,TDU33239,2025-09-19 22:11:57,Auto Rejected,NULL,1
2353155,TDU33240,2025-09-19 22:19:17,Rejected,NULL,1
2353156,TDU33241,2025-09-19 22:45:06,Auto Rejected,NULL,1
2353157,TDU33242,2025-09-19 22:54:39,Auto Rejected,NULL,1
2353158,TDU33243,2025-09-20 00:01:46,Rejected,NULL,1
2353159,TDU33244,2025-09-20 15:00:26,Rejected After Confrmation QA pending,NULL,1
2353160,TDU33245,2025-09-20 15:21:19,Rejected,NULL,1
2353161,TDU33246,2025-09-20 15:42:03,Rejected,NULL,1
2353162,TDU33247,2025-09-20 16:36:37,Accounts - Reconciliation,NULL,1
2353163,TDU26350G,2025-09-20 16:46:07,Rejected,NULL,1
2353164,TDU33248,2025-09-20 19:04:17,Rejected,NULL,1
2353165,TDU33249,2025-09-20 20:32:51,Rejected,NULL,1
2353166,TDU33250,2025-09-20 20:33:52,Rejected,NULL,1
2353167,TDU33251,2025-09-20 20:56:48,Rejected,NULL,1
2353168,TDU33252,2025-09-20 21:04:49,Rejected,NULL,1
2353169,TDU33253,2025-09-20 21:22:20,Rejected,NULL,1
2353170,TDU33254,2025-09-20 21:28:19,Rejected,NULL,1
2353171,TDU33255,2025-09-20 22:56:50,Rejected,NULL,1
2353172,TDU33256,2025-09-20 23:10:09,Rejected,NULL,1
2353173,TDU33257,2025-09-20 23:16:38,Auto Rejected,NULL,1
2353174,TDU33258,2025-09-20 23:28:14,Rejected,NULL,1
2353175,TDU33259,2025-09-20 23:33:00,Rejected,NULL,1
2353176,TDU33260,2025-09-20 23:50:07,Rejected,NULL,1
2353177,TDU33261,2025-09-21 00:16:13,Rejected,NULL,1
2353178,TDU26351G,2025-09-21 09:45:01,Auto Rejected,NULL,1
2353179,TDU26352G,2025-09-21 09:55:17,Rejected,NULL,1
2353180,TDU26353G,2025-09-21 20:56:22,Auto Rejected,NULL,1
2353181,TDU26354G,2025-09-21 20:57:57,Auto Rejected,NULL,1
2353182,TDU33262,2025-09-21 22:03:39,Auto Rejected,NULL,1
2353183,TDU26355G,2025-09-22 10:05:07,Auto Rejected,NULL,1
2353184,TDU26356G,2025-09-22 10:17:35,Rejected,NULL,1
2353185,TDU26357G,2025-09-22 11:59:21,Rejected,NULL,1
2353186,TDU33263,2025-09-22 14:18:13,Rejected,NULL,1
2353187,TDU26358G,2025-09-22 14:38:25,Rejected,NULL,1
2353188,TDU33264,2025-09-22 15:22:25,Rejected,NULL,1
2353189,TDU33265,2025-09-22 15:51:53,Rejected,NULL,1
2353190,TDU33266,2025-09-22 15:56:13,Rejected,NULL,1
2353191,TDU26359G,2025-09-22 16:57:39,Rejected,NULL,1
2353192,TDU33267,2025-09-22 17:21:22,Auto Rejected,NULL,1
2353193,TDU33268,2025-09-22 17:52:45,Auto Rejected,NULL,1
2353194,TDU33269,2025-09-22 17:57:05,Rejected,NULL,1
2353195,TDU33270,2025-09-22 18:01:13,Rejected,NULL,1
2353196,TDU33271,2025-09-22 18:45:32,PRE QA - completed,NULL,1
2353197,TDU33272,2025-09-22 19:30:13,Auto Rejected,NULL,1
2353198,TDU33273,2025-09-22 21:37:34,Accounts - Reconciliation,NULL,1
2353199,TDU33274,2025-09-22 22:00:22,Auto Rejected,NULL,1
2353200,TDU33275,2025-09-22 22:09:22,Rejected,NULL,1
2353201,TDU33276,2025-09-22 22:31:07,Rejected,NULL,1
2353202,TDU33277,2025-09-22 22:48:15,Rejected,NULL,1
2353203,TDU33278,2025-09-22 22:50:30,Rejected,NULL,1
2353204,TDU33279,2025-09-22 22:55:21,Rejected,NULL,1
2353205,TDU33280,2025-09-22 22:59:47,Rejected,NULL,1
2353206,TDU33281,2025-09-22 23:01:15,Rejected,NULL,1
2353207,TDU33282,2025-09-22 23:05:27,On Ground,NULL,1
2353208,TDU33283,2025-09-22 23:11:56,Rejected,NULL,1
2353209,TDU33284,2025-09-22 23:12:23,Rejected,NULL,1
2353210,TDU33285,2025-09-22 23:29:44,Rejected,NULL,1
2353211,TDU33286,2025-09-22 23:30:42,Rejected,NULL,1
2353212,TDU26360G,2025-09-23 09:43:22,Rejected,NULL,1
2353213,TDU26361G,2025-09-23 10:11:21,Rejected,NULL,1
2353214,TDU26362G,2025-09-23 10:15:35,Auto Rejected,NULL,1
2353215,TDU26363G,2025-09-23 10:41:08,Rejected,NULL,1
2353216,TDU26364G,2025-09-23 11:06:46,Rejected,NULL,1
2353217,TDU26365G,2025-09-23 13:52:37,Rejected,NULL,1
2353218,TDU26366G,2025-09-23 14:24:36,Rejected,NULL,1
2353219,TDU26367G,2025-09-23 14:43:34,Rejected,NULL,1
2353220,TDU33287,2025-09-23 15:20:09,Rejected,NULL,1
2353221,TDU33288,2025-09-23 16:18:08,Rejected,NULL,1
2353222,TDU26368G,2025-09-23 16:55:58,Auto Rejected,NULL,1
2353223,TDU26369G,2025-09-23 16:58:07,Rejected,NULL,1
2353224,TDU33289,2025-09-23 17:23:07,Rejected,NULL,1
2353225,TDU33290,2025-09-23 17:58:33,Auto Rejected,NULL,1
2353226,TDU33291,2025-09-23 18:06:34,Rejected,NULL,1
2353227,TDU26370G,2025-09-23 18:42:33,Auto Rejected,NULL,1
2353228,TDU33292,2025-09-23 19:52:14,Rejected,NULL,1
2353229,TDU33293,2025-09-23 19:57:54,Rejected,NULL,1
2353230,TDU33294,2025-09-23 20:50:13,Accounts - Reconciliation,NULL,1
2353231,TDU33295,2025-09-23 21:16:42,Rejected After Confrmation QA completed,NULL,1
2353232,TDU26371G,2025-09-23 21:19:31,Rejected,NULL,1
2353233,TDU33296,2025-09-23 21:49:28,On Ground,NULL,1
2353234,TDU33297,2025-09-23 22:06:35,Rejected,NULL,1
2353235,TDU33298,2025-09-23 22:17:22,Auto Rejected,NULL,1
2353236,TDU26372G,2025-09-23 22:24:54,Rejected,NULL,1
2353237,TDU33299,2025-09-23 22:39:10,Rejected,NULL,1
2353238,TDU33300,2025-09-23 23:23:58,Rejected,NULL,1
2353239,TDU26373G,2025-09-24 05:27:39,Created,NULL,1
2353240,TDU26374G,2025-09-24 10:22:33,Rejected,NULL,1
2353241,TDU26375G,2025-09-24 11:02:37,Rejected,NULL,1
2353242,TDU33301,2025-09-24 13:19:57,Auto Rejected,NULL,1
2353243,TDU33302,2025-09-24 15:48:20,Auto Rejected,NULL,1
2353244,TDU33303,2025-09-24 16:02:42,Rejected,NULL,1
2353245,TDU33304,2025-09-24 16:17:17,Accounts - Reconciliation,NULL,1
2353246,TDU33305,2025-09-24 17:02:01,Rejected,NULL,1
2353247,TDU33306,2025-09-24 17:51:19,Rejected,NULL,1
2353248,TDU33307,2025-09-24 19:49:56,Auto Rejected,NULL,1
2353249,TDU33308,2025-09-24 20:00:24,On Ground,NULL,1
2353250,TDU33309,2025-09-24 20:31:05,Rejected,NULL,1
2353251,TDU33310,2025-09-24 21:13:29,Rejected,NULL,1
2353252,TDU33311,2025-09-24 21:16:16,Rejected,NULL,1
2353253,TDU33312,2025-09-24 21:19:56,Rejected,NULL,1
2353254,TDU33313,2025-09-24 22:24:11,Rejected,NULL,1
2353255,TDU33314,2025-09-24 22:25:27,Rejected,NULL,1
2353256,TDU33315,2025-09-24 22:25:27,Rejected,NULL,1
2353257,TDU33316,2025-09-24 22:29:38,Rejected,NULL,1
2353258,TDU33317,2025-09-25 15:40:02,Auto Rejected,NULL,1
2353259,TDU26376G,2025-09-25 15:56:26,Rejected,NULL,1
2353260,TDU33318,2025-09-25 15:56:52,Auto Rejected,NULL,1
2353261,TDU33319,2025-09-25 16:03:26,Rejected,NULL,1
2353262,TDU33320,2025-09-25 16:22:35,Rejected,NULL,1
2353263,TDU33321,2025-09-25 16:46:45,Rejected,NULL,1
2353264,TDU33322,2025-09-25 17:31:55,Rejected,NULL,1
2353265,TDU33323,2025-09-25 17:40:10,Rejected After Confrmation QA pending,NULL,1
2353266,TDU33324,2025-09-25 17:43:00,Rejected After Confrmation QA pending,NULL,1
2353267,TDU33325,2025-09-25 17:54:03,Rejected,NULL,1
2353268,TDU33326,2025-09-25 17:55:58,Rejected,NULL,1
2353269,TDU33327,2025-09-25 18:27:38,Rejected,NULL,1
2353270,TDU33328,2025-09-25 18:39:39,Rejected,NULL,1
2353271,TDU26377G,2025-09-25 18:39:51,Auto Rejected,NULL,1
2353272,TDU33329,2025-09-25 19:30:03,Auto Rejected,NULL,1
2353273,TDU33330,2025-09-25 19:54:33,Rejected,NULL,1
2353274,TDU33331,2025-09-25 20:04:30,Rejected,NULL,1
2353275,TDU33332,2025-09-25 20:06:43,Accounts - Reconciliation,NULL,1
2353276,TDU33333,2025-09-25 20:30:18,Rejected,NULL,1
2353277,TDU33334,2025-09-25 21:14:33,Rejected,NULL,1
2353278,TDU33335,2025-09-25 22:11:06,Rejected,NULL,1
2353279,TDU33336,2025-09-25 22:43:41,Accounts - Reconciliation,NULL,1
2353280,TDU33337,2025-09-25 22:47:24,Rejected After Confrmation QA pending,NULL,1
2353281,TDU33338,2025-09-25 23:10:49,Rejected,NULL,1
2353282,TDU33339,2025-09-25 23:25:22,Rejected,NULL,1
2353283,TDU33340,2025-09-25 23:26:43,Rejected,NULL,1
2353284,TDU33341,2025-09-26 15:31:30,Rejected,NULL,1
2353285,TDU33342,2025-09-26 16:25:00,Accounts - Reconciliation,NULL,1
2353286,TDU26378G,2025-09-26 16:58:48,Rejected,NULL,1
2353287,TDU33343,2025-09-26 17:35:55,Rejected,NULL,1
2353288,TDU33344,2025-09-26 19:27:01,Rejected,NULL,1
2353289,TDU33345,2025-09-26 20:30:02,Auto Rejected,NULL,1
2353290,TDU33346,2025-09-26 20:44:30,Rejected,NULL,1
2353291,TDU26379G,2025-09-26 21:54:57,Rejected,NULL,1
2353292,TDU33347,2025-09-26 22:00:25,Rejected,NULL,1
2353293,TDU26380G,2025-09-26 22:25:02,Auto Rejected,NULL,1
2353294,TDU33348,2025-09-26 22:25:59,Rejected,NULL,1
2353295,TDU33349,2025-09-26 22:49:35,Auto Rejected,NULL,1
2353296,TDU33350,2025-09-26 22:59:05,Rejected,NULL,1
2353297,TDU33351,2025-09-26 23:00:59,Rejected,NULL,1
2353298,TDU33352,2025-09-26 23:08:58,Rejected,NULL,1
2353299,TDU33353,2025-09-26 23:18:23,Rejected,NULL,1
2353300,TDU26381G,2025-09-26 23:53:19,Auto Rejected,NULL,1
2353301,TDU26382G,2025-09-27 03:46:53,Rejected,NULL,1
2353302,TDU26383G,2025-09-27 13:31:45,Rejected,NULL,1
2353303,TDU26384G,2025-09-27 14:42:12,Rejected,NULL,1
2353304,TDU26385G,2025-09-27 15:32:21,Rejected,NULL,1
2353305,TDU26386G,2025-09-27 15:35:45,Auto Rejected,NULL,1
2353306,TDU33354,2025-09-27 15:45:09,Accounts - Reconciliation,NULL,1
2353307,TDU33355,2025-09-27 16:29:45,Rejected,NULL,1
2353308,TDU33356,2025-09-27 16:30:46,Rejected,NULL,1
2353309,TDU33357,2025-09-27 16:35:15,Rejected,NULL,1
2353310,TDU33358,2025-09-27 16:48:33,Rejected,NULL,1
2353311,TDU33359,2025-09-27 18:11:18,Rejected,NULL,1
2353312,TDU33360,2025-09-27 20:08:23,Rejected,NULL,1
2353313,TDU33361,2025-09-27 20:22:28,Rejected,NULL,1
2353314,TDU26387G,2025-09-27 20:24:53,Rejected,NULL,1
2353315,TDU33362,2025-09-27 20:37:27,Rejected,NULL,1
2353316,TDU26388G,2025-09-27 21:05:07,Rejected,NULL,1
2353317,TDU33363,2025-09-27 21:12:11,On Ground,NULL,1
2353318,TDU33364,2025-09-27 21:21:28,Rejected,NULL,1
2353319,TDU33365,2025-09-27 21:29:47,Rejected,NULL,1
2353320,TDU33366,2025-09-27 21:32:10,Rejected,NULL,1
2353321,TDU33367,2025-09-27 21:54:02,Rejected After Confrmation QA pending,NULL,1
2353322,TDU26389G,2025-09-27 22:40:30,Rejected,NULL,1
2353323,TDU33368,2025-09-27 22:42:56,Rejected,NULL,1
2353324,TDU33369,2025-09-27 23:02:43,Rejected,NULL,1
2353325,TDU33370,2025-09-27 23:11:12,Rejected,NULL,1
2353326,TDU26390G,2025-09-29 09:58:54,Rejected,NULL,1
2353327,TDU33371,2025-09-29 11:18:19,Auto Rejected,NULL,1
2353328,TDU33372,2025-09-29 13:00:25,On Ground,NULL,1
2353329,TDU26391G,2025-09-29 13:19:04,Auto Rejected,NULL,1
2353330,TDU33373,2025-09-29 15:59:38,Accounts - Reconciliation,NULL,1
2353331,TDU33374,2025-09-29 16:07:18,Rejected,NULL,1
2353332,TDU33375,2025-09-29 17:35:30,Rejected,NULL,1
2353333,TDU26392G,2025-09-29 20:08:30,Rejected,NULL,1
2353334,TDU33376,2025-09-29 20:13:18,Rejected,NULL,1
2353335,TDU33377,2025-09-29 20:25:04,Rejected,NULL,1
2353336,TDU33378,2025-09-29 20:41:34,Rejected,NULL,1
2353337,TDU26393G,2025-09-29 20:41:52,Auto Rejected,NULL,1
2353338,TDU33379,2025-09-29 22:17:58,Rejected,NULL,1
2353339,TDU33380,2025-09-29 22:27:26,Rejected,NULL,1
2353340,TDU33381,2025-09-29 22:34:38,Auto Rejected,NULL,1
2353341,TDU33382,2025-09-29 22:39:51,Rejected,NULL,1
2353342,TDU33383,2025-09-29 22:42:27,Rejected,NULL,1
2353343,TDU33384,2025-09-29 22:45:07,Rejected,NULL,1
2353344,TDU33385,2025-09-29 22:45:28,Rejected,NULL,1
2353345,TDU33386,2025-09-29 22:49:07,Rejected,NULL,1
2353346,TDU33387,2025-09-29 23:28:47,Rejected,NULL,1
2353347,TDU33388,2025-09-30 15:48:41,Rejected,NULL,1
2353348,TDU33389,2025-09-30 15:59:19,Accounts - Reconciliation,NULL,1
2353349,TDU33390,2025-09-30 16:13:03,Rejected After Confrmation QA pending,NULL,1
2353350,TDU33391,2025-09-30 17:18:15,Rejected,NULL,1
2353351,TDU33392,2025-09-30 17:32:39,Rejected,NULL,1
2353352,TDU33393,2025-09-30 17:42:41,Rejected,NULL,1
2353353,TDU26394G,2025-09-30 18:03:23,Rejected,NULL,1
2353354,TDU33394,2025-09-30 19:35:26,Rejected,NULL,1
2353355,TDU33395,2025-09-30 19:41:07,Auto Rejected,NULL,1
2353356,TDU33396,2025-09-30 19:54:00,Auto Rejected,NULL,1
2353357,TDU33397,2025-09-30 20:04:58,Rejected,NULL,1
2353358,TDU33398,2025-09-30 20:48:18,Rejected,NULL,1
2353359,TDU33399,2025-09-30 21:32:37,Accounts - Reconciliation,NULL,1
2353360,TDU33400,2025-09-30 22:25:25,Rejected,NULL,1
2353361,TDU26395G,2025-10-01 10:58:39,Payment Received - Release Vouchers,NULL,1
2353362,TDU33401,2025-10-01 15:19:00,Auto Rejected,NULL,1
2353363,TDU33402,2025-10-01 15:21:46,Rejected,NULL,1
2353364,TDU33403,2025-10-01 15:37:31,Rejected,NULL,1
2353365,TDU33404,2025-10-01 15:57:55,Rejected,NULL,1
2353366,TDU33405,2025-10-01 16:43:40,On Ground,NULL,1
2353367,TDU33406,2025-10-01 19:10:21,Rejected,NULL,1
2353368,TDU33407,2025-10-01 19:16:15,Rejected,NULL,1
2353369,TDU33408,2025-10-01 20:00:37,Rejected,NULL,1
2353370,TDU33409,2025-10-01 20:08:41,Accounts - Reconciliation,NULL,1
2353371,TDU33410,2025-10-01 20:21:41,Rejected After Confrmation QA pending,NULL,1
2353372,TDU33411,2025-10-01 21:03:28,Auto Rejected,NULL,1
2353373,TDU33412,2025-10-01 21:38:45,Rejected,NULL,1
2353374,TDU33413,2025-10-01 21:55:36,Rejected,NULL,1
2353375,TDU33414,2025-10-01 22:36:33,Accounts - Reconciliation,NULL,1
2353376,TDU33415,2025-10-01 22:39:05,Rejected,NULL,1
2353377,TDU33416,2025-10-01 23:20:19,Rejected,NULL,1
2353378,TDU33417,2025-10-01 23:30:12,Rejected,NULL,1
2353379,TDU33418,2025-10-01 23:54:54,Rejected,NULL,1
2353380,TDU33419,2025-10-01 23:56:51,Rejected,NULL,1
2353381,TDU26396G,2025-10-02 09:57:28,Auto Rejected,NULL,1
2353382,TDU26397G,2025-10-02 12:49:35,Rejected,NULL,1
2353383,TDU33420,2025-10-02 15:04:37,Accounts - Reconciliation,NULL,1
2353384,TDU33421,2025-10-02 15:25:36,Rejected,NULL,1
2353385,TDU33422,2025-10-02 15:33:23,Rejected,NULL,1
2353386,TDU33423,2025-10-02 15:54:41,Rejected,NULL,1
2353387,TDU26398G,2025-10-02 16:05:08,Rejected,NULL,1
2353388,TDU33424,2025-10-02 16:43:06,Rejected,NULL,1
2353389,TDU33425,2025-10-02 17:15:50,Rejected,NULL,1
2353390,TDU33426,2025-10-02 17:41:38,Rejected,NULL,1
2353391,TDU33427,2025-10-02 17:56:15,Rejected,NULL,1
2353392,TDU33428,2025-10-02 18:32:04,Rejected,NULL,1
2353393,TDU26399G,2025-10-02 19:06:32,Rejected,NULL,1
2353394,TDU26400G,2025-10-02 19:08:38,Rejected,NULL,1
2353395,TDU26401G,2025-10-02 19:11:12,Rejected,NULL,1
2353396,TDU26402G,2025-10-02 19:14:18,Rejected,NULL,1
2353397,TDU26403G,2025-10-02 19:15:57,Rejected,NULL,1
2353398,TDU26404G,2025-10-02 19:23:49,Rejected,NULL,1
2353399,TDU26405G,2025-10-02 19:26:36,Rejected,NULL,1
2353400,TDU26406G,2025-10-02 19:27:43,Rejected,NULL,1
2353401,TDU26407G,2025-10-02 19:29:40,Rejected,NULL,1
2353402,TDU26408G,2025-10-03 09:46:53,Auto Rejected,NULL,1
2353403,TDU33429,2025-10-03 11:48:17,Auto Rejected,NULL,1
2353404,TDU33430,2025-10-03 19:03:54,Accounts - Reconciliation,NULL,1
2353405,TDU33431,2025-10-03 21:14:43,Auto Rejected,NULL,1
2353406,TDU33432,2025-10-03 21:41:20,Accounts - Reconciliation,NULL,1
2353407,TDU33433,2025-10-04 16:50:31,Rejected,NULL,1
2353408,TDU33434,2025-10-04 16:56:16,Rejected,NULL,1
2353409,TDU33435,2025-10-04 17:04:14,Rejected,NULL,1
2353410,TDU33436,2025-10-04 17:17:21,Rejected,NULL,1
2353411,TDU33437,2025-10-04 17:50:23,Rejected,NULL,1
2353412,TDU33438,2025-10-04 19:41:44,Rejected,NULL,1
2353413,TDU33439,2025-10-04 20:11:02,Rejected,NULL,1
2353414,TDU33440,2025-10-04 20:24:56,Rejected,NULL,1
2353415,TDU33441,2025-10-04 20:41:26,Rejected,NULL,1
2353416,TDU33442,2025-10-04 20:41:53,Rejected,NULL,1
2353417,TDU33443,2025-10-04 21:05:40,Rejected,NULL,1
2353418,TDU33444,2025-10-04 21:08:15,Rejected,NULL,1
2353419,TDU33445,2025-10-04 22:11:53,Rejected,NULL,1
2353420,TDU26409G,2025-10-06 11:00:26,Rejected,NULL,1
2353421,TDU26410G,2025-10-06 11:05:13,Rejected,NULL,1
2353422,TDU26411G,2025-10-06 12:12:35,Rejected,NULL,1
2353423,TDU33446,2025-10-06 14:44:52,Accounts - Reconciliation,NULL,1
2353424,TDU33447,2025-10-06 16:10:35,Rejected,NULL,1
2353425,TDU33448,2025-10-06 17:21:54,Rejected,NULL,1
2353426,TDU33449,2025-10-06 17:36:55,Rejected After Confrmation QA pending,NULL,1
2353427,TDU33450,2025-10-06 18:15:57,Accounts - Reconciliation,NULL,1
2353428,TDU33451,2025-10-06 18:55:46,Rejected,NULL,1
2353429,TDU33452,2025-10-06 19:00:04,Accounts - Reconciliation,NULL,1
2353430,TDU33453,2025-10-06 19:26:30,Rejected,NULL,1
2353431,TDU33454,2025-10-06 19:44:08,Rejected,NULL,1
2353432,TDU33455,2025-10-06 20:32:41,Rejected,NULL,1
2353433,TDU26412G,2025-10-06 20:54:16,Auto Rejected,NULL,1
2353434,TDU33456,2025-10-06 21:17:19,Rejected,NULL,1
2353435,TDU33457,2025-10-06 22:09:04,Accounts - Reconciliation,NULL,1
2353436,TDU33458,2025-10-06 22:52:13,Accounts - Reconciliation,NULL,1
2353437,TDU33459,2025-10-06 22:58:58,Rejected,NULL,1
2353438,TDU33460,2025-10-06 23:07:00,Auto Rejected,NULL,1
2353439,TDU33461,2025-10-06 23:08:17,On Ground,NULL,1
2353440,TDU33462,2025-10-06 23:18:29,Rejected,NULL,1
2353441,TDU33463,2025-10-06 23:33:47,Rejected,NULL,1
2353442,TDU33464,2025-10-06 23:39:47,Rejected,NULL,1
2353443,TDU26413G,2025-10-07 10:53:41,Rejected,NULL,1
2353444,TDU26414G,2025-10-07 11:09:37,Rejected,NULL,1
2353445,TDU33465,2025-10-07 12:46:15,Auto Rejected,NULL,1
2353446,TDU33466,2025-10-07 13:14:55,Accounts - Reconciliation,NULL,1
2353447,TDU33467,2025-10-07 13:20:04,Rejected,NULL,1
2353448,TDU33468,2025-10-07 15:01:42,Rejected,NULL,1
2353449,TDU33469,2025-10-07 16:01:04,Accounts - Reconciliation,NULL,1
2353450,TDU33470,2025-10-07 17:12:57,Rejected,NULL,1
2353451,TDU33471,2025-10-07 19:52:49,Rejected,NULL,1
2353452,TDU33472,2025-10-07 20:17:32,Auto Rejected,NULL,1
2353453,TDU33473,2025-10-07 20:31:09,Rejected,NULL,1
2353454,TDU33474,2025-10-07 21:03:08,Rejected,NULL,1
2353455,TDU26415G,2025-10-07 21:38:37,Rejected,NULL,1
2353456,TDU33475,2025-10-07 22:05:15,Rejected,NULL,1
2353457,TDU33476,2025-10-07 22:18:45,Rejected,NULL,1
2353458,TDU33477,2025-10-07 22:20:49,Auto Rejected,NULL,1
2353459,TDU33478,2025-10-07 22:23:34,Rejected,NULL,1
2353460,TDU33479,2025-10-07 23:15:29,Rejected,NULL,1
2353461,TDU33480,2025-10-07 23:35:02,Rejected,NULL,1
2353462,TDU33481,2025-10-07 23:44:21,Accounts - Reconciliation,NULL,1
2353463,TDU33482,2025-10-08 00:11:58,Rejected,NULL,1
2353464,TDU26416G,2025-10-08 11:49:50,PRE QA - pending,NULL,1
2353465,TDU33483,2025-10-08 15:07:43,Rejected After Confrmation QA completed,NULL,1
2353466,TDU33484,2025-10-08 15:57:55,Rejected,NULL,1
2353467,TDU33485,2025-10-08 16:00:15,Rejected,NULL,1
2353468,TDU33486,2025-10-08 16:22:29,Accounts - Reconciliation,NULL,1
2353469,TDU26417G,2025-10-08 16:32:41,Auto Rejected,NULL,1
2353470,TDU33487,2025-10-08 19:39:05,Rejected,NULL,1
2353471,TDU33488,2025-10-08 19:57:29,Rejected,NULL,1
2353472,TDU33489,2025-10-08 20:25:33,Rejected,NULL,1
2353473,TDU33490,2025-10-08 20:29:01,Rejected,NULL,1
2353474,TDU33491,2025-10-08 20:40:26,Rejected,NULL,1
2353475,TDU33492,2025-10-08 21:01:37,Accounts - Reconciliation,NULL,1
2353476,TDU33493,2025-10-08 21:07:46,Accounts - Reconciliation,NULL,1
2353477,TDU33494,2025-10-08 21:29:35,Rejected,NULL,1
2353478,TDU26418G,2025-10-08 22:14:33,Rejected,NULL,1
2353479,TDU33495,2025-10-08 22:43:30,Rejected,NULL,1
2353480,TDU33496,2025-10-08 23:13:42,Rejected,NULL,1
2353481,TDU33497,2025-10-08 23:19:51,Rejected,NULL,1
2353482,TDU33498,2025-10-08 23:23:26,Rejected,NULL,1
2353483,TDU33499,2025-10-08 23:25:54,Rejected,NULL,1
2353484,TDU33500,2025-10-08 23:59:23,Rejected,NULL,1
2353485,TDU26419G,2025-10-09 11:19:20,Auto Rejected,NULL,1
2353486,TDU26420G,2025-10-09 11:57:32,Rejected,NULL,1
2353487,TDU26421G,2025-10-09 12:08:42,Rejected,NULL,1
2353488,TDU26422G,2025-10-09 12:38:37,Rejected,NULL,1
2353489,TDU33501,2025-10-09 16:12:55,Accounts - Reconciliation,NULL,1
2353490,TDU33502,2025-10-09 17:13:22,Rejected,NULL,1
2353491,TDU33503,2025-10-09 17:16:10,Accounts - Reconciliation,NULL,1
2353492,TDU33504,2025-10-09 17:36:44,Rejected,NULL,1
2353493,TDU33505,2025-10-09 18:46:39,Rejected,NULL,1
2353494,TDU26423G,2025-10-09 19:26:34,Rejected,NULL,1
2353495,TDU33506,2025-10-09 20:50:21,Rejected,NULL,1
2353496,TDU33507,2025-10-09 20:58:26,Accounts - Reconciliation,NULL,1
2353497,TDU33508,2025-10-09 21:00:38,Rejected,NULL,1
2353498,TDU33509,2025-10-09 21:11:34,Rejected,NULL,1
2353499,TDU33510,2025-10-09 21:36:02,Rejected,NULL,1
2353500,TDU33511,2025-10-09 21:52:53,Rejected,NULL,1
2353501,TDU33512,2025-10-09 22:05:10,Rejected,NULL,1
2353502,TDU26424G,2025-10-10 11:52:11,Rejected,NULL,1
2353503,TDU26425G,2025-10-10 13:00:13,Rejected,NULL,1
2353504,TDU26426G,2025-10-10 14:08:46,Rejected,NULL,1
2353505,TDU33513,2025-10-10 15:36:26,Accounts - Reconciliation,NULL,1
2353506,TDU33514,2025-10-10 16:07:58,Rejected,NULL,1
2353507,TDU33515,2025-10-10 16:43:50,Rejected,NULL,1
2353508,TDU33516,2025-10-10 16:58:16,Rejected,NULL,1
2353509,TDU33517,2025-10-10 17:54:44,Rejected,NULL,1
2353510,TDU33518,2025-10-10 19:25:54,Rejected,NULL,1
2353511,TDU33519,2025-10-10 20:04:35,Rejected,NULL,1
2353512,TDU33520,2025-10-10 21:00:18,Rejected,NULL,1
2353513,TDU33521,2025-10-10 21:37:42,Rejected,NULL,1
2353514,TDU33522,2025-10-10 21:45:40,Rejected,NULL,1
2353515,TDU33523,2025-10-10 22:03:37,Rejected,NULL,1
2353516,TDU33524,2025-10-10 22:50:45,Rejected,NULL,1
2353517,TDU33525,2025-10-10 23:00:43,Rejected,NULL,1
2353518,TDU33526,2025-10-10 23:55:42,Rejected,NULL,1
2353519,TDU33527,2025-10-11 00:03:19,Rejected,NULL,1
2353520,TDU33528,2025-10-11 00:15:48,Rejected,NULL,1
2353521,TDU33529,2025-10-11 16:07:31,Rejected,NULL,1
2353522,TDU33530,2025-10-11 16:10:26,Rejected,NULL,1
2353523,TDU33531,2025-10-11 16:39:45,Accounts - Reconciliation,NULL,1
2353524,TDU33532,2025-10-11 17:54:57,Rejected,NULL,1
2353525,TDU33533,2025-10-11 19:20:08,Rejected,NULL,1
2353526,TDU33534,2025-10-11 19:49:26,Rejected,NULL,1
2353527,TDU33535,2025-10-11 20:28:16,Accounts - Reconciliation,NULL,1
2353528,TDU33536,2025-10-11 20:46:17,Rejected,NULL,1
2353529,TDU33537,2025-10-11 21:14:52,Rejected,NULL,1
2353530,TDU33538,2025-10-11 22:28:42,Rejected,NULL,1
2353531,TDU26427G,2025-10-13 11:53:45,Rejected,NULL,1
2353532,TDU33539,2025-10-13 15:48:35,Rejected,NULL,1
2353533,TDU26428G,2025-10-13 16:39:01,Auto Rejected,NULL,1
2353534,TDU33540,2025-10-13 18:40:55,Auto Rejected,NULL,1
2353535,TDU33541,2025-10-13 18:42:00,Rejected,NULL,1
2353536,TDU33542,2025-10-13 18:48:41,Rejected,NULL,1
2353537,TDU33543,2025-10-13 19:50:36,Rejected,NULL,1
2353538,TDU26429G,2025-10-13 20:27:23,Rejected,NULL,1
2353539,TDU26430G,2025-10-13 21:08:10,Rejected,NULL,1
2353540,TDU33544,2025-10-13 21:10:23,Accounts - Reconciliation,NULL,1
2353541,TDU33545,2025-10-13 21:13:29,Rejected After Confrmation QA completed,NULL,1
2353542,TDU33546,2025-10-13 21:30:50,Rejected,NULL,1
2353543,TDU33547,2025-10-13 21:57:12,Rejected,NULL,1
2353544,TDU33548,2025-10-13 22:19:08,Rejected,NULL,1
2353545,TDU33549,2025-10-13 22:21:48,Rejected,NULL,1
2353546,TDU33550,2025-10-13 23:21:31,Rejected,NULL,1
2353547,TDU33551,2025-10-13 23:42:30,Rejected,NULL,1
2353548,TDU26431G,2025-10-14 11:29:50,Rejected,NULL,1
2353549,TDU33552,2025-10-14 16:13:01,Rejected,NULL,1
2353550,TDU33553,2025-10-14 17:30:54,Auto Rejected,NULL,1
2353551,TDU33554,2025-10-14 17:42:02,Accounts - Reconciliation,NULL,1
2353552,TDU33555,2025-10-14 20:57:28,On Ground,NULL,1
2353553,TDU33556,2025-10-14 21:14:20,Accounts - Reconciliation,NULL,1
2353554,TDU33557,2025-10-14 21:15:29,Rejected After Confrmation QA completed,NULL,1
2353555,TDU33558,2025-10-14 22:22:00,Rejected,NULL,1
2353556,TDU33559,2025-10-14 22:36:32,On Ground,NULL,1
2353557,TDU33560,2025-10-14 23:05:40,Rejected,NULL,1
2353558,TDU33561,2025-10-14 23:33:33,Rejected,NULL,1
2353559,TDU33562,2025-10-14 23:42:28,Rejected,NULL,1
2353560,TDU33563,2025-10-15 00:00:00,Rejected,NULL,1
2353561,TDU26432G,2025-10-15 13:00:21,Rejected,NULL,1
2353562,TDU26433G,2025-10-15 13:19:39,Rejected,NULL,1
2353563,TDU26434G,2025-10-15 15:05:22,Rejected,NULL,1
2353564,TDU26435G,2025-10-15 15:11:24,Rejected,NULL,1
2353565,TDU33564,2025-10-15 16:29:53,On Ground,NULL,1
2353566,TDU33565,2025-10-15 17:30:02,Auto Rejected,NULL,1
2353567,TDU26436G,2025-10-15 17:30:02,Rejected,NULL,1
2353568,TDU33566,2025-10-15 17:45:31,Accounts - Reconciliation,NULL,1
2353569,TDU33567,2025-10-15 21:17:16,Rejected,NULL,1
2353570,TDU33568,2025-10-15 21:44:35,Rejected,NULL,1
2353571,TDU33569,2025-10-15 21:46:40,Rejected,NULL,1
2353572,TDU33570,2025-10-15 22:38:29,Rejected,NULL,1
2353573,TDU33571,2025-10-15 23:00:53,Auto Rejected,NULL,1
2353574,TDU33572,2025-10-15 23:09:49,Accounts - Reconciliation,NULL,1
2353575,TDU33573,2025-10-15 23:35:09,Accounts - Reconciliation,NULL,1
2353576,TDU26437G,2025-10-15 23:53:44,Auto Rejected,NULL,1
2353577,TDU26438G,2025-10-16 12:55:19,Rejected,NULL,1
2353578,TDU26439G,2025-10-16 13:23:28,Created,NULL,1
2353579,TDU33574,2025-10-16 16:58:13,Rejected,NULL,1
2353580,TDU26440G,2025-10-16 17:50:50,Rejected,NULL,1
2353581,TDU33575,2025-10-16 18:36:35,Accounts - Reconciliation,NULL,1
2353582,TDU33576,2025-10-16 18:42:31,Rejected,NULL,1
2353583,TDU33577,2025-10-16 18:55:06,Rejected,NULL,1
2353584,TDU26441G,2025-10-16 20:09:00,Auto Rejected,NULL,1
2353585,TDU33578,2025-10-16 20:17:30,Rejected,NULL,1
2353586,TDU33579,2025-10-16 20:35:56,Rejected,NULL,1
2353587,TDU26442G,2025-10-16 20:47:34,Auto Rejected,NULL,1
2353588,TDU33580,2025-10-16 22:03:12,Rejected,NULL,1
2353589,TDU26443G,2025-10-16 22:30:07,Rejected,NULL,1
2353590,TDU26444G,2025-10-16 22:38:55,Rejected,NULL,1
2353591,TDU26445G,2025-10-16 22:41:41,Auto Rejected,NULL,1
2353592,TDU33581,2025-10-16 23:02:13,Rejected,NULL,1
2353593,TDU33582,2025-10-16 23:16:19,Rejected,NULL,1
2353594,TDU33583,2025-10-16 23:23:22,Auto Rejected,NULL,1
2353595,TDU33584,2025-10-16 23:26:46,On Ground,NULL,1
2353596,TDU33585,2025-10-16 23:41:02,Accounts - Reconciliation,NULL,1
2353597,TDU33586,2025-10-16 23:46:06,Rejected,NULL,1
2353598,TDU33587,2025-10-17 00:04:20,Accounts - Reconciliation,NULL,1
2353599,TDU33588,2025-10-17 00:15:13,Rejected,NULL,1
2353600,TDU33589,2025-10-17 12:03:21,Rejected,NULL,1
2353601,TDU26446G,2025-10-17 17:46:34,Rejected,NULL,1
2353602,TDU33590,2025-10-17 17:49:08,Rejected,NULL,1
2353603,TDU33591,2025-10-17 18:28:59,Rejected,NULL,1
2353604,TDU33592,2025-10-17 18:37:03,Rejected,NULL,1
2353605,TDU33593,2025-10-17 18:37:29,Rejected,NULL,1
2353606,TDU33594,2025-10-17 18:52:55,Rejected,NULL,1
2353607,TDU33595,2025-10-17 19:18:03,Accounts - Reconciliation,NULL,1
2353608,TDU33596,2025-10-17 19:47:10,Rejected,NULL,1
2353609,TDU33597,2025-10-17 21:19:40,Rejected,NULL,1
2353610,TDU33598,2025-10-17 21:20:14,Rejected,NULL,1
2353611,TDU33599,2025-10-17 21:42:58,Rejected,NULL,1
2353612,TDU33600,2025-10-17 21:44:31,Auto Rejected,NULL,1
2353613,TDU33601,2025-10-17 22:13:39,Rejected,NULL,1
2353614,TDU33602,2025-10-17 22:26:42,Rejected,NULL,1
2353615,TDU33603,2025-10-17 22:45:55,Auto Rejected,NULL,1
2353616,TDU33604,2025-10-17 23:20:21,Accounts - Reconciliation,NULL,1
2353617,TDU33605,2025-10-17 23:25:04,Rejected,NULL,1
2353618,TDU33606,2025-10-18 00:21:20,Auto Rejected,NULL,1
2353619,TDU33607,2025-10-18 16:22:56,Auto Rejected,NULL,1
2353620,TDU33608,2025-10-18 17:35:02,Rejected,NULL,1
2353621,TDU33609,2025-10-18 18:35:06,Rejected,NULL,1
2353622,TDU33610,2025-10-18 20:39:26,Rejected,NULL,1
2353623,TDU33611,2025-10-18 21:27:36,On Ground,NULL,1
2353624,TDU33612,2025-10-18 21:33:41,Rejected,NULL,1
2353625,TDU33613,2025-10-18 21:44:49,Rejected,NULL,1
2353626,TDU33614,2025-10-18 21:57:34,Rejected,NULL,1
2353627,TDU33615,2025-10-18 22:05:50,Rejected,NULL,1
2353628,TDU33616,2025-10-18 22:13:03,Rejected,NULL,1
2353629,TDU33617,2025-10-18 22:19:26,Rejected,NULL,1
2353630,TDU33618,2025-10-18 23:06:46,Rejected,NULL,1
2353631,TDU33619,2025-10-18 23:25:48,Rejected,NULL,1
2353632,TDU26447G,2025-10-20 04:58:48,Rejected,NULL,1
2353633,TDU26448G,2025-10-20 07:00:35,Rejected,NULL,1
2353634,TDU26449G,2025-10-20 07:34:57,Rejected,NULL,1
2353635,TDU26450G,2025-10-20 08:35:52,Rejected,NULL,1
2353636,TDU26451G,2025-10-20 09:51:32,Created,NULL,1
2353637,TDU33620,2025-10-20 11:18:23,Auto Rejected,NULL,1
2353638,TDU26452G,2025-10-20 11:26:18,Auto Rejected,NULL,1
2353639,TDU33621,2025-10-20 17:09:26,Accounts - Reconciliation,NULL,1
2353640,TDU33622,2025-10-21 16:28:28,Rejected,NULL,1
2353641,TDU33623,2025-10-21 17:33:30,Rejected,NULL,1
2353642,TDU33624,2025-10-21 17:37:12,Rejected,NULL,1
2353643,TDU33625,2025-10-21 17:55:00,On Ground,NULL,1
2353644,TDU33626,2025-10-21 18:15:37,Rejected,NULL,1
2353645,TDU33627,2025-10-21 18:47:41,Rejected,NULL,1
2353646,TDU33628,2025-10-21 19:04:31,Auto Rejected,NULL,1
2353647,TDU33629,2025-10-21 19:28:33,Rejected,NULL,1
2353648,TDU33630,2025-10-21 20:06:38,Rejected,NULL,1
2353649,TDU33631,2025-10-21 20:36:23,Rejected,NULL,1
2353650,TDU33632,2025-10-21 20:40:49,Rejected,NULL,1
2353651,TDU33633,2025-10-21 21:59:07,Rejected,NULL,1
2353652,TDU33634,2025-10-21 22:13:05,Rejected,NULL,1
2353653,TDU33635,2025-10-21 22:26:53,Rejected,NULL,1
2353654,TDU33636,2025-10-21 23:23:28,Rejected,NULL,1
2353655,TDU33637,2025-10-22 11:00:19,On Ground,NULL,1
2353656,TDU33638,2025-10-22 16:39:03,Auto Rejected,NULL,1
2353657,TDU33639,2025-10-22 17:16:27,Rejected,NULL,1
2353658,TDU33640,2025-10-22 17:24:00,Rejected,NULL,1
2353659,TDU33641,2025-10-22 19:22:10,Rejected,NULL,1
2353660,TDU33642,2025-10-22 21:05:40,On Ground,NULL,1
2353661,TDU26453G,2025-10-22 21:17:08,Rejected,NULL,1
2353662,TDU33643,2025-10-22 21:18:59,Rejected,NULL,1
2353663,TDU26454G,2025-10-22 21:26:29,Rejected,NULL,1
2353664,TDU33644,2025-10-22 21:28:50,Auto Rejected,NULL,1
2353665,TDU33645,2025-10-22 21:58:41,Rejected,NULL,1
2353666,TDU33646,2025-10-22 22:32:33,Rejected,NULL,1
2353667,TDU33647,2025-10-22 22:44:08,Rejected,NULL,1
2353668,TDU33648,2025-10-22 23:03:04,Rejected,NULL,1
2353669,TDU33649,2025-10-22 23:13:53,Rejected,NULL,1
2353670,TDU33650,2025-10-22 23:22:50,Rejected,NULL,1
2353671,TDU33651,2025-10-22 23:30:23,Rejected,NULL,1
2353672,TDU33652,2025-10-22 23:33:00,Auto Rejected,NULL,1
2353673,TDU33653,2025-10-22 23:35:30,Rejected,NULL,1
2353674,TDU33654,2025-10-22 23:38:01,Rejected,NULL,1
2353675,TDU33655,2025-10-22 23:56:43,Rejected,NULL,1
2353676,TDU33656,2025-10-23 00:18:12,Rejected,NULL,1
2353677,TDU33657,2025-10-23 10:48:31,Rejected,NULL,1
2353678,TDU26455G,2025-10-23 15:05:18,Rejected,NULL,1
2353679,TDU33658,2025-10-23 18:38:48,Rejected,NULL,1
2353680,TDU33659,2025-10-23 19:07:44,Rejected,NULL,1
2353681,TDU33660,2025-10-23 19:13:42,Rejected,NULL,1
2353682,TDU33661,2025-10-23 19:23:28,Rejected,NULL,1
2353683,TDU33662,2025-10-23 20:20:42,On Ground,NULL,1
2353684,TDU33663,2025-10-23 20:21:00,Rejected,NULL,1
2353685,TDU33664,2025-10-23 21:05:53,Accounts - Reconciliation,NULL,1
2353686,TDU33665,2025-10-23 22:28:17,Accounts - Reconciliation,NULL,1
2353687,TDU33666,2025-10-23 22:30:35,Accounts - Reconciliation,NULL,1
2353688,TDU33667,2025-10-23 22:49:08,Rejected After Confrmation QA pending,NULL,1
2353689,TDU33668,2025-10-23 23:15:27,Rejected,NULL,1
2353690,TDU33669,2025-10-23 23:28:23,Rejected,NULL,1
2353691,TDU33670,2025-10-23 23:29:28,Rejected,NULL,1
2353692,TDU33671,2025-10-24 16:06:55,Rejected,NULL,1
2353693,TDU33672,2025-10-24 17:09:34,Rejected,NULL,1
2353694,TDU33673,2025-10-24 17:20:03,Rejected,NULL,1
2353695,TDU26456G,2025-10-24 18:11:55,Rejected,NULL,1
2353696,TDU33674,2025-10-24 19:04:59,Rejected,NULL,1
2353697,TDU33675,2025-10-24 20:01:27,Rejected,NULL,1
2353698,TDU33676,2025-10-24 20:28:43,Accounts - Reconciliation,NULL,1
2353699,TDU33677,2025-10-24 22:22:04,Rejected,NULL,1
2353700,TDU33678,2025-10-25 15:52:24,Rejected,NULL,1
2353701,TDU33679,2025-10-25 17:28:17,Accounts - Reconciliation,NULL,1
2353702,TDU33680,2025-10-25 18:19:52,On Ground,NULL,1
2353703,TDU33681,2025-10-25 18:47:28,Rejected,NULL,1
2353704,TDU33682,2025-10-25 19:31:25,Accounts - Reconciliation,NULL,1
2353705,TDU33683,2025-10-25 22:05:42,Rejected,NULL,1
2353706,TDU33684,2025-10-25 22:27:26,Auto Rejected,NULL,1
2353707,TDU26457G,2025-10-25 22:42:07,Rejected,NULL,1
2353708,TDU33685,2025-10-26 00:05:27,Rejected,NULL,1
2353709,TDU33686,2025-10-26 00:08:31,Rejected,NULL,1
2353710,TDU26458G,2025-10-27 09:42:37,Auto Rejected,NULL,1
2353711,TDU26459G,2025-10-27 10:11:56,Auto Rejected,NULL,1
2353712,TDU33687,2025-10-27 10:42:48,Auto Rejected,NULL,1
2353713,TDU33688,2025-10-27 16:55:31,Rejected,NULL,1
2353714,TDU33689,2025-10-27 16:57:38,On Ground,NULL,1
2353715,TDU26460G,2025-10-27 17:14:15,Rejected,NULL,1
2353716,TDU33690,2025-10-27 17:27:18,Rejected,NULL,1
2353717,TDU33691,2025-10-27 17:49:28,Rejected,NULL,1
2353718,TDU33692,2025-10-27 18:25:46,Rejected,NULL,1
2353719,TDU33693,2025-10-27 18:51:07,Rejected,NULL,1
2353720,TDU33694,2025-10-27 19:27:12,Rejected,NULL,1
2353721,TDU33695,2025-10-27 20:56:35,Rejected,NULL,1
2353722,TDU33696,2025-10-27 21:12:50,Rejected,NULL,1
2353723,TDU33697,2025-10-27 21:13:29,Rejected,NULL,1
2353724,TDU33698,2025-10-27 21:29:22,Rejected,NULL,1
2353725,TDU33699,2025-10-27 21:44:25,Rejected,NULL,1
2353726,TDU33700,2025-10-27 21:54:18,Rejected After Confrmation QA pending,NULL,1
2353727,TDU33701,2025-10-27 21:55:46,Rejected,NULL,1
2353728,TDU26461G,2025-10-27 22:09:48,Rejected,NULL,1
2353729,TDU26462G,2025-10-27 22:25:08,Auto Rejected,NULL,1
2353730,TDU33702,2025-10-27 22:33:27,Rejected,NULL,1
2353731,TDU33703,2025-10-27 22:54:07,Rejected,NULL,1
2353732,TDU26463G,2025-10-27 22:55:02,Rejected,NULL,1
2353733,TDU33704,2025-10-27 23:11:19,Accounts - Reconciliation,NULL,1
2353734,TDU33705,2025-10-27 23:25:46,Rejected,NULL,1
2353735,TDU33706,2025-10-27 23:46:16,Rejected,NULL,1
2353736,TDU33707,2025-10-28 00:14:46,Rejected,NULL,1
2353737,TDU33708,2025-10-28 00:18:12,Rejected,NULL,1
2353738,TDU33709,2025-10-28 00:23:57,Rejected,NULL,1
2353739,TDU26464G,2025-10-28 10:56:06,Auto Rejected,NULL,1
2353740,TDU26465G,2025-10-28 11:16:53,Auto Rejected,NULL,1
2353741,TDU33710,2025-10-28 16:29:24,Rejected,NULL,1
2353742,TDU33711,2025-10-28 18:48:54,Accounts - Reconciliation,NULL,1
2353743,TDU33712,2025-10-28 19:05:57,Rejected,NULL,1
2353744,TDU33713,2025-10-28 21:00:29,Auto Rejected,NULL,1
2353745,TDU33714,2025-10-28 21:22:02,Rejected,NULL,1
2353746,TDU33715,2025-10-28 22:20:19,Rejected,NULL,1
2353747,TDU33716,2025-10-28 22:42:35,Rejected,NULL,1
2353748,TDU33717,2025-10-28 23:34:49,Rejected,NULL,1
2353749,TDU33718,2025-10-28 23:55:33,On Ground,NULL,1
2353750,TDU33719,2025-10-28 23:58:51,Rejected,NULL,1
2353751,TDU33720,2025-10-28 23:59:02,Rejected,NULL,1
2353752,TDU33721,2025-10-29 00:21:55,Rejected,NULL,1
2353753,TDU33722,2025-10-29 00:24:27,Rejected,NULL,1
2353754,TDU26466G,2025-10-29 07:35:48,Rejected,NULL,1
2353755,TDU26467G,2025-10-29 07:45:20,Rejected,NULL,1
2353756,TDU26468G,2025-10-29 13:09:05,Auto Rejected,NULL,1
2353757,TDU33723,2025-10-29 17:00:42,Rejected,NULL,1
2353758,TDU33724,2025-10-29 17:30:59,Rejected,NULL,1
2353759,TDU33725,2025-10-29 18:46:35,Accounts - Reconciliation,NULL,1
2353760,TDU33726,2025-10-29 19:38:47,Rejected,NULL,1
2353761,TDU26469G,2025-10-29 20:45:48,Rejected,NULL,1
2353762,TDU26470G,2025-10-29 21:15:10,Rejected,NULL,1
2353763,TDU33727,2025-10-29 21:24:33,Rejected,NULL,1
2353764,TDU26471G,2025-10-29 21:48:20,Rejected After Confrmation QA pending,NULL,1
2353765,TDU33728,2025-10-29 22:14:31,Rejected,NULL,1
2353766,TDU33729,2025-10-29 23:01:40,Rejected,NULL,1
2353767,TDU33730,2025-10-29 23:29:42,On Ground,NULL,1
2353768,TDU33731,2025-10-30 00:00:05,Auto Rejected,NULL,1
2353769,TDU33732,2025-10-30 00:01:15,Rejected,NULL,1
2353770,TDU26472G,2025-10-30 00:21:22,Rejected,NULL,1
2353771,TDU26473G,2025-10-30 00:23:02,Rejected,NULL,1
2353772,TDU33733,2025-10-30 14:39:42,On Ground,NULL,1
2353773,TDU33734,2025-10-30 16:37:33,Rejected,NULL,1
2353774,TDU33735,2025-10-30 17:30:19,Auto Rejected,NULL,1
2353775,TDU33736,2025-10-30 17:56:06,On Ground,NULL,1
2353776,TDU33737,2025-10-30 18:22:09,Rejected,NULL,1
2353777,TDU33738,2025-10-30 18:37:35,Rejected,NULL,1
2353778,TDU33739,2025-10-30 18:40:16,Auto Rejected,NULL,1
2353779,TDU33740,2025-10-30 18:41:12,Rejected,NULL,1
2353780,TDU33741,2025-10-30 19:17:08,Rejected,NULL,1
2353781,TDU33742,2025-10-30 19:29:11,On Ground,NULL,1
2353782,TDU33743,2025-10-30 20:05:26,Rejected,NULL,1
2353783,TDU33744,2025-10-30 21:44:28,Rejected,NULL,1
2353784,TDU33745,2025-10-30 22:12:39,Rejected,NULL,1
2353785,TDU33746,2025-10-30 22:27:32,Rejected,NULL,1
2353786,TDU26474G,2025-10-30 23:02:41,Auto Rejected,NULL,1
2353787,TDU33747,2025-10-30 23:14:09,Rejected After Confrmation QA pending,NULL,1
2353788,TDU33748,2025-10-30 23:23:02,Rejected,NULL,1
2353789,TDU33749,2025-10-30 23:37:50,Auto Rejected,NULL,1
2353790,TDU33750,2025-10-31 00:24:10,Rejected,NULL,1
2353791,TDU33751,2025-10-31 00:28:17,On Ground,NULL,1
2353792,TDU33752,2025-10-31 00:38:37,Rejected,NULL,1
2353793,TDU33753,2025-10-31 00:53:25,Rejected,NULL,1
2353794,TDU33754,2025-10-31 01:21:59,Rejected,NULL,1
2353795,TDU33755,2025-10-31 01:31:02,Rejected,NULL,1
2353796,TDU26475G,2025-10-31 05:23:23,Rejected,NULL,1
2353797,TDU26476G,2025-10-31 07:10:38,Rejected,NULL,1
2353798,TDU26477G,2025-10-31 07:13:51,Rejected,NULL,1
2353799,TDU33756,2025-10-31 17:25:09,Rejected,NULL,1
2353800,TDU33757,2025-10-31 17:46:15,Rejected,NULL,1
2353801,TDU33758,2025-10-31 18:27:32,Rejected,NULL,1
2353802,TDU33759,2025-10-31 18:55:01,Accounts - Reconciliation,NULL,1
2353803,TDU33760,2025-10-31 20:41:51,Rejected,NULL,1
2353804,TDU33761,2025-10-31 21:43:43,Rejected,NULL,1
2353805,TDU33762,2025-10-31 22:44:25,Rejected,NULL,1
2353806,TDU33763,2025-10-31 22:44:46,Accounts - Reconciliation,NULL,1
2353807,TDU33764,2025-10-31 23:37:00,Accounts - Reconciliation,NULL,1
2353808,TDU33765,2025-11-01 00:29:16,On Ground,NULL,1
2353809,TDU33766,2025-11-01 00:37:21,Rejected,NULL,1
2353810,TDU33767,2025-11-01 00:52:12,Rejected,NULL,1
2353811,TDU33768,2025-11-01 01:17:04,Rejected,NULL,1
2353812,TDU33769,2025-11-01 01:29:51,Rejected,NULL,1
2353813,TDU33770,2025-11-01 01:44:42,Accounts - Reconciliation,NULL,1
2353814,TDU33771,2025-11-01 15:51:16,Rejected,NULL,1
2353815,TDU33772,2025-11-01 17:03:35,Rejected,NULL,1
2353816,TDU33773,2025-11-01 18:05:45,Rejected,NULL,1
2353817,TDU33774,2025-11-01 19:35:23,Rejected,NULL,1
2353818,TDU33775,2025-11-01 19:45:38,Rejected,NULL,1
2353819,TDU33776,2025-11-01 19:45:41,Rejected,NULL,1
2353820,TDU33777,2025-11-01 20:13:59,Rejected,NULL,1
2353821,TDU33778,2025-11-01 20:27:01,Rejected,NULL,1
2353822,TDU33779,2025-11-01 20:52:56,Rejected,NULL,1
2353823,TDU33780,2025-11-01 20:55:47,Rejected,NULL,1
2353824,TDU33781,2025-11-01 22:22:47,Auto Rejected,NULL,1
2353825,TDU33782,2025-11-01 22:36:48,Rejected,NULL,1
2353826,TDU33783,2025-11-01 22:52:18,Rejected,NULL,1
2353827,TDU33784,2025-11-01 23:27:09,On Ground,NULL,1
2353828,TDU33785,2025-11-01 23:32:53,Rejected,NULL,1
2353829,TDU33786,2025-11-01 23:40:16,Rejected,NULL,1
2353830,TDU26478G,2025-11-01 23:53:38,Rejected,NULL,1
2353831,TDU33787,2025-11-01 23:55:31,Auto Rejected,NULL,1
2353832,TDU33788,2025-11-02 00:16:50,Rejected,NULL,1
2353833,TDU33789,2025-11-02 00:37:45,Accounts - Reconciliation,NULL,1
2353834,TDU33790,2025-11-02 00:54:09,Rejected,NULL,1
2353835,TDU33791,2025-11-02 01:06:12,Rejected,NULL,1
2353836,TDU33792,2025-11-02 01:24:39,Rejected,NULL,1
2353837,TDU33793,2025-11-02 01:44:36,Rejected,NULL,1
2353838,TDU33794,2025-11-02 01:52:35,Rejected,NULL,1
2353839,TDU33795,2025-11-02 14:39:39,Rejected,NULL,1
2353840,TDU33796,2025-11-02 15:09:25,Rejected,NULL,1
2353841,TDU33797,2025-11-02 15:16:41,Rejected,NULL,1
2353842,TDU33798,2025-11-02 15:23:53,Auto Rejected,NULL,1
2353843,TDU33799,2025-11-02 15:33:03,Rejected,NULL,1
2353844,TDU33800,2025-11-02 15:39:56,Rejected,NULL,1
2353845,TDU33801,2025-11-02 15:49:30,Rejected,NULL,1
2353846,TDU33802,2025-11-02 16:08:01,Rejected,NULL,1
2353847,TDU33803,2025-11-02 16:18:15,Rejected,NULL,1
2353848,TDU26479G,2025-11-02 16:26:11,Rejected,NULL,1
2353849,TDU33804,2025-11-02 16:55:22,Rejected,NULL,1
2353850,TDU33805,2025-11-02 17:04:27,Rejected,NULL,1
2353851,TDU33806,2025-11-02 17:09:05,Rejected,NULL,1
2353852,TDU33807,2025-11-03 17:20:30,Rejected,NULL,1
2353853,TDU33808,2025-11-03 18:06:36,Rejected,NULL,1
2353854,TDU33809,2025-11-03 20:01:10,Rejected,NULL,1
2353855,TDU26480G,2025-11-03 20:16:25,Rejected,NULL,1
2353856,TDU33810,2025-11-03 20:41:20,Rejected,NULL,1
2353857,TDU33811,2025-11-03 20:55:55,Rejected,NULL,1
2353858,TDU33812,2025-11-03 22:30:23,Rejected,NULL,1
2353859,TDU33813,2025-11-03 22:32:46,Rejected,NULL,1
2353860,TDU33814,2025-11-03 22:54:14,Rejected,NULL,1
2353861,TDU33815,2025-11-03 22:58:06,Rejected,NULL,1
2353862,TDU26481G,2025-11-04 01:37:14,Rejected,NULL,1
2353863,TDU26482G,2025-11-04 02:06:09,Rejected,NULL,1
2353864,TDU26483G,2025-11-04 02:07:58,Rejected,NULL,1
2353865,TDU33816,2025-11-04 17:08:16,Rejected,NULL,1
2353866,TDU33817,2025-11-04 17:43:58,Rejected,NULL,1
2353867,TDU33818,2025-11-04 18:32:48,Auto Rejected,NULL,1
2353868,TDU33819,2025-11-04 19:11:52,Rejected,NULL,1
2353869,TDU33820,2025-11-04 19:39:30,Rejected,NULL,1
2353870,TDU33821,2025-11-04 21:04:03,Rejected,NULL,1
2353871,TDU33822,2025-11-04 21:50:10,On Ground,NULL,1
2353872,TDU33823,2025-11-04 22:21:09,Rejected,NULL,1
2353873,TDU33824,2025-11-04 22:25:01,Rejected,NULL,1
2353874,TDU33825,2025-11-04 22:34:36,Auto Rejected,NULL,1
2353875,TDU33826,2025-11-04 22:38:09,Rejected,NULL,1
2353876,TDU26484G,2025-11-04 23:10:49,Rejected,NULL,1
2353877,TDU33827,2025-11-04 23:29:18,Rejected,NULL,1
2353878,TDU33828,2025-11-04 23:35:51,Accounts - Reconciliation,NULL,1
2353879,TDU33829,2025-11-05 00:00:04,Rejected,NULL,1
2353880,TDU33830,2025-11-05 00:15:11,Rejected,NULL,1
2353881,TDU26485G,2025-11-05 03:35:59,Rejected,NULL,1
2353882,TDU26486G,2025-11-05 03:41:31,Rejected,NULL,1
2353883,TDU26487G,2025-11-05 06:17:59,Rejected,NULL,1
2353884,TDU26488G,2025-11-05 06:41:58,Rejected,NULL,1
2353885,TDU26489G,2025-11-05 11:37:59,Auto Rejected,NULL,1
2353886,TDU26490G,2025-11-05 15:38:52,Accepted,NULL,1
2353887,TDU33831,2025-11-05 16:40:32,Rejected,NULL,1
2353888,TDU26491G,2025-11-05 16:43:32,Auto Rejected,NULL,1
2353889,TDU33832,2025-11-05 17:29:25,Rejected,NULL,1
2353890,TDU33833,2025-11-05 18:18:06,Rejected,NULL,1
2353891,TDU33834,2025-11-05 18:26:24,On Ground,NULL,1
2353892,TDU33835,2025-11-05 18:28:55,Rejected,NULL,1
2353893,TDU33836,2025-11-05 18:45:02,Rejected,NULL,1
2353894,TDU33837,2025-11-05 18:52:15,Rejected,NULL,1
2353895,TDU33838,2025-11-05 19:18:14,Accounts - Reconciliation,NULL,1
2353896,TDU26492G,2025-11-05 19:40:16,Rejected,NULL,1
2353897,TDU26493G,2025-11-05 20:37:48,Rejected,NULL,1
2353898,TDU33839,2025-11-05 20:48:00,Rejected,NULL,1
2353899,TDU33840,2025-11-05 21:00:26,Auto Rejected,NULL,1
2353900,TDU33841,2025-11-05 21:09:54,Rejected,NULL,1
2353901,TDU26494G,2025-11-05 21:52:32,Rejected,NULL,1
2353902,TDU33842,2025-11-05 22:32:40,Rejected,NULL,1
2353903,TDU26495G,2025-11-05 22:32:56,Rejected,NULL,1
2353904,TDU33843,2025-11-05 22:40:14,Rejected,NULL,1
2353905,TDU33844,2025-11-05 22:41:25,Rejected,NULL,1
2353906,TDU33845,2025-11-05 23:08:41,Rejected,NULL,1
2353907,TDU33846,2025-11-05 23:48:21,Rejected,NULL,1
2353908,TDU33847,2025-11-06 00:02:59,On Ground,NULL,1
2353909,TDU33848,2025-11-06 00:15:32,Rejected,NULL,1
2353910,TDU26496G,2025-11-06 00:31:49,Rejected,NULL,1
2353911,TDU33849,2025-11-06 00:31:55,Rejected,NULL,1
2353912,TDU33850,2025-11-06 00:37:20,Rejected,NULL,1
2353913,TDU26497G,2025-11-06 09:58:19,Auto Rejected,NULL,1
2353914,TDU26498G,2025-11-06 10:10:15,Auto Rejected,NULL,1
2353915,TDU33851,2025-11-06 13:21:14,Auto Rejected,NULL,1
2353916,TDU33852,2025-11-06 14:43:19,Auto Rejected,NULL,1
2353917,TDU33853,2025-11-06 16:38:23,On Ground,NULL,1
2353918,TDU33854,2025-11-06 19:08:56,Rejected,NULL,1
2353919,TDU26499G,2025-11-06 19:12:50,Rejected,NULL,1
2353920,TDU33855,2025-11-06 19:58:01,On Ground,NULL,1
2353921,TDU33856,2025-11-06 21:50:28,Rejected,NULL,1
2353922,TDU26500G,2025-11-06 21:52:07,Rejected,NULL,1
2353923,TDU33857,2025-11-06 22:16:27,Rejected,NULL,1
2353924,TDU33858,2025-11-06 22:50:05,Rejected,NULL,1
2353925,TDU33859,2025-11-06 23:01:40,Rejected,NULL,1
2353926,TDU33860,2025-11-06 23:22:25,Rejected,NULL,1
2353927,TDU33861,2025-11-07 00:32:57,Auto Rejected,NULL,1
2353928,TDU33862,2025-11-07 00:53:57,Rejected,NULL,1
2353929,TDU33863,2025-11-07 01:04:52,Auto Rejected,NULL,1
2353930,TDU33864,2025-11-07 01:20:42,Rejected,NULL,1
2353931,TDU33865,2025-11-07 13:28:15,Auto Rejected,NULL,1
2353932,TDU33866,2025-11-07 16:14:04,Rejected,NULL,1
2353933,TDU33867,2025-11-07 16:16:36,Rejected,NULL,1
2353934,TDU33868,2025-11-07 17:05:36,Accounts - Reconciliation,NULL,1
2353935,TDU33869,2025-11-07 17:10:44,Rejected After Confrmation QA pending,NULL,1
2353936,TDU33870,2025-11-07 18:17:49,Rejected,NULL,1
2353937,TDU33871,2025-11-07 18:49:17,Auto Rejected,NULL,1
2353938,TDU26501G,2025-11-07 19:09:26,Rejected,NULL,1
2353939,TDU33872,2025-11-07 20:18:58,Rejected,NULL,1
2353940,TDU33873,2025-11-07 20:26:08,Rejected,NULL,1
2353941,TDU33874,2025-11-07 20:32:59,Rejected,NULL,1
2353942,TDU33875,2025-11-07 20:33:07,Rejected,NULL,1
2353943,TDU33876,2025-11-07 21:50:49,Rejected,NULL,1
2353944,TDU33877,2025-11-07 22:34:58,On Ground,NULL,1
2353945,TDU26502G,2025-11-07 22:43:10,Rejected,NULL,1
2353946,TDU33878,2025-11-07 22:51:58,Rejected After Confrmation QA pending,NULL,1
2353947,TDU26503G,2025-11-07 23:23:49,Rejected,NULL,1
2353948,TDU33879,2025-11-07 23:27:31,Rejected,NULL,1
2353949,TDU26504G,2025-11-08 05:55:49,Rejected,NULL,1
2353950,TDU26505G,2025-11-08 06:36:50,Rejected,NULL,1
2353951,TDU26506G,2025-11-08 07:05:35,Accounts - Reconciliation,NULL,1
2353952,TDU33880,2025-11-08 14:58:48,On Ground,NULL,1
2353953,TDU33881,2025-11-08 15:41:57,Rejected,NULL,1
2353954,TDU33882,2025-11-08 16:18:32,On Ground,NULL,1
2353955,TDU33883,2025-11-08 16:20:27,Rejected,NULL,1
2353956,TDU33884,2025-11-08 16:31:20,Auto Rejected,NULL,1
2353957,TDU33885,2025-11-08 16:44:29,Rejected,NULL,1
2353958,TDU33886,2025-11-08 16:49:25,Rejected,NULL,1
2353959,TDU33887,2025-11-08 16:53:31,Auto Rejected,NULL,1
2353960,TDU33888,2025-11-08 17:02:16,Rejected,NULL,1
2353961,TDU33889,2025-11-08 17:21:28,Rejected,NULL,1
2353962,TDU33890,2025-11-08 17:29:04,Rejected,NULL,1
2353963,TDU33891,2025-11-08 18:01:55,Rejected,NULL,1
2353964,TDU33892,2025-11-08 18:08:54,Rejected,NULL,1
2353965,TDU33893,2025-11-08 19:12:47,Rejected,NULL,1
2353966,TDU33894,2025-11-08 19:52:04,Rejected,NULL,1
2353967,TDU33895,2025-11-08 20:41:41,Auto Rejected,NULL,1
2353968,TDU33896,2025-11-08 21:11:28,Auto Rejected,NULL,1
2353969,TDU26507G,2025-11-08 21:55:19,Rejected,NULL,1
2353970,TDU33897,2025-11-08 22:01:05,Rejected,NULL,1
2353971,TDU33898,2025-11-08 22:32:50,Rejected,NULL,1
2353972,TDU33899,2025-11-08 23:12:34,Rejected,NULL,1
2353973,TDU33900,2025-11-08 23:15:03,Rejected,NULL,1
2353974,TDU33901,2025-11-08 23:27:47,Rejected,NULL,1
2353975,TDU33902,2025-11-08 23:45:41,Rejected,NULL,1
2353976,TDU33903,2025-11-08 23:55:16,Rejected,NULL,1
2353977,TDU33904,2025-11-09 00:06:26,Rejected,NULL,1
2353978,TDU26508G,2025-11-10 10:23:43,Created,NULL,1
2353979,TDU26509G,2025-11-10 10:37:04,Created,NULL,1
2353980,TDU26510G,2025-11-10 12:15:58,On Ground,NULL,1
2353981,TDU33905,2025-11-10 16:12:15,Rejected,NULL,1
2353982,TDU33906,2025-11-10 17:34:49,Rejected,NULL,1
2353983,TDU33907,2025-11-10 17:38:46,Rejected,NULL,1
2353984,TDU33908,2025-11-10 18:03:24,Rejected,NULL,1
2353985,TDU33909,2025-11-10 19:13:07,Rejected,NULL,1
2353986,TDU33910,2025-11-10 20:29:38,Auto Rejected,NULL,1
2353987,TDU33911,2025-11-10 22:12:05,On Ground,NULL,1
2353988,TDU33912,2025-11-10 22:13:20,Auto Rejected,NULL,1
2353989,TDU33913,2025-11-10 23:27:14,Rejected,NULL,1
2353990,TDU33914,2025-11-10 23:28:08,Rejected,NULL,1
2353991,TDU33915,2025-11-10 23:39:56,Rejected,NULL,1
2353992,TDU33916,2025-11-10 23:53:35,Rejected,NULL,1
2353993,TDU33917,2025-11-10 23:55:09,Rejected,NULL,1
2353994,TDU33918,2025-11-11 00:18:16,Rejected,NULL,1
2353995,TDU33919,2025-11-11 00:18:30,Rejected,NULL,1
2353996,TDU26511G,2025-11-11 00:35:39,Rejected,NULL,1
2353997,TDU26512G,2025-11-11 02:26:18,Rejected,NULL,1
2353998,TDU33920,2025-11-11 11:16:18,Auto Rejected,NULL,1
2353999,TDU33921,2025-11-11 16:13:25,Rejected,NULL,1
2354000,TDU33922,2025-11-11 16:46:56,Rejected,NULL,1
2354001,TDU33923,2025-11-11 17:05:03,Rejected,NULL,1
2354002,TDU33924,2025-11-11 17:09:59,Rejected,NULL,1
2354003,TDU33925,2025-11-11 17:53:44,Rejected,NULL,1
2354004,TDU33926,2025-11-11 18:01:27,Rejected,NULL,1
2354005,TDU33927,2025-11-11 18:28:42,Rejected,NULL,1
2354006,TDU33928,2025-11-11 18:40:31,On Ground,NULL,1
2354007,TDU33929,2025-11-11 18:59:54,Rejected,NULL,1
2354008,TDU33930,2025-11-11 19:31:56,On Ground,NULL,1
2354009,TDU26513G,2025-11-11 20:03:16,Rejected,NULL,1
2354010,TDU26514G,2025-11-11 20:07:42,Rejected,NULL,1
2354011,TDU33931,2025-11-11 20:42:07,Rejected,NULL,1
2354012,TDU33932,2025-11-11 21:13:45,Accounts - Reconciliation,NULL,1
2354013,TDU33933,2025-11-11 21:36:32,Rejected,NULL,1
2354014,TDU33934,2025-11-11 23:05:27,Rejected,NULL,1
2354015,TDU33935,2025-11-11 23:16:20,Rejected,NULL,1
2354016,TDU33936,2025-11-11 23:45:31,Rejected,NULL,1
2354017,TDU33937,2025-11-11 23:55:45,Auto Rejected,NULL,1
2354018,TDU33938,2025-11-12 00:39:33,Rejected,NULL,1
2354019,TDU33939,2025-11-12 00:50:42,Rejected,NULL,1
2354020,TDU33940,2025-11-12 09:25:20,Auto Rejected,NULL,1
2354021,TDU33941,2025-11-12 10:27:53,Auto Rejected,NULL,1
2354022,TDU26515G,2025-11-12 10:27:53,Auto Rejected,NULL,1
2354023,TDU33942,2025-11-12 16:41:15,Rejected,NULL,1
2354024,TDU33943,2025-11-12 16:56:48,Auto Rejected,NULL,1
2354025,TDU33944,2025-11-12 17:26:08,Rejected,NULL,1
2354026,TDU33945,2025-11-12 18:02:23,Rejected,NULL,1
2354027,TDU33946,2025-11-12 18:18:09,Rejected,NULL,1
2354028,TDU33947,2025-11-12 18:31:18,Rejected,NULL,1
2354029,TDU33948,2025-11-12 18:55:04,Rejected,NULL,1
2354030,TDU33949,2025-11-12 19:47:44,Rejected,NULL,1
2354031,TDU33950,2025-11-12 19:57:19,Rejected,NULL,1
2354032,TDU33951,2025-11-12 20:10:37,On Ground,NULL,1
2354033,TDU33952,2025-11-12 20:33:07,Rejected,NULL,1
2354034,TDU33953,2025-11-12 23:15:14,Rejected,NULL,1
2354035,TDU33954,2025-11-12 23:21:25,Rejected After Confrmation QA pending,NULL,1
2354036,TDU33955,2025-11-12 23:35:11,Rejected,NULL,1
2354037,TDU33956,2025-11-12 23:55:45,Rejected,NULL,1
2354038,TDU33957,2025-11-13 00:01:40,Accounts - Reconciliation,NULL,1
2354039,TDU33958,2025-11-13 00:04:36,Rejected,NULL,1
2354040,TDU33959,2025-11-13 00:37:25,Rejected,NULL,1
2354041,TDU33960,2025-11-13 00:49:24,Rejected,NULL,1
2354042,TDU26516G,2025-11-13 01:19:44,Rejected,NULL,1
2354043,TDU26517G,2025-11-13 15:21:27,Rejected,NULL,1
2354044,TDU33961,2025-11-13 16:07:03,Rejected,NULL,1
2354045,TDU33962,2025-11-13 16:27:13,Rejected,NULL,1
2354046,TDU33963,2025-11-13 16:47:15,Rejected,NULL,1
2354047,TDU33964,2025-11-13 17:02:19,Rejected,NULL,1
2354048,TDU33965,2025-11-13 17:04:31,Rejected,NULL,1
2354049,TDU33966,2025-11-13 17:45:29,Rejected,NULL,1
2354050,TDU33967,2025-11-13 18:20:00,Rejected,NULL,1
2354051,TDU33968,2025-11-13 21:57:57,Rejected,NULL,1
2354052,TDU26518G,2025-11-13 22:00:34,Rejected,NULL,1
2354053,TDU33969,2025-11-13 22:48:54,Rejected,NULL,1
2354054,TDU33970,2025-11-13 23:04:48,Accounts - Reconciliation,NULL,1
2354055,TDU33971,2025-11-13 23:38:33,Rejected,NULL,1
2354056,TDU33972,2025-11-14 00:10:36,Rejected,NULL,1
2354057,TDU33973,2025-11-14 00:27:29,Rejected,NULL,1
2354058,TDU26519G,2025-11-14 10:25:33,Auto Rejected,NULL,1
2354059,TDU26520G,2025-11-14 10:33:14,Rejected,NULL,1
2354060,TDU26521G,2025-11-14 14:39:07,Rejected,NULL,1
2354061,TDU26522G,2025-11-14 15:02:12,Rejected,NULL,1
2354062,TDU26523G,2025-11-14 15:30:44,Auto Rejected,NULL,1
2354063,TDU33974,2025-11-14 18:56:27,Rejected,NULL,1
2354064,TDU33975,2025-11-14 19:19:07,Rejected,NULL,1
2354065,TDU33976,2025-11-14 19:33:44,Rejected,NULL,1
2354066,TDU33977,2025-11-14 22:43:43,Auto Rejected,NULL,1
2354067,TDU26524G,2025-11-15 00:14:50,Accepted,NULL,1
2354068,TDU26525G,2025-11-15 07:31:23,Rejected,NULL,1
2354069,TDU26526G,2025-11-15 07:47:09,Rejected,NULL,1
2354070,TDU33978,2025-11-15 15:44:50,PRE QA - pending,NULL,1
2354071,TDU33979,2025-11-15 16:07:39,On Ground,NULL,1
2354072,TDU33980,2025-11-15 17:14:25,Accounts - Reconciliation,NULL,1
2354073,TDU33981,2025-11-15 17:50:21,Rejected,NULL,1
2354074,TDU33982,2025-11-15 18:14:34,Rejected,NULL,1
2354075,TDU33983,2025-11-15 18:39:26,Auto Rejected,NULL,1
2354076,TDU33984,2025-11-15 19:10:49,Rejected,NULL,1
2354077,TDU33985,2025-11-15 19:26:29,Rejected,NULL,1
2354078,TDU33986,2025-11-15 19:50:18,Rejected,NULL,1
2354079,TDU33987,2025-11-15 21:24:32,Rejected,NULL,1
2354080,TDU33988,2025-11-15 22:01:04,Rejected,NULL,1
2354081,TDU33989,2025-11-15 22:01:11,Rejected,NULL,1
2354082,TDU33990,2025-11-15 22:26:10,Rejected,NULL,1
2354083,TDU33991,2025-11-15 22:27:09,Rejected,NULL,1
2354084,TDU33992,2025-11-15 22:34:51,Rejected,NULL,1
2354085,TDU33993,2025-11-15 22:46:58,Rejected,NULL,1
2354086,TDU33994,2025-11-15 23:13:29,Rejected,NULL,1
2354087,TDU33995,2025-11-15 23:17:37,Rejected,NULL,1
2354088,TDU33996,2025-11-15 23:38:33,Rejected,NULL,1
2354089,TDU33997,2025-11-16 00:13:59,Rejected,NULL,1
2354090,TDU26527G,2025-11-17 10:52:49,Created,NULL,1
2354091,TDU26528G,2025-11-17 15:04:43,Rejected,NULL,1
2354092,TDU33998,2025-11-17 16:15:29,Auto Rejected,NULL,1
2354093,TDU33999,2025-11-17 16:47:43,Auto Rejected,NULL,1
2354094,TDU34000,2025-11-17 17:24:00,Rejected,NULL,1
2354095,TDU34001,2025-11-17 17:31:30,Rejected,NULL,1
2354096,TDU34002,2025-11-17 17:39:58,Rejected,NULL,1
2354097,TDU34003,2025-11-17 17:54:23,Rejected,NULL,1
2354098,TDU34004,2025-11-17 18:17:28,Rejected,NULL,1
2354099,TDU34005,2025-11-17 19:17:13,Rejected,NULL,1
2354100,TDU34006,2025-11-17 20:45:24,Rejected,NULL,1
2354101,TDU34007,2025-11-17 20:55:28,Rejected,NULL,1
2354102,TDU34008,2025-11-17 20:57:06,Rejected,NULL,1
2354103,TDU34009,2025-11-17 21:42:34,Rejected,NULL,1
2354104,TDU26529G,2025-11-17 22:16:51,Rejected,NULL,1
2354105,TDU34010,2025-11-17 22:22:08,Rejected,NULL,1
2354106,TDU26530G,2025-11-17 23:09:26,Rejected,NULL,1
2354107,TDU34011,2025-11-17 23:13:29,Rejected,NULL,1
2354108,TDU26531G,2025-11-18 06:11:07,Rejected,NULL,1
2354109,TDU26532G,2025-11-18 10:09:12,Rejected,NULL,1
2354110,TDU26533G,2025-11-18 11:06:05,Rejected,NULL,1
2354111,TDU34012,2025-11-18 16:24:55,Rejected,NULL,1
2354112,TDU34013,2025-11-18 17:16:55,Rejected,NULL,1
2354113,TDU34014,2025-11-18 17:39:20,Rejected,NULL,1
2354114,TDU34015,2025-11-18 18:04:31,Accounts - Reconciliation,NULL,1
2354115,TDU34016,2025-11-18 18:39:24,Rejected,NULL,1
2354116,TDU34017,2025-11-18 19:29:53,Rejected,NULL,1
2354117,TDU34018,2025-11-18 20:08:51,Rejected,NULL,1
2354118,TDU34019,2025-11-18 20:28:09,Rejected,NULL,1
2354119,TDU34020,2025-11-18 20:29:07,Rejected,NULL,1
2354120,TDU34021,2025-11-18 22:08:49,Rejected After Confrmation QA pending,NULL,1
2354121,TDU34022,2025-11-18 22:15:03,Rejected,NULL,1
2354122,TDU34023,2025-11-18 22:18:08,Rejected,NULL,1
2354123,TDU34024,2025-11-18 22:25:14,Rejected,NULL,1
2354124,TDU34025,2025-11-18 22:27:40,Rejected,NULL,1
2354125,TDU34026,2025-11-18 23:20:59,Rejected,NULL,1
2354126,TDU34027,2025-11-18 23:56:26,Rejected,NULL,1
2354127,TDU26534G,2025-11-19 09:22:21,Rejected,NULL,1
2354128,TDU26535G,2025-11-19 10:07:17,Auto Rejected,NULL,1
2354129,TDU26536G,2025-11-19 10:49:01,Auto Rejected,NULL,1
2354130,TDU26537G,2025-11-19 11:43:03,Auto Rejected,NULL,1
2354131,TDU26538G,2025-11-19 11:54:10,Auto Rejected,NULL,1
2354132,TDU26539G,2025-11-19 12:11:23,Auto Rejected,NULL,1
2354133,TDU26540G,2025-11-19 12:15:51,Auto Rejected,NULL,1
2354134,TDU26541G,2025-11-19 12:20:09,Auto Rejected,NULL,1
2354135,TDU26542G,2025-11-19 12:25:29,Auto Rejected,NULL,1
2354136,TDU26543G,2025-11-19 12:35:34,Auto Rejected,NULL,1
2354137,TDU26544G,2025-11-19 12:41:01,Auto Rejected,NULL,1
2354138,TDU26545G,2025-11-19 13:02:51,Auto Rejected,NULL,1
2354139,TDU34028,2025-11-19 15:42:07,On Ground,NULL,1
2354140,TDU34029,2025-11-19 17:01:41,Rejected,NULL,1
2354141,TDU26546G,2025-11-19 17:27:42,Auto Rejected,NULL,1
2354142,TDU34030,2025-11-19 17:48:43,Rejected,NULL,1
2354143,TDU34031,2025-11-19 18:26:41,Auto Rejected,NULL,1
2354144,TDU26547G,2025-11-19 18:26:41,Accounts - Reconciliation,NULL,1
2354145,TDU34032,2025-11-19 19:28:46,Rejected,NULL,1
2354146,TDU26548G,2025-11-19 19:33:34,Rejected,NULL,1
2354147,TDU34033,2025-11-19 19:50:55,Rejected,NULL,1
2354148,TDU34034,2025-11-19 21:44:05,Rejected,NULL,1
2354149,TDU26549G,2025-10-17 21:44:31,Rejected,NULL,1
2354150,TDU34035,2025-11-19 22:43:09,Rejected,NULL,1
2354151,TDU34036,2025-11-19 23:14:16,On Ground,NULL,1
2354152,TDU34037,2025-11-19 23:19:37,Rejected,NULL,1
2354153,TDU34038,2025-11-19 23:41:10,Rejected,NULL,1
2354154,TDU26550G,2025-11-19 23:41:14,Rejected,NULL,1
2354155,TDU26551G,2025-11-20 01:08:48,Rejected,NULL,1
2354156,TDU26552G,2025-11-20 06:03:22,Rejected,NULL,1
2354157,TDU26553G,2025-11-20 06:18:13,Rejected,NULL,1
2354158,TDU26554G,2025-11-20 06:49:55,Rejected,NULL,1
2354159,TDU34039,2025-11-20 09:52:16,Accounts - Reconciliation,NULL,1
2354160,TDU26555G,2025-11-20 15:25:09,Auto Rejected,NULL,1
2354161,TDU34040,2025-11-20 16:12:33,Rejected,NULL,1
2354162,TDU34041,2025-11-20 16:40:22,Rejected,NULL,1
2354163,TDU34042,2025-11-20 16:50:20,Rejected,NULL,1
2354164,TDU34043,2025-11-20 17:02:15,Rejected,NULL,1
2354165,TDU34044,2025-11-20 17:14:51,Rejected,NULL,1
2354166,TDU34045,2025-11-20 17:35:40,Rejected,NULL,1
2354167,TDU34046,2025-11-20 17:47:07,Rejected,NULL,1
2354168,TDU34047,2025-11-20 17:55:46,Rejected,NULL,1
2354169,TDU34048,2025-11-20 18:09:16,Rejected,NULL,1
2354170,TDU34049,2025-11-20 18:35:01,Rejected,NULL,1
2354171,TDU26556G,2025-11-20 18:53:41,Rejected,NULL,1
2354172,TDU26557G,2025-11-20 19:01:03,Rejected,NULL,1
2354173,TDU34050,2025-11-20 19:03:13,Rejected,NULL,1
2354174,TDU34051,2025-11-20 19:23:42,Rejected,NULL,1
2354175,TDU34052,2025-11-20 20:28:53,Rejected,NULL,1
2354176,TDU34053,2025-11-20 20:37:21,Rejected,NULL,1
2354177,TDU34054,2025-11-20 20:44:55,Rejected,NULL,1
2354178,TDU34055,2025-11-20 21:45:37,Accounts - Reconciliation,NULL,1
2354179,TDU34056,2025-11-20 22:43:28,Rejected,NULL,1
2354180,TDU34057,2025-11-20 22:58:36,Accounts - Reconciliation,NULL,1
2354181,TDU34058,2025-11-20 23:09:49,Rejected,NULL,1
2354182,TDU26558G,2025-11-20 23:43:09,Rejected,NULL,1
2354183,TDU34059,2025-11-21 00:14:43,Auto Rejected,NULL,1
2354184,TDU26559G,2025-11-21 08:04:24,Auto Rejected,NULL,1
2354185,TDU26560G,2025-11-21 08:56:55,Rejected,NULL,1
2354186,TDU26561G,2025-11-21 09:20:12,Rejected,NULL,1
2354187,TDU26562G,2025-11-21 09:43:30,Auto Rejected,NULL,1
2354188,TDU34060,2025-11-21 10:21:17,On Ground,NULL,1
2354189,TDU26563G,2025-11-21 11:37:04,Auto Rejected,NULL,1
2354190,TDU26564G,2025-11-21 11:39:39,Rejected,NULL,1
2354191,TDU26565G,2025-11-21 11:50:30,Auto Rejected,NULL,1
2354192,TDU26566G,2025-11-21 11:55:21,Auto Rejected,NULL,1
2354193,TDU26567G,2025-11-21 12:18:39,Rejected,NULL,1
2354194,TDU26568G,2025-11-21 15:58:04,Auto Rejected,NULL,1
2354195,TDU34061,2025-11-21 16:23:32,Rejected,NULL,1
2354196,TDU34062,2025-11-21 17:05:32,Accounts - Reconciliation,NULL,1
2354197,TDU34063,2025-11-21 18:16:30,Rejected,NULL,1
2354198,TDU34064,2025-11-21 18:30:43,Rejected,NULL,1
2354199,TDU34065,2025-11-21 18:46:21,Rejected,NULL,1
2354200,TDU34066,2025-11-21 19:44:53,Rejected,NULL,1
2354201,TDU26569G,2025-11-05 21:00:26,Rejected,NULL,1
2354202,TDU34067,2025-11-21 21:07:33,Rejected,NULL,1
2354203,TDU34068,2025-11-21 21:31:50,Rejected,NULL,1
2354204,TDU34069,2025-11-21 21:39:12,Rejected,NULL,1
2354205,TDU34070,2025-11-21 21:49:27,Rejected,NULL,1
2354206,TDU26570G,2025-11-21 22:19:31,Rejected,NULL,1
2354207,TDU34071,2025-11-21 22:37:46,Rejected,NULL,1
2354208,TDU34072,2025-11-21 22:42:21,Rejected,NULL,1
2354209,TDU34073,2025-11-21 23:02:38,Rejected,NULL,1
2354210,TDU34074,2025-11-21 23:51:07,Rejected,NULL,1
2354211,TDU34075,2025-11-22 00:13:52,Rejected,NULL,1
2354212,TDU34076,2025-11-22 00:23:29,Rejected,NULL,1
2354213,TDU34077,2025-11-22 00:30:34,Rejected,NULL,1
2354214,TDU34078,2025-11-22 00:54:34,Rejected,NULL,1
2354215,TDU26571G,2025-11-22 06:34:50,Rejected,NULL,1
2354216,TDU26572G,2025-11-22 07:16:46,Rejected,NULL,1
2354217,TDU26573G,2025-11-22 07:50:40,Rejected,NULL,1
2354218,TDU34079,2025-11-22 16:34:11,Rejected,NULL,1
2354219,TDU34080,2025-11-22 16:40:28,On Ground,NULL,1
2354220,TDU34081,2025-11-22 16:40:36,Rejected,NULL,1
2354221,TDU34082,2025-11-22 16:51:58,Rejected,NULL,1
2354222,TDU34083,2025-11-22 17:15:54,Rejected,NULL,1
2354223,TDU34084,2025-11-22 17:23:04,Accounts - Reconciliation,NULL,1
2354224,TDU34085,2025-11-22 17:30:22,Auto Rejected,NULL,1
2354225,TDU26574G,2025-11-22 17:33:32,Rejected,NULL,1
2354226,TDU26575G,2025-11-22 17:43:51,Rejected,NULL,1
2354227,TDU34086,2025-11-22 17:55:35,Rejected,NULL,1
2354228,TDU34087,2025-11-22 18:29:57,Rejected,NULL,1
2354229,TDU34088,2025-11-22 18:38:12,Rejected,NULL,1
2354230,TDU34089,2025-11-22 18:45:38,Auto Rejected,NULL,1
2354231,TDU34090,2025-11-22 19:01:37,Rejected,NULL,1
2354232,TDU34091,2025-11-22 20:27:36,Rejected,NULL,1
2354233,TDU34092,2025-11-22 20:32:44,Rejected,NULL,1
2354234,TDU34093,2025-11-22 21:51:15,Rejected,NULL,1
2354235,TDU26576G,2025-11-22 21:59:52,Rejected,NULL,1
2354236,TDU34094,2025-11-22 22:33:42,Rejected,NULL,1
2354237,TDU34095,2025-11-22 22:38:04,Rejected,NULL,1
2354238,TDU26577G,2025-11-24 07:04:22,Requote,NULL,1
2354239,TDU26578G,2025-11-24 07:40:10,Rejected,NULL,1
2354240,TDU26579G,2025-11-24 07:41:27,Rejected,NULL,1
2354241,TDU26580G,2025-11-24 10:45:28,Auto Rejected,NULL,1
2354242,TDU26581G,2025-11-24 13:19:06,Auto Rejected,NULL,1
2354243,TDU34096,2025-11-24 15:51:35,Accounts - Reconciliation,NULL,1
2354244,TDU34097,2025-11-24 16:44:34,Rejected,NULL,1
2354245,TDU34098,2025-11-24 16:44:53,Rejected,NULL,1
2354246,TDU26582G,2025-11-24 16:59:22,Rejected,NULL,1
2354247,TDU26583G,2025-11-24 17:08:50,Rejected,NULL,1
2354248,TDU34099,2025-11-24 17:32:47,Rejected,NULL,1
2354249,TDU34100,2025-11-24 18:17:48,Rejected,NULL,1
2354250,TDU34101,2025-11-24 19:30:27,Rejected,NULL,1
2354251,TDU34102,2025-11-24 19:57:18,Rejected,NULL,1
2354252,TDU26584G,2025-11-24 20:09:59,Rejected,NULL,1
2354253,TDU34103,2025-11-24 20:22:35,Rejected,NULL,1
2354254,TDU26585G,2025-11-24 20:36:18,Rejected,NULL,1
2354255,TDU34104,2025-11-24 20:50:26,Rejected,NULL,1
2354256,TDU34105,2025-11-24 20:52:34,Rejected,NULL,1
2354257,TDU34106,2025-11-24 21:46:41,Rejected,NULL,1
2354258,TDU34107,2025-11-24 21:54:15,Rejected,NULL,1
2354259,TDU34108,2025-11-24 22:14:44,Rejected,NULL,1
2354260,TDU34109,2025-11-24 22:22:50,Auto Rejected,NULL,1
2354261,TDU34110,2025-11-24 22:37:59,Rejected,NULL,1
2354262,TDU26586G,2025-11-24 23:13:37,Rejected,NULL,1
2354263,TDU34111,2025-11-24 23:16:40,Rejected,NULL,1
2354264,TDU34112,2025-11-24 23:22:24,Rejected,NULL,1
2354265,TDU34113,2025-11-25 00:16:10,Rejected,NULL,1
2354266,TDU34114,2025-11-25 13:37:02,PRE QA - pending,NULL,1
2354267,TDU34115,2025-11-25 15:43:58,Rejected,NULL,1
2354268,TDU34116,2025-11-25 16:10:29,Rejected,NULL,1
2354269,TDU34117,2025-11-25 16:44:32,On Ground,NULL,1
2354270,TDU34118,2025-11-25 17:39:23,Rejected,NULL,1
2354271,TDU34119,2025-11-25 18:07:15,Rejected,NULL,1
2354272,TDU26587G,2025-11-25 18:09:29,Rejected,NULL,1
2354273,TDU34120,2025-11-25 18:43:38,Rejected,NULL,1
2354274,TDU34121,2025-11-25 19:16:50,Rejected,NULL,1
2354275,TDU26588G,2025-11-25 21:06:48,Auto Rejected,NULL,1
2354276,TDU34122,2025-11-25 21:31:53,Rejected,NULL,1
2354277,TDU26589G,2025-11-25 21:43:15,Rejected,NULL,1
2354278,TDU34123,2025-11-25 21:47:23,Rejected,NULL,1
2354279,TDU34124,2025-11-25 22:30:32,On Ground,NULL,1
2354280,TDU34125,2025-11-25 22:33:35,Rejected,NULL,1
2354281,TDU34126,2025-11-25 22:46:06,Rejected After Confrmation QA pending,NULL,1
2354282,TDU26590G,2025-11-25 22:56:40,Rejected,NULL,1
2354283,TDU34127,2025-11-25 23:01:07,Rejected,NULL,1
2354284,TDU34128,2025-11-25 23:08:59,Rejected,NULL,1
2354285,TDU34129,2025-11-26 00:02:07,Rejected,NULL,1
2354286,TDU34130,2025-11-26 00:20:19,Rejected,NULL,1
2354287,TDU26591G,2025-11-26 00:41:40,Rejected,NULL,1
2354288,TDU26592G,2025-11-26 13:41:47,Rejected,NULL,1
2354289,TDU34131,2025-11-26 16:00:15,Rejected,NULL,1
2354290,TDU34132,2025-11-26 16:01:52,Rejected,NULL,1
2354291,TDU34133,2025-11-26 16:51:55,Rejected,NULL,1
2354292,TDU26593G,2025-11-26 16:59:49,Rejected,NULL,1
2354293,TDU26594G,2025-11-26 17:15:44,Accepted,NULL,1
2354294,TDU34134,2025-11-26 17:28:02,Rejected,NULL,1
2354295,TDU34135,2025-11-26 17:40:44,Accounts - Reconciliation,NULL,1
2354296,TDU34136,2025-11-26 18:11:09,Auto Rejected,NULL,1
2354297,TDU34137,2025-11-26 18:40:23,Rejected,NULL,1
2354298,TDU34138,2025-11-26 19:27:20,Rejected,NULL,1
2354299,TDU34139,2025-11-26 19:40:29,Rejected,NULL,1
2354300,TDU34140,2025-11-26 20:54:59,Auto Rejected,NULL,1
2354301,TDU34141,2025-11-26 22:06:57,Rejected,NULL,1
2354302,TDU34142,2025-11-26 22:13:41,Rejected,NULL,1
2354303,TDU34143,2025-11-26 22:34:34,Rejected,NULL,1
2354304,TDU34144,2025-11-26 23:15:56,Rejected,NULL,1
2354305,TDU34145,2025-11-26 23:31:56,Rejected,NULL,1
2354306,TDU34146,2025-11-26 23:31:59,Rejected,NULL,1
2354307,TDU34147,2025-11-26 23:48:35,Rejected,NULL,1
2354308,TDU34148,2025-11-26 23:55:35,Rejected,NULL,1
2354309,TDU34149,2025-11-27 00:09:07,Rejected,NULL,1
2354310,TDU26595G,2025-11-27 09:59:15,Auto Rejected,NULL,1
2354311,TDU34150,2025-11-27 10:14:51,Auto Rejected,NULL,1
2354312,TDU34151,2025-11-27 14:56:01,Rejected,NULL,1
2354313,TDU34152,2025-11-27 15:09:37,Rejected,NULL,1
2354314,TDU26596G,2025-11-27 15:12:33,Auto Rejected,NULL,1
2354315,TDU34153,2025-11-27 15:13:41,Rejected,NULL,1
2354316,TDU34154,2025-11-27 16:20:46,Rejected,NULL,1
2354317,TDU34155,2025-11-27 16:50:11,Rejected,NULL,1
2354318,TDU34156,2025-11-27 17:25:33,Rejected,NULL,1
2354319,TDU34157,2025-11-27 17:45:09,Auto Rejected,NULL,1
2354320,TDU26597G,2025-11-27 18:02:44,Rejected,NULL,1
2354321,TDU34158,2025-11-27 20:33:24,Rejected,NULL,1
2354322,TDU34159,2025-11-27 20:42:36,Rejected,NULL,1
2354323,TDU34160,2025-11-27 21:28:14,Rejected,NULL,1
2354324,TDU34161,2025-11-27 21:32:17,Rejected,NULL,1
2354325,TDU34162,2025-11-27 21:51:28,Rejected,NULL,1
2354326,TDU34163,2025-11-27 21:59:07,Rejected,NULL,1
2354327,TDU34164,2025-11-27 22:23:05,Auto Rejected,NULL,1
2354328,TDU34165,2025-11-27 23:56:19,Rejected,NULL,1
2354329,TDU26598G,2025-11-28 00:14:48,Rejected,NULL,1
2354330,TDU34166,2025-11-28 09:53:23,Accounts - Reconciliation,NULL,1
2354331,TDU26599G,2025-11-28 12:33:05,Rejected,NULL,1
2354332,TDU26600G,2025-11-28 13:10:15,Rejected,NULL,1
2354333,TDU26601G,2025-11-28 13:38:48,Rejected,NULL,1
2354334,TDU34167,2025-11-28 15:28:47,On Ground,NULL,1
2354335,TDU34168,2025-11-28 16:40:30,Rejected,NULL,1
2354336,TDU34169,2025-11-28 17:18:48,Rejected,NULL,1
2354337,TDU34170,2025-11-28 18:09:07,Rejected,NULL,1
2354338,TDU34171,2025-11-28 18:09:16,Rejected,NULL,1
2354339,TDU34172,2025-11-28 20:18:32,Auto Rejected,NULL,1
2354340,TDU34173,2025-11-28 20:28:18,Rejected,NULL,1
2354341,TDU34174,2025-11-28 20:41:05,Rejected,NULL,1
2354342,TDU34175,2025-11-28 21:27:07,Accounts - Reconciliation,NULL,1
2354343,TDU34176,2025-11-28 21:42:42,Rejected,NULL,1
2354344,TDU34177,2025-11-28 22:08:12,Rejected,NULL,1
2354345,TDU26602G,2025-11-28 22:19:17,Rejected,NULL,1
2354346,TDU26603G,2025-11-28 22:25:13,Auto Rejected,NULL,1
2354347,TDU26604G,2025-11-28 22:36:20,Rejected,NULL,1
2354348,TDU34178,2025-11-28 22:55:20,Rejected,NULL,1
2354349,TDU34179,2025-11-28 23:56:36,Rejected,NULL,1
2354350,TDU34180,2025-11-28 23:59:41,Rejected,NULL,1
2354351,TDU34181,2025-11-29 15:47:40,Rejected,NULL,1
2354352,TDU34182,2025-11-29 16:14:16,Rejected,NULL,1
2354353,TDU26605G,2025-11-29 16:49:12,Rejected,NULL,1
2354354,TDU34183,2025-11-29 17:26:45,Rejected,NULL,1
2354355,TDU34184,2025-11-29 17:52:38,Rejected After Confrmation QA pending,NULL,1
2354356,TDU34185,2025-11-29 18:25:47,Rejected,NULL,1
2354357,TDU34186,2025-11-29 19:09:52,Rejected,NULL,1
2354358,TDU34187,2025-11-29 20:58:04,Rejected,NULL,1
2354359,TDU26606G,2025-11-30 14:26:29,Rejected,NULL,1
2354360,TDU26607G,2025-11-30 15:23:58,Rejected,NULL,1
2354361,TDU26608G,2025-11-30 15:44:49,Rejected,NULL,1
2354362,TDU34188,2025-11-30 17:02:54,Accounts - Reconciliation,NULL,1
2354363,TDU26609G,2025-12-01 17:33:30,Rejected,NULL,1
2354364,TDU26610G,2025-12-01 18:05:17,Rejected,NULL,1
2354365,TDU34189,2025-12-01 20:20:15,Rejected After Confrmation QA pending,NULL,1
2354366,TDU34190,2025-12-01 20:24:50,Auto Rejected,NULL,1
2354367,TDU34191,2025-12-01 20:57:31,Rejected After Confrmation QA pending,NULL,1
2354368,TDU34192,2025-12-01 21:39:11,Rejected,NULL,1
2354369,TDU34193,2025-12-01 21:45:10,Rejected,NULL,1
2354370,TDU34194,2025-12-01 22:00:54,Rejected,NULL,1
2354371,TDU34195,2025-12-01 22:15:18,Accounts - Reconciliation,NULL,1
2354372,TDU34196,2025-12-01 22:40:43,Rejected,NULL,1
2354373,TDU34197,2025-12-01 23:04:22,Accounts - Reconciliation,NULL,1
2354374,TDU34198,2025-12-01 23:29:07,On Ground,NULL,1
2354375,TDU34199,2025-12-01 23:30:22,Rejected,NULL,1
2354376,TDU34200,2025-12-01 23:45:58,Rejected,NULL,1
2354377,TDU34201,2025-12-01 23:55:27,Rejected,NULL,1
2354378,TDU34202,2025-12-02 01:01:03,Rejected,NULL,1
2354379,TDU34203,2025-12-02 01:36:06,Rejected,NULL,1
2354380,TDU34204,2025-12-02 01:45:58,Rejected,NULL,1
2354381,TDU34205,2025-12-02 02:04:40,Rejected,NULL,1
2354382,TDU34206,2025-12-02 02:08:59,Rejected,NULL,1
2354383,TDU34207,2025-12-02 03:17:25,Rejected,NULL,1
2354384,TDU26611G,2025-12-02 11:40:52,Rejected,NULL,1
2354385,TDU26612G,2025-12-02 18:28:50,Rejected,NULL,1
2354386,TDU34208,2025-12-02 18:42:16,Rejected,NULL,1
2354387,TDU34209,2025-12-02 20:52:40,Rejected,NULL,1
2354388,TDU34210,2025-12-02 22:08:11,Auto Rejected,NULL,1
2354389,TDU34211,2025-12-02 22:13:38,Rejected,NULL,1
2354390,TDU34212,2025-12-02 22:15:55,Rejected,NULL,1
2354391,TDU34213,2025-12-02 23:59:17,Rejected,NULL,1
2354392,TDU34214,2025-12-03 00:07:09,Rejected,NULL,1
2354393,TDU34215,2025-12-03 01:25:36,Rejected,NULL,1
2354394,TDU34216,2025-12-03 01:51:34,Rejected,NULL,1
2354395,TDU34217,2025-12-03 02:09:02,Rejected,NULL,1
2354396,TDU34218,2025-12-03 02:18:23,Rejected,NULL,1
2354397,TDU34219,2025-12-03 17:10:16,On Ground,NULL,1
2354398,TDU34220,2025-12-03 17:32:16,Rejected,NULL,1
2354399,TDU34221,2025-12-03 18:02:11,Rejected,NULL,1
2354400,TDU34222,2025-12-03 18:16:26,Rejected,NULL,1
2354401,TDU34223,2025-12-03 18:44:47,Auto Rejected,NULL,1
2354402,TDU34224,2025-12-03 19:16:46,Auto Rejected,NULL,1
2354403,TDU34225,2025-12-03 21:30:51,Rejected,NULL,1
2354404,TDU34226,2025-12-03 21:53:03,Rejected,NULL,1
2354405,TDU34227,2025-12-03 21:59:13,Rejected,NULL,1
2354406,TDU34228,2025-12-03 22:27:36,Rejected,NULL,1
2354407,TDU34229,2025-12-03 22:58:22,Rejected,NULL,1
2354408,TDU34230,2025-12-04 00:43:51,Rejected,NULL,1
2354409,TDU34231,2025-12-04 00:51:56,Auto Rejected,NULL,1
2354410,TDU34232,2025-12-04 00:58:41,Auto Rejected,NULL,1
2354411,TDU34233,2025-12-04 01:22:11,Rejected,NULL,1
2354412,TDU34234,2025-12-04 03:07:56,Rejected,NULL,1
2354413,TDU34235,2025-12-04 03:15:03,Rejected,NULL,1
2354414,TDU34236,2025-12-04 03:20:48,Accounts - Reconciliation,NULL,1
2354415,TDU26613G,2025-12-04 07:20:36,Rejected,NULL,1
2354416,TDU26614G,2025-12-04 09:42:33,Created,NULL,1
2354417,TDU26615G,2025-12-04 10:19:54,Auto Rejected,NULL,1
2354418,TDU26616G,2025-12-04 10:46:08,Auto Rejected,NULL,1
2354419,TDU26617G,2025-12-04 13:58:23,Rejected,NULL,1
2354420,TDU26618G,2025-12-04 14:34:39,Rejected,NULL,1
2354421,TDU26619G,2025-12-04 14:37:30,Rejected,NULL,1
2354422,TDU34237,2025-12-04 20:51:56,Rejected,NULL,1
2354423,TDU34238,2025-12-04 21:37:53,Auto Rejected,NULL,1
2354424,TDU34239,2025-12-04 22:17:43,Rejected,NULL,1
2354425,TDU34240,2025-12-04 22:25:41,Rejected,NULL,1
2354426,TDU34241,2025-12-04 23:00:21,Rejected,NULL,1
2354427,TDU26620G,2025-12-04 23:00:49,Rejected,NULL,1
2354428,TDU34242,2025-12-04 23:56:00,Rejected,NULL,1
2354429,TDU34243,2025-12-04 23:59:50,Auto Rejected,NULL,1
2354430,TDU34244,2025-12-05 00:31:41,Rejected,NULL,1
2354431,TDU34245,2025-12-05 00:48:21,Rejected,NULL,1
2354432,TDU34246,2025-12-05 00:55:59,Auto Rejected,NULL,1
2354433,TDU34247,2025-12-05 01:40:16,Rejected,NULL,1
2354434,TDU34248,2025-12-05 02:20:19,Rejected,NULL,1
2354435,TDU34249,2025-12-05 02:31:59,Rejected,NULL,1
2354436,TDU34250,2025-12-05 02:51:20,Rejected,NULL,1
2354437,TDU34251,2025-12-05 03:05:03,Rejected,NULL,1
2354438,TDU26621G,2025-12-05 11:30:27,Rejected,NULL,1
2354439,TDU26622G,2025-12-05 13:58:24,Rejected,NULL,1
2354440,TDU26623G,2025-12-05 14:07:51,Rejected,NULL,1
2354441,TDU26624G,2025-12-05 14:11:46,Rejected,NULL,1
2354442,TDU34252,2025-12-05 14:25:15,Rejected,NULL,1
2354443,TDU26625G,2025-12-05 16:05:52,Rejected,NULL,1
2354444,TDU26626G,2025-12-05 16:55:14,Rejected,NULL,1
2354445,TDU34253,2025-12-05 19:04:47,Accounts - Reconciliation,NULL,1
2354446,TDU34254,2025-12-05 21:01:28,Rejected,NULL,1
2354447,TDU34255,2025-12-05 22:58:58,Rejected,NULL,1
2354448,TDU34256,2025-12-05 23:04:49,Rejected,NULL,1
2354449,TDU26627G,2025-12-05 23:54:19,Auto Rejected,NULL,1
2354450,TDU34257,2025-12-06 00:22:20,Rejected,NULL,1
2354451,TDU34258,2025-12-06 01:35:47,Rejected,NULL,1
2354452,TDU34259,2025-12-06 01:41:25,Rejected,NULL,1
2354453,TDU34260,2025-12-06 02:43:53,Rejected,NULL,1
2354454,TDU34261,2025-12-06 03:04:39,Rejected,NULL,1
2354455,TDU26628G,2025-12-06 09:03:45,Auto Rejected,NULL,1
2354456,TDU34262,2025-12-06 10:21:34,On Ground,NULL,1
2354457,TDU34263,2025-12-06 21:10:30,Rejected,NULL,1
2354458,TDU34264,2025-12-06 21:54:19,Accounts - Reconciliation,NULL,1
2354459,TDU34265,2025-12-06 22:15:43,Auto Rejected,NULL,1
2354460,TDU34266,2025-12-06 22:35:46,Rejected,NULL,1
2354461,TDU34267,2025-12-06 23:09:44,On Ground,NULL,1
2354462,TDU34268,2025-12-06 23:52:38,Rejected,NULL,1
2354463,TDU34269,2025-12-07 00:01:22,Rejected,NULL,1
2354464,TDU34270,2025-12-07 00:13:21,Rejected After Confrmation QA pending,NULL,1
2354465,TDU34271,2025-12-07 00:36:39,Rejected,NULL,1
2354466,TDU34272,2025-12-07 00:47:50,Rejected,NULL,1
2354467,TDU34273,2025-12-07 00:47:52,Rejected,NULL,1
2354468,TDU34274,2025-12-07 01:21:51,On Ground,NULL,1
2354469,TDU34275,2025-12-07 01:35:38,Rejected,NULL,1
2354470,TDU34276,2025-12-07 02:05:36,Rejected,NULL,1
2354471,TDU34277,2025-12-08 11:49:26,Rejected,NULL,1
2354472,TDU34278,2025-12-08 13:24:45,Rejected,NULL,1
2354473,TDU34279,2025-12-08 18:45:24,Rejected,NULL,1
2354474,TDU26629G,2025-12-08 20:12:04,Rejected,NULL,1
2354475,TDU34280,2025-12-08 20:55:45,Rejected,NULL,1
2354476,TDU34281,2025-12-08 21:27:23,On Ground,NULL,1
2354477,TDU34282,2025-12-08 22:01:27,Auto Rejected,NULL,1
2354478,TDU34283,2025-12-08 22:41:45,Rejected,NULL,1
2354479,TDU34284,2025-12-08 22:45:53,Auto Rejected,NULL,1
2354480,TDU34285,2025-12-08 23:16:54,Rejected,NULL,1
2354481,TDU34286,2025-12-08 23:48:51,Rejected,NULL,1
2354482,TDU34287,2025-12-08 23:54:39,Auto Rejected,NULL,1
2354483,TDU34288,2025-12-09 00:06:03,Rejected,NULL,1
2354484,TDU34289,2025-12-09 00:28:42,Rejected,NULL,1
2354485,TDU34290,2025-12-09 00:43:57,Rejected,NULL,1
2354486,TDU34291,2025-12-09 01:05:02,Rejected,NULL,1
2354487,TDU34292,2025-12-09 01:24:39,Rejected,NULL,1
2354488,TDU34293,2025-12-09 02:08:07,Rejected,NULL,1
2354489,TDU34294,2025-12-09 02:27:05,Rejected,NULL,1
2354490,TDU26630G,2025-12-09 07:13:16,Auto Rejected,NULL,1
2354491,TDU34295,2025-12-09 12:55:35,Auto Rejected,NULL,1
2354492,TDU34296,2025-12-09 19:01:55,Accounts - Reconciliation,NULL,1
2354493,TDU34297,2025-12-09 19:32:06,Auto Rejected,NULL,1
2354494,TDU34298,2025-12-09 22:37:12,Rejected,NULL,1
2354495,TDU34299,2025-12-09 23:31:31,Rejected,NULL,1
2354496,TDU34300,2025-12-09 23:51:54,Rejected,NULL,1
2354497,TDU34301,2025-12-10 00:27:15,Rejected,NULL,1
2354498,TDU34302,2025-12-10 00:39:27,Rejected,NULL,1
2354499,TDU34303,2025-12-10 00:47:06,Rejected,NULL,1
2354500,TDU34304,2025-12-10 00:55:25,Rejected,NULL,1
2354501,TDU34305,2025-12-10 01:03:12,Rejected,NULL,1
2354502,TDU34306,2025-12-10 01:15:09,Rejected,NULL,1
2354503,TDU34307,2025-12-10 01:33:33,Accounts - Reconciliation,NULL,1
2354504,TDU34308,2025-12-10 03:02:44,Rejected,NULL,1
2354505,TDU34309,2025-12-10 17:58:54,Accounts - Reconciliation,NULL,1
2354506,TDU34310,2025-12-10 18:07:50,Rejected,NULL,1
2354507,TDU34311,2025-12-10 18:57:51,Rejected,NULL,1
2354508,TDU34312,2025-12-10 19:01:29,Rejected,NULL,1
2354509,TDU26631G,2025-12-10 21:20:26,Rejected,NULL,1
2354510,TDU26632G,2025-12-10 22:01:26,Rejected,NULL,1
2354511,TDU34313,2025-12-10 22:32:30,Rejected,NULL,1
2354512,TDU34314,2025-12-10 22:38:05,Rejected,NULL,1
2354513,TDU34315,2025-12-10 22:44:54,On Ground,NULL,1
2354514,TDU34316,2025-12-10 23:32:09,Rejected,NULL,1
2354515,TDU34317,2025-12-11 02:45:20,Rejected,NULL,1
2354516,TDU34318,2025-12-11 15:42:48,Rejected,NULL,1
2354517,TDU34319,2025-12-11 16:01:32,Accounts - Reconciliation,NULL,1
2354518,TDU34320,2025-12-11 16:27:00,Auto Rejected,NULL,1
2354519,TDU34321,2025-12-11 16:56:12,Rejected,NULL,1
2354520,TDU34322,2025-12-11 17:21:06,Rejected,NULL,1
2354521,TDU34323,2025-12-11 18:22:57,Rejected,NULL,1
2354522,TDU26633G,2025-12-11 18:47:54,Rejected,NULL,1
2354523,TDU26634G,2025-12-11 20:37:33,Rejected,NULL,1
2354524,TDU34324,2025-12-11 21:14:40,On Ground,NULL,1
2354525,TDU26635G,2025-12-11 21:29:50,Rejected After Confrmation QA completed,NULL,1
2354526,TDU34325,2025-12-11 21:49:08,Rejected,NULL,1
2354527,TDU34326,2025-12-11 21:52:49,Rejected,NULL,1
2354528,TDU34327,2025-12-11 21:56:28,Rejected,NULL,1
2354529,TDU34328,2025-12-11 22:11:59,Rejected,NULL,1
2354530,TDU34329,2025-12-11 22:27:10,Rejected,NULL,1
2354531,TDU34330,2025-12-11 22:54:50,Auto Rejected,NULL,1
2354532,TDU34331,2025-12-11 23:18:31,Rejected,NULL,1
2354533,TDU34332,2025-12-11 23:46:28,Auto Rejected,NULL,1
2354534,TDU34333,2025-12-12 00:18:44,Auto Rejected,NULL,1
2354535,TDU34334,2025-12-12 18:54:26,Rejected,NULL,1
2354536,TDU34335,2025-12-12 19:41:59,Rejected,NULL,1
2354537,TDU34336,2025-12-12 20:56:25,Auto Rejected,NULL,1
2354538,TDU34337,2025-12-12 21:38:36,Rejected,NULL,1
2354539,TDU34338,2025-12-12 21:55:06,Rejected,NULL,1
2354540,TDU34339,2025-12-12 22:31:50,Rejected,NULL,1
2354541,TDU34340,2025-12-12 22:38:47,Rejected,NULL,1
2354542,TDU34341,2025-12-12 23:49:31,On Ground,NULL,1
2354543,TDU34342,2025-12-13 15:30:29,Rejected,NULL,1
2354544,TDU34343,2025-12-13 17:56:20,Rejected,NULL,1
2354545,TDU34344,2025-12-13 18:20:11,Rejected,NULL,1
2354546,TDU34345,2025-12-13 19:25:56,Rejected,NULL,1
2354547,TDU34346,2025-12-13 20:01:51,Rejected,NULL,1
2354548,TDU34347,2025-12-13 20:56:02,Rejected,NULL,1
2354549,TDU34348,2025-12-13 21:19:13,Auto Rejected,NULL,1
2354550,TDU34349,2025-12-13 23:11:23,Rejected,NULL,1
2354551,TDU26636G,2025-12-14 09:25:59,Auto Rejected,NULL,1
2354552,TDU26637G,2025-12-14 09:37:43,Rejected,NULL,1
2354553,TDU26638G,2025-12-14 10:11:23,Rejected,NULL,1
2354554,TDU26639G,2025-12-15 11:39:56,Auto Rejected,NULL,1
2354555,TDU26640G,2025-12-15 12:29:33,Rejected,NULL,1
2354556,TDU26641G,2025-12-15 14:10:58,Auto Rejected,NULL,1
2354557,TDU34350,2025-12-15 16:19:36,Rejected,NULL,1
2354558,TDU34351,2025-12-15 16:21:47,Rejected,NULL,1
2354559,TDU34352,2025-12-15 17:19:10,Rejected,NULL,1
2354560,TDU34353,2025-12-15 18:16:52,Rejected,NULL,1
2354561,TDU34354,2025-12-15 19:15:41,On Ground,NULL,1
2354562,TDU34355,2025-12-15 20:55:50,Rejected,NULL,1
2354563,TDU34356,2025-12-15 21:56:13,Rejected,NULL,1
2354564,TDU34357,2025-12-15 23:14:42,Auto Rejected,NULL,1
2354565,TDU34358,2025-12-15 23:41:46,Rejected,NULL,1
2354566,TDU34359,2025-12-16 10:53:03,Auto Rejected,NULL,1
2354567,TDU26642G,2025-12-16 13:24:45,Rejected,NULL,1
2354568,TDU26643G,2025-12-16 14:00:14,On Ground,NULL,1
2354569,TDU34360,2025-12-16 16:06:09,Auto Rejected,NULL,1
2354570,TDU34361,2025-12-16 17:17:48,Rejected,NULL,1
2354571,TDU34362,2025-12-16 20:31:54,Accounts - Reconciliation,NULL,1
2354572,TDU34363,2025-12-16 21:02:00,Rejected,NULL,1
2354573,TDU34364,2025-12-16 21:47:48,Rejected,NULL,1
2354574,TDU34365,2025-12-16 22:02:59,Rejected,NULL,1
2354575,TDU34366,2025-12-16 22:10:44,Accounts - Reconciliation,NULL,1
2354576,TDU34367,2025-12-16 22:19:56,Rejected,NULL,1
2354577,TDU34368,2025-12-16 22:48:18,Auto Rejected,NULL,1
2354578,TDU34369,2025-12-16 23:09:10,Rejected,NULL,1
2354579,TDU34370,2025-12-16 23:17:22,Rejected After Confrmation QA pending,NULL,1
2354580,TDU34371,2025-12-16 23:21:18,Rejected,NULL,1
2354581,TDU34372,2025-12-16 23:29:58,Rejected,NULL,1
2354582,TDU34373,2025-12-17 00:20:23,Rejected,NULL,1
2354583,TDU26644G,2025-12-17 09:42:39,Created,NULL,1
2354584,TDU34374,2025-12-17 10:11:57,Auto Rejected,NULL,1
2354585,TDU34375,2025-12-17 10:58:47,Auto Rejected,NULL,1
2354586,TDU34376,2025-12-17 11:07:48,Rejected,NULL,1
2354587,TDU26645G,2025-12-17 11:22:34,Auto Rejected,NULL,1
2354588,TDU34377,2025-12-17 11:58:17,Auto Rejected,NULL,1
2354589,TDU34378,2025-12-17 12:25:45,On Ground,NULL,1
2354590,TDU26646G,2025-12-17 17:27:21,Rejected,NULL,1
2354591,TDU26647G,2025-12-17 18:14:46,Rejected,NULL,1
2354592,TDU26648G,2025-12-17 19:09:11,Rejected,NULL,1
2354593,TDU34379,2025-12-17 19:16:35,Rejected,NULL,1
2354594,TDU34380,2025-12-17 20:14:37,Rejected,NULL,1
2354595,TDU34381,2025-12-17 20:43:20,Rejected,NULL,1
2354596,TDU34382,2025-12-17 20:52:08,Rejected,NULL,1
2354597,TDU34383,2025-12-17 21:47:12,Rejected,NULL,1
2354598,TDU34384,2025-12-17 22:13:47,Accounts - Reconciliation,NULL,1
2354599,TDU34385,2025-12-17 23:52:52,Auto Rejected,NULL,1
2354600,TDU26649G,2025-12-18 10:47:09,Auto Rejected,NULL,1
2354601,TDU34386,2025-12-18 11:25:31,Created,NULL,1
2354602,TDU34387,2025-12-18 13:21:31,PRE QA - completed,NULL,1
2354603,TDU26650G,2025-12-18 13:41:43,Rejected,NULL,1
2354604,TDU34388,2025-12-18 17:17:54,Rejected After Confrmation QA pending,NULL,1
2354605,TDU34389,2025-12-18 17:36:48,Auto Rejected,NULL,1
2354606,TDU34390,2025-12-18 18:29:09,Auto Rejected,NULL,1
2354607,TDU34391,2025-12-18 20:44:11,Rejected After Confrmation QA pending,NULL,1
2354608,TDU34392,2025-12-18 20:56:10,Accounts - Reconciliation,NULL,1
2354609,TDU34393,2025-12-18 21:44:33,Rejected,NULL,1
2354610,TDU34394,2025-12-18 21:51:51,Rejected,NULL,1
2354611,TDU34395,2025-12-18 22:51:24,Rejected,NULL,1
2354612,TDU34396,2025-12-18 23:05:20,Rejected,NULL,1
2354613,TDU34397,2025-12-18 23:06:03,Rejected,NULL,1
2354614,TDU34398,2025-12-18 23:14:50,Rejected,NULL,1
2354615,TDU34399,2025-12-18 23:21:03,Rejected,NULL,1
2354616,TDU34400,2025-12-18 23:38:38,Rejected,NULL,1
2354617,TDU34401,2025-12-18 23:59:11,Accounts - Reconciliation,NULL,1
2354618,TDU34402,2025-12-19 00:07:06,Rejected,NULL,1
2354619,TDU34403,2025-12-19 00:21:36,Rejected,NULL,1
2354620,TDU34404,2025-12-19 16:03:17,Rejected,NULL,1
2354621,TDU34405,2025-12-19 16:20:55,Rejected,NULL,1
2354622,TDU34406,2025-12-19 16:58:07,Rejected,NULL,1
2354623,TDU34407,2025-12-19 17:30:06,Rejected,NULL,1
2354624,TDU34408,2025-12-19 18:52:34,Rejected,NULL,1
2354625,TDU34409,2025-12-19 19:13:50,Rejected,NULL,1
2354626,TDU26651G,2025-12-19 19:28:31,Rejected,NULL,1
2354627,TDU34410,2025-12-19 20:53:01,Auto Rejected,NULL,1
2354628,TDU34411,2025-12-19 21:12:40,Rejected,NULL,1
2354629,TDU34412,2025-12-19 22:01:47,Rejected,NULL,1
2354630,TDU34413,2025-12-19 23:16:57,On Ground,NULL,1
2354631,TDU34414,2025-12-19 23:50:40,Rejected,NULL,1
2354632,TDU34415,2025-12-20 11:45:30,Rejected,NULL,1
2354633,TDU34416,2025-12-20 13:25:28,Rejected,NULL,1
2354634,TDU34417,2025-12-20 15:50:46,Rejected,NULL,1
2354635,TDU34418,2025-12-20 16:48:08,Auto Rejected,NULL,1
2354636,TDU34419,2025-12-20 17:38:37,Rejected,NULL,1
2354637,TDU26652G,2025-12-20 17:46:31,Rejected,NULL,1
2354638,TDU34420,2025-12-20 18:28:20,Rejected,NULL,1
2354639,TDU34421,2025-12-20 20:20:28,Rejected,NULL,1
2354640,TDU34422,2025-12-20 20:33:58,Auto Rejected,NULL,1
2354641,TDU34423,2025-12-20 20:47:55,Auto Rejected,NULL,1
2354642,TDU34424,2025-12-20 20:49:28,Auto Rejected,NULL,1
2354643,TDU34425,2025-12-20 21:23:33,Accounts - Reconciliation,NULL,1
2354644,TDU34426,2025-12-20 21:45:11,Rejected,NULL,1
2354645,TDU26653G,2025-12-20 21:53:43,Rejected,NULL,1
2354646,TDU26654G,2025-12-20 22:02:59,PRE QA - pending,NULL,1
2354647,TDU34427,2025-12-20 22:09:56,Rejected,NULL,1
2354648,TDU34428,2025-12-20 22:30:41,Rejected,NULL,1
2354649,TDU34429,2025-12-20 23:05:10,Rejected,NULL,1
2354650,TDU26655G,2025-12-20 23:20:24,Rejected,NULL,1
2354651,TDU34430,2025-12-21 00:00:02,Rejected,NULL,1
2354652,TDU34431,2025-12-21 00:14:58,Rejected,NULL,1
2354653,TDU26656G,2025-12-22 07:34:38,Rejected,NULL,1
2354654,TDU26657G,2025-12-22 07:39:39,Auto Rejected,NULL,1
2354655,TDU34432,2025-12-22 09:29:32,Auto Rejected,NULL,1
2354656,TDU34433,2025-12-22 10:09:51,Created,NULL,1
2354657,TDU26658G,2025-12-22 11:25:43,Accounts - Reconciliation,NULL,1
2354658,TDU34434,2025-12-22 12:09:39,Auto Rejected,NULL,1
2354659,TDU26659G,2025-12-22 12:19:19,Auto Rejected,NULL,1
2354660,TDU34435,2025-12-22 16:29:10,Rejected,NULL,1
2354661,TDU26660G,2025-12-22 16:38:09,Accepted,NULL,1
2354662,TDU34436,2025-12-22 17:35:54,Rejected,NULL,1
2354663,TDU26661G,2025-12-22 18:23:50,Rejected After Confrmation QA pending,NULL,1
2354664,TDU34437,2025-12-22 18:47:24,Auto Rejected,NULL,1
2354665,TDU34438,2025-12-22 20:25:40,Rejected,NULL,1
2354666,TDU26662G,2025-12-22 20:28:50,Rejected,NULL,1
2354667,TDU26663G,2025-12-22 20:30:49,Rejected,NULL,1
2354668,TDU34439,2025-12-22 21:37:55,Rejected,NULL,1
2354669,TDU34440,2025-12-22 22:09:09,Rejected,NULL,1
2354670,TDU26664G,2025-12-22 22:38:32,Rejected,NULL,1
2354671,TDU34441,2025-12-22 23:29:06,Rejected,NULL,1
2354672,TDU34442,2025-12-23 00:00:54,Rejected,NULL,1
2354673,TDU26665G,2025-12-23 00:07:43,Rejected,NULL,1
2354674,TDU26666G,2025-12-23 01:36:46,Rejected,NULL,1
2354675,TDU34443,2025-12-23 17:04:13,Rejected,NULL,1
2354676,TDU26667G,2025-12-23 17:05:14,Rejected,NULL,1
2354677,TDU34444,2025-12-23 17:25:38,Rejected,NULL,1
2354678,TDU34445,2025-12-23 17:40:36,Rejected,NULL,1
2354679,TDU34446,2025-12-23 17:47:15,Auto Rejected,NULL,1
2354680,TDU34447,2025-12-23 18:20:22,Rejected,NULL,1
2354681,TDU26668G,2025-12-23 19:18:27,Rejected,NULL,1
2354682,TDU26669G,2025-12-23 19:35:04,Rejected,NULL,1
2354683,TDU26670G,2025-12-23 19:42:27,Rejected,NULL,1
2354684,TDU26671G,2025-12-23 20:21:55,Rejected,NULL,1
2354685,TDU34448,2025-12-23 20:34:09,Accounts - Reconciliation,NULL,1
2354686,TDU34449,2025-12-23 22:38:05,Rejected,NULL,1
2354687,TDU34450,2025-12-23 23:19:48,Rejected,NULL,1
2354688,TDU34451,2025-12-23 23:50:36,Auto Rejected,NULL,1
2354689,TDU34452,2025-12-24 00:15:26,Auto Rejected,NULL,1
2354690,TDU26672G,2025-12-24 05:02:22,Auto Rejected,NULL,1
2354691,TDU26673G,2025-12-24 09:40:25,Auto Rejected,NULL,1
2354692,TDU26674G,2025-12-24 10:56:41,Rejected,NULL,1
2354693,TDU26675G,2025-12-24 14:05:01,Auto Rejected,NULL,1
2354694,TDU34453,2025-12-24 16:32:10,Rejected,NULL,1
2354695,TDU34454,2025-12-24 16:43:39,Accounts - Reconciliation,NULL,1
2354696,TDU34455,2025-12-24 17:20:39,Rejected,NULL,1
2354697,TDU34456,2025-12-24 17:59:37,Rejected,NULL,1
2354698,TDU34457,2025-12-24 18:34:06,Rejected,NULL,1
2354699,TDU34458,2025-12-24 18:47:08,Rejected,NULL,1
2354700,TDU34459,2025-12-24 19:07:07,Accounts - Reconciliation,NULL,1
2354701,TDU34460,2025-12-24 20:21:59,Rejected,NULL,1
2354702,TDU34461,2025-12-24 20:58:39,Rejected,NULL,1
2354703,TDU34462,2025-12-24 22:55:55,Rejected,NULL,1
2354704,TDU34463,2025-12-24 23:16:49,Rejected,NULL,1
2354705,TDU34464,2025-12-24 23:17:39,Rejected,NULL,1
2354706,TDU34465,2025-12-24 23:25:32,Rejected,NULL,1
2354707,TDU34466,2025-12-24 23:53:14,Rejected,NULL,1
2354708,TDU34467,2025-12-26 17:22:38,Rejected,NULL,1
2354709,TDU34468,2025-12-26 17:34:44,Rejected,NULL,1
2354710,TDU34469,2025-12-26 18:10:22,Rejected After Confrmation QA completed,NULL,1
2354711,TDU34470,2025-12-26 18:51:57,Rejected,NULL,1
2354712,TDU26676G,2025-12-26 21:37:37,Rejected After Confrmation QA pending,NULL,1
2354713,TDU26677G,2025-12-26 22:02:16,Rejected,NULL,1
2354714,TDU34471,2025-12-27 00:08:21,Rejected,NULL,1
2354715,TDU34472,2025-12-27 00:38:40,Rejected,NULL,1
2354716,TDU34473,2025-12-27 00:58:56,Rejected,NULL,1
2354717,TDU34474,2025-12-27 16:57:04,Rejected,NULL,1
2354718,TDU26678G,2025-12-27 18:09:23,Auto Rejected,NULL,1
2354719,TDU26679G,2025-12-27 19:27:13,Rejected,NULL,1
2354720,TDU26680G,2025-12-27 20:15:25,Rejected,NULL,1
2354721,TDU34475,2025-12-27 21:58:17,Rejected,NULL,1
2354722,TDU34476,2025-12-27 22:16:27,Rejected,NULL,1
2354723,TDU34477,2025-12-27 22:30:24,Accounts - Reconciliation,NULL,1
2354724,TDU34478,2025-12-27 22:42:35,Accounts - Reconciliation,NULL,1
2354725,TDU34479,2025-12-27 23:07:38,Rejected,NULL,1
2354726,TDU26681G,2025-12-29 08:24:42,Rejected,NULL,1
2354727,TDU34480,2025-12-29 17:03:36,Rejected,NULL,1
2354728,TDU34481,2025-12-29 18:25:32,Rejected,NULL,1
2354729,TDU34482,2025-12-29 18:32:20,Rejected,NULL,1
2354730,TDU34483,2025-12-29 20:26:55,Rejected,NULL,1
2354731,TDU34484,2025-12-29 20:30:36,Rejected,NULL,1
2354732,TDU34485,2025-12-29 21:47:59,Rejected,NULL,1
2354733,TDU34486,2025-12-29 22:13:05,Rejected,NULL,1
2354734,TDU26682G,2025-12-29 22:22:52,Rejected,NULL,1
2354735,TDU34487,2025-12-29 22:24:30,Rejected,NULL,1
2354736,TDU34488,2025-12-29 22:45:30,Rejected,NULL,1
2354737,TDU34489,2025-12-29 23:19:41,Rejected,NULL,1
2354738,TDU34490,2025-12-29 23:27:51,Rejected,NULL,1
2354739,TDU34491,2025-12-29 23:32:37,Auto Rejected,NULL,1
2354740,TDU34492,2025-12-29 23:40:27,Rejected,NULL,1
2354741,TDU34493,2025-12-29 23:54:45,Rejected,NULL,1
2354742,TDU34494,2025-12-30 17:18:49,On Ground,NULL,1
2354743,TDU34495,2025-12-30 17:43:25,Accounts - Reconciliation,NULL,1
2354744,TDU34496,2025-12-30 17:50:51,Rejected,NULL,1
2354745,TDU34497,2025-12-30 18:05:46,Rejected,NULL,1
2354746,TDU34498,2025-12-30 18:59:01,Rejected,NULL,1
2354747,TDU34499,2025-12-30 20:14:57,Rejected,NULL,1
2354748,TDU34500,2025-12-30 21:25:18,Rejected,NULL,1
2354749,TDU34501,2025-12-30 21:33:36,Rejected,NULL,1
2354750,TDU34502,2025-12-30 21:46:23,Rejected,NULL,1
2354751,TDU34503,2025-12-30 23:55:52,Rejected,NULL,1
2354752,TDU34504,2025-12-31 00:00:53,Rejected,NULL,1
2354753,TDU34505,2025-12-31 00:14:05,Rejected,NULL,1
2354754,TDU34506,2025-12-31 16:01:08,Auto Rejected,NULL,1
2354755,TDU34507,2025-12-31 16:27:23,Rejected,NULL,1
2354756,TDU34508,2025-12-31 16:45:52,Rejected,NULL,1
2354757,TDU34509,2025-12-31 16:58:36,Rejected,NULL,1
2354758,TDU34510,2025-12-31 17:31:47,Rejected,NULL,1
2354759,TDU34511,2025-12-31 17:45:57,Rejected,NULL,1
2354760,TDU34512,2025-12-31 19:37:34,Rejected,NULL,1
2354761,TDU34513,2025-12-31 21:46:11,Auto Rejected,NULL,1
2354762,TDU26683G,2025-12-31 21:51:52,Auto Rejected,NULL,1
2354763,TDU34514,2025-12-31 22:24:39,On Ground,NULL,1
2354764,TDU34515,2025-12-31 23:24:17,Rejected,NULL,1
2354765,TDU34516,2025-12-31 23:51:02,Auto Rejected,NULL,1
2354766,TDU26684G,2026-01-01 00:57:10,Auto Rejected,NULL,1
2354767,TDU26685G,2026-01-01 01:01:52,Auto Rejected,NULL,1
2354768,TDU26686G,2026-01-01 01:16:36,Accounts - Reconciliation,NULL,1
2354769,TDU26687G,2026-01-01 01:33:36,On Ground,NULL,1
2354770,TDU26688G,2026-01-01 02:11:25,Rejected,NULL,1
2354771,TDU26689G,2026-01-01 02:12:55,Rejected,NULL,1
2354772,TDU26690G,2026-01-01 03:21:06,Rejected,NULL,1
2354773,TDU34517,2026-01-02 16:19:50,Rejected,NULL,1
2354774,TDU34518,2026-01-02 17:01:59,Rejected,NULL,1
2354775,TDU34519,2026-01-02 17:06:53,Rejected,NULL,1
2354776,TDU34520,2026-01-02 17:39:05,Rejected,NULL,1
2354777,TDU34521,2026-01-02 18:01:11,Rejected,NULL,1
2354778,TDU34522,2026-01-02 20:24:35,Rejected,NULL,1
2354779,TDU34523,2026-01-02 20:41:42,On Ground,NULL,1
2354780,TDU34524,2026-01-02 21:39:40,Rejected,NULL,1
2354781,TDU34525,2026-01-02 21:48:25,Rejected,NULL,1
2354782,TDU34526,2026-01-02 21:59:59,Rejected,NULL,1
2354783,TDU34527,2026-01-02 23:29:26,Rejected,NULL,1
2354784,TDU34528,2026-01-02 23:45:57,Rejected,NULL,1
2354785,TDU26691G,2026-01-02 23:46:06,Rejected,NULL,1
2354786,TDU26692G,2026-01-03 00:01:49,Rejected,NULL,1
2354787,TDU34529,2026-01-03 19:00:09,Auto Rejected,NULL,1
2354788,TDU34530,2026-01-03 21:20:02,Rejected,NULL,1
2354789,TDU26693G,2026-01-03 22:22:25,Auto Rejected,NULL,1
2354790,TDU34531,2026-01-03 22:53:34,Rejected,NULL,1
2354791,TDU34532,2026-01-03 23:18:41,Rejected,NULL,1
2354792,TDU34533,2026-01-03 23:39:29,Rejected,NULL,1
2354793,TDU34534,2026-01-03 23:41:34,Rejected,NULL,1
2354794,TDU34535,2026-01-04 00:22:35,Rejected,NULL,1
2354795,TDU26694G,2026-01-05 09:10:07,Rejected,NULL,1
2354796,TDU34536,2026-01-05 11:05:03,Auto Rejected,NULL,1
2354797,TDU34537,2026-01-05 16:14:25,Rejected,NULL,1
2354798,TDU34538,2026-01-05 17:25:01,Rejected,NULL,1
2354799,TDU34539,2026-01-05 18:07:28,Rejected,NULL,1
2354800,TDU34540,2026-01-05 21:42:39,On Ground,NULL,1
2354801,TDU34541,2026-01-05 21:53:34,Rejected,NULL,1
2354802,TDU34542,2026-01-05 23:10:37,Rejected,NULL,1
2354803,TDU34543,2026-01-05 23:41:32,Rejected,NULL,1
2354804,TDU34544,2026-01-05 23:45:23,Rejected,NULL,1
2354805,TDU26695G,2026-01-06 00:06:26,Rejected,NULL,1
2354806,TDU34545,2026-01-06 00:13:42,Rejected,NULL,1
2354807,TDU26696G,2026-01-06 01:28:47,Rejected,NULL,1
2354808,TDU26697G,2026-01-06 02:06:28,Rejected,NULL,1
2354809,TDU34546,2026-01-06 10:38:36,Auto Rejected,NULL,1
2354810,TDU34547,2026-01-06 11:11:05,Auto Rejected,NULL,1
2354811,TDU26698G,2026-01-06 11:47:55,Auto Rejected,NULL,1
2354812,TDU34548,2026-01-06 16:12:00,Rejected,NULL,1
2354813,TDU34549,2026-01-06 17:00:13,Accounts - Reconciliation,NULL,1
2354814,TDU34550,2026-01-06 17:09:50,Rejected,NULL,1
2354815,TDU34551,2026-01-06 17:28:48,Rejected After Confrmation QA pending,NULL,1
2354816,TDU34552,2026-01-06 18:22:33,Rejected,NULL,1
2354817,TDU34553,2026-01-06 18:26:17,Rejected,NULL,1
2354818,TDU34554,2026-01-06 18:32:56,Rejected,NULL,1
2354819,TDU34555,2026-01-06 18:35:24,Rejected,NULL,1
2354820,TDU34556,2026-01-06 18:49:59,Rejected,NULL,1
2354821,TDU34557,2026-01-06 19:06:24,Auto Rejected,NULL,1
2354822,TDU34558,2026-01-06 19:15:48,Auto Rejected,NULL,1
2354823,TDU34559,2026-01-06 19:21:53,Auto Rejected,NULL,1
2354824,TDU34560,2026-01-06 20:37:35,Rejected,NULL,1
2354825,TDU34561,2026-01-06 21:26:13,Rejected,NULL,1
2354826,TDU34562,2026-01-06 22:19:44,Rejected,NULL,1
2354827,TDU34563,2026-01-06 22:56:46,Auto Rejected,NULL,1
2354828,TDU34564,2026-01-06 23:13:36,Rejected,NULL,1
2354829,TDU34565,2026-01-06 23:18:33,Rejected,NULL,1
2354830,TDU26699G,2026-01-06 23:27:21,Auto Rejected,NULL,1
2354831,TDU34566,2026-01-06 23:31:57,Rejected,NULL,1
2354832,TDU34567,2026-01-06 23:43:26,Rejected,NULL,1
2354833,TDU26700G,2026-01-07 02:25:24,Auto Rejected,NULL,1
2354834,TDU26701G,2026-01-07 08:53:31,Auto Rejected,NULL,1
2354835,TDU34568,2026-01-07 17:13:30,Rejected,NULL,1
2354836,TDU34569,2026-01-07 17:56:38,Rejected,NULL,1
2354837,TDU34570,2026-01-07 19:24:27,Accounts - Reconciliation,NULL,1
2354838,TDU34571,2026-01-07 21:05:40,Rejected,NULL,1
2354839,TDU34572,2026-01-07 21:11:12,Rejected,NULL,1
2354840,TDU34573,2026-01-07 21:14:07,Rejected,NULL,1
2354841,TDU34574,2026-01-07 21:28:49,Rejected,NULL,1
2354842,TDU34575,2026-01-07 22:16:17,Rejected,NULL,1
2354843,TDU34576,2026-01-07 22:31:45,Rejected,NULL,1
2354844,TDU34577,2026-01-07 22:34:47,Rejected,NULL,1
2354845,TDU34578,2026-01-07 22:55:54,Rejected,NULL,1
2354846,TDU34579,2026-01-07 23:25:19,Rejected,NULL,1
2354847,TDU34580,2026-01-08 00:19:00,Rejected,NULL,1
2354848,TDU26702G,2026-01-08 07:24:36,Rejected,NULL,1
2354849,TDU26703G,2026-01-08 07:41:05,Requote,NULL,1
2354850,TDU34581,2026-01-08 09:43:33,Auto Rejected,NULL,1
2354851,TDU34582,2026-01-08 09:55:58,Rejected,NULL,1
2354852,TDU34583,2026-01-08 10:36:31,Rejected,NULL,1
2354853,TDU26704G,2026-01-08 13:58:49,Rejected,NULL,1
2354854,TDU34584,2026-01-08 17:24:25,Rejected,NULL,1
2354855,TDU34585,2026-01-08 18:27:19,Rejected,NULL,1
2354856,TDU34586,2026-01-08 20:26:35,Accounts - Reconciliation,NULL,1
2354857,TDU34587,2026-01-08 21:09:47,Rejected,NULL,1
2354858,TDU34588,2026-01-08 21:43:05,Rejected,NULL,1
2354859,TDU34589,2026-01-08 21:46:49,Rejected,NULL,1
2354860,TDU34590,2026-01-08 21:47:41,Rejected,NULL,1
2354861,TDU34591,2026-01-08 22:22:49,Rejected,NULL,1
2354862,TDU34592,2026-01-08 22:24:44,Rejected,NULL,1
2354863,TDU34593,2026-01-08 22:41:06,Accounts - Reconciliation,NULL,1
2354864,TDU34594,2026-01-08 23:18:15,Rejected,NULL,1
2354865,TDU34595,2026-01-08 23:35:32,Rejected,NULL,1
2354866,TDU34596,2026-01-08 23:54:41,Rejected,NULL,1
2354867,TDU34597,2026-01-09 00:00:05,Rejected,NULL,1
2354868,TDU34598,2026-01-09 10:11:22,Created,NULL,1
2354869,TDU26705G,2026-01-09 10:32:48,Accounts - Reconciliation,NULL,1
2354870,TDU34599,2026-01-09 10:35:28,Auto Rejected,NULL,1
2354871,TDU26706G,2026-01-09 11:08:44,Auto Rejected,NULL,1
2354872,TDU26707G,2026-01-09 13:07:39,Rejected,NULL,1
2354873,TDU26708G,2026-01-09 13:49:03,Rejected,NULL,1
2354874,TDU34600,2026-01-09 17:12:55,Rejected,NULL,1
2354875,TDU34601,2026-01-09 18:19:54,Accounts - Reconciliation,NULL,1
2354876,TDU34602,2026-01-09 18:52:28,Rejected,NULL,1
2354877,TDU34603,2026-01-09 19:47:41,Rejected,NULL,1
2354878,TDU34604,2026-01-09 20:37:30,Rejected,NULL,1
2354879,TDU34605,2026-01-09 20:50:27,Rejected,NULL,1
2354880,TDU34606,2026-01-09 21:02:09,Rejected,NULL,1
2354881,TDU34607,2026-01-09 21:25:36,Rejected,NULL,1
2354882,TDU34608,2026-01-09 21:25:37,Rejected,NULL,1
2354883,TDU34609,2026-01-09 21:38:47,Rejected,NULL,1
2354884,TDU26709G,2026-01-09 21:50:24,Rejected,NULL,1
2354885,TDU26710G,2026-01-09 21:59:03,Auto Rejected,NULL,1
2354886,TDU34610,2026-01-09 22:00:32,Rejected,NULL,1
2354887,TDU34611,2026-01-09 22:23:53,Auto Rejected,NULL,1
2354888,TDU34612,2026-01-09 22:39:22,Rejected,NULL,1
2354889,TDU34613,2026-01-09 22:55:30,Rejected,NULL,1
2354890,TDU34614,2026-01-09 23:34:23,Rejected,NULL,1
2354891,TDU34615,2026-01-10 00:07:55,Rejected,NULL,1
2354892,TDU26711G,2026-01-10 00:39:15,Rejected,NULL,1
2354893,TDU34616,2026-01-10 15:17:47,Auto Rejected,NULL,1
2354894,TDU34617,2026-01-10 15:26:00,Auto Rejected,NULL,1
2354895,TDU34618,2026-01-10 16:02:35,Auto Rejected,NULL,1
2354896,TDU34619,2026-01-10 17:55:32,Rejected,NULL,1
2354897,TDU34620,2026-01-10 18:37:15,Rejected,NULL,1
2354898,TDU34621,2026-01-10 18:50:38,Rejected,NULL,1
2354899,TDU34622,2026-01-10 19:08:49,Rejected,NULL,1
2354900,TDU34623,2026-01-10 21:08:13,Rejected,NULL,1
2354901,TDU34624,2026-01-10 21:13:06,Accounts - Reconciliation,NULL,1
2354902,TDU26712G,2026-01-10 21:24:33,Rejected,NULL,1
2354903,TDU34625,2026-01-10 21:27:57,Rejected,NULL,1
2354904,TDU34626,2026-01-10 21:36:01,Rejected,NULL,1
2354905,TDU26713G,2026-01-10 21:43:11,Rejected,NULL,1
2354906,TDU26714G,2026-01-10 21:45:04,Rejected,NULL,1
2354907,TDU34627,2026-01-10 22:12:00,Rejected,NULL,1
2354908,TDU34628,2026-01-10 22:12:14,Rejected,NULL,1
2354909,TDU34629,2026-01-10 22:25:30,Rejected,NULL,1
2354910,TDU34630,2026-01-10 23:26:00,Rejected,NULL,1
2354911,TDU26715G,2026-01-10 23:44:37,Rejected,NULL,1
2354912,TDU26716G,2026-01-11 11:57:02,Auto Rejected,NULL,1
2354913,TDU34631,2026-01-12 10:08:28,Accounts - Reconciliation,NULL,1
2354914,TDU26717G,2026-01-12 10:22:36,Auto Rejected,NULL,1
2354915,TDU34632,2026-01-12 10:43:33,Rejected,NULL,1
2354916,TDU34633,2026-01-12 11:17:11,Auto Rejected,NULL,1
2354917,TDU26718G,2026-01-12 15:45:45,Rejected,NULL,1
2354918,TDU26719G,2026-01-12 16:27:30,Rejected,NULL,1
2354919,TDU34634,2026-01-12 17:09:09,Rejected,NULL,1
2354920,TDU34635,2026-01-12 17:29:53,Rejected,NULL,1
2354921,TDU34636,2026-01-12 17:49:48,Auto Rejected,NULL,1
2354922,TDU34637,2026-01-12 18:00:08,Rejected,NULL,1
2354923,TDU34638,2026-01-12 18:45:47,Rejected After Confrmation QA pending,NULL,1
2354924,TDU26720G,2026-01-12 18:56:14,Rejected,NULL,1
2354925,TDU34639,2026-01-12 19:22:55,Rejected,NULL,1
2354926,TDU34640,2026-01-12 19:24:15,Rejected,NULL,1
2354927,TDU26721G,2026-01-12 20:27:52,Rejected,NULL,1
2354928,TDU34641,2026-01-12 20:29:20,Rejected,NULL,1
2354929,TDU26722G,2026-01-12 20:46:48,Auto Rejected,NULL,1
2354930,TDU34642,2026-01-12 21:03:35,Rejected,NULL,1
2354931,TDU34643,2026-01-12 21:42:20,Rejected,NULL,1
2354932,TDU34644,2026-01-12 21:50:25,Rejected,NULL,1
2354933,TDU34645,2026-01-12 21:53:47,Rejected,NULL,1
2354934,TDU34646,2026-01-12 22:08:15,Rejected,NULL,1
2354935,TDU34647,2026-01-12 22:09:28,On Ground,NULL,1
2354936,TDU34648,2026-01-12 22:22:24,On Ground,NULL,1
2354937,TDU34649,2026-01-12 22:30:53,Rejected,NULL,1
2354938,TDU34650,2026-01-12 23:01:31,Rejected After Confrmation QA pending,NULL,1
2354939,TDU34651,2026-01-12 23:10:14,Rejected,NULL,1
2354940,TDU34652,2026-01-12 23:20:37,Rejected,NULL,1
2354941,TDU34653,2026-01-12 23:52:50,Rejected,NULL,1
2354942,TDU26723G,2026-01-13 01:31:55,Rejected,NULL,1
2354943,TDU26724G,2026-01-13 10:37:23,Auto Rejected,NULL,1
2354944,TDU34654,2026-01-13 17:13:18,Rejected,NULL,1
2354945,TDU26725G,2026-01-13 17:36:44,Rejected,NULL,1
2354946,TDU34655,2026-01-13 17:44:22,Accounts - Reconciliation,NULL,1
2354947,TDU34656,2026-01-13 19:34:51,Auto Rejected,NULL,1
2354948,TDU34657,2026-01-13 20:36:58,Auto Rejected,NULL,1
2354949,TDU34658,2026-01-13 21:00:08,Rejected After Confrmation QA pending,NULL,1
2354950,TDU26726G,2026-01-13 21:03:11,Auto Rejected,NULL,1
2354951,TDU34659,2026-01-13 21:21:41,Rejected,NULL,1
2354952,TDU34660,2026-01-13 21:32:08,Rejected,NULL,1
2354953,TDU34661,2026-01-13 21:42:16,Rejected,NULL,1
2354954,TDU34662,2026-01-13 21:44:13,Rejected,NULL,1
2354955,TDU34663,2026-01-13 21:52:07,Auto Rejected,NULL,1
2354956,TDU34664,2026-01-13 22:10:45,Rejected,NULL,1
2354957,TDU26727G,2026-01-13 22:25:26,Rejected,NULL,1
2354958,TDU34665,2026-01-13 23:48:00,Rejected,NULL,1
2354959,TDU34666,2026-01-13 23:49:54,Rejected,NULL,1
2354960,TDU26728G,2026-01-14 11:18:48,Auto Rejected,NULL,1
2354961,TDU34667,2026-01-14 11:49:48,Created,NULL,1
2354962,TDU34668,2026-01-14 12:06:12,Auto Rejected,NULL,1
2354963,TDU26729G,2026-01-14 12:16:20,Accepted,NULL,1
2354964,TDU34669,2026-01-14 12:22:06,Auto Rejected,NULL,1
2354965,TDU34670,2026-01-14 12:38:07,Created,NULL,1
2354966,TDU26730G,2026-01-14 13:26:20,Rejected,NULL,1
2354967,TDU26731G,2026-01-14 15:52:58,Rejected After Confrmation QA completed,NULL,1
2354968,TDU34671,2026-01-14 16:29:32,Rejected,NULL,1
2354969,TDU26732G,2026-01-14 17:07:38,Rejected,NULL,1
2354970,TDU34672,2026-01-14 17:18:08,Rejected,NULL,1
2354971,TDU34673,2026-01-14 17:37:15,Accounts - Reconciliation,NULL,1
2354972,TDU34674,2026-01-14 17:42:48,Auto Rejected,NULL,1
2354973,TDU34675,2026-01-14 18:04:00,Rejected,NULL,1
2354974,TDU34676,2026-01-14 18:12:42,Created,NULL,1
2354975,TDU34677,2026-01-14 18:26:16,Rejected,NULL,1
2354976,TDU26733G,2026-01-14 19:58:53,Auto Rejected,NULL,1
2354977,TDU34678,2026-01-14 22:05:56,Rejected,NULL,1
2354978,TDU34679,2026-01-14 22:24:59,Rejected,NULL,1
2354979,TDU34680,2026-01-14 22:27:41,Rejected,NULL,1
2354980,TDU34681,2026-01-14 22:32:00,Rejected,NULL,1
2354981,TDU34682,2026-01-14 23:08:18,Rejected,NULL,1
2354982,TDU34683,2026-01-14 23:14:15,Rejected,NULL,1
2354983,TDU26734G,2026-01-15 10:12:25,Rejected,NULL,1
2354984,TDU26735G,2026-01-15 11:37:17,Rejected After Confrmation QA pending,NULL,1
2354985,TDU34684,2026-01-15 11:53:45,Auto Rejected,NULL,1
2354986,TDU34685,2026-01-15 12:18:01,Rejected,NULL,1
2354987,TDU34686,2026-01-15 12:19:43,Rejected,NULL,1
2354988,TDU26736G,2026-01-15 12:36:33,Rejected,NULL,1
2354989,TDU26737G,2026-01-15 12:42:49,Rejected,NULL,1
2354990,TDU34687,2026-01-15 12:59:24,Rejected,NULL,1
2354991,TDU26738G,2026-01-15 13:22:00,Auto Rejected,NULL,1
2354992,TDU26739G,2026-01-15 13:23:44,Auto Rejected,NULL,1
2354993,TDU34688,2026-01-15 13:26:11,Auto Rejected,NULL,1
2354994,TDU34689,2026-01-15 13:40:02,Rejected,NULL,1
2354995,TDU34690,2026-01-15 13:45:51,Accounts - Reconciliation,NULL,1
2354996,TDU34691,2026-01-15 13:49:23,Accounts - Reconciliation,NULL,1
2354997,TDU26740G,2026-01-15 13:59:35,Accounts - Reconciliation,NULL,1
2354998,TDU34692,2026-01-15 15:16:01,Rejected,NULL,1
2354999,TDU34693,2026-01-15 15:19:10,Rejected,NULL,1
2355000,TDU34694,2026-01-15 19:12:21,Rejected,NULL,1
2355001,TDU34695,2026-01-15 19:18:28,Rejected,NULL,1
2355002,TDU34696,2026-01-15 19:21:37,Rejected,NULL,1
2355003,TDU34697,2026-01-15 20:17:56,Rejected,NULL,1
2355004,TDU34698,2026-01-15 20:54:28,Rejected,NULL,1
2355005,TDU34699,2026-01-15 21:16:34,Rejected,NULL,1
2355006,TDU34700,2026-01-15 21:46:32,Rejected,NULL,1
2355007,TDU34701,2026-01-15 22:32:58,Rejected,NULL,1
2355008,TDU34702,2026-01-15 22:41:07,Rejected,NULL,1
2355009,TDU34703,2026-01-15 23:47:17,Rejected,NULL,1
2355010,TDU34704,2026-01-15 23:49:34,Rejected,NULL,1
2355011,TDU34705,2026-01-15 23:59:38,Rejected,NULL,1
2355012,TDU34706,2026-01-16 10:24:24,Rejected,NULL,1
2355013,TDU26741G,2026-01-16 11:38:02,Rejected,NULL,1
2355014,TDU26742G,2026-01-16 11:42:38,Rejected,NULL,1
2355015,TDU34707,2026-01-16 15:07:38,Rejected,NULL,1
2355016,TDU34708,2026-01-16 16:05:16,Rejected,NULL,1
2355017,TDU34709,2026-01-16 17:15:12,Rejected,NULL,1
2355018,TDU34710,2026-01-16 18:18:31,Rejected,NULL,1
2355019,TDU34711,2026-01-16 18:52:32,Rejected,NULL,1
2355020,TDU26743G,2026-01-16 19:27:00,Rejected,NULL,1
2355021,TDU34712,2026-01-16 20:42:12,Rejected,NULL,1
2355022,TDU34713,2026-01-16 20:43:19,Rejected,NULL,1
2355023,TDU34714,2026-01-16 22:11:47,Auto Rejected,NULL,1
2355024,TDU26744G,2026-01-16 22:55:56,Rejected After Confrmation QA completed,NULL,1
2355025,TDU34715,2026-01-16 23:23:35,Rejected,NULL,1
2355026,TDU34716,2026-01-17 00:08:53,Rejected,NULL,1
2355027,TDU34717,2026-01-17 11:00:13,Rejected,NULL,1
2355028,TDU34718,2026-01-17 11:17:23,Auto Rejected,NULL,1
2355029,TDU34719,2026-01-17 12:03:07,Auto Rejected,NULL,1
2355030,TDU34720,2026-01-17 16:00:53,Rejected,NULL,1
2355031,TDU34721,2026-01-17 19:15:24,Accounts - Reconciliation,NULL,1
2355032,TDU34722,2026-01-17 19:18:22,On Ground,NULL,1
2355033,TDU34723,2026-01-17 19:41:16,Accounts - Reconciliation,NULL,1
2355034,TDU34724,2026-01-17 21:08:59,Rejected,NULL,1
2355035,TDU34725,2026-01-17 21:16:28,Accounts - Reconciliation,NULL,1
2355036,TDU26745G,2026-01-17 21:28:07,Rejected,NULL,1
2355037,TDU34726,2026-01-17 21:30:00,Auto Rejected,NULL,1
2355038,TDU34727,2026-01-17 21:34:08,Auto Rejected,NULL,1
2355039,TDU34728,2026-01-17 22:07:39,Auto Rejected,NULL,1
2355040,TDU34729,2026-01-17 22:57:41,Rejected,NULL,1
2355041,TDU34730,2026-01-17 23:39:54,Rejected,NULL,1
2355042,TDU34731,2026-01-17 23:45:18,Rejected,NULL,1
2355043,TDU34732,2026-01-17 23:58:56,Auto Rejected,NULL,1
2355044,TDU34733,2026-01-18 00:02:59,Auto Rejected,NULL,1
2355045,TDU26746G,2026-01-19 11:29:34,Auto Rejected,NULL,1
2355046,TDU26747G,2026-01-19 12:52:28,Auto Rejected,NULL,1
2355047,TDU26748G,2026-01-19 13:21:02,Auto Rejected,NULL,1
2355048,TDU34734,2026-01-19 16:51:17,Rejected,NULL,1
2355049,TDU34735,2026-01-19 17:10:44,Rejected,NULL,1
2355050,TDU26749G,2026-01-19 17:51:38,Rejected,NULL,1
2355051,TDU34736,2026-01-19 17:52:28,Rejected,NULL,1
2355052,TDU26750G,2026-01-19 18:33:29,Rejected,NULL,1
2355053,TDU34737,2026-01-19 19:03:52,Rejected,NULL,1
2355054,TDU34738,2026-01-19 19:03:53,Rejected,NULL,1
2355055,TDU34739,2026-01-19 19:06:51,Rejected,NULL,1
2355056,TDU26751G,2026-01-19 20:09:00,Rejected,NULL,1
2355057,TDU34740,2026-01-19 22:05:39,Rejected,NULL,1
2355058,TDU34741,2026-01-19 22:15:44,Accounts - Reconciliation,NULL,1
2355059,TDU34742,2026-01-19 22:29:00,Auto Rejected,NULL,1
2355060,TDU34743,2026-01-20 10:04:22,Auto Rejected,NULL,1
2355061,TDU34744,2026-01-20 11:07:47,Rejected,NULL,1
2355062,TDU34745,2026-01-20 11:15:00,Rejected,NULL,1
2355063,TDU26752G,2026-01-20 13:55:59,Rejected,NULL,1
2355064,TDU26753G,2026-01-20 14:10:57,Rejected,NULL,1
2355065,TDU26754G,2026-01-20 14:24:18,Rejected,NULL,1
2355066,TDU26755G,2026-01-20 14:41:13,Rejected,NULL,1
2355067,TDU34746,2026-01-20 17:18:14,Rejected,NULL,1
2355068,TDU34747,2026-01-20 17:38:10,Rejected,NULL,1
2355069,TDU34748,2026-01-20 18:00:17,Auto Rejected,NULL,1
2355070,TDU26756G,2026-01-20 18:19:35,Rejected,NULL,1
2355071,TDU34749,2026-01-20 21:47:54,Rejected,NULL,1
2355072,TDU34750,2026-01-20 21:48:30,Rejected,NULL,1
2355073,TDU26757G,2026-01-20 22:02:12,Rejected,NULL,1
2355074,TDU26758G,2026-01-21 05:29:16,Rejected,NULL,1
2355075,TDU26759G,2026-01-21 09:48:32,Auto Rejected,NULL,1
2355076,TDU26760G,2026-01-21 09:53:16,Auto Rejected,NULL,1
2355077,TDU34751,2026-01-21 11:02:40,Rejected After Confrmation QA pending,NULL,1
2355078,TDU34752,2026-01-21 13:49:53,Auto Rejected,NULL,1
2355079,TDU34753,2026-01-21 19:38:49,Accounts - Reconciliation,NULL,1
2355080,TDU34754,2026-01-21 21:01:13,Rejected,NULL,1
2355081,TDU26761G,2026-01-21 21:31:22,Rejected,NULL,1
2355082,TDU34755,2026-01-21 22:20:19,Rejected,NULL,1
2355083,TDU34756,2026-01-21 22:46:39,Rejected,NULL,1
2355084,TDU34757,2026-01-21 23:20:32,Accounts - Reconciliation,NULL,1
2355085,TDU34758,2026-01-21 23:57:37,Rejected,NULL,1
2355086,TDU34759,2026-01-22 00:04:16,Rejected,NULL,1
2355087,TDU34760,2026-01-22 00:15:29,Rejected,NULL,1
2355088,TDU26762G,2026-01-22 08:02:02,Rejected,NULL,1
2355089,TDU26763G,2026-01-22 11:03:29,Created,NULL,1
2355090,TDU26764G,2026-01-22 13:51:26,Rejected,NULL,1
2355091,TDU26765G,2026-01-22 16:28:34,Auto Rejected,NULL,1
2355092,TDU34761,2026-01-22 17:30:26,Rejected,NULL,1
2355093,TDU34762,2026-01-22 18:09:53,Rejected,NULL,1
2355094,TDU34763,2026-01-22 18:21:24,Rejected,NULL,1
2355095,TDU34764,2026-01-22 18:33:48,Rejected,NULL,1
2355096,TDU34765,2026-01-22 18:52:56,Rejected,NULL,1
2355097,TDU34766,2026-01-22 21:02:46,Rejected,NULL,1
2355098,TDU34767,2026-01-22 21:36:45,Accounts - Reconciliation,NULL,1
2355099,TDU26766G,2026-01-22 21:37:43,Accounts - Reconciliation,NULL,1
2355100,TDU34768,2026-01-22 22:50:17,Rejected,NULL,1
2355101,TDU34769,2026-01-22 23:15:53,Rejected,NULL,1
2355102,TDU34770,2026-01-22 23:40:22,Rejected,NULL,1
2355103,TDU26767G,2026-01-23 04:31:52,Rejected,NULL,1
2355104,TDU34771,2026-01-23 09:50:01,Auto Rejected,NULL,1
2355105,TDU26768G,2026-01-23 10:01:51,Auto Rejected,NULL,1
2355106,TDU34772,2026-01-23 15:42:18,Created,NULL,1
2355107,TDU26769G,2026-01-23 16:11:55,Rejected,NULL,1
2355108,TDU34773,2026-01-23 17:16:49,Rejected,NULL,1
2355109,TDU34774,2026-01-23 17:31:13,Rejected,NULL,1
2355110,TDU26770G,2026-01-23 17:39:34,Auto Rejected,NULL,1
2355111,TDU34775,2026-01-23 18:43:00,On Ground,NULL,1
2355112,TDU34776,2026-01-23 18:45:02,Rejected,NULL,1
2355113,TDU34777,2026-01-23 19:21:43,Rejected,NULL,1
2355114,TDU34778,2026-01-23 19:50:05,Rejected,NULL,1
2355115,TDU34779,2026-01-23 21:10:12,Rejected After Confrmation QA pending,NULL,1
2355116,TDU34780,2026-01-23 21:50:27,Auto Rejected,NULL,1
2355117,TDU34781,2026-01-23 21:53:11,Auto Rejected,NULL,1
2355118,TDU34782,2026-01-23 22:00:55,Auto Rejected,NULL,1
2355119,TDU34783,2026-01-23 22:10:05,Rejected,NULL,1
2355120,TDU34784,2026-01-23 22:46:03,Rejected,NULL,1
2355121,TDU34785,2026-01-23 23:06:16,Rejected,NULL,1
2355122,TDU34786,2026-01-23 23:15:54,On Ground,NULL,1
2355123,TDU34787,2026-01-23 23:25:28,Auto Rejected,NULL,1
2355124,TDU34788,2026-01-24 00:00:11,Rejected,NULL,1
2355125,TDU26771G,2026-01-24 04:56:39,Rejected,NULL,1
2355126,TDU26772G,2026-01-24 05:42:38,Rejected After Confrmation QA pending,NULL,1
2355127,TDU26773G,2026-01-24 06:06:20,Auto Rejected,NULL,1
2355128,TDU34789,2026-01-24 15:09:51,On Ground,NULL,1
2355129,TDU34790,2026-01-24 16:46:49,Rejected,NULL,1
2355130,TDU26774G,2026-01-24 18:55:30,Rejected,NULL,1
2355131,TDU34791,2026-01-24 19:39:42,Rejected,NULL,1
2355132,TDU34792,2026-01-24 20:03:51,Auto Rejected,NULL,1
2355133,TDU34793,2026-01-24 20:04:12,Rejected,NULL,1
2355134,TDU34794,2026-01-27 09:22:18,Auto Rejected,NULL,1
2355135,TDU34795,2026-01-27 09:45:49,Created,NULL,1
2355136,TDU34796,2026-01-27 10:03:10,Created,NULL,1
2355137,TDU26775G,2026-01-27 11:11:29,Accepted,NULL,1
2355138,TDU26776G,2026-01-27 13:03:07,Rejected,NULL,1
2355139,TDU26777G,2026-01-27 13:58:46,Auto Rejected,NULL,1
2355140,TDU26778G,2026-01-27 16:03:55,Auto Rejected,NULL,1
2355141,TDU26779G,2026-01-27 17:00:21,Rejected,NULL,1
2355142,TDU34797,2026-01-27 17:20:47,Rejected,NULL,1
2355143,TDU34798,2026-01-27 17:56:53,Accounts - Reconciliation,NULL,1
2355144,TDU34799,2026-01-27 18:35:02,Rejected,NULL,1
2355145,TDU34800,2026-01-27 20:36:35,Rejected,NULL,1
2355146,TDU34801,2026-01-27 20:42:45,Rejected,NULL,1
2355147,TDU34802,2026-01-27 20:46:55,Rejected,NULL,1
2355148,TDU34803,2026-01-27 21:31:25,Rejected,NULL,1
2355149,TDU34804,2026-01-27 21:40:59,Rejected,NULL,1
2355150,TDU34805,2026-01-27 22:16:29,Rejected,NULL,1
2355151,TDU34806,2026-01-27 22:43:58,Rejected,NULL,1
2355152,TDU34807,2026-01-27 22:44:57,Rejected,NULL,1
2355153,TDU34808,2026-01-27 23:18:18,Auto Rejected,NULL,1
2355154,TDU26780G,2026-01-28 10:09:43,Rejected,NULL,1
2355155,TDU34809,2026-01-28 10:44:30,Rejected,NULL,1
2355156,TDU26781G,2026-01-28 10:52:55,Auto Rejected,NULL,1
2355157,TDU26782G,2026-01-28 17:55:32,Rejected,NULL,1
2355158,TDU34810,2026-01-28 18:11:48,On Ground,NULL,1
2355159,TDU34811,2026-01-28 19:00:23,Rejected,NULL,1
2355160,TDU34812,2026-01-28 19:21:51,Rejected,NULL,1
2355161,TDU34813,2026-01-28 21:16:30,Rejected,NULL,1
2355162,TDU34814,2026-01-28 21:53:46,Rejected,NULL,1
2355163,TDU34815,2026-01-28 22:31:16,Rejected,NULL,1
2355164,TDU26783G,2026-01-28 22:33:31,Rejected,NULL,1
2355165,TDU26784G,2026-01-28 22:59:54,Rejected,NULL,1
2355166,TDU34816,2026-01-28 23:06:51,Rejected,NULL,1
2355167,TDU26785G,2026-01-29 09:51:38,Auto Rejected,NULL,1
2355168,TDU26786G,2026-01-29 13:02:15,Rejected,NULL,1
2355169,TDU34817,2026-01-29 15:43:21,Rejected,NULL,1
2355170,TDU34818,2026-01-29 15:55:55,Rejected,NULL,1
2355171,TDU34819,2026-01-29 16:27:53,Auto Rejected,NULL,1
2355172,TDU34820,2026-01-29 16:53:03,Rejected,NULL,1
2355173,TDU34821,2026-01-29 17:23:49,Rejected,NULL,1
2355174,TDU34822,2026-01-29 17:33:42,Auto Rejected,NULL,1
2355175,TDU34823,2026-01-29 17:35:25,Rejected,NULL,1
2355176,TDU34824,2026-01-29 17:54:07,Rejected,NULL,1
2355177,TDU34825,2026-01-29 18:19:37,Rejected,NULL,1
2355178,TDU34826,2026-01-29 18:36:21,Rejected,NULL,1
2355179,TDU34827,2026-01-29 18:49:08,Rejected,NULL,1
2355180,TDU34828,2026-01-29 19:08:28,Rejected,NULL,1
2355181,TDU26787G,2026-01-29 19:30:56,Rejected,NULL,1
2355182,TDU34829,2026-01-29 19:49:45,Auto Rejected,NULL,1
2355183,TDU34830,2026-01-29 19:59:41,Rejected,NULL,1
2355184,TDU34831,2026-01-29 20:03:53,Rejected,NULL,1
2355185,TDU34832,2026-01-29 20:08:48,Rejected,NULL,1
2355186,TDU34833,2026-01-29 21:50:45,Rejected After Confrmation QA pending,NULL,1
2355187,TDU34834,2026-01-29 22:22:42,Rejected,NULL,1
2355188,TDU34835,2026-01-29 22:33:20,Rejected,NULL,1
2355189,TDU34836,2026-01-29 22:43:58,Rejected,NULL,1
2355190,TDU34837,2026-01-30 00:18:50,Accounts - Reconciliation,NULL,1
2355191,TDU26788G,2026-01-30 07:09:54,Rejected,NULL,1
2355192,TDU26789G,2026-01-30 09:37:29,Rejected,NULL,1
2355193,TDU34838,2026-01-30 12:25:00,Auto Rejected,NULL,1
2355194,TDU34839,2026-01-30 13:01:14,Accounts - Reconciliation,NULL,1
2355195,TDU34840,2026-01-30 14:48:35,Rejected,NULL,1
2355196,TDU34841,2026-01-30 15:39:26,Auto Rejected,NULL,1
2355197,TDU34842,2026-01-30 15:54:29,Rejected,NULL,1
2355198,TDU34843,2026-01-30 16:07:28,Rejected,NULL,1
2355199,TDU34844,2026-01-30 16:32:46,Rejected,NULL,1
2355200,TDU26790G,2026-01-30 16:57:10,Created,NULL,1
2355201,TDU34845,2026-01-30 17:19:45,Auto Rejected,NULL,1
2355202,TDU34846,2026-01-30 18:04:59,Rejected,NULL,1
2355203,TDU34847,2026-01-30 18:30:00,Rejected,NULL,1
2355204,TDU34848,2026-01-30 18:38:26,Rejected,NULL,1
2355205,TDU34849,2026-01-30 18:52:50,Rejected,NULL,1
2355206,TDU34850,2026-01-30 20:35:17,Auto Rejected,NULL,1
2355207,TDU34851,2026-01-30 21:10:01,Rejected,NULL,1
2355208,TDU34852,2026-01-30 21:12:47,Auto Rejected,NULL,1
2355209,TDU34853,2026-01-30 21:22:18,Rejected,NULL,1
2355210,TDU34854,2026-01-30 21:41:04,Rejected,NULL,1
2355211,TDU34855,2026-01-30 21:55:26,Rejected,NULL,1
2355212,TDU34856,2026-01-30 23:12:22,Accounts - Reconciliation,NULL,1
2355213,TDU34857,2026-01-30 23:14:17,Rejected After Confrmation QA pending,NULL,1
2355214,TDU34858,2026-01-30 23:50:48,Accounts - Reconciliation,NULL,1
2355215,TDU34859,2026-01-31 00:03:30,Rejected,NULL,1
2355216,TDU34860,2026-01-31 00:35:04,Rejected,NULL,1
2355217,TDU34861,2026-01-31 12:14:20,Rejected,NULL,1
2355218,TDU34862,2026-01-31 12:38:23,Accounts - Reconciliation,NULL,1
2355219,TDU34863,2026-01-31 12:55:27,Rejected,NULL,1
2355220,TDU34864,2026-01-31 13:02:14,Rejected,NULL,1
2355221,TDU34865,2026-01-31 13:09:09,Rejected,NULL,1
2355222,TDU34866,2026-01-31 13:24:08,Rejected,NULL,1
2355223,TDU34867,2026-01-31 13:55:52,Accounts - Reconciliation,NULL,1
2355224,TDU34868,2026-01-31 16:24:37,Rejected,NULL,1
2355225,TDU34869,2026-01-31 16:27:01,Rejected After Confrmation QA pending,NULL,1
2355226,TDU34870,2026-01-31 16:55:13,Rejected,NULL,1
2355227,TDU34871,2026-01-31 18:35:45,Rejected,NULL,1
2355228,TDU34872,2026-01-31 20:21:00,Rejected,NULL,1
2355229,TDU34873,2026-01-31 21:03:21,Rejected,NULL,1
2355230,TDU34874,2026-01-31 23:05:36,Rejected,NULL,1
2355231,TDU34875,2026-01-31 23:25:33,Rejected,NULL,1
2355232,TDU34876,2026-01-31 23:57:50,Rejected,NULL,1
2355233,TDU34877,2026-02-01 00:16:14,Rejected,NULL,1
2355234,TDU26791G,2026-02-02 05:50:34,Rejected,NULL,1
2355235,TDU26792G,2026-02-02 07:34:44,Rejected,NULL,1
2355236,TDU26793G,2026-02-02 07:39:16,Rejected,NULL,1
2355237,TDU34878,2026-02-02 09:53:48,Auto Rejected,NULL,1
2355238,TDU26794G,2026-02-02 10:27:46,Auto Rejected,NULL,1
2355239,TDU34879,2026-02-02 11:01:46,Auto Rejected,NULL,1
2355240,TDU26795G,2026-02-02 11:27:00,Auto Rejected,NULL,1
2355241,TDU26796G,2026-02-02 12:06:16,Rejected,NULL,1
2355242,TDU34880,2026-02-02 13:19:31,Rejected,NULL,1
2355243,TDU34881,2026-02-02 13:33:48,Rejected,NULL,1
2355244,TDU34882,2026-02-02 13:43:20,Accounts - Reconciliation,NULL,1
2355245,TDU34883,2026-02-02 13:48:12,On Ground,NULL,1
2355246,TDU26797G,2026-02-02 14:07:05,Auto Rejected,NULL,1
2355247,TDU34884,2026-02-02 14:37:25,PRE QA - completed,NULL,1
2355248,TDU34885,2026-02-02 16:10:21,Rejected,NULL,1
2355249,TDU26798G,2026-02-02 16:53:39,Rejected,NULL,1
2355250,TDU34886,2026-02-02 18:06:44,Rejected,NULL,1
2355251,TDU26799G,2026-02-02 18:51:53,Auto Rejected,NULL,1
2355252,TDU34887,2026-02-02 20:27:48,Rejected,NULL,1
2355253,TDU34888,2026-02-02 21:37:06,Rejected,NULL,1
2355254,TDU34889,2026-02-02 21:44:13,Auto Rejected,NULL,1
2355255,TDU34890,2026-02-02 21:51:55,Accounts - Reconciliation,NULL,1
2355256,TDU34891,2026-02-02 22:40:05,Auto Rejected,NULL,1
2355257,TDU34892,2026-02-02 23:19:48,Rejected,NULL,1
2355258,TDU34893,2026-02-03 10:04:18,Auto Rejected,NULL,1
2355259,TDU34894,2026-02-03 10:24:08,Auto Rejected,NULL,1
2355260,TDU26800G,2026-02-03 11:21:04,Created,NULL,1
2355261,TDU34895,2026-02-03 12:58:52,Rejected,NULL,1
2355262,TDU26801G,2026-02-03 13:02:45,Auto Rejected,NULL,1
2355263,TDU34896,2026-02-03 16:00:23,Accounts - Reconciliation,NULL,1
2355264,TDU34897,2026-02-03 16:24:40,On Ground,NULL,1
2355265,TDU34898,2026-02-03 17:13:47,Rejected,NULL,1
2355266,TDU34899,2026-02-03 17:39:22,Rejected,NULL,1
2355267,TDU34900,2026-02-03 17:52:00,Rejected,NULL,1
2355268,TDU34901,2026-02-03 18:35:18,Auto Rejected,NULL,1
2355269,TDU34902,2026-02-03 18:43:06,Rejected,NULL,1
2355270,TDU34903,2026-02-03 21:19:30,Rejected,NULL,1
2355271,TDU34904,2026-02-03 22:18:27,Rejected,NULL,1
2355272,TDU34905,2026-02-03 22:45:28,Rejected,NULL,1
2355273,TDU34906,2026-02-04 15:36:32,Rejected,NULL,1
2355274,TDU34907,2026-02-04 15:51:44,Rejected,NULL,1
2355275,TDU34908,2026-02-04 16:15:00,Auto Rejected,NULL,1
2355276,TDU34909,2026-02-04 16:32:00,Rejected,NULL,1
2355277,TDU34910,2026-02-04 16:54:40,Accounts - Reconciliation,NULL,1
2355278,TDU34911,2026-02-04 19:32:19,Rejected,NULL,1
2355279,TDU34912,2026-02-04 20:23:25,Rejected,NULL,1
2355280,TDU34913,2026-02-04 20:24:44,Rejected,NULL,1
2355281,TDU34914,2026-02-04 20:38:37,Rejected,NULL,1
2355282,TDU34915,2026-02-04 21:21:09,Rejected,NULL,1
2355283,TDU34916,2026-02-04 22:10:50,Rejected,NULL,1
2355284,TDU26802G,2026-02-04 22:20:08,Rejected,NULL,1
2355285,TDU34917,2026-02-04 23:30:52,Rejected,NULL,1
2355286,TDU34918,2026-02-05 00:08:20,Rejected,NULL,1
2355287,TDU34919,2026-02-05 16:29:43,Rejected,NULL,1
2355288,TDU34920,2026-02-05 18:30:59,Rejected,NULL,1
2355289,TDU34921,2026-02-05 19:17:46,Rejected,NULL,1
2355290,TDU34922,2026-02-05 19:37:06,Rejected,NULL,1
2355291,TDU34923,2026-02-05 21:35:38,Rejected,NULL,1
2355292,TDU34924,2026-02-05 22:06:01,Rejected,NULL,1
2355293,TDU34925,2026-02-05 22:20:21,Rejected,NULL,1
2355294,TDU34926,2026-02-05 23:00:08,Rejected,NULL,1
2355295,TDU34927,2026-02-05 23:30:16,PRE QA - pending,NULL,1
2355296,TDU26803G,2026-02-06 08:20:06,Rejected,NULL,1
2355297,TDU26804G,2026-02-06 08:21:44,Rejected,NULL,1
2355298,TDU26805G,2026-02-06 11:58:21,Rejected,NULL,1
2355299,TDU34928,2026-02-06 15:43:16,Rejected,NULL,1
2355300,TDU34929,2026-02-06 18:21:17,Rejected,NULL,1
2355301,TDU34930,2026-02-06 21:15:45,Rejected,NULL,1
2355302,TDU34931,2026-02-06 23:03:59,Rejected,NULL,1
2355303,TDU34932,2026-02-06 23:25:26,Rejected,NULL,1
2355304,TDU34933,2026-02-06 23:47:24,Rejected,NULL,1
2355305,TDU34934,2026-02-07 11:41:40,Rejected,NULL,1
2355306,TDU34935,2026-02-07 11:58:04,Rejected,NULL,1
2355307,TDU34936,2026-02-07 12:09:48,Rejected,NULL,1
2355308,TDU34937,2026-02-07 12:18:04,Rejected,NULL,1
2355309,TDU34938,2026-02-07 12:27:54,Rejected,NULL,1
2355310,TDU34939,2026-02-07 12:43:36,Rejected,NULL,1
2355311,TDU34940,2026-02-07 13:45:57,Rejected,NULL,1
2355312,TDU34941,2026-02-07 13:54:58,Rejected,NULL,1
2355313,TDU34942,2026-02-07 13:59:45,Rejected,NULL,1
2355314,TDU34943,2026-02-07 16:08:13,Rejected,NULL,1
2355315,TDU34944,2026-02-07 16:11:31,Rejected,NULL,1
2355316,TDU34945,2026-02-07 18:19:21,Accounts - Reconciliation,NULL,1
2355317,TDU34946,2026-02-07 18:34:57,Rejected,NULL,1
2355318,TDU34947,2026-02-07 20:43:46,Rejected,NULL,1
2355319,TDU34948,2026-02-07 21:40:22,Auto Rejected,NULL,1
2355320,TDU34949,2026-02-08 00:42:32,Rejected After Confrmation QA pending,NULL,1
2355321,TDU34950,2026-02-09 10:23:23,Auto Rejected,NULL,1
2355322,TDU26806G,2026-02-09 10:48:24,Auto Rejected,NULL,1
2355323,TDU26807G,2026-02-09 10:59:30,Created,NULL,1
2355324,TDU34951,2026-02-09 11:31:46,Auto Rejected,NULL,1
2355325,TDU34952,2026-02-09 12:14:16,Auto Rejected,NULL,1
2355326,TDU34953,2026-02-09 14:22:50,Rejected,NULL,1
2355327,TDU34954,2026-02-09 14:27:26,Rejected,NULL,1
2355328,TDU34955,2026-02-09 17:11:53,Auto Rejected,NULL,1
2355329,TDU34956,2026-02-09 19:16:22,Rejected,NULL,1
2355330,TDU34957,2026-02-09 21:19:58,Rejected,NULL,1
2355331,TDU34958,2026-02-09 22:03:08,Rejected,NULL,1
2355332,TDU26808G,2026-02-09 22:26:44,Auto Rejected,NULL,1
2355333,TDU34959,2026-02-09 22:41:38,Auto Rejected,NULL,1
2355334,TDU34960,2026-02-09 22:46:48,Rejected,NULL,1
2355335,TDU34961,2026-02-09 23:30:04,Rejected,NULL,1
2355336,TDU26809G,2026-02-09 23:46:06,Rejected,NULL,1
2355337,TDU26810G,2026-02-10 10:11:57,Auto Rejected,NULL,1
2355338,TDU26811G,2026-02-10 11:06:49,Auto Rejected,NULL,1
2355339,TDU34962,2026-02-10 17:04:26,Rejected,NULL,1
2355340,TDU34963,2026-02-10 17:16:59,Rejected,NULL,1
2355341,TDU34964,2026-02-10 17:49:16,Rejected,NULL,1
2355342,TDU34965,2026-02-10 18:03:42,Rejected,NULL,1
2355343,TDU34966,2026-02-10 19:10:07,Rejected,NULL,1
2355344,TDU34967,2026-02-10 19:31:20,Rejected,NULL,1
2355345,TDU26812G,2026-02-10 19:51:48,Rejected,NULL,1
2355346,TDU26813G,2026-02-10 20:19:13,Auto Rejected,NULL,1
2355347,TDU34968,2026-02-10 20:27:59,Rejected,NULL,1
2355348,TDU34969,2026-02-10 20:56:20,Created,NULL,1
2355349,TDU34970,2026-02-10 21:31:34,Rejected,NULL,1
2355350,TDU34971,2026-02-10 21:33:04,Created,NULL,1
2355351,TDU34972,2026-02-10 22:50:37,Rejected,NULL,1
2355352,TDU34973,2026-02-10 22:54:26,Rejected,NULL,1
2355353,TDU34974,2026-02-10 22:55:47,Rejected,NULL,1
2355354,TDU34975,2026-02-11 14:22:23,Rejected,NULL,1
2355355,TDU34976,2026-02-11 16:11:43,Rejected,NULL,1
2355356,TDU34977,2026-02-11 16:34:58,Rejected,NULL,1
2355357,TDU34978,2026-02-11 19:01:33,Rejected,NULL,1
2355358,TDU34979,2026-02-11 22:15:58,Rejected,NULL,1
2355359,TDU26814G,2026-02-12 07:56:48,Rejected,NULL,1
2355360,TDU34980,2026-02-12 20:03:26,Rejected,NULL,1
2355361,TDU34981,2026-02-12 20:15:06,Auto Rejected,NULL,1
2355362,TDU34982,2026-02-12 22:16:13,Rejected,NULL,1
2355363,TDU34983,2026-02-12 22:33:11,Rejected,NULL,1
2355364,TDU34984,2026-02-12 22:52:20,Rejected,NULL,1
2355365,TDU26815G,2026-02-13 06:12:45,Auto Rejected,NULL,1
2355366,TDU26816G,2026-02-13 06:13:09,Rejected,NULL,1
2355367,TDU26817G,2026-02-13 15:05:35,Auto Rejected,NULL,1
2355368,TDU34985,2026-02-13 16:28:10,Rejected,NULL,1
2355369,TDU34986,2026-02-13 18:15:22,Rejected,NULL,1
2355370,TDU26818G,2026-02-13 19:07:11,Rejected,NULL,1
2355371,TDU34987,2026-02-13 19:41:26,Accounts - Reconciliation,NULL,1
2355372,TDU34988,2026-02-13 20:23:45,Accounts - Reconciliation,NULL,1
2355373,TDU34989,2026-02-13 20:36:42,Accounts - Reconciliation,NULL,1
2355374,TDU34990,2026-02-13 22:49:40,Rejected,NULL,1
2355375,TDU34991,2026-02-13 23:12:16,Rejected,NULL,1
2355376,TDU34992,2026-02-13 23:40:11,Rejected,NULL,1
2355377,TDU34993,2026-02-14 00:22:25,Rejected,NULL,1
2355378,TDU34994,2026-02-14 00:33:04,Rejected,NULL,1
2355379,TDU34995,2026-02-14 00:44:37,Rejected,NULL,1
2355380,TDU34996,2026-02-14 17:23:33,Accounts - Reconciliation,NULL,1
2355381,TDU34997,2026-02-14 17:53:57,Rejected,NULL,1
2355382,TDU34998,2026-02-14 18:54:05,Rejected,NULL,1
2355383,TDU34999,2026-02-14 20:40:50,Rejected,NULL,1
2355384,TDU35000,2026-02-14 22:21:35,Rejected,NULL,1
2355385,TDU35001,2026-02-14 22:26:59,Rejected,NULL,1
2355386,TDU26819G,2026-02-16 08:01:12,Rejected,NULL,1
2355387,TDU26820G,2026-02-16 08:12:46,Rejected,NULL,1
2355388,TDU26821G,2026-02-16 08:54:49,Rejected After Confrmation QA completed,NULL,1
2355389,TDU35002,2026-02-16 09:38:17,Auto Rejected,NULL,1
2355390,TDU26822G,2026-02-16 10:16:34,Accounts - Reconciliation,NULL,1
2355391,TDU35003,2026-02-16 11:06:36,Auto Rejected,NULL,1
2355392,TDU35004,2026-02-16 11:23:40,Created,NULL,1
2355393,TDU26823G,2026-02-16 11:33:25,Rejected,NULL,1
2355394,TDU26824G,2026-02-16 12:37:24,Auto Rejected,NULL,1
2355395,TDU26825G,2026-02-16 12:41:27,Auto Rejected,NULL,1
2355396,TDU26826G,2026-02-16 13:31:05,Rejected,NULL,1
2355397,TDU26827G,2026-02-16 14:53:44,Auto Rejected,NULL,1
2355398,TDU26828G,2026-02-16 18:16:34,Auto Rejected,NULL,1
2355399,TDU35005,2026-02-16 19:17:23,Rejected,NULL,1
2355400,TDU35006,2026-02-16 19:37:58,Rejected,NULL,1
2355401,TDU26829G,2026-02-16 20:20:39,Auto Rejected,NULL,1
2355402,TDU35007,2026-02-16 21:57:19,Rejected,NULL,1
2355403,TDU35008,2026-02-16 23:40:00,Rejected,NULL,1
2355404,TDU35009,2026-02-16 23:50:05,Rejected,NULL,1
2355405,TDU35010,2026-02-17 16:23:55,Rejected,NULL,1
2355406,TDU35011,2026-02-17 16:40:42,Rejected,NULL,1
2355407,TDU35012,2026-02-17 19:19:24,Rejected,NULL,1
2355408,TDU26830G,2026-02-17 19:39:24,Auto Rejected,NULL,1
2355409,TDU35013,2026-02-17 23:00:40,Rejected,NULL,1
2355410,TDU35014,2026-02-17 23:37:29,Auto Rejected,NULL,1
2355411,TDU26831G,2026-02-18 07:47:17,Rejected,NULL,1
2355412,TDU26832G,2026-02-18 08:18:52,Rejected,NULL,1
2355413,TDU26833G,2026-02-18 08:51:16,Rejected,NULL,1
2355414,TDU26834G,2026-02-18 08:53:53,Rejected,NULL,1
2355415,TDU35015,2026-02-18 09:54:34,Created,NULL,1
2355416,TDU26835G,2026-02-18 10:05:41,Rejected,NULL,1
2355417,TDU26836G,2026-02-18 10:17:22,Auto Rejected,NULL,1
2355418,TDU35016,2026-02-18 10:56:42,Auto Rejected,NULL,1
2355419,TDU26837G,2026-02-18 10:56:42,Rejected,NULL,1
2355420,TDU26838G,2026-02-18 12:04:52,Auto Rejected,NULL,1
2355421,TDU35017,2026-02-18 15:40:18,Rejected,NULL,1
2355422,TDU35018,2026-02-18 15:58:21,Auto Rejected,NULL,1
2355423,TDU35019,2026-02-18 16:17:35,Auto Rejected,NULL,1
2355424,TDU35020,2026-02-18 18:32:50,Rejected,NULL,1
2355425,TDU35021,2026-02-18 19:24:46,Accounts - Reconciliation,NULL,1
2355426,TDU26839G,2026-02-18 19:55:04,Auto Rejected,NULL,1
2355427,TDU35022,2026-02-18 21:54:58,Rejected,NULL,1
2355428,TDU35023,2026-02-18 22:06:16,Rejected,NULL,1
2355429,TDU35024,2026-02-18 22:14:06,On Ground,NULL,1
2355430,TDU26840G,2026-02-18 23:03:38,Auto Rejected,NULL,1
2355431,TDU35025,2026-02-18 23:25:51,Rejected,NULL,1
2355432,TDU35026,2026-02-19 13:11:26,Rejected,NULL,1
2355433,TDU26841G,2026-02-19 13:25:32,Auto Rejected,NULL,1
2355434,TDU26842G,2026-02-19 14:22:31,Auto Rejected,NULL,1
2355435,TDU35027,2026-02-19 15:46:18,Rejected,NULL,1
2355436,TDU35028,2026-02-19 15:57:53,Rejected,NULL,1
2355437,TDU35029,2026-02-19 16:08:23,Rejected,NULL,1
2355438,TDU35030,2026-02-19 16:10:30,Rejected,NULL,1
2355439,TDU35031,2026-02-19 16:40:12,Rejected,NULL,1
2355440,TDU35032,2026-02-19 16:42:32,Rejected,NULL,1
2355441,TDU35033,2026-02-19 17:06:52,Rejected,NULL,1
2355442,TDU35034,2026-02-19 18:13:18,Rejected,NULL,1
2355443,TDU35035,2026-02-19 18:14:37,Rejected,NULL,1
2355444,TDU35036,2026-02-19 18:29:29,Rejected,NULL,1
2355445,TDU35037,2026-02-19 18:33:15,Rejected,NULL,1
2355446,TDU35038,2026-02-19 19:03:28,Rejected,NULL,1
2355447,TDU35039,2026-02-19 19:16:02,Rejected After Confrmation QA pending,NULL,1
2355448,TDU35040,2026-02-19 19:31:36,Rejected,NULL,1
2355449,TDU35041,2026-02-19 20:08:26,Rejected,NULL,1
2355450,TDU35042,2026-02-19 20:25:24,Rejected,NULL,1
2355451,TDU35043,2026-02-19 20:25:53,Accounts - Reconciliation,NULL,1
2355452,TDU35044,2026-02-19 20:29:18,Rejected,NULL,1
2355453,TDU35045,2026-02-19 20:49:12,Rejected,NULL,1
2355454,TDU35046,2026-02-19 21:06:17,Rejected,NULL,1
2355455,TDU35047,2026-02-19 21:23:39,Accepted,NULL,1
2355456,TDU35048,2026-02-19 21:52:01,Auto Rejected,NULL,1
2355457,TDU35049,2026-02-19 22:51:44,Auto Rejected,NULL,1
2355458,TDU35050,2026-02-19 23:12:54,Rejected,NULL,1
2355459,TDU35051,2026-02-19 23:15:34,Accounts - Reconciliation,NULL,1
2355460,TDU26843G,2026-02-20 00:02:54,Accounts - Reconciliation,NULL,1
2355461,TDU35052,2026-02-20 00:23:17,Rejected,NULL,1
2355462,TDU35053,2026-02-20 10:18:42,Created,NULL,1
2355463,TDU35054,2026-02-20 10:47:53,Auto Rejected,NULL,1
2355464,TDU26844G,2026-02-20 10:55:56,Auto Rejected,NULL,1
2355465,TDU35055,2026-02-20 16:56:56,Rejected,NULL,1
2355466,TDU35056,2026-02-20 17:23:14,Rejected,NULL,1
2355467,TDU35057,2026-02-20 17:55:01,Rejected,NULL,1
2355468,TDU26845G,2026-02-20 17:56:24,Auto Rejected,NULL,1
2355469,TDU35058,2026-02-20 18:30:24,Auto Rejected,NULL,1
2355470,TDU35059,2026-02-20 18:44:19,Rejected,NULL,1
2355471,TDU35060,2026-02-20 18:50:55,Rejected,NULL,1
2355472,TDU35061,2026-02-20 19:28:35,Rejected,NULL,1
2355473,TDU35062,2026-02-20 19:38:24,Rejected,NULL,1
2355474,TDU35063,2026-02-20 19:56:47,Rejected,NULL,1
2355475,TDU35064,2026-02-20 21:29:21,Rejected,NULL,1
2355476,TDU35065,2026-02-20 22:11:15,Rejected,NULL,1
2355477,TDU35066,2026-02-20 22:36:18,Rejected,NULL,1
2355478,TDU26846G,2026-02-21 02:39:21,Auto Rejected,NULL,1
2355479,TDU26847G,2026-02-21 07:02:31,Auto Rejected,NULL,1
2355480,TDU26848G,2026-02-21 07:27:46,Rejected,NULL,1
2355481,TDU26849G,2026-02-21 08:12:46,Auto Rejected,NULL,1
2355482,TDU35067,2026-02-21 15:58:18,Auto Rejected,NULL,1
2355483,TDU35068,2026-02-21 17:12:55,Auto Rejected,NULL,1
2355484,TDU35069,2026-02-21 17:18:46,Rejected,NULL,1
2355485,TDU35070,2026-02-21 17:30:35,Rejected After Confrmation QA pending,NULL,1
2355486,TDU35071,2026-02-21 17:53:55,Rejected,NULL,1
2355487,TDU35072,2026-02-21 19:25:22,Rejected,NULL,1
2355488,TDU26850G,2026-02-21 19:31:16,Rejected,NULL,1
2355489,TDU35073,2026-02-21 20:50:31,Rejected,NULL,1
2355490,TDU26851G,2026-02-21 21:00:14,Auto Rejected,NULL,1
2355491,TDU26852G,2026-02-21 21:41:30,Auto Rejected,NULL,1
2355492,TDU26853G,2026-02-21 21:43:11,Rejected,NULL,1
2355493,TDU35074,2026-02-21 21:51:55,Accounts - Reconciliation,NULL,1
2355494,TDU26854G,2026-02-21 22:55:57,Rejected,NULL,1
2355495,TDU35075,2026-02-21 23:38:11,Rejected,NULL,1
2355496,TDU35076,2026-02-21 23:45:59,Auto Rejected,NULL,1
2355497,TDU26855G,2026-02-22 01:33:09,Rejected,NULL,1
2355498,TDU26856G,2026-02-23 09:07:52,Auto Rejected,NULL,1
2355499,TDU26857G,2026-02-23 21:39:33,Auto Rejected,NULL,1
2355500,TDU35077,2026-02-23 21:46:59,Rejected,NULL,1
2355501,TDU35078,2026-02-23 22:21:07,Rejected,NULL,1
2355502,TDU35079,2026-02-23 22:29:16,Rejected,NULL,1
2355503,TDU35080,2026-02-23 22:52:28,Rejected,NULL,1
2355504,TDU35081,2026-02-23 23:41:17,Rejected,NULL,1
2355505,TDU26858G,2026-02-23 23:54:01,Auto Rejected,NULL,1
2355506,TDU35082,2026-02-24 09:29:50,Auto Rejected,NULL,1
2355507,TDU26859G,2026-02-24 09:43:59,Auto Rejected,NULL,1
2355508,TDU26860G,2026-02-24 12:05:42,Rejected,NULL,1
2355509,TDU26861G,2026-02-24 12:19:20,Auto Rejected,NULL,1
2355510,TDU26862G,2026-02-24 16:30:29,Created,NULL,1
2355511,TDU35083,2026-02-24 21:03:25,Rejected,NULL,1
2355512,TDU35084,2026-02-24 21:45:11,Rejected,NULL,1
2355513,TDU35085,2026-02-24 22:53:37,Rejected,NULL,1
2355514,TDU35086,2026-02-24 22:56:57,Rejected,NULL,1
2355515,TDU35087,2026-02-24 23:48:05,Rejected,NULL,1
2355516,TDU26863G,2026-02-25 11:55:37,Rejected,NULL,1
2355517,TDU26864G,2026-02-25 12:43:32,Rejected,NULL,1
2355518,TDU26865G,2026-02-25 13:13:47,Auto Rejected,NULL,1
2355519,TDU26866G,2026-02-25 14:18:49,Auto Rejected,NULL,1
2355520,TDU35088,2026-02-25 14:21:24,Rejected,NULL,1
2355521,TDU35089,2026-02-25 14:38:36,Auto Rejected,NULL,1
2355522,TDU35090,2026-02-25 15:01:56,Created,NULL,1
2355523,TDU35091,2026-02-25 15:03:30,Created,NULL,1
2355524,TDU35092,2026-02-25 15:21:54,Rejected,NULL,1
2355525,TDU26867G,2026-02-25 16:01:12,Auto Rejected,NULL,1
2355526,TDU26868G,2026-02-25 16:10:47,Rejected,NULL,1
2355527,TDU26869G,2026-02-25 16:38:43,Auto Rejected,NULL,1
2355528,TDU26870G,2026-02-25 17:20:39,Accepted,NULL,1
2355529,TDU35093,2026-02-25 20:13:33,Rejected,NULL,1
2355530,TDU35094,2026-02-25 20:56:15,Auto Rejected,NULL,1
2355531,TDU26871G,2026-02-25 22:25:58,Auto Rejected,NULL,1
2355532,TDU35095,2026-02-25 23:26:24,Rejected,NULL,1
2355533,TDU35096,2026-02-26 10:15:48,Auto Rejected,NULL,1
2355534,TDU26872G,2026-02-26 14:23:24,Rejected,NULL,1
2355535,TDU26873G,2026-02-26 14:29:40,Rejected,NULL,1
2355536,TDU26874G,2026-02-26 14:54:15,Auto Rejected,NULL,1
2355537,TDU35097,2026-02-26 16:07:14,Rejected,NULL,1
2355538,TDU35098,2026-02-26 17:27:24,Accounts - Reconciliation,NULL,1
2355539,TDU35099,2026-02-26 17:45:26,Rejected,NULL,1
2355540,TDU35100,2026-02-26 17:59:05,Rejected,NULL,1
2355541,TDU35101,2026-02-26 18:10:04,Rejected,NULL,1
2355542,TDU26875G,2026-02-26 18:13:47,Rejected,NULL,1
2355543,TDU35102,2026-02-26 18:49:07,Rejected,NULL,1
2355544,TDU35103,2026-02-26 18:49:54,Auto Rejected,NULL,1
2355545,TDU35104,2026-02-26 19:20:42,Rejected,NULL,1
2355546,TDU26876G,2026-02-26 19:52:18,Accepted,NULL,1
2355547,TDU26877G,2026-02-26 21:14:06,Accounts - Reconciliation,NULL,1
2355548,TDU26878G,2026-02-26 22:53:24,Rejected,NULL,1
2355549,TDU35105,2026-02-27 00:20:22,Rejected,NULL,1
2355550,TDU35106,2026-02-27 00:30:56,Rejected,NULL,1
2355551,TDU35107,2026-02-27 09:40:23,Accounts - Reconciliation,NULL,1
2355552,TDU35108,2026-02-27 09:53:15,Auto Rejected,NULL,1
2355553,TDU35109,2026-02-27 09:59:30,Created,NULL,1
2355554,TDU26879G,2026-02-27 11:34:42,Rejected,NULL,1
2355555,TDU26880G,2026-02-27 11:56:51,Rejected,NULL,1
2355556,TDU26881G,2026-02-27 12:42:16,Accepted,NULL,1
2355557,TDU35110,2026-02-27 14:50:42,Rejected,NULL,1
2355558,TDU35111,2026-02-27 14:55:32,Rejected,NULL,1
2355559,TDU35112,2026-02-27 18:07:14,Rejected,NULL,1
2355560,TDU26882G,2026-02-27 18:23:16,Auto Rejected,NULL,1
2355561,TDU35113,2026-02-27 18:45:20,Rejected,NULL,1
2355562,TDU26883G,2026-02-27 18:55:53,Auto Rejected,NULL,1
2355563,TDU35114,2026-02-27 19:27:18,Rejected,NULL,1
2355564,TDU35115,2026-02-27 19:28:43,Rejected,NULL,1
2355565,TDU35116,2026-02-27 19:31:13,Rejected,NULL,1
2355566,TDU35117,2026-02-27 20:55:10,Rejected,NULL,1
2355567,TDU35118,2026-02-27 20:57:39,Auto Rejected,NULL,1
2355568,TDU35119,2026-02-27 21:03:25,Auto Rejected,NULL,1
2355569,TDU35120,2026-02-27 21:26:14,Rejected,NULL,1
2355570,TDU35121,2026-02-27 21:29:47,Rejected,NULL,1
2355571,TDU35122,2026-02-27 21:47:05,Rejected,NULL,1
2355572,TDU35123,2026-02-27 22:05:40,Rejected,NULL,1
2355573,TDU35124,2026-02-27 22:22:13,Accounts - Reconciliation,NULL,1
2355574,TDU35125,2026-02-27 22:49:46,Rejected,NULL,1
2355575,TDU35126,2026-02-27 23:48:56,Rejected,NULL,1
2355576,TDU26884G,2026-02-28 08:09:25,Auto Rejected,NULL,1
2355577,TDU35127,2026-02-28 15:36:20,On Ground,NULL,1
2355578,TDU35128,2026-02-28 15:46:38,Rejected,NULL,1
2355579,TDU26885G,2026-02-28 15:48:03,Auto Rejected,NULL,1
2355580,TDU35129,2026-02-28 16:36:25,Rejected,NULL,1
2355581,TDU35130,2026-02-28 17:01:29,Rejected,NULL,1
2355582,TDU35131,2026-02-28 17:17:44,Rejected,NULL,1
2355583,TDU35132,2026-02-28 18:24:39,Rejected,NULL,1
2355584,TDU35133,2026-02-28 18:26:10,Rejected,NULL,1
2355585,TDU35134,2026-02-28 18:26:31,Accounts - Reconciliation,NULL,1
2355586,TDU35135,2026-02-28 18:42:15,Auto Rejected,NULL,1
2355587,TDU35136,2026-02-28 18:55:02,Rejected,NULL,1
2355588,TDU35137,2026-02-28 19:10:52,Rejected,NULL,1
2355589,TDU35138,2026-02-28 19:44:11,Auto Rejected,NULL,1
2355590,TDU35139,2026-02-28 19:46:08,Rejected,NULL,1
2355591,TDU35140,2026-02-28 20:38:13,Rejected,NULL,1
2355592,TDU35141,2026-02-28 20:42:30,Rejected,NULL,1
2355593,TDU35142,2026-02-28 20:49:25,Rejected,NULL,1
2355594,TDU35143,2026-02-28 21:11:45,Rejected,NULL,1
2355595,TDU35144,2026-02-28 21:39:04,Rejected,NULL,1
2355596,TDU35145,2026-02-28 21:47:24,Rejected,NULL,1
2355597,TDU35146,2026-02-28 21:57:42,Rejected,NULL,1
2355598,TDU35147,2026-02-28 22:09:28,Accounts - Reconciliation,NULL,1
2355599,TDU35148,2026-02-28 22:18:15,Rejected,NULL,1
2355600,TDU35149,2026-02-28 22:25:48,Rejected,NULL,1
2355601,TDU35150,2026-02-28 22:38:07,Auto Rejected,NULL,1
2355602,TDU35151,2026-02-28 22:43:07,Auto Rejected,NULL,1
2355603,TDU35152,2026-03-02 12:19:35,Auto Rejected,NULL,1
2355604,TDU35153,2026-03-02 15:50:00,Auto Rejected,NULL,1
2355605,TDU35154,2026-03-02 16:36:13,Rejected,NULL,1
2355606,TDU35155,2026-03-02 17:04:14,Rejected,NULL,1
2355607,TDU35156,2026-03-02 17:19:11,Rejected,NULL,1
2355608,TDU35157,2026-03-02 17:22:02,Rejected,NULL,1
2355609,TDU35158,2026-03-02 22:40:50,Rejected,NULL,1
2355610,TDU35159,2026-03-02 23:11:33,Rejected,NULL,1
2355611,TDU35160,2026-03-02 23:19:03,Auto Rejected,NULL,1
2355612,TDU35161,2026-03-02 23:29:42,Rejected,NULL,1
2355613,TDU35162,2026-03-02 23:33:35,Rejected,NULL,1
2355614,TDU35163,2026-03-02 23:51:01,Rejected,NULL,1
2355615,TDU35164,2026-03-03 00:24:57,Rejected,NULL,1
2355616,TDU26886G,2026-03-03 10:25:22,Rejected,NULL,1
2355617,TDU26887G,2026-03-03 10:48:21,Accepted,NULL,1
2355618,TDU26888G,2026-03-03 12:06:55,Rejected,NULL,1
2355619,TDU26889G,2026-03-03 13:06:44,Rejected,NULL,1
2355620,TDU35165,2026-03-03 13:48:08,Rejected,NULL,1
2355621,TDU35166,2026-03-03 14:02:06,Rejected,NULL,1
2355622,TDU35167,2026-03-03 15:18:09,Rejected,NULL,1
2355623,TDU35168,2026-03-03 21:39:24,Rejected,NULL,1
2355624,TDU35169,2026-03-03 21:59:51,Rejected,NULL,1
2355625,TDU26890G,2026-03-03 22:24:07,Rejected,NULL,1
2355626,TDU26891G,2026-03-03 22:49:05,Rejected,NULL,1
2355627,TDU35170,2026-03-04 00:23:00,Rejected,NULL,1
2355628,TDU26892G,2026-03-04 00:27:13,Rejected,NULL,1
2355629,TDU26893G,2026-03-04 01:09:27,Rejected,NULL,1
2355630,TDU26894G,2026-03-04 02:00:29,Requote,NULL,1
2355631,TDU35171,2026-03-04 10:00:49,Auto Rejected,NULL,1
2355632,TDU35172,2026-03-04 11:36:10,Accounts - Reconciliation,NULL,1
2355633,TDU35173,2026-03-04 11:44:23,Accounts - Reconciliation,NULL,1
2355634,TDU26895G,2026-03-04 14:58:45,Rejected,NULL,1
2355635,TDU26896G,2026-03-04 15:00:30,Rejected,NULL,1
2355636,TDU26897G,2026-03-04 15:04:47,Rejected,NULL,1
2355637,TDU26898G,2026-03-04 16:34:43,Rejected,NULL,1
2355638,TDU35174,2026-03-04 17:57:01,Rejected,NULL,1
2355639,TDU26899G,2026-03-04 18:02:42,Auto Rejected,NULL,1
2355640,TDU26900G,2026-03-04 18:12:43,Rejected,NULL,1
2355641,TDU35175,2026-03-04 19:14:48,Rejected,NULL,1
2355642,TDU35176,2026-03-04 19:22:28,Rejected,NULL,1
2355643,TDU35177,2026-03-04 19:45:45,Rejected,NULL,1
2355644,TDU35178,2026-03-04 20:53:30,Rejected,NULL,1
2355645,TDU35179,2026-03-04 21:18:12,Rejected,NULL,1
2355646,TDU26901G,2026-03-05 09:55:58,Auto Rejected,NULL,1
2355647,TDU35180,2026-03-05 10:58:22,Accounts - Reconciliation,NULL,1
2355648,TDU35181,2026-03-05 13:41:08,Auto Rejected,NULL,1
2355649,TDU26902G,2026-03-05 13:48:41,Auto Rejected,NULL,1
2355650,TDU35182,2026-03-05 14:09:06,Auto Rejected,NULL,1
2355651,TDU35183,2026-03-05 14:15:06,Created,NULL,1
2355652,TDU35184,2026-03-05 14:28:39,Created,NULL,1
2355653,TDU35185,2026-03-05 19:33:27,Rejected,NULL,1
2355654,TDU35186,2026-03-05 20:06:06,Rejected,NULL,1
2355655,TDU35187,2026-03-05 21:02:30,Rejected,NULL,1
2355656,TDU35188,2026-03-05 21:43:00,Rejected,NULL,1
2355657,TDU35189,2026-03-05 22:09:42,Rejected,NULL,1
2355658,TDU35190,2026-03-05 22:16:21,Rejected,NULL,1
2355659,TDU35191,2026-03-05 23:56:33,Rejected,NULL,1
2355660,TDU35192,2026-03-06 00:02:12,Rejected,NULL,1
2355661,TDU35193,2026-03-06 09:52:35,Auto Rejected,NULL,1
2355662,TDU26903G,2026-03-06 10:44:36,Rejected,NULL,1
2355663,TDU26904G,2026-03-06 11:08:34,Rejected,NULL,1
2355664,TDU26905G,2026-03-06 12:47:17,Auto Rejected,NULL,1
2355665,TDU35194,2026-03-06 12:59:51,Accounts - Reconciliation,NULL,1
2355666,TDU35195,2026-03-06 14:13:31,Rejected,NULL,1
2355667,TDU35196,2026-03-06 19:02:45,Auto Rejected,NULL,1
2355668,TDU35197,2026-03-06 19:06:48,PRE QA - pending,NULL,1
2355669,TDU35198,2026-03-06 19:13:04,Rejected,NULL,1
2355670,TDU35199,2026-03-06 20:07:36,Rejected,NULL,1
2355671,TDU35200,2026-03-06 20:16:04,Rejected,NULL,1
2355672,TDU35201,2026-03-06 20:28:00,Rejected,NULL,1
2355673,TDU35202,2026-03-06 20:39:18,Auto Rejected,NULL,1
2355674,TDU35203,2026-03-06 20:50:22,Rejected,NULL,1
2355675,TDU35204,2026-03-06 21:39:27,Rejected,NULL,1
2355676,TDU35205,2026-03-06 23:33:33,Rejected,NULL,1
2355677,TDU35206,2026-03-07 00:00:56,Rejected,NULL,1
2355678,TDU35207,2026-03-07 14:13:19,Auto Rejected,NULL,1
2355679,TDU35208,2026-03-07 15:40:24,Auto Rejected,NULL,1
2355680,TDU35209,2026-03-07 16:21:25,Rejected,NULL,1
2355681,TDU35210,2026-03-07 16:42:09,Rejected,NULL,1
2355682,TDU35211,2026-03-07 16:45:21,Rejected,NULL,1
2355683,TDU35212,2026-03-07 16:58:41,Auto Rejected,NULL,1
2355684,TDU35213,2026-03-07 17:06:57,Rejected,NULL,1
2355685,TDU26906G,2026-03-07 17:10:46,Rejected,NULL,1
2355686,TDU26907G,2026-03-07 18:16:01,Rejected,NULL,1
2355687,TDU35214,2026-03-07 19:57:37,Rejected,NULL,1
2355688,TDU35215,2026-03-07 21:14:30,Rejected,NULL,1
2355689,TDU26908G,2026-02-27 20:57:39,Rejected,NULL,1
2355690,TDU35216,2026-03-07 21:52:50,Rejected,NULL,1
2355691,TDU35217,2026-03-07 22:57:46,Rejected,NULL,1
2355692,TDU26909G,2026-03-07 23:39:57,Rejected,NULL,1
2355693,TDU35218,2026-03-09 12:03:32,Auto Rejected,NULL,1
2355694,TDU35219,2026-03-09 16:20:56,Rejected,NULL,1
2355695,TDU35220,2026-03-09 16:42:48,Rejected,NULL,1
2355696,TDU35221,2026-03-09 17:05:51,Rejected,NULL,1
2355697,TDU35222,2026-03-09 17:39:55,Rejected,NULL,1
2355698,TDU35223,2026-03-09 19:30:36,Rejected,NULL,1
2355699,TDU35224,2026-03-09 20:52:06,Rejected,NULL,1
2355700,TDU35225,2026-03-09 22:07:54,Rejected,NULL,1
2355701,TDU35226,2026-03-09 22:33:23,Auto Rejected,NULL,1
2355702,TDU35227,2026-03-10 09:33:07,Auto Rejected,NULL,1
2355703,TDU26910G,2026-03-10 10:50:53,Created,NULL,1
2355704,TDU35228,2026-03-10 14:00:40,Rejected,NULL,1
2355705,TDU26911G,2026-03-10 15:34:45,Rejected,NULL,1
2355706,TDU26912G,2026-03-10 15:42:57,Accepted,NULL,1
2355707,TDU26913G,2026-03-10 15:59:50,Rejected,NULL,1
2355708,TDU26914G,2026-03-10 16:03:40,Rejected,NULL,1
2355709,TDU35229,2026-03-10 17:50:43,Auto Rejected,NULL,1
2355710,TDU35230,2026-03-10 17:59:41,Rejected,NULL,1
2355711,TDU35231,2026-03-10 18:35:38,Rejected,NULL,1
2355712,TDU35232,2026-03-10 19:03:35,Accounts - Reconciliation,NULL,1
2355713,TDU35233,2026-03-10 19:32:57,Accounts - Reconciliation,NULL,1
2355714,TDU35234,2026-03-10 20:29:12,Rejected,NULL,1
2355715,TDU35235,2026-03-10 20:54:44,Rejected,NULL,1
2355716,TDU35236,2026-03-10 21:42:00,PRE QA - pending,NULL,1
2355717,TDU35237,2026-03-10 23:01:11,Auto Rejected,NULL,1
2355718,TDU35238,2026-03-10 23:37:09,Rejected,NULL,1
2355719,TDU35239,2026-03-10 23:53:25,Accepted,NULL,1
2355720,TDU35240,2026-03-11 00:07:59,Accounts - Reconciliation,NULL,1
2355721,TDU35241,2026-03-11 11:28:41,Rejected,NULL,1
2355722,TDU35242,2026-03-11 16:16:29,Rejected,NULL,1
2355723,TDU35243,2026-03-11 16:32:30,Rejected,NULL,1
2355724,TDU35244,2026-03-11 16:52:26,Rejected,NULL,1
2355725,TDU26915G,2026-03-11 16:53:55,Rejected,NULL,1
2355726,TDU35245,2026-03-11 17:19:19,Auto Rejected,NULL,1
2355727,TDU35246,2026-03-11 20:53:17,Accounts - Reconciliation,NULL,1
2355728,TDU35247,2026-03-11 21:20:55,Accounts - Reconciliation,NULL,1
2355729,TDU35248,2026-03-11 21:43:35,Rejected,NULL,1
2355730,TDU35249,2026-03-11 21:54:14,Auto Rejected,NULL,1
2355731,TDU35250,2026-03-11 22:44:02,Accounts - Reconciliation,NULL,1
2355732,TDU35251,2026-03-11 23:32:23,Rejected,NULL,1
2355733,TDU26916G,2026-03-12 09:35:17,Rejected,NULL,1
2355734,TDU35252,2026-03-12 09:36:39,Accepted,NULL,1
2355735,TDU26917G,2026-03-12 10:07:30,Rejected,NULL,1
2355736,TDU26918G,2026-03-12 10:32:40,Rejected,NULL,1
2355737,TDU26919G,2026-03-12 11:50:06,Auto Rejected,NULL,1
2355738,TDU35253,2026-03-12 12:38:06,Created,NULL,1
2355739,TDU35254,2026-03-12 16:37:23,Rejected,NULL,1
2355740,TDU35255,2026-03-12 17:41:43,Rejected,NULL,1
2355741,TDU35256,2026-03-12 17:50:21,Rejected,NULL,1
2355742,TDU35257,2026-03-12 18:02:13,Rejected,NULL,1
2355743,TDU35258,2026-03-12 21:23:12,Auto Rejected,NULL,1
2355744,TDU35259,2026-03-12 22:15:18,Rejected,NULL,1
2355745,TDU35260,2026-03-12 22:52:09,Rejected,NULL,1
2355746,TDU35261,2026-03-12 22:59:09,Rejected,NULL,1
2355747,TDU35262,2026-03-12 23:28:42,Rejected,NULL,1
2355748,TDU35263,2026-03-12 23:47:09,Rejected,NULL,1
2355749,TDU35264,2026-03-12 23:48:30,Rejected,NULL,1
2355750,TDU35265,2026-03-13 00:14:26,Rejected,NULL,1
2355751,TDU26920G,2026-03-13 04:41:16,Rejected,NULL,1
2355752,TDU26921G,2026-03-13 05:17:47,Auto Rejected,NULL,1
2355753,TDU35266,2026-03-13 13:48:17,Rejected,NULL,1
2355754,TDU35267,2026-03-13 16:24:48,Rejected,NULL,1
2355755,TDU35268,2026-03-13 16:59:20,Rejected,NULL,1
2355756,TDU35269,2026-03-13 17:30:20,Rejected,NULL,1
2355757,TDU26922G,2026-03-13 19:28:06,Rejected,NULL,1
2355758,TDU35270,2026-03-13 22:26:54,Rejected,NULL,1
2355759,TDU35271,2026-03-13 23:58:35,Auto Rejected,NULL,1
2355760,TDU35272,2026-03-14 05:41:56,Rejected,NULL,1
2355761,TDU35273,2026-03-14 12:15:30,Rejected,NULL,1
2355762,TDU26923G,2026-03-14 12:46:10,Rejected,NULL,1
2355763,TDU35274,2026-03-14 15:49:59,Auto Rejected,NULL,1
2355764,TDU26924G,2026-03-14 15:50:28,Auto Rejected,NULL,1
2355765,TDU26925G,2026-03-14 16:08:29,Rejected,NULL,1
2355766,TDU35275,2026-03-14 16:11:28,Accounts - Reconciliation,NULL,1
2355767,TDU35276,2026-03-14 17:33:18,Rejected,NULL,1
2355768,TDU35277,2026-03-14 18:07:10,Rejected,NULL,1
2355769,TDU35278,2026-03-14 20:10:05,Rejected,NULL,1
2355770,TDU26926G,2026-03-14 20:31:09,Rejected,NULL,1
2355771,TDU26927G,2026-03-14 21:44:15,Rejected,NULL,1
2355772,TDU26928G,2026-03-15 07:23:21,Rejected,NULL,1
2355773,TDU26929G,2026-03-15 11:31:51,Auto Rejected,NULL,1
2355774,TDU26930G,2026-03-16 15:55:03,Auto Rejected,NULL,1
2355775,TDU35279,2026-03-16 16:15:44,PRE QA - pending,NULL,1
2355776,TDU35280,2026-03-16 17:04:56,Rejected After Confrmation QA pending,NULL,1
2355777,TDU26931G,2026-03-16 18:27:47,Rejected,NULL,1
2355778,TDU26932G,2026-03-16 18:40:33,Rejected,NULL,1
2355779,TDU35281,2026-03-16 19:27:36,On Ground,NULL,1
2355780,TDU35282,2026-03-16 21:18:38,Rejected,NULL,1
2355781,TDU26933G,2026-03-17 09:42:31,Rejected,NULL,1
2355782,TDU26934G,2026-03-17 09:47:38,Auto Rejected,NULL,1
2355783,TDU26935G,2026-03-17 12:35:11,Accepted,NULL,1
2355784,TDU26936G,2026-03-17 13:41:46,Created,NULL,1
2355785,TDU35283,2026-03-17 17:05:00,Rejected,NULL,1
2355786,TDU26937G,2026-03-17 17:28:41,PRE QA - pending,NULL,1
2355787,TDU26938G,2026-03-17 18:48:41,Auto Rejected,NULL,1
2355788,TDU35284,2026-03-17 19:00:22,Rejected,NULL,1
2355789,TDU26939G,2026-03-17 19:04:16,Auto Rejected,NULL,1
2355790,TDU35285,2026-03-17 19:26:13,Rejected,NULL,1
2355791,TDU35286,2026-03-17 20:38:00,Rejected,NULL,1
2355792,TDU35287,2026-03-18 13:29:31,Rejected,NULL,1
2355793,TDU35288,2026-03-18 14:17:49,Auto Rejected,NULL,1
2355794,TDU35289,2026-03-18 14:24:36,Rejected,NULL,1
2355795,TDU35290,2026-03-18 14:35:07,Auto Rejected,NULL,1
2355796,TDU35291,2026-03-18 16:17:43,Rejected After Confrmation QA completed,NULL,1
2355797,TDU35292,2026-03-18 17:15:06,Rejected,NULL,1
2355798,TDU35293,2026-03-18 17:28:29,Rejected,NULL,1
2355799,TDU35294,2026-03-18 17:52:26,Rejected,NULL,1
2355800,TDU26940G,2026-03-18 18:30:26,Rejected,NULL,1
2355801,TDU26941G,2026-03-18 19:19:26,Auto Rejected,NULL,1
2355802,TDU35295,2026-03-18 19:42:09,Rejected,NULL,1
2355803,TDU35296,2026-03-18 19:49:06,Rejected,NULL,1
2355804,TDU35297,2026-03-18 20:41:12,Rejected,NULL,1
2355805,TDU35298,2026-03-18 20:51:05,Rejected,NULL,1
2355806,TDU35299,2026-03-18 20:59:12,Rejected,NULL,1
2355807,TDU35300,2026-03-18 21:18:04,Rejected,NULL,1
2355808,TDU35301,2026-03-18 21:30:28,Rejected,NULL,1
2355809,TDU35302,2026-03-18 21:36:07,Auto Rejected,NULL,1
2355810,TDU35303,2026-03-18 21:56:26,Created,NULL,1
2355811,TDU35304,2026-03-18 21:59:45,Auto Rejected,NULL,1
2355812,TDU35305,2026-03-18 22:01:52,Auto Rejected,NULL,1
2355813,TDU26942G,2026-03-18 22:14:57,Rejected,NULL,1
2355814,TDU35306,2026-03-18 22:34:37,Rejected,NULL,1
2355815,TDU35307,2026-03-18 23:20:28,Rejected,NULL,1
2355816,TDU35308,2026-03-19 12:32:54,On Ground,NULL,1
2355817,TDU35309,2026-03-19 13:57:33,Auto Rejected,NULL,1
2355818,TDU35310,2026-03-19 14:16:52,Rejected,NULL,1
2355819,TDU35311,2026-03-19 14:33:18,Auto Rejected,NULL,1
2355820,TDU35312,2026-03-19 15:32:33,Rejected,NULL,1
2355821,TDU35313,2026-03-19 15:36:19,Rejected,NULL,1
2355822,TDU26943G,2026-03-05 13:41:08,Auto Rejected,NULL,1
2355823,TDU35314,2026-03-19 16:51:09,Rejected,NULL,1
2355824,TDU35315,2026-03-19 17:35:23,Accounts - Reconciliation,NULL,1
2355825,TDU35316,2026-03-19 18:10:13,Accounts - Reconciliation,NULL,1
2355826,TDU26944G,2026-03-19 18:49:42,Auto Rejected,NULL,1
2355827,TDU26945G,2026-03-19 18:56:44,Rejected,NULL,1
2355828,TDU35317,2026-03-19 19:31:00,Rejected,NULL,1
2355829,TDU35318,2026-03-19 19:55:37,Rejected,NULL,1
2355830,TDU35319,2026-03-19 20:15:34,Auto Rejected,NULL,1
2355831,TDU35320,2026-03-19 20:18:17,Rejected,NULL,1
2355832,TDU35321,2026-03-19 20:24:12,Rejected,NULL,1
2355833,TDU35322,2026-03-19 20:29:36,Rejected,NULL,1
2355834,TDU35323,2026-03-19 20:31:24,Rejected,NULL,1
2355835,TDU26946G,2026-03-19 21:29:09,Rejected,NULL,1
2355836,TDU35324,2026-03-19 22:25:28,Rejected,NULL,1
2355837,TDU35325,2026-03-19 23:17:07,Rejected,NULL,1
2355838,TDU26947G,2026-03-20 09:25:59,Rejected,NULL,1
2355839,TDU26948G,2026-03-20 10:22:41,Rejected,NULL,1
2355840,TDU26949G,2026-03-20 11:17:57,Rejected,NULL,1
2355841,TDU26950G,2026-03-20 11:43:11,Rejected,NULL,1
2355842,TDU35326,2026-03-20 16:10:35,Accounts - Reconciliation,NULL,1
2355843,TDU35327,2026-03-20 16:15:54,Rejected,NULL,1
2355844,TDU35328,2026-03-20 16:37:09,Accepted,NULL,1
2355845,TDU35329,2026-03-20 16:52:40,Accounts - Reconciliation,NULL,1
2355846,TDU35330,2026-03-20 17:16:17,Auto Rejected,NULL,1
2355847,TDU35331,2026-03-20 17:47:31,Rejected,NULL,1
2355848,TDU35332,2026-03-20 18:14:25,Rejected,NULL,1
2355849,TDU35333,2026-03-20 18:41:17,Auto Rejected,NULL,1
2355850,TDU35334,2026-03-20 19:31:22,Rejected,NULL,1
2355851,TDU35335,2026-03-20 21:21:01,Rejected,NULL,1
2355852,TDU26951G,2026-03-20 22:28:33,Auto Rejected,NULL,1
2355853,TDU26952G,2026-03-20 22:41:04,Created,NULL,1
2355854,TDU35336,2026-03-21 00:25:33,Rejected,NULL,1
2355855,TDU35337,2026-03-21 13:37:48,Rejected,NULL,1
2355856,TDU35338,2026-03-21 14:01:24,Auto Rejected,NULL,1
2355857,TDU35339,2026-03-21 14:14:59,Rejected,NULL,1
2355858,TDU35340,2026-03-21 14:23:50,Rejected,NULL,1
2355859,TDU35341,2026-03-21 14:45:48,Rejected,NULL,1
2355860,TDU35342,2026-03-21 15:01:45,Rejected,NULL,1
2355861,TDU35343,2026-03-21 19:22:11,Rejected,NULL,1
2355862,TDU35344,2026-03-21 20:34:09,Rejected,NULL,1
2355863,TDU35345,2026-03-21 20:35:25,Rejected,NULL,1
2355864,TDU35346,2026-03-21 20:52:35,Rejected,NULL,1
2355865,TDU35347,2026-03-21 21:34:30,Rejected,NULL,1
2355866,TDU35348,2026-03-21 21:44:36,Rejected,NULL,1
2355867,TDU35349,2026-03-21 22:52:43,Rejected,NULL,1
2355868,TDU35350,2026-03-21 23:01:05,Rejected,NULL,1
2355869,TDU35351,2026-03-21 23:23:33,Auto Rejected,NULL,1
2355870,TDU35352,2026-03-23 15:07:14,Rejected,NULL,1
2355871,TDU35353,2026-03-23 18:56:08,Rejected,NULL,1
2355872,TDU35354,2026-03-23 19:03:34,Rejected,NULL,1
2355873,TDU35355,2026-03-23 19:12:17,Rejected,NULL,1
2355874,TDU35356,2026-03-23 19:17:23,Rejected,NULL,1
2355875,TDU35357,2026-03-23 19:25:05,Rejected,NULL,1
2355876,TDU26953G,2026-03-18 21:36:07,Auto Rejected,NULL,1
2355877,TDU26954G,2026-03-23 20:25:20,Accounts - Reconciliation,NULL,1
2355878,TDU35358,2026-03-23 20:51:38,Rejected,NULL,1
2355879,TDU35359,2026-03-23 21:39:35,Accounts - Reconciliation,NULL,1
2355880,TDU35360,2026-03-23 23:18:19,Rejected,NULL,1
2355881,TDU35361,2026-03-23 23:19:58,Rejected,NULL,1
2355882,TDU35362,2026-03-23 23:32:33,Rejected,NULL,1
2355883,TDU35363,2026-03-24 00:00:23,Rejected,NULL,1
2355884,TDU35364,2026-03-24 00:17:47,Rejected,NULL,1
2355885,TDU26955G,2026-03-24 13:23:36,Rejected,NULL,1
2355886,TDU35365,2026-03-24 14:55:54,Rejected,NULL,1
2355887,TDU35366,2026-03-24 15:16:28,Rejected,NULL,1
2355888,TDU26956G,2026-03-24 15:43:14,Rejected,NULL,1
2355889,TDU35367,2026-03-24 15:49:28,Rejected,NULL,1
2355890,TDU35368,2026-03-24 17:47:48,Rejected,NULL,1
2355891,TDU26957G,2026-03-24 18:24:32,Rejected,NULL,1
2355892,TDU26958G,2026-03-24 18:50:22,Rejected,NULL,1
2355893,TDU35369,2026-03-24 19:12:19,Rejected,NULL,1
2355894,TDU35370,2026-03-24 19:54:10,Rejected,NULL,1
2355895,TDU35371,2026-03-24 20:13:22,Rejected,NULL,1
2355896,TDU35372,2026-03-24 20:20:39,Rejected,NULL,1
2355897,TDU35373,2026-03-24 20:24:03,Rejected,NULL,1
2355898,TDU35374,2026-03-24 20:42:01,Rejected,NULL,1
2355899,TDU35375,2026-03-24 22:51:05,Rejected,NULL,1
2355900,TDU26959G,2026-03-25 09:58:06,Auto Rejected,NULL,1
2355901,TDU26960G,2026-03-25 11:53:44,Auto Rejected,NULL,1
2355902,TDU26961G,2026-03-25 13:11:30,Rejected,NULL,1
2355903,TDU35376,2026-03-25 14:13:50,Auto Rejected,NULL,1
2355904,TDU35377,2026-03-25 14:33:31,Rejected,NULL,1
2355905,TDU35378,2026-03-25 14:51:32,Rejected,NULL,1
2355906,TDU26962G,2026-03-25 16:31:22,Auto Rejected,NULL,1
2355907,TDU35379,2026-03-25 18:53:02,Accounts - Reconciliation,NULL,1
2355908,TDU26963G,2026-03-25 19:55:34,Rejected,NULL,1
2355909,TDU26964G,2026-03-25 20:15:07,Rejected,NULL,1
2355910,TDU35380,2026-03-25 20:30:22,Auto Rejected,NULL,1
2355911,TDU35381,2026-03-25 20:35:21,Rejected,NULL,1
2355912,TDU35382,2026-03-25 21:38:44,Rejected,NULL,1
2355913,TDU35383,2026-03-25 22:46:06,Rejected,NULL,1
2355914,TDU35384,2026-03-25 22:46:12,Rejected,NULL,1
2355915,TDU26965G,2026-03-25 23:52:16,Rejected,NULL,1
2355916,TDU35385,2026-03-26 11:56:16,Rejected After Confrmation QA pending,NULL,1
2355917,TDU26966G,2026-03-26 12:00:29,Auto Rejected,NULL,1
2355918,TDU35386,2026-03-26 12:20:02,Auto Rejected,NULL,1
2355919,TDU26967G,2026-03-26 12:30:56,Rejected After Confrmation QA pending,NULL,1
2355920,TDU35387,2026-03-26 12:39:02,Rejected,NULL,1
2355921,TDU35388,2026-03-26 12:54:52,Rejected,NULL,1
2355922,TDU35389,2026-03-26 14:20:19,Rejected,NULL,1
2355923,TDU35390,2026-03-26 14:47:20,Rejected,NULL,1
2355924,TDU26968G,2026-03-26 14:52:00,Auto Rejected,NULL,1
2355925,TDU26969G,2026-03-26 18:48:10,Created,NULL,1
2355926,TDU35391,2026-03-26 19:13:48,Rejected,NULL,1
2355927,TDU35392,2026-03-26 19:18:01,Rejected,NULL,1
2355928,TDU35393,2026-03-26 19:20:42,Accounts - Reconciliation,NULL,1
2355929,TDU35394,2026-03-26 19:36:22,Rejected,NULL,1
2355930,TDU35395,2026-03-26 19:57:19,Rejected,NULL,1
2355931,TDU35396,2026-03-26 20:20:50,Auto Rejected,NULL,1
2355932,TDU35397,2026-03-26 21:11:53,Rejected,NULL,1
2355933,TDU35398,2026-03-27 13:21:09,Auto Rejected,NULL,1
2355934,TDU35399,2026-03-27 14:41:52,Rejected,NULL,1
2355935,TDU35400,2026-03-27 15:14:04,Rejected,NULL,1
2355936,TDU35401,2026-03-27 15:15:34,Rejected,NULL,1
2355937,TDU35402,2026-03-27 18:10:03,Rejected,NULL,1
2355938,TDU35403,2026-03-27 18:56:13,Rejected,NULL,1
2355939,TDU35404,2026-03-27 18:57:07,Rejected,NULL,1
2355940,TDU35405,2026-03-27 19:12:42,Rejected,NULL,1
2355941,TDU35406,2026-03-27 19:23:27,Rejected,NULL,1
2355942,TDU35407,2026-03-27 19:35:46,Rejected,NULL,1
2355943,TDU35408,2026-03-27 19:43:22,Rejected,NULL,1
2355944,TDU35409,2026-03-27 19:45:26,Rejected,NULL,1
2355945,TDU35410,2026-03-27 19:57:25,Auto Rejected,NULL,1
2355946,TDU35411,2026-03-27 20:03:22,Rejected,NULL,1
2355947,TDU35412,2026-03-27 22:43:29,Rejected,NULL,1
2355948,TDU35413,2026-03-27 23:03:33,Rejected,NULL,1
2355949,TDU26970G,2026-03-28 12:37:43,Auto Rejected,NULL,1
2355950,TDU26971G,2026-03-28 16:04:38,Accounts - Reconciliation,NULL,1
2355951,TDU35414,2026-03-28 16:06:29,Rejected,NULL,1
2355952,TDU35415,2026-03-28 16:32:47,Rejected,NULL,1
2355953,TDU26972G,2026-03-28 17:06:00,Created,NULL,1
2355954,TDU26973G,2026-03-28 17:55:09,Rejected,NULL,1
2355955,TDU26974G,2026-03-28 18:58:05,Rejected,NULL,1
2355956,TDU26975G,2026-03-28 19:22:06,Rejected,NULL,1
2355957,TDU35416,2026-03-28 21:09:35,Rejected,NULL,1
2355958,TDU26976G,2026-03-28 21:58:34,Rejected,NULL,1
2355959,TDU35417,2026-03-30 13:24:56,Rejected,NULL,1
2355960,TDU35418,2026-03-30 13:32:11,Rejected,NULL,1
2355961,TDU35419,2026-03-30 13:38:09,Auto Rejected,NULL,1
2355962,TDU35420,2026-03-30 13:52:03,Rejected,NULL,1
2355963,TDU35421,2026-03-30 14:08:18,Rejected,NULL,1
2355964,TDU35422,2026-03-30 14:12:00,Rejected,NULL,1
2355965,TDU35423,2026-03-30 14:16:18,Rejected,NULL,1
2355966,TDU26977G,2026-03-30 16:21:52,Auto Rejected,NULL,1
2355967,TDU35424,2026-03-30 16:57:27,Accounts - Reconciliation,NULL,1
2355968,TDU35425,2026-03-30 18:20:45,Rejected,NULL,1
2355969,TDU35426,2026-03-30 18:24:06,Rejected,NULL,1
2355970,TDU26978G,2026-03-30 19:22:37,Rejected After Confrmation QA completed,NULL,1
2355971,TDU26979G,2026-03-30 19:42:11,Rejected,NULL,1
2355972,TDU35427,2026-03-30 19:46:01,Auto Rejected,NULL,1
2355973,TDU35428,2026-03-30 19:56:49,Rejected,NULL,1
2355974,TDU35429,2026-03-30 20:52:03,Rejected,NULL,1
2355975,TDU35430,2026-03-30 21:10:51,Rejected,NULL,1
2355976,TDU26980G,2026-03-30 21:16:18,Auto Rejected,NULL,1
2355977,TDU35431,2026-03-30 21:42:16,Rejected,NULL,1
2355978,TDU35432,2026-03-30 23:50:35,Rejected,NULL,1
2355979,TDU35433,2026-03-31 00:52:59,Rejected,NULL,1
2355980,TDU26981G,2026-03-31 11:12:49,Rejected After Confrmation QA pending,NULL,1
2355981,TDU26982G,2026-03-31 11:25:15,Auto Rejected,NULL,1
2355982,TDU26983G,2026-03-31 12:05:10,Accounts - Reconciliation,NULL,1
2355983,TDU26984G,2026-03-31 12:10:23,Rejected,NULL,1
2355984,TDU26985G,2026-03-31 12:49:15,Auto Rejected,NULL,1
2355985,TDU26986G,2026-03-31 13:38:01,Rejected,NULL,1
2355986,TDU35434,2026-03-31 14:57:48,Rejected,NULL,1
2355987,TDU35435,2026-03-31 17:01:41,Auto Rejected,NULL,1
2355988,TDU35436,2026-03-31 17:45:04,Rejected,NULL,1
2355989,TDU35437,2026-03-31 18:11:38,Rejected,NULL,1
2355990,TDU26987G,2026-03-31 18:22:56,Rejected,NULL,1
2355991,TDU26988G,2026-03-31 19:30:49,Created,NULL,1
2355992,TDU35438,2026-03-31 20:19:05,Rejected,NULL,1
2355993,TDU35439,2026-03-31 21:24:51,Rejected,NULL,1
2355994,TDU35440,2026-03-31 21:37:34,Rejected,NULL,1
2355995,TDU35441,2026-03-31 23:01:19,Rejected,NULL,1
2355996,TDU35442,2026-04-01 09:50:31,Auto Rejected,NULL,1
2355997,TDU26989G,2026-04-01 12:35:17,Auto Rejected,NULL,1
2355998,TDU26990G,2026-04-01 12:55:34,PRE QA - pending,NULL,1
2355999,TDU35443,2026-04-01 14:57:20,On Ground,NULL,1
2356000,TDU35444,2026-04-01 17:14:23,Rejected,NULL,1
2356001,TDU35445,2026-04-01 17:42:14,Rejected,NULL,1
2356002,TDU35446,2026-04-01 18:01:24,On Ground,NULL,1
2356003,TDU35447,2026-04-01 19:01:04,Auto Rejected,NULL,1
2356004,TDU35448,2026-04-01 19:44:17,Rejected,NULL,1
2356005,TDU35449,2026-04-01 20:36:42,Rejected,NULL,1
2356006,TDU35450,2026-04-01 20:48:48,Rejected,NULL,1
2356007,TDU35451,2026-04-01 20:56:02,Rejected,NULL,1
2356008,TDU35452,2026-04-01 21:18:30,Rejected,NULL,1
2356009,TDU35453,2026-04-01 21:30:35,Rejected,NULL,1
2356010,TDU35454,2026-04-01 21:36:14,Rejected,NULL,1
2356011,TDU35455,2026-04-01 22:19:02,Rejected,NULL,1
2356012,TDU35456,2026-04-01 23:26:22,Rejected,NULL,1
2356013,TDU35457,2026-04-01 23:31:04,Rejected,NULL,1
2356014,TDU35458,2026-04-02 11:46:04,Auto Rejected,NULL,1
2356015,TDU26991G,2026-04-02 12:23:28,Auto Rejected,NULL,1
2356016,TDU26992G,2026-04-02 13:40:19,Auto Rejected,NULL,1
2356017,TDU26993G,2026-04-02 13:56:23,Auto Rejected,NULL,1
2356018,TDU35459,2026-04-02 17:26:25,Rejected,NULL,1
2356019,TDU35460,2026-04-02 17:55:34,Rejected,NULL,1
2356020,TDU35461,2026-04-02 18:18:25,Rejected,NULL,1
2356021,TDU35462,2026-04-02 18:47:28,Rejected,NULL,1
2356022,TDU35463,2026-04-02 20:31:43,Rejected,NULL,1
2356023,TDU35464,2026-04-02 20:33:38,Auto Rejected,NULL,1
2356024,TDU35465,2026-04-02 22:06:56,Rejected,NULL,1
2356025,TDU35466,2026-04-02 22:57:02,Rejected,NULL,1
2356026,TDU35467,2026-04-02 23:40:34,Rejected,NULL,1
2356027,TDU26994G,2026-04-03 12:15:16,Rejected,NULL,1
2356028,TDU26995G,2026-04-03 14:02:18,Rejected,NULL,1
2356029,TDU35468,2026-04-03 16:38:17,Auto Rejected,NULL,1
2356030,TDU35469,2026-04-03 16:53:03,Rejected,NULL,1
2356031,TDU35470,2026-04-03 17:42:34,Rejected,NULL,1
2356032,TDU35471,2026-04-03 17:46:00,Rejected,NULL,1
2356033,TDU35472,2026-04-03 18:48:02,Auto Rejected,NULL,1
2356034,TDU35473,2026-04-03 21:20:04,Rejected,NULL,1
2356035,TDU26996G,2026-04-03 21:42:35,Rejected,NULL,1
2356036,TDU35474,2026-04-03 21:53:52,Rejected,NULL,1
2356037,TDU26997G,2026-04-03 21:55:56,Rejected,NULL,1
2356038,TDU35475,2026-04-03 22:33:01,Rejected,NULL,1
2356039,TDU35476,2026-04-03 22:49:23,Auto Rejected,NULL,1
2356040,TDU26998G,2026-04-03 22:56:03,Rejected,NULL,1
2356041,TDU35477,2026-04-03 23:04:53,Rejected,NULL,1
2356042,TDU35478,2026-04-03 23:05:37,Rejected,NULL,1
2356043,TDU35479,2026-04-03 23:20:10,Rejected,NULL,1
2356044,TDU26999G,2026-04-04 00:23:36,Created,NULL,1
2356045,TDU35480,2026-04-04 17:20:41,Requote,NULL,1
2356046,TDU35481,2026-04-04 17:45:00,Rejected,NULL,1
2356047,TDU35482,2026-04-04 18:07:59,Rejected,NULL,1
2356048,TDU35483,2026-04-04 18:17:15,Rejected,NULL,1
2356049,TDU35484,2026-04-04 18:19:37,Rejected,NULL,1
2356050,TDU35485,2026-04-04 18:21:25,Rejected,NULL,1
2356051,TDU35486,2026-04-04 18:46:41,Rejected,NULL,1
2356052,TDU35487,2026-04-04 19:01:53,Rejected,NULL,1
2356053,TDU35488,2026-04-04 19:25:18,Rejected,NULL,1
2356054,TDU35489,2026-04-04 19:35:47,Rejected,NULL,1
2356055,TDU27000G,2026-04-04 19:43:27,Auto Rejected,NULL,1
2356056,TDU35490,2026-04-04 21:28:51,Rejected,NULL,1
2356057,TDU27001G,2026-04-04 22:11:33,Rejected,NULL,1
2356058,TDU35491,2026-04-04 22:14:11,Accounts - Reconciliation,NULL,1
2356059,TDU35492,2026-04-04 22:24:40,On Ground,NULL,1
2356060,TDU35493,2026-04-04 22:52:25,Rejected,NULL,1
2356061,TDU35494,2026-04-04 23:15:06,On Ground,NULL,1
2356062,TDU27002G,2026-04-06 12:22:45,Auto Rejected,NULL,1
2356063,TDU27003G,2026-04-06 12:51:40,Rejected After Confrmation QA completed,NULL,1
2356064,TDU27004G,2026-04-06 14:57:34,Rejected,NULL,1
2356065,TDU27005G,2026-04-06 15:38:36,Auto Rejected,NULL,1
2356066,TDU35495,2026-04-06 16:24:21,Rejected,NULL,1
2356067,TDU35496,2026-04-06 16:51:08,Rejected,NULL,1
2356068,TDU35497,2026-04-06 17:19:03,Created,NULL,1
2356069,TDU35498,2026-04-06 18:50:52,Rejected,NULL,1
2356070,TDU35499,2026-04-06 19:17:00,Rejected,NULL,1
2356071,TDU35500,2026-04-06 20:00:09,Accounts - Reconciliation,NULL,1
2356072,TDU35501,2026-04-06 22:32:12,Rejected,NULL,1
2356073,TDU27006G,2026-03-30 19:46:01,Accounts - Reconciliation,NULL,1
2356074,TDU35502,2026-04-07 11:48:55,Auto Rejected,NULL,1
2356075,TDU27007G,2026-04-07 13:27:26,Rejected,NULL,1
2356076,TDU35503,2026-04-07 15:08:57,Rejected,NULL,1
2356077,TDU35504,2026-04-07 15:32:53,Rejected,NULL,1
2356078,TDU35505,2026-04-07 15:43:43,Rejected,NULL,1
2356079,TDU35506,2026-04-07 15:56:50,Rejected,NULL,1
2356080,TDU35507,2026-04-07 16:00:50,Rejected,NULL,1
2356081,TDU35508,2026-04-07 16:07:36,Rejected,NULL,1
2356082,TDU35509,2026-04-07 16:14:18,Rejected,NULL,1
2356083,TDU35510,2026-04-07 16:15:51,Accounts - Reconciliation,NULL,1
2356084,TDU27008G,2026-04-07 17:21:15,Rejected,NULL,1
2356085,TDU35511,2026-04-07 17:23:38,Auto Rejected,NULL,1
2356086,TDU35512,2026-04-07 17:45:41,Rejected,NULL,1
2356087,TDU35513,2026-04-07 19:34:49,Rejected,NULL,1
2356088,TDU35514,2026-04-07 20:31:29,Rejected,NULL,1
2356089,TDU35515,2026-04-07 21:34:24,Rejected,NULL,1
2356090,TDU35516,2026-04-07 22:07:39,Rejected,NULL,1
2356091,TDU35517,2026-04-08 10:29:56,Auto Rejected,NULL,1
2356092,TDU27009G,2026-04-08 11:36:20,Auto Rejected,NULL,1
2356093,TDU27010G,2026-04-08 11:46:53,Rejected,NULL,1
2356094,TDU27011G,2026-04-08 11:55:05,Auto Rejected,NULL,1
2356095,TDU27012G,2026-04-08 11:59:39,Rejected,NULL,1
2356096,TDU27013G,2026-04-08 12:26:34,Auto Rejected,NULL,1
2356097,TDU35518,2026-04-08 12:28:09,Created,NULL,1
2356098,TDU35519,2026-04-08 12:34:02,Created,NULL,1
2356099,TDU27014G,2026-03-05 14:09:06,Created,NULL,1
2356100,TDU27015G,2026-04-08 13:29:44,Rejected,NULL,1
2356101,TDU27016G,2026-04-08 13:33:07,Rejected,NULL,1
2356102,TDU35520,2026-04-08 15:07:56,Auto Rejected,NULL,1
2356103,TDU35521,2026-04-08 15:08:45,Rejected,NULL,1
2356104,TDU35522,2026-04-08 15:13:41,Rejected,NULL,1
2356105,TDU35523,2026-04-08 15:36:49,Rejected,NULL,1
2356106,TDU35524,2026-04-08 15:43:37,Rejected,NULL,1
2356107,TDU35525,2026-04-08 15:47:05,Rejected,NULL,1
2356108,TDU35526,2026-04-08 16:18:18,Auto Rejected,NULL,1
2356109,TDU35527,2026-04-08 17:18:44,Rejected,NULL,1
2356110,TDU35528,2026-04-08 17:46:00,Accounts - Reconciliation,NULL,1
2356111,TDU35529,2026-04-08 18:01:07,Rejected,NULL,1
2356112,TDU27017G,2026-04-08 18:07:36,Rejected,NULL,1
2356113,TDU27018G,2026-04-08 18:49:00,Created,NULL,1
2356114,TDU35530,2026-04-08 19:16:34,Auto Rejected,NULL,1
2356115,TDU27019G,2026-04-08 20:07:58,Rejected,NULL,1
2356116,TDU27020G,2026-04-08 20:20:41,Rejected,NULL,1
2356117,TDU35531,2026-04-08 21:46:49,Rejected,NULL,1
2356118,TDU35532,2026-04-08 22:41:26,Rejected,NULL,1
2356119,TDU27021G,2026-04-09 01:29:02,Rejected,NULL,1
2356120,TDU27022G,2026-04-09 11:05:48,Rejected,NULL,1
2356121,TDU27023G,2026-04-09 12:10:12,Rejected,NULL,1
2356122,TDU27024G,2026-04-09 13:02:20,Rejected,NULL,1
2356123,TDU27025G,2026-04-09 13:22:41,Rejected,NULL,1
2356124,TDU35533,2026-04-09 15:40:08,Rejected,NULL,1
2356125,TDU35534,2026-04-09 16:24:13,Rejected,NULL,1
2356126,TDU35535,2026-04-09 16:53:58,Rejected,NULL,1
2356127,TDU35536,2026-04-09 17:36:40,Rejected,NULL,1
2356128,TDU35537,2026-04-09 17:54:03,Rejected,NULL,1
2356129,TDU35538,2026-04-09 18:14:25,Auto Rejected,NULL,1
2356130,TDU35539,2026-04-09 19:42:32,Rejected,NULL,1
2356131,TDU35540,2026-04-09 20:19:42,Rejected,NULL,1
2356132,TDU35541,2026-04-09 21:30:25,Rejected,NULL,1
2356133,TDU35542,2026-04-09 21:52:53,Rejected,NULL,1
2356134,TDU35543,2026-04-09 22:04:33,Rejected,NULL,1
2356135,TDU35544,2026-04-10 09:46:41,Auto Rejected,NULL,1
2356136,TDU35545,2026-04-10 10:07:58,Auto Rejected,NULL,1
2356137,TDU35546,2026-04-10 10:17:31,Auto Rejected,NULL,1
2356138,TDU35547,2026-04-10 10:21:10,Auto Rejected,NULL,1
2356139,TDU35548,2026-04-10 10:24:39,Accounts - Reconciliation,NULL,1
2356140,TDU35549,2026-04-10 10:28:11,Auto Rejected,NULL,1
2356141,TDU35550,2026-04-10 10:48:48,Auto Rejected,NULL,1
2356142,TDU27026G,2026-04-10 13:55:42,Rejected,NULL,1
2356143,TDU35551,2026-04-10 16:41:28,Auto Rejected,NULL,1
2356144,TDU35552,2026-04-10 16:53:26,Rejected,NULL,1
2356145,TDU35553,2026-04-10 17:01:44,Rejected,NULL,1
2356146,TDU35554,2026-04-10 17:14:02,Rejected,NULL,1
2356147,TDU27027G,2026-04-10 20:27:33,Accounts - Reconciliation,NULL,1
2356148,TDU35555,2026-04-10 21:11:30,Auto Rejected,NULL,1
2356149,TDU35556,2026-04-10 21:30:10,Rejected,NULL,1
2356150,TDU35557,2026-04-10 21:57:05,Rejected,NULL,1
2356151,TDU35558,2026-04-10 22:58:30,Auto Rejected,NULL,1
2356152,TDU27028G,2026-04-10 23:37:01,Rejected,NULL,1
2356153,TDU27029G,2026-04-10 23:38:34,Rejected,NULL,1
2356154,TDU27030G,2026-04-11 10:32:35,Auto Rejected,NULL,1
2356155,TDU27031G,2026-04-11 11:33:04,Created,NULL,1
2356156,TDU27032G,2026-04-11 11:54:59,Rejected,NULL,1
2356157,TDU35559,2026-04-11 17:30:05,Rejected,NULL,1
2356158,TDU27033G,2026-04-11 18:52:39,Auto Rejected,NULL,1
2356159,TDU27034G,2026-04-11 19:09:39,Auto Rejected,NULL,1
2356160,TDU35560,2026-04-11 21:17:48,Rejected,NULL,1
2356161,TDU35561,2026-04-11 21:22:16,Rejected,NULL,1
2356162,TDU35562,2026-04-11 21:47:02,Rejected,NULL,1
2356163,TDU27035G,2026-04-11 22:15:08,Rejected,NULL,1
2356164,TDU35563,2026-04-11 22:26:14,Rejected,NULL,1
2356165,TDU35564,2026-04-11 22:27:49,Rejected,NULL,1
2356166,TDU35565,2026-04-11 22:33:57,Rejected,NULL,1
2356167,TDU35566,2026-04-11 22:34:32,Rejected,NULL,1
2356168,TDU35567,2026-04-11 22:44:00,Rejected,NULL,1
2356169,TDU35568,2026-04-11 22:58:56,Rejected,NULL,1
2356170,TDU35569,2026-04-11 22:59:06,Rejected,NULL,1
2356171,TDU35570,2026-04-11 23:01:45,Rejected,NULL,1
2356172,TDU35571,2026-04-11 23:05:08,Rejected,NULL,1
2356173,TDU35572,2026-04-11 23:15:55,Rejected,NULL,1
2356174,TDU35573,2026-04-11 23:19:45,Rejected,NULL,1
2356175,TDU35574,2026-04-11 23:33:33,Rejected,NULL,1
2356176,TDU35575,2026-04-11 23:45:45,Accepted,NULL,1
2356177,TDU27036G,2026-04-11 23:59:15,Rejected,NULL,1
2356178,TDU35576,2026-04-13 12:38:39,Rejected,NULL,1
2356179,TDU35577,2026-04-13 12:50:05,Auto Rejected,NULL,1
2356180,TDU35578,2026-04-13 13:52:05,Auto Rejected,NULL,1
2356181,TDU35579,2026-04-13 16:17:31,Rejected After Confrmation QA pending,NULL,1
2356182,TDU35580,2026-04-13 17:48:28,Accounts - Reconciliation,NULL,1
2356183,TDU35581,2026-04-13 18:01:46,Rejected,NULL,1
2356184,TDU35582,2026-04-13 18:45:05,Rejected,NULL,1
2356185,TDU35583,2026-04-13 19:03:52,Rejected,NULL,1
2356186,TDU27037G,2026-04-13 19:32:14,Auto Rejected,NULL,1
2356187,TDU27038G,2026-04-13 20:46:19,Rejected After Confrmation QA pending,NULL,1
2356188,TDU35584,2026-04-13 22:08:41,Accounts - Reconciliation,NULL,1
2356189,TDU27039G,2026-04-14 10:53:24,Rejected,NULL,1
2356190,TDU27040G,2026-04-14 11:18:05,Rejected,NULL,1
2356191,TDU27041G,2026-04-14 12:37:04,PRE QA - pending,NULL,1
2356192,TDU27042G,2026-04-14 15:31:45,Created,NULL,1
2356193,TDU35585,2026-04-14 15:47:16,Accounts - Reconciliation,NULL,1
2356194,TDU27043G,2026-04-14 16:35:32,Auto Rejected,NULL,1
2356195,TDU35586,2026-04-14 16:40:35,Rejected,NULL,1
2356196,TDU35587,2026-04-14 16:51:44,Rejected,NULL,1
2356197,TDU35588,2026-04-14 17:12:26,Auto Rejected,NULL,1
2356198,TDU35589,2026-04-14 18:12:08,Auto Rejected,NULL,1
2356199,TDU35590,2026-04-14 18:18:31,Rejected,NULL,1
2356200,TDU35591,2026-04-14 18:28:56,Rejected,NULL,1
2356201,TDU27044G,2026-04-14 18:46:52,Rejected,NULL,1
2356202,TDU35592,2026-04-14 20:58:58,Rejected,NULL,1
2356203,TDU35593,2026-04-14 21:05:40,Rejected,NULL,1
2356204,TDU35594,2026-04-14 21:25:19,Rejected,NULL,1
2356205,TDU27045G,2026-04-15 00:18:13,Auto Rejected,NULL,1
2356206,TDU27046G,2026-04-15 09:49:12,Accepted,NULL,1
2356207,TDU27047G,2026-04-15 09:49:16,Created,NULL,1
2356208,TDU27048G,2026-04-15 11:14:47,Created,NULL,1
2356209,TDU35595,2026-04-15 16:27:33,Rejected,NULL,1
2356210,TDU35596,2026-04-15 17:46:00,Rejected,NULL,1
2356211,TDU35597,2026-04-15 19:17:03,Auto Rejected,NULL,1
2356212,TDU35598,2026-04-15 19:52:36,Rejected,NULL,1
2356213,TDU35599,2026-04-15 20:33:57,Rejected,NULL,1
2356214,TDU35600,2026-04-15 21:08:21,Rejected,NULL,1
2356215,TDU35601,2026-04-15 21:29:58,Rejected,NULL,1
2356216,TDU35602,2026-04-15 21:40:35,Rejected,NULL,1
2356217,TDU27049G,2026-04-15 21:57:37,Rejected,NULL,1
2356218,TDU35603,2026-04-15 22:09:17,Accounts - Reconciliation,NULL,1
2356219,TDU35604,2026-04-15 22:16:09,Rejected,NULL,1
2356220,TDU35605,2026-04-15 22:20:52,Rejected,NULL,1
2356221,TDU35606,2026-04-16 09:32:44,Created,NULL,1
2356222,TDU35607,2026-04-16 10:00:08,Created,NULL,1
2356223,TDU35608,2026-04-16 13:10:23,Auto Rejected,NULL,1
2356224,TDU27050G,2026-04-16 15:49:20,Auto Rejected,NULL,1
2356225,TDU35609,2026-04-16 17:11:50,Auto Rejected,NULL,1
2356226,TDU35610,2026-04-16 19:50:25,Rejected,NULL,1
2356227,TDU35611,2026-04-16 20:12:30,Rejected,NULL,1
2356228,TDU27051G,2026-04-16 20:21:56,Rejected,NULL,1
2356229,TDU35612,2026-04-16 20:29:06,Rejected,NULL,1
2356230,TDU35613,2026-04-16 20:33:37,Rejected,NULL,1
2356231,TDU35614,2026-04-16 21:43:48,Rejected,NULL,1
2356232,TDU35615,2026-04-16 21:45:06,Accounts - Reconciliation,NULL,1
2356233,TDU35616,2026-04-16 22:04:36,Created,NULL,1
2356234,TDU35617,2026-04-16 22:13:50,Rejected,NULL,1
2356235,TDU35618,2026-04-16 22:26:34,Rejected,NULL,1
2356236,TDU35619,2026-04-16 22:52:24,Rejected,NULL,1
2356237,TDU35620,2026-04-17 09:14:26,Auto Rejected,NULL,1
2356238,TDU35621,2026-04-17 09:32:12,Accounts - Reconciliation,NULL,1
2356239,TDU27052G,2026-04-17 16:41:08,Rejected,NULL,1
2356240,TDU35622,2026-04-17 17:19:19,Accounts - Reconciliation,NULL,1
2356241,TDU35623,2026-04-17 17:34:49,Accounts - Reconciliation,NULL,1
2356242,TDU35624,2026-04-17 18:27:42,Rejected,NULL,1
2356243,TDU27053G,2026-04-17 18:48:22,Rejected,NULL,1
2356244,TDU27054G,2026-04-17 19:37:27,Rejected,NULL,1
2356245,TDU35625,2026-04-17 19:42:58,Rejected,NULL,1
2356246,TDU27055G,2026-04-17 19:52:44,Rejected,NULL,1
2356247,TDU35626,2026-04-17 20:14:45,Rejected,NULL,1
2356248,TDU35627,2026-04-17 20:28:53,Rejected,NULL,1
2356249,TDU35628,2026-04-17 20:35:39,Rejected,NULL,1
2356250,TDU35629,2026-04-17 20:49:26,Rejected,NULL,1
2356251,TDU35630,2026-04-17 21:34:36,Rejected,NULL,1
2356252,TDU35631,2026-04-17 22:01:30,Rejected,NULL,1
2356253,TDU35632,2026-04-17 22:30:56,Rejected,NULL,1
2356254,TDU35633,2026-04-18 15:48:32,Rejected,NULL,1
2356255,TDU35634,2026-04-18 15:50:07,Rejected,NULL,1
2356256,TDU35635,2026-04-18 16:29:15,Rejected,NULL,1
2356257,TDU35636,2026-04-18 16:33:24,Rejected,NULL,1
2356258,TDU35637,2026-04-18 16:39:35,Accounts - Reconciliation,NULL,1
2356259,TDU35638,2026-04-18 16:54:05,Rejected,NULL,1
2356260,TDU35639,2026-04-18 19:00:18,Accounts - Reconciliation,NULL,1
2356261,TDU35640,2026-04-18 19:14:38,Auto Rejected,NULL,1
2356262,TDU35641,2026-04-18 19:20:28,Rejected,NULL,1
2356263,TDU35642,2026-04-18 20:27:19,Rejected,NULL,1
2356264,TDU35643,2026-04-18 20:55:53,Rejected,NULL,1
2356265,TDU35644,2026-04-18 21:02:02,Accounts - Reconciliation,NULL,1
2356266,TDU35645,2026-04-18 22:36:22,Auto Rejected,NULL,1
2356267,TDU35646,2026-04-18 23:29:14,Auto Rejected,NULL,1
2356268,TDU27056G,2026-04-19 17:16:55,Auto Rejected,NULL,1
2356269,TDU35647,2026-04-20 17:33:46,Rejected,NULL,1
2356270,TDU35648,2026-04-20 18:16:07,Rejected,NULL,1
2356271,TDU35649,2026-04-20 20:01:40,Rejected,NULL,1
2356272,TDU35650,2026-04-20 20:36:16,Rejected,NULL,1
2356273,TDU35651,2026-04-20 20:41:34,Auto Rejected,NULL,1
2356274,TDU35652,2026-04-20 20:52:23,Rejected,NULL,1
2356275,TDU35653,2026-04-20 21:10:37,Rejected,NULL,1
2356276,TDU35654,2026-04-20 21:30:49,Rejected,NULL,1
2356277,TDU35655,2026-04-20 22:34:19,Rejected,NULL,1
2356278,TDU35656,2026-04-20 23:11:03,Rejected,NULL,1
2356279,TDU35657,2026-04-21 08:33:09,Auto Rejected,NULL,1
2356280,TDU27057G,2026-04-21 08:33:09,Rejected,NULL,1
2356281,TDU35658,2026-04-21 09:56:15,Accounts - Reconciliation,NULL,1
2356282,TDU35659,2026-04-21 15:54:18,Accounts - Reconciliation,NULL,1
2356283,TDU35660,2026-04-21 16:25:12,Rejected,NULL,1
2356284,TDU35661,2026-04-21 17:07:43,Auto Rejected,NULL,1
2356285,TDU35662,2026-04-21 17:10:20,Rejected,NULL,1
2356286,TDU35663,2026-04-21 17:47:56,Rejected,NULL,1
2356287,TDU35664,2026-04-21 18:06:17,Rejected,NULL,1
2356288,TDU35665,2026-04-21 18:13:20,Rejected,NULL,1
2356289,TDU35666,2026-04-21 19:54:06,Auto Rejected,NULL,1
2356290,TDU35667,2026-04-21 20:16:51,Rejected,NULL,1
2356291,TDU35668,2026-04-21 20:20:46,Rejected,NULL,1
2356292,TDU35669,2026-04-21 20:32:18,Rejected,NULL,1
2356293,TDU35670,2026-04-21 21:25:34,Rejected,NULL,1
2356294,TDU35671,2026-04-21 21:36:03,Auto Rejected,NULL,1
2356295,TDU27058G,2026-04-22 04:58:53,Rejected,NULL,1
2356296,TDU27059G,2026-04-22 05:13:10,Rejected,NULL,1
2356297,TDU27060G,2026-04-22 10:01:56,Rejected,NULL,1
2356298,TDU35672,2026-04-22 16:24:58,Rejected,NULL,1
2356299,TDU35673,2026-04-22 16:42:55,Rejected,NULL,1
2356300,TDU35674,2026-04-22 17:30:33,Rejected,NULL,1
2356301,TDU35675,2026-04-22 18:12:45,Rejected,NULL,1
2356302,TDU35676,2026-04-22 18:17:12,Rejected,NULL,1
2356303,TDU35677,2026-04-22 18:26:47,Rejected,NULL,1
2356304,TDU35678,2026-04-22 20:03:02,Rejected,NULL,1
2356305,TDU35679,2026-04-22 20:17:13,Rejected,NULL,1
2356306,TDU35680,2026-04-22 22:45:11,Auto Rejected,NULL,1
2356307,TDU27061G,2026-04-23 13:19:48,Created,NULL,1
2356308,TDU35681,2026-04-23 14:48:41,Auto Rejected,NULL,1
2356309,TDU35682,2026-04-23 15:11:10,Rejected,NULL,1
2356310,TDU27062G,2026-04-23 15:35:08,Rejected,NULL,1
2356311,TDU27063G,2026-04-23 16:37:03,Auto Rejected,NULL,1
2356312,TDU35683,2026-04-23 16:41:28,Rejected,NULL,1
2356313,TDU35684,2026-04-23 16:46:42,Accounts - Reconciliation,NULL,1
2356314,TDU35685,2026-04-23 16:47:26,Auto Rejected,NULL,1
2356315,TDU35686,2026-04-23 16:57:21,Auto Rejected,NULL,1
2356316,TDU35687,2026-04-23 17:24:54,Rejected,NULL,1
2356317,TDU35688,2026-04-23 18:00:14,Rejected,NULL,1
2356318,TDU35689,2026-04-23 19:51:09,Rejected,NULL,1
2356319,TDU35690,2026-04-23 19:56:16,Rejected,NULL,1
2356320,TDU35691,2026-04-23 20:35:33,Rejected,NULL,1
2356321,TDU35692,2026-04-23 20:44:16,Rejected,NULL,1
2356322,TDU35693,2026-04-23 21:03:09,Rejected,NULL,1
2356323,TDU35694,2026-04-23 21:13:33,Rejected,NULL,1
2356324,TDU35695,2026-04-23 21:34:52,Rejected,NULL,1
2356325,TDU35696,2026-04-23 21:53:18,Rejected,NULL,1
2356326,TDU27064G,2026-04-24 09:30:03,Created,NULL,1
2356327,TDU27065G,2026-04-24 09:42:11,Created,NULL,1
2356328,TDU35697,2026-04-24 18:01:59,Rejected,NULL,1
2356329,TDU35698,2026-04-24 18:32:00,Rejected,NULL,1
2356330,TDU35699,2026-04-24 19:00:17,Rejected,NULL,1
2356331,TDU35700,2026-04-24 19:02:11,Auto Rejected,NULL,1
2356332,TDU27066G,2026-04-24 19:21:46,Auto Rejected,NULL,1
2356333,TDU35701,2026-04-24 21:50:02,Rejected,NULL,1
2356334,TDU35702,2026-04-24 21:52:07,Rejected,NULL,1
2356335,TDU35703,2026-04-24 21:53:31,Rejected,NULL,1
2356336,TDU35704,2026-04-25 15:20:59,Rejected,NULL,1
2356337,TDU27067G,2026-04-25 16:30:39,Rejected,NULL,1
2356338,TDU35705,2026-04-25 16:46:15,Rejected,NULL,1
2356339,TDU35706,2026-04-25 17:00:58,Rejected,NULL,1
2356340,TDU35707,2026-04-25 17:14:15,Rejected,NULL,1
2356341,TDU35708,2026-04-25 17:25:50,Rejected,NULL,1
2356342,TDU35709,2026-04-25 17:37:08,Rejected,NULL,1
2356343,TDU35710,2026-04-25 17:39:29,Rejected,NULL,1
2356344,TDU27068G,2026-04-25 17:42:39,Rejected,NULL,1
2356345,TDU35711,2026-04-25 17:51:00,Rejected,NULL,1
2356346,TDU35712,2026-04-25 18:14:05,Accounts - Reconciliation,NULL,1
2356347,TDU35713,2026-04-25 18:35:58,Rejected,NULL,1
2356348,TDU35714,2026-04-25 18:40:09,Rejected,NULL,1
2356349,TDU35715,2026-04-25 19:11:13,Rejected,NULL,1
2356350,TDU27069G,2026-04-26 16:55:00,Auto Rejected,NULL,1
2356351,TDU27070G,2026-04-26 17:30:57,Accepted,NULL,1
2356352,TDU35716,2026-04-26 17:52:53,Rejected,NULL,1
2356353,TDU27071G,2026-04-26 18:13:26,Created,NULL,1
2356354,TDU27072G,2026-04-27 09:18:11,Created,NULL,1
2356355,TDU35717,2026-04-27 09:45:32,Auto Rejected,NULL,1
2356356,TDU27073G,2026-04-27 10:57:20,Created,NULL,1
2356357,TDU27074G,2026-04-27 12:11:05,Created,NULL,1
2356358,TDU27075G,2026-04-27 12:15:36,Rejected,NULL,1
2356359,TDU27076G,2026-04-27 13:17:36,Rejected,NULL,1
2356360,TDU35718,2026-04-27 16:35:00,Rejected,NULL,1
2356361,TDU35719,2026-04-27 16:37:46,Rejected,NULL,1
2356362,TDU35720,2026-04-27 17:44:05,Rejected,NULL,1
2356363,TDU35721,2026-04-27 18:08:03,Rejected,NULL,1
2356364,TDU35722,2026-04-27 18:33:05,Accounts - Reconciliation,NULL,1
2356365,TDU35723,2026-04-27 18:42:30,Rejected,NULL,1
2356366,TDU35724,2026-04-27 20:25:34,Rejected,NULL,1
2356367,TDU35725,2026-04-27 20:49:34,Rejected,NULL,1
2356368,TDU35726,2026-04-27 21:17:16,Rejected After Confrmation QA pending,NULL,1
2356369,TDU35727,2026-04-27 21:39:59,Accounts - Reconciliation,NULL,1
2356370,TDU35728,2026-04-27 22:27:32,Rejected,NULL,1
2356371,TDU35729,2026-04-27 23:04:32,Rejected,NULL,1
2356372,TDU35730,2026-04-27 23:10:06,Rejected,NULL,1
2356373,TDU35731,2026-04-27 23:19:56,Rejected,NULL,1
2356374,TDU27077G,2026-04-28 10:23:16,Auto Rejected,NULL,1
2356375,TDU27078G,2026-04-28 10:31:53,Auto Rejected,NULL,1
2356376,TDU27079G,2026-04-28 12:11:53,Rejected,NULL,1
2356377,TDU27080G,2026-04-28 12:15:43,Rejected,NULL,1
2356378,TDU27081G,2026-04-28 13:05:22,Auto Rejected,NULL,1
2356379,TDU27082G,2026-04-28 13:45:20,Rejected,NULL,1
2356380,TDU27083G,2026-04-28 15:51:03,Rejected,NULL,1
2356381,TDU35732,2026-04-28 16:09:17,Rejected,NULL,1
2356382,TDU35733,2026-04-28 16:36:17,Rejected,NULL,1
2356383,TDU35734,2026-04-28 17:10:28,Rejected,NULL,1
2356384,TDU35735,2026-04-28 17:53:20,Rejected,NULL,1
2356385,TDU35736,2026-04-28 18:18:51,Rejected,NULL,1
2356386,TDU27084G,2026-04-28 18:44:09,Rejected,NULL,1
2356387,TDU35737,2026-04-28 18:57:37,Accounts - Reconciliation,NULL,1
2356388,TDU35738,2026-04-28 21:57:13,Auto Rejected,NULL,1
2356389,TDU27085G,2026-04-29 12:11:51,Accounts - Reconciliation,NULL,1
2356390,TDU27086G,2026-04-29 12:21:21,Auto Rejected,NULL,1
2356391,TDU27087G,2026-04-29 12:27:32,Rejected,NULL,1
2356392,TDU27088G,2026-04-29 13:40:45,Rejected,NULL,1
2356393,TDU35739,2026-04-29 16:21:06,Rejected,NULL,1
2356394,TDU35740,2026-04-29 17:09:41,Rejected,NULL,1
2356395,TDU35741,2026-04-29 18:51:32,Rejected,NULL,1
2356396,TDU35742,2026-04-29 20:24:33,Auto Rejected,NULL,1
2356397,TDU35743,2026-04-29 21:06:02,Rejected,NULL,1
2356398,TDU35744,2026-04-29 22:28:48,Rejected,NULL,1
2356399,TDU35745,2026-04-29 22:41:57,Rejected,NULL,1
2356400,TDU27089G,2026-04-30 10:47:20,Auto Rejected,NULL,1
2356401,TDU27090G,2026-04-30 12:35:55,Rejected,NULL,1
2356402,TDU27091G,2026-04-30 13:02:52,Auto Rejected,NULL,1
2356403,TDU27092G,2026-04-30 13:38:30,Auto Rejected,NULL,1
2356404,TDU27093G,2026-04-30 14:07:27,Auto Rejected,NULL,1
2356405,TDU35746,2026-04-30 15:57:08,Rejected,NULL,1
2356406,TDU35747,2026-04-30 16:06:22,Rejected,NULL,1
2356407,TDU35748,2026-04-30 16:53:53,Rejected,NULL,1
2356408,TDU27094G,2026-04-30 18:19:26,Auto Rejected,NULL,1
2356409,TDU35749,2026-04-30 19:27:48,Accounts - Reconciliation,NULL,1
2356410,TDU35750,2026-04-30 19:32:56,Rejected,NULL,1
2356411,TDU35751,2026-04-30 19:58:22,Rejected,NULL,1
2356412,TDU35752,2026-04-30 20:38:16,Rejected,NULL,1
2356413,TDU35753,2026-04-30 20:38:54,Rejected,NULL,1
2356414,TDU35754,2026-04-30 20:59:49,Rejected,NULL,1
2356415,TDU35755,2026-04-30 21:15:31,Rejected,NULL,1
2356416,TDU35756,2026-04-30 21:47:12,Rejected,NULL,1
2356417,TDU35757,2026-04-30 22:08:54,Rejected,NULL,1
2356418,TDU35758,2026-04-30 22:25:00,Rejected,NULL,1
2356419,TDU35759,2026-04-30 22:26:18,Auto Rejected,NULL,1
2356420,TDU35760,2026-04-30 22:33:31,Rejected,NULL,1
2356421,TDU35761,2026-04-30 23:03:01,Rejected,NULL,1
2356422,TDU35762,2026-05-01 10:37:38,Auto Rejected,NULL,1
2356423,TDU35763,2026-05-01 10:42:18,Auto Rejected,NULL,1
2356424,TDU27095G,2026-05-01 12:15:33,Rejected,NULL,1
2356425,TDU27096G,2026-05-01 12:36:37,Rejected,NULL,1
2356426,TDU27097G,2026-05-01 18:35:03,Rejected,NULL,1
2356427,TDU27098G,2026-05-02 12:27:10,Auto Rejected,NULL,1
2356428,TDU35764,2026-05-02 15:13:32,Rejected,NULL,1
2356429,TDU35765,2026-05-02 15:17:28,Auto Rejected,NULL,1
2356430,TDU35766,2026-05-02 15:18:29,Rejected,NULL,1
2356431,TDU35767,2026-05-02 15:28:38,Auto Rejected,NULL,1
2356432,TDU35768,2026-05-02 15:29:11,Rejected,NULL,1
2356433,TDU35769,2026-05-02 15:35:22,Auto Rejected,NULL,1
2356434,TDU35770,2026-05-02 16:08:39,Rejected,NULL,1
2356435,TDU35771,2026-05-02 16:37:27,Rejected,NULL,1
2356436,TDU35772,2026-05-02 16:53:42,Rejected,NULL,1
2356437,TDU35773,2026-05-02 17:50:13,Rejected,NULL,1
2356438,TDU35774,2026-05-02 20:31:49,Accounts - Reconciliation,NULL,1
2356439,TDU35775,2026-05-02 21:30:35,Rejected,NULL,1
2356440,TDU35776,2026-05-02 22:11:21,Rejected,NULL,1
2356441,TDU27099G,2026-05-03 20:36:56,Rejected,NULL,1
2356442,TDU35777,2026-05-04 12:12:31,Auto Rejected,NULL,1
2356443,TDU27100G,2026-05-04 12:16:04,Rejected,NULL,1
2356444,TDU27101G,2026-05-04 13:48:57,Rejected,NULL,1
2356445,TDU35778,2026-05-04 14:52:11,Accounts - Reconciliation,NULL,1
2356446,TDU27102G,2026-05-04 15:03:25,Rejected,NULL,1
2356447,TDU27103G,2026-05-04 15:09:37,Rejected,NULL,1
2356448,TDU35779,2026-05-04 15:17:36,Accounts - Reconciliation,NULL,1
2356449,TDU27104G,2026-05-04 17:06:27,Rejected,NULL,1
2356450,TDU35780,2026-05-04 17:20:09,Rejected,NULL,1
2356451,TDU27105G,2026-05-04 17:23:07,Accepted,NULL,1
2356452,TDU35781,2026-05-04 18:35:39,Accounts - Reconciliation,NULL,1
2356453,TDU35782,2026-05-04 19:49:14,Accounts - Reconciliation,NULL,1
2356454,TDU35783,2026-05-04 19:51:13,Rejected,NULL,1
2356455,TDU35784,2026-05-04 19:58:28,Rejected,NULL,1
2356456,TDU35785,2026-05-04 20:01:42,Rejected,NULL,1
2356457,TDU35786,2026-05-04 20:14:18,Auto Rejected,NULL,1
2356458,TDU35787,2026-05-04 20:24:34,Rejected,NULL,1
2356459,TDU35788,2026-05-04 20:32:23,Rejected,NULL,1
2356460,TDU35789,2026-05-04 20:37:52,Accounts - Reconciliation,NULL,1
2356461,TDU35790,2026-05-04 20:51:25,Rejected,NULL,1
2356462,TDU35791,2026-05-04 21:03:28,Rejected,NULL,1
2356463,TDU35792,2026-05-04 21:04:57,Rejected,NULL,1
2356464,TDU27106G,2026-05-04 21:14:28,Auto Rejected,NULL,1
2356465,TDU35793,2026-05-04 21:39:27,Rejected,NULL,1
2356466,TDU35794,2026-05-04 21:44:08,Rejected,NULL,1
2356467,TDU35795,2026-05-04 22:14:18,Rejected,NULL,1
2356468,TDU35796,2026-05-04 22:25:23,Created,NULL,1
2356469,TDU35797,2026-05-04 22:26:31,Rejected,NULL,1
2356470,TDU35798,2026-05-04 22:36:15,Rejected,NULL,1
2356471,TDU35799,2026-05-04 22:43:22,Rejected,NULL,1
2356472,TDU35800,2026-05-04 22:55:03,Rejected,NULL,1
2356473,TDU35801,2026-05-04 23:43:35,Rejected,NULL,1
2356474,TDU27107G,2026-05-05 15:23:36,Auto Rejected,NULL,1
2356475,TDU27108G,2026-05-05 15:44:17,Auto Rejected,NULL,1
2356476,TDU35802,2026-05-05 16:50:15,Rejected,NULL,1
2356477,TDU35803,2026-05-05 17:52:20,Rejected,NULL,1
2356478,TDU35804,2026-05-05 18:31:27,Rejected,NULL,1
2356479,TDU35805,2026-05-05 21:49:33,Rejected,NULL,1
2356480,TDU35806,2026-05-05 22:09:24,Rejected,NULL,1
2356481,TDU27109G,2026-05-06 06:49:29,Rejected,NULL,1
2356482,TDU35807,2026-05-06 09:59:29,Auto Rejected,NULL,1
2356483,TDU27110G,2026-05-06 10:14:39,Created,NULL,1
2356484,TDU27111G,2026-05-06 10:58:40,Rejected,NULL,1
2356485,TDU27112G,2026-05-06 11:03:29,Auto Rejected,NULL,1
2356486,TDU27113G,2026-05-06 12:31:06,Rejected,NULL,1
2356487,TDU27114G,2026-05-06 13:25:36,Created,NULL,1
2356488,TDU27115G,2026-05-06 13:28:03,Auto Rejected,NULL,1
2356489,TDU27116G,2026-05-06 15:06:04,Rejected,NULL,1
2356490,TDU35808,2026-05-06 15:53:53,Auto Rejected,NULL,1
2356491,TDU35809,2026-05-06 17:04:51,Rejected,NULL,1
2356492,TDU35810,2026-05-06 17:33:41,Rejected,NULL,1
2356493,TDU35811,2026-05-06 18:28:11,Rejected,NULL,1
2356494,TDU35812,2026-05-06 20:52:41,Rejected,NULL,1
2356495,TDU35813,2026-05-06 21:44:58,Rejected,NULL,1
2356496,TDU35814,2026-05-06 22:10:21,Rejected,NULL,1
2356497,TDU35815,2026-05-06 22:18:55,Rejected,NULL,1
2356498,TDU35816,2026-05-06 22:19:33,Rejected,NULL,1
2356499,TDU35817,2026-05-06 22:26:40,Rejected,NULL,1
2356500,TDU35818,2026-05-06 22:33:05,Rejected,NULL,1
2356501,TDU35819,2026-05-06 22:43:20,Rejected,NULL,1
2356502,TDU35820,2026-05-06 22:47:01,Rejected,NULL,1
2356503,TDU35821,2026-05-06 22:54:58,Rejected,NULL,1
2356504,TDU35822,2026-05-06 23:08:25,Rejected,NULL,1
2356505,TDU35823,2026-05-06 23:18:44,Rejected,NULL,1
2356506,TDU27117G,2026-05-07 09:22:07,Rejected,NULL,1
2356507,TDU27118G,2026-05-07 09:34:05,Accounts - Reconciliation,NULL,1
2356508,TDU35824,2026-05-07 15:56:58,Rejected,NULL,1
2356509,TDU35825,2026-05-07 16:25:57,Rejected After Confrmation QA pending,NULL,1
2356510,TDU35826,2026-05-07 16:49:42,Rejected,NULL,1
2356511,TDU35827,2026-05-07 17:11:53,On Ground,NULL,1
2356512,TDU35828,2026-05-07 17:50:13,Rejected,NULL,1
2356513,TDU35829,2026-05-07 20:32:22,Rejected,NULL,1
2356514,TDU35830,2026-05-07 20:56:08,Auto Rejected,NULL,1
2356515,TDU35831,2026-05-07 21:16:42,Rejected,NULL,1
2356516,TDU35832,2026-05-07 21:42:40,Rejected,NULL,1
2356517,TDU35833,2026-05-07 22:30:36,Rejected,NULL,1
2356518,TDU27119G,2026-05-07 22:46:34,Rejected,NULL,1
2356519,TDU35834,2026-05-07 22:56:35,Rejected,NULL,1
2356520,TDU35835,2026-05-07 23:15:57,Auto Rejected,NULL,1
2356521,TDU35836,2026-05-07 23:18:02,Auto Rejected,NULL,1
2356522,TDU27120G,2026-05-07 23:24:17,Rejected,NULL,1
2356523,TDU35837,2026-05-08 10:26:49,Auto Rejected,NULL,1
2356524,TDU27121G,2026-05-08 16:34:03,Accepted,NULL,1
2356525,TDU27122G,2026-05-08 17:10:39,Rejected,NULL,1
2356526,TDU35838,2026-05-08 20:42:55,Rejected,NULL,1
2356527,TDU35839,2026-05-08 20:50:14,Rejected,NULL,1
2356528,TDU35840,2026-05-08 21:11:20,Rejected,NULL,1
2356529,TDU27123G,2026-05-08 22:39:19,Rejected,NULL,1
2356530,TDU35841,2026-05-08 22:42:05,Rejected,NULL,1
2356531,TDU35842,2026-05-09 16:50:42,Rejected,NULL,1
2356532,TDU35843,2026-05-09 16:50:55,Rejected,NULL,1
2356533,TDU35844,2026-05-09 17:00:27,Rejected,NULL,1
2356534,TDU35845,2026-05-09 17:06:03,Rejected,NULL,1
2356535,TDU35846,2026-05-09 17:06:38,Rejected,NULL,1
2356536,TDU35847,2026-05-09 17:18:28,Rejected,NULL,1
2356537,TDU35848,2026-05-09 19:07:17,Accounts - Reconciliation,NULL,1
2356538,TDU35849,2026-05-09 19:55:11,Rejected,NULL,1
2356539,TDU27124G,2026-05-09 19:56:57,Auto Rejected,NULL,1
2356540,TDU35850,2026-05-09 20:29:32,Rejected,NULL,1
2356541,TDU35851,2026-05-09 20:47:59,Rejected,NULL,1
2356542,TDU35852,2026-05-09 20:54:54,Rejected,NULL,1
2356543,TDU35853,2026-05-09 21:18:18,Rejected,NULL,1
2356544,TDU35854,2026-05-09 21:20:22,Rejected,NULL,1
2356545,TDU35855,2026-05-09 21:42:09,Rejected,NULL,1
2356546,TDU35856,2026-05-09 21:49:47,Rejected,NULL,1
2356547,TDU35857,2026-05-09 21:55:24,Auto Rejected,NULL,1
2356548,TDU35858,2026-05-09 22:01:09,Accounts - Reconciliation,NULL,1
2356549,TDU35859,2026-05-09 22:13:04,Rejected,NULL,1
2356550,TDU35860,2026-05-09 22:54:15,Rejected,NULL,1
2356551,TDU35861,2026-05-09 22:57:47,Rejected,NULL,1
2356552,TDU35862,2026-05-09 23:09:11,Rejected,NULL,1
2356553,TDU35863,2026-05-09 23:18:59,Rejected,NULL,1
2356554,TDU35864,2026-05-09 23:22:10,Rejected,NULL,1
2356555,TDU35865,2026-05-10 11:31:05,Accounts - Reconciliation,NULL,1
2356556,TDU27125G,2026-05-10 17:01:22,Requote,NULL,1
2356557,TDU27126G,2026-05-11 11:59:55,Rejected,NULL,1
2356558,TDU27127G,2026-05-11 12:47:19,Rejected,NULL,1
2356559,TDU27128G,2026-05-11 13:28:19,Auto Rejected,NULL,1
2356560,TDU27129G,2026-05-11 13:45:29,Auto Rejected,NULL,1
2356561,TDU27130G,2026-05-11 14:10:57,Rejected,NULL,1
2356562,TDU27131G,2026-05-11 14:20:05,Auto Rejected,NULL,1
2356563,TDU35866,2026-05-11 15:39:57,Auto Rejected,NULL,1
2356564,TDU27132G,2026-05-11 15:39:57,Auto Rejected,NULL,1
2356565,TDU27133G,2026-05-11 16:49:20,Auto Rejected,NULL,1
2356566,TDU35867,2026-05-11 17:20:25,Accounts - Reconciliation,NULL,1
2356567,TDU35868,2026-05-11 18:18:09,Auto Rejected,NULL,1
2356568,TDU35869,2026-05-11 18:36:14,Rejected,NULL,1
2356569,TDU35870,2026-05-11 20:10:12,Accounts - Reconciliation,NULL,1
2356570,TDU35871,2026-05-11 21:02:17,Rejected,NULL,1
2356571,TDU35872,2026-05-11 22:07:07,Rejected,NULL,1
2356572,TDU35873,2026-05-11 22:56:23,Accepted,NULL,1
2356573,TDU27134G,2026-05-11 22:57:29,Rejected,NULL,1
2356574,TDU35874,2026-05-12 09:28:58,Created,NULL,1
2356575,TDU35875,2026-05-12 09:57:16,Auto Rejected,NULL,1
2356576,TDU27135G,2026-05-12 11:38:24,Auto Rejected,NULL,1
2356577,TDU27136G,2026-05-12 14:49:46,Rejected,NULL,1
2356578,TDU27137G,2026-05-12 15:04:56,Rejected,NULL,1
2356579,TDU27138G,2026-05-12 18:17:57,On Ground,NULL,1
2356580,TDU35876,2026-05-12 21:17:27,Rejected,NULL,1
2356581,TDU35877,2026-05-12 22:17:01,Rejected,NULL,1
2356582,TDU35878,2026-05-12 22:32:23,Rejected,NULL,1
2356583,TDU35879,2026-05-12 22:44:57,Rejected,NULL,1
2356584,TDU27139G,2026-05-13 11:49:45,Auto Rejected,NULL,1
2356585,TDU27140G,2026-05-13 12:03:13,Rejected,NULL,1
2356586,TDU35880,2026-05-13 15:35:20,Rejected,NULL,1
2356587,TDU35881,2026-05-13 16:19:19,Rejected,NULL,1
2356588,TDU35882,2026-05-13 17:06:40,Rejected,NULL,1
2356589,TDU35883,2026-05-13 19:09:38,Rejected,NULL,1
2356590,TDU35884,2026-05-13 21:01:24,Rejected,NULL,1
2356591,TDU35885,2026-05-13 21:14:42,Rejected,NULL,1
2356592,TDU35886,2026-05-13 21:26:34,Rejected,NULL,1
2356593,TDU35887,2026-05-13 21:29:37,Rejected,NULL,1
2356594,TDU35888,2026-05-13 21:50:39,Rejected,NULL,1
2356595,TDU35889,2026-05-13 21:52:28,Rejected,NULL,1
2356596,TDU35890,2026-05-13 21:55:44,Rejected,NULL,1
2356597,TDU35891,2026-05-13 22:25:55,Rejected,NULL,1
2356598,TDU35892,2026-05-13 22:37:46,Rejected,NULL,1
2356599,TDU35893,2026-05-13 22:37:48,Rejected,NULL,1
2356600,TDU27141G,2026-05-14 18:05:25,Rejected,NULL,1
2356601,TDU35894,2026-05-14 19:07:22,Rejected,NULL,1
2356602,TDU35895,2026-05-14 20:56:01,Rejected,NULL,1
2356603,TDU27142G,2026-05-14 21:34:17,Created,NULL,1
2356604,TDU35896,2026-05-14 21:43:54,Rejected,NULL,1
2356605,TDU35897,2026-05-14 22:14:08,Rejected,NULL,1
2356606,TDU27143G,2026-05-14 22:37:10,Accepted,NULL,1
2356607,TDU35898,2026-05-14 23:30:11,Rejected,NULL,1
2356608,TDU35899,2026-05-15 18:15:57,Rejected,NULL,1
2356609,TDU35900,2026-05-15 18:28:27,Rejected,NULL,1
2356610,TDU35901,2026-05-15 18:40:11,Accounts - Reconciliation,NULL,1
2356611,TDU35902,2026-05-15 18:58:26,Accepted,NULL,1
2356612,TDU35903,2026-05-15 19:59:30,Rejected,NULL,1
2356613,TDU35904,2026-05-15 20:02:46,Accepted,NULL,1
2356614,TDU35905,2026-05-15 20:13:51,Rejected,NULL,1
2356615,TDU35906,2026-05-15 20:13:51,Rejected,NULL,1
2356616,TDU35907,2026-05-15 20:19:56,Rejected,NULL,1
2356617,TDU35908,2026-05-15 20:30:33,Rejected,NULL,1
2356618,TDU35909,2026-05-15 20:40:29,Rejected,NULL,1
2356619,TDU35910,2026-05-15 21:03:37,Rejected,NULL,1
2356620,TDU35911,2026-05-16 15:27:00,Rejected,NULL,1
2356621,TDU27144G,2026-05-16 15:45:33,Rejected,NULL,1
2356622,TDU35912,2026-05-16 16:07:33,Rejected,NULL,1
2356623,TDU27145G,2026-05-16 17:12:24,Rejected,NULL,1
2356624,TDU27146G,2026-05-16 17:42:14,Rejected,NULL,1
2356625,TDU27147G,2026-05-16 18:13:15,Rejected,NULL,1
2356626,TDU35913,2026-05-16 19:45:31,Rejected,NULL,1
2356627,TDU35914,2026-05-16 20:04:50,Rejected,NULL,1
2356628,TDU35915,2026-05-16 20:18:20,Accepted,NULL,1
2356629,TDU35916,2026-05-16 21:30:51,Accounts - Reconciliation,NULL,1
2356630,TDU35917,2026-05-16 22:08:53,Rejected,NULL,1
2356631,TDU35918,2026-05-16 22:47:25,Rejected,NULL,1
2356632,TDU35919,2026-05-16 22:53:20,Rejected,NULL,1
2356633,TDU35920,2026-05-18 13:09:10,On Ground,NULL,1
2356634,TDU35921,2026-05-18 15:12:09,Rejected,NULL,1
2356635,TDU35922,2026-05-18 16:25:54,Rejected,NULL,1
2356636,TDU35923,2026-05-18 17:13:11,Accounts - Reconciliation,NULL,1
2356637,TDU35924,2026-05-18 18:53:42,Rejected,NULL,1
2356638,TDU35925,2026-05-18 19:28:50,Rejected,NULL,1
2356639,TDU35926,2026-05-18 19:34:30,Rejected,NULL,1
2356640,TDU35927,2026-05-18 20:08:04,Rejected,NULL,1
2356641,TDU35928,2026-05-18 20:12:37,Rejected,NULL,1
2356642,TDU35929,2026-05-18 20:32:56,Accounts - Reconciliation,NULL,1
2356643,TDU35930,2026-05-18 20:57:34,Accounts - Reconciliation,NULL,1
2356644,TDU35931,2026-05-18 22:07:53,Accounts - Reconciliation,NULL,1
2356645,TDU35932,2026-05-18 22:48:46,Rejected,NULL,1
2356646,TDU27148G,2026-05-19 08:15:47,Rejected,NULL,1
2356647,TDU27149G,2026-05-19 08:40:16,Rejected,NULL,1
2356648,TDU27150G,2026-05-19 11:02:31,Rejected,NULL,1
2356649,TDU35933,2026-05-19 15:39:41,Auto Rejected,NULL,1
2356650,TDU35934,2026-05-19 17:57:06,Rejected,NULL,1
2356651,TDU35935,2026-05-19 20:00:24,Rejected,NULL,1
2356652,TDU35936,2026-05-19 21:21:08,Created,NULL,1
2356653,TDU35937,2026-05-19 21:29:25,Auto Rejected,NULL,1
2356654,TDU35938,2026-05-19 22:33:07,Accounts - Reconciliation,NULL,1
2356655,TDU35939,2026-05-19 22:50:02,Rejected,NULL,1
2356656,TDU27151G,2026-05-20 05:06:46,Rejected,NULL,1
2356657,TDU35940,2026-05-20 16:39:26,Rejected,NULL,1
2356658,TDU35941,2026-05-20 17:35:42,Rejected,NULL,1
2356659,TDU35942,2026-05-20 18:08:10,Rejected,NULL,1
2356660,TDU35943,2026-05-20 19:23:08,Rejected,NULL,1
2356661,TDU35944,2026-05-20 21:05:27,Rejected,NULL,1
2356662,TDU35945,2026-05-20 21:14:17,Rejected,NULL,1
2356663,TDU27152G,2026-05-20 21:24:14,Rejected,NULL,1
2356664,TDU35946,2026-05-21 14:53:16,Created,NULL,1
2356665,TDU35947,2026-05-21 15:55:49,Rejected,NULL,1
2356666,TDU35948,2026-05-21 16:22:49,Rejected,NULL,1
2356667,TDU35949,2026-05-21 16:33:30,Rejected,NULL,1
2356668,TDU35950,2026-05-21 16:41:53,Auto Rejected,NULL,1
2356669,TDU35951,2026-05-21 17:03:14,Rejected,NULL,1
2356670,TDU35952,2026-05-21 17:26:17,Rejected,NULL,1
2356671,TDU35953,2026-05-21 17:38:56,Rejected,NULL,1
2356672,TDU27153G,2026-05-21 17:44:33,Auto Rejected,NULL,1
2356673,TDU35954,2026-05-21 18:35:44,Rejected,NULL,1
2356674,TDU35955,2026-05-21 19:00:16,Rejected,NULL,1
2356675,TDU35956,2026-05-21 20:20:28,Rejected,NULL,1
2356676,TDU35957,2026-05-21 20:51:12,Rejected,NULL,1
2356677,TDU35958,2026-05-21 23:10:29,On Ground,NULL,1
2356678,TDU27154G,2026-05-22 13:00:50,Rejected,NULL,1
2356679,TDU35959,2026-05-22 13:56:46,Rejected,NULL,1
2356680,TDU27155G,2026-05-22 14:05:48,Rejected,NULL,1
2356681,TDU35960,2026-05-22 17:14:25,Rejected,NULL,1
2356682,TDU35961,2026-05-22 17:50:40,Rejected,NULL,1
2356683,TDU35962,2026-05-22 18:35:23,Rejected,NULL,1
2356684,TDU35963,2026-05-22 18:42:42,Rejected,NULL,1
2356685,TDU35964,2026-05-22 19:11:04,Rejected,NULL,1
2356686,TDU27156G,2026-05-22 19:12:31,Rejected,NULL,1
2356687,TDU35965,2026-05-22 19:30:27,Rejected,NULL,1
2356688,TDU35966,2026-05-22 20:53:11,Rejected,NULL,1
2356689,TDU35967,2026-05-22 21:23:43,Rejected,NULL,1
2356690,TDU35968,2026-05-22 22:45:44,Auto Rejected,NULL,1
2356691,TDU35969,2026-05-22 22:56:02,Rejected,NULL,1
2356692,TDU35970,2026-05-22 23:23:46,Accepted,NULL,1
2356693,TDU27157G,2026-05-23 15:32:01,Rejected,NULL,1
2356694,TDU35971,2026-05-23 15:33:45,Created,NULL,1
2356695,TDU27158G,2026-05-23 16:21:50,Rejected,NULL,1
2356696,TDU27159G,2026-05-23 16:46:50,Rejected,NULL,1
2356697,TDU27160G,2026-05-23 17:08:16,Auto Rejected,NULL,1
2356698,TDU27161G,2026-05-23 17:23:46,Rejected,NULL,1
2356699,TDU27162G,2026-05-23 17:53:05,Rejected,NULL,1
2356700,TDU27163G,2026-05-23 18:08:48,Rejected,NULL,1
2356701,TDU27164G,2026-05-23 19:35:19,Rejected,NULL,1
2356702,TDU35972,2026-05-24 17:00:12,Auto Rejected,NULL,1
2356703,TDU27165G,2026-05-24 17:15:17,Rejected,NULL,1
2356704,TDU27166G,2026-05-24 17:15:20,Created,NULL,1
2356705,TDU27167G,2026-05-24 18:21:24,Rejected,NULL,1
2356706,TDU27168G,2026-05-25 11:47:43,Auto Rejected,NULL,1
2356707,TDU35973,2026-05-25 15:33:50,Rejected,NULL,1
2356708,TDU35974,2026-05-25 17:04:44,Rejected,NULL,1
2356709,TDU35975,2026-05-25 21:39:56,Rejected,NULL,1
2356710,TDU27169G,2026-05-26 12:33:37,Accounts - Reconciliation,NULL,1
2356711,TDU35976,2026-05-26 13:20:46,Rejected,NULL,1
2356712,TDU27170G,2026-05-26 14:07:02,Rejected,NULL,1
2356713,TDU27171G,2026-05-26 14:55:21,Created,NULL,1
2356714,TDU35977,2026-05-26 16:02:57,Rejected,NULL,1
2356715,TDU35978,2026-05-26 16:08:41,Auto Rejected,NULL,1
2356716,TDU35979,2026-05-26 17:42:01,Rejected,NULL,1
2356717,TDU35980,2026-05-26 18:18:29,Rejected,NULL,1
2356718,TDU35981,2026-05-26 18:46:02,Rejected,NULL,1
2356719,TDU35982,2026-05-26 20:33:25,Auto Rejected,NULL,1
2356720,TDU35983,2026-05-26 22:00:55,Rejected,NULL,1
2356721,TDU35984,2026-05-27 13:21:30,Auto Rejected,NULL,1
2356722,TDU35985,2026-05-27 13:40:05,Created,NULL,1
2356723,TDU35986,2026-05-27 16:45:15,Rejected,NULL,1
2356724,TDU35987,2026-05-27 18:22:00,Created,NULL,1
2356725,TDU35988,2026-05-27 19:01:38,Rejected,NULL,1
2356726,TDU35989,2026-05-27 21:46:34,Rejected,NULL,1
2356727,TDU35990,2026-05-27 22:33:03,Created,NULL,1
2356728,TDU35991,2026-05-27 22:40:56,Rejected,NULL,1
2356729,TDU35992,2026-05-27 23:06:14,Rejected,NULL,1
2356730,TDU35993,2026-05-27 23:17:02,Auto Rejected,NULL,1
2356731,TDU27172G,2026-05-28 10:32:34,Created,NULL,1
2356732,TDU27173G,2026-05-28 10:44:11,Created,NULL,1
2356733,TDU27174G,2026-05-28 10:52:01,Created,NULL,1
2356734,TDU27175G,2026-05-28 11:27:29,Created,NULL,1
2356735,TDU35994,2026-05-28 14:39:52,Accounts - Reconciliation,NULL,1
2356736,TDU27176G,2026-05-28 15:50:40,Created,NULL,1
2356737,TDU35995,2026-05-28 16:23:55,Accounts - Reconciliation,NULL,1
2356738,TDU35996,2026-05-28 16:40:12,Rejected,NULL,1
2356739,TDU35997,2026-05-28 17:44:18,Rejected,NULL,1
2356740,TDU35998,2026-05-28 17:51:55,Rejected,NULL,1
2356741,TDU35999,2026-05-28 20:16:49,Rejected,NULL,1
2356742,TDU36000,2026-05-28 20:37:47,Rejected,NULL,1
2356743,TDU36001,2026-05-28 22:49:53,Rejected After Confrmation QA pending,NULL,1
2356744,TDU27177G,2026-05-29 10:38:01,Rejected,NULL,1
2356745,TDU27178G,2026-05-29 11:23:48,Accepted,NULL,1
2356746,TDU36002,2026-05-29 13:24:14,Accounts - Reconciliation,NULL,1
2356747,TDU27179G,2026-05-29 13:41:58,Accepted,NULL,1
2356748,TDU36003,2026-05-29 15:49:51,Accounts - Reconciliation,NULL,1
2356749,TDU36004,2026-05-29 15:56:06,Accounts - Reconciliation,NULL,1
2356750,TDU36005,2026-05-29 19:08:58,Rejected,NULL,1
2356751,TDU36006,2026-05-29 19:16:23,Rejected,NULL,1
2356752,TDU36007,2026-05-29 22:46:21,Rejected,NULL,1
2356753,TDU36008,2026-05-29 22:53:56,Rejected,NULL,1
2356754,TDU36009,2026-05-29 23:08:54,Rejected,NULL,1
2356755,TDU36010,2026-05-29 23:21:10,Rejected,NULL,1
2356756,TDU36011,2026-05-29 23:26:08,Rejected,NULL,1
2356757,TDU27180G,2026-05-30 08:14:40,Auto Rejected,NULL,1
2356758,TDU27181G,2026-05-30 12:13:09,Auto Rejected,NULL,1
2356759,TDU27182G,2026-05-30 13:39:35,Rejected,NULL,1
2356760,TDU27183G,2026-05-30 13:44:27,Rejected,NULL,1
2356761,TDU36012,2026-05-30 14:26:13,Rejected,NULL,1
2356762,TDU36013,2026-05-30 14:40:11,Rejected,NULL,1
2356763,TDU36014,2026-05-30 14:43:13,Rejected,NULL,1
2356764,TDU36015,2026-05-30 14:47:31,Rejected,NULL,1
2356765,TDU36016,2026-05-30 15:15:29,Rejected,NULL,1
2356766,TDU36017,2026-05-30 15:45:37,Rejected,NULL,1
2356767,TDU36018,2026-05-30 17:05:47,Rejected,NULL,1
2356768,TDU27184G,2026-05-30 17:21:04,Rejected,NULL,1
2356769,TDU27185G,2026-05-30 17:40:40,Created,NULL,1
2356770,TDU27186G,2026-05-30 18:02:59,Rejected,NULL,1
2356771,TDU36019,2026-05-30 18:17:28,Rejected,NULL,1
2356772,TDU36020,2026-05-30 21:07:33,Rejected,NULL,1
2356773,TDU36021,2026-05-30 21:18:52,Rejected,NULL,1
2356774,TDU36022,2026-05-30 22:05:44,Rejected,NULL,1
2356775,TDU36023,2026-05-30 22:12:42,Rejected,NULL,1
2356776,TDU36024,2026-05-30 22:24:40,Rejected,NULL,1
2356777,TDU27187G,2026-05-31 16:18:28,Created,NULL,1
2356778,TDU36025,2026-05-31 16:44:41,Created,NULL,1
2356779,TDU36026,2026-06-01 10:10:19,Accounts - Reconciliation,NULL,1
2356780,TDU36027,2026-06-01 12:22:50,Created,NULL,1
2356781,TDU27188G,2026-06-01 12:38:28,Rejected,NULL,1
2356782,TDU36028,2026-06-01 16:22:46,Accounts - Reconciliation,NULL,1
2356783,TDU27189G,2026-06-01 17:49:50,Created,NULL,1
2356784,TDU36029,2026-06-01 19:44:46,Auto Rejected,NULL,1
2356785,TDU36030,2026-06-01 20:16:30,Rejected,NULL,1
2356786,TDU36031,2026-06-01 20:39:12,Rejected After Confrmation QA pending,NULL,1
2356787,TDU36032,2026-06-01 20:49:09,Rejected,NULL,1
2356788,TDU36033,2026-06-01 21:25:56,Rejected,NULL,1
2356789,TDU36034,2026-06-01 21:31:38,Rejected,NULL,1
2356790,TDU36035,2026-06-02 15:02:37,Rejected,NULL,1
2356791,TDU36036,2026-06-02 16:12:52,Rejected,NULL,1
2356792,TDU36037,2026-06-02 16:38:47,Rejected,NULL,1
2356793,TDU36038,2026-06-02 16:51:04,Rejected,NULL,1
2356794,TDU36039,2026-06-02 16:56:48,Accounts - Reconciliation,NULL,1
2356795,TDU36040,2026-06-02 17:43:29,Rejected,NULL,1
2356796,TDU27190G,2026-06-02 18:46:31,Rejected,NULL,1
2356797,TDU36041,2026-06-02 20:17:12,Rejected,NULL,1
2356798,TDU36042,2026-06-02 21:36:48,On Ground,NULL,1
2356799,TDU27191G,2026-06-02 22:13:48,Rejected,NULL,1
2356800,TDU27192G,2026-06-02 22:58:21,Created,NULL,1
2356801,TDU27193G,2026-06-03 00:14:46,Rejected,NULL,1
2356802,TDU36043,2026-06-03 10:11:12,Auto Rejected,NULL,1
2356803,TDU27194G,2026-06-03 10:36:13,Auto Rejected,NULL,1
2356804,TDU27195G,2026-06-03 11:10:03,Auto Rejected,NULL,1
2356805,TDU27196G,2026-06-01 19:44:46,Auto Rejected,NULL,1
2356806,TDU36044,2026-06-03 14:50:07,Rejected,NULL,1
2356807,TDU36045,2026-06-03 14:54:57,Accounts - Reconciliation,NULL,1
2356808,TDU27197G,2026-06-03 14:58:02,Created,NULL,1
2356809,TDU36046,2026-06-03 15:09:43,Rejected,NULL,1
2356810,TDU36047,2026-06-03 15:13:37,Accounts - Reconciliation,NULL,1
2356811,TDU36048,2026-06-03 15:18:09,Created,NULL,1
2356812,TDU27198G,2026-06-03 15:30:56,Rejected,NULL,1
2356813,TDU36049,2026-06-03 16:17:14,Rejected,NULL,1
2356814,TDU27199G,2026-06-03 18:32:46,Rejected,NULL,1
2356815,TDU27200G,2026-06-03 19:04:01,Accepted,NULL,1
2356816,TDU36050,2026-06-03 20:16:52,Created,NULL,1
2356817,TDU36051,2026-06-03 20:39:13,Rejected,NULL,1
2356818,TDU36052,2026-06-03 20:41:48,Rejected,NULL,1
2356819,TDU36053,2026-06-03 21:00:38,Created,NULL,1
2356820,TDU36054,2026-06-03 21:39:11,Auto Rejected,NULL,1
2356821,TDU36055,2026-06-03 21:45:26,Auto Rejected,NULL,1
2356822,TDU36056,2026-06-04 09:25:43,Created,NULL,1
2356823,TDU27201G,2026-06-04 10:54:18,Created,NULL,1
2356824,TDU27202G,2026-06-04 11:27:40,Rejected,NULL,1
2356825,TDU27203G,2026-06-04 13:57:04,Rejected,NULL,1
2356826,TDU36057,2026-06-04 15:13:57,Rejected,NULL,1
2356827,TDU36058,2026-06-04 17:30:20,Rejected,NULL,1
2356828,TDU36059,2026-06-04 17:59:05,Created,NULL,1
2356829,TDU36060,2026-06-04 18:37:06,Rejected,NULL,1
2356830,TDU27204G,2026-06-04 18:46:33,Rejected,NULL,1
2356831,TDU27205G,2026-06-04 19:12:22,Rejected,NULL,1
2356832,TDU27206G,2026-06-04 19:14:44,Rejected,NULL,1
2356833,TDU27207G,2026-06-04 19:57:03,Rejected,NULL,1
2356834,TDU36061,2026-06-04 21:34:06,Rejected,NULL,1
2356835,TDU36062,2026-06-04 22:25:01,Rejected,NULL,1
2356836,TDU36063,2026-06-05 10:03:35,Created,NULL,1
2356837,TDU27208G,2026-06-05 10:43:22,Created,NULL,1
2356838,TDU36064,2026-06-05 11:06:29,Auto Rejected,NULL,1
2356839,TDU27209G,2026-06-05 12:11:42,Accepted,NULL,1
2356840,TDU27210G,2026-06-05 13:24:22,Rejected,NULL,1
2356841,TDU36065,2026-06-05 14:37:25,Rejected,NULL,1
2356842,TDU36066,2026-06-05 14:59:54,Rejected,NULL,1
2356843,TDU36067,2026-06-05 15:10:09,Accounts - Reconciliation,NULL,1
2356844,TDU36068,2026-06-05 15:17:51,Rejected,NULL,1
2356845,TDU36069,2026-06-05 16:07:34,Rejected,NULL,1
2356846,TDU36070,2026-06-05 16:21:38,Rejected,NULL,1
2356847,TDU36071,2026-06-05 16:44:51,On Ground,NULL,1
2356848,TDU27211G,2026-06-05 16:57:32,Auto Rejected,NULL,1
2356849,TDU36072,2026-06-05 17:04:47,Rejected,NULL,1
2356850,TDU36073,2026-06-05 18:12:36,Rejected,NULL,1
2356851,TDU36074,2026-06-05 19:34:43,Created,NULL,1
2356852,TDU36075,2026-06-05 19:47:50,Auto Rejected,NULL,1
2356853,TDU27212G,2026-06-05 20:18:43,Rejected,NULL,1
2356854,TDU36076,2026-06-05 22:26:34,Rejected,NULL,1
2356855,TDU36077,2026-06-06 14:40:43,Rejected,NULL,1
2356856,TDU36078,2026-06-06 15:32:13,Created,NULL,1
2356857,TDU36079,2026-06-06 15:45:56,Rejected,NULL,1
2356858,TDU36080,2026-06-06 15:46:49,Rejected,NULL,1
2356859,TDU36081,2026-06-06 15:49:26,Rejected,NULL,1
2356860,TDU36082,2026-06-06 16:20:43,Rejected,NULL,1
2356861,TDU36083,2026-06-06 16:34:04,Rejected,NULL,1
2356862,TDU36084,2026-06-06 17:33:43,Rejected,NULL,1
2356863,TDU36085,2026-06-06 17:42:43,Rejected,NULL,1
2356864,TDU36086,2026-06-06 19:24:54,Rejected,NULL,1
2356865,TDU36087,2026-06-06 20:07:13,Rejected,NULL,1
2356866,TDU36088,2026-06-06 20:50:02,Rejected,NULL,1
2356867,TDU36089,2026-06-06 21:59:20,Rejected,NULL,1
2356868,TDU27213G,2026-06-08 12:34:53,Auto Rejected,NULL,1
2356869,TDU27214G,2026-06-08 14:27:51,Rejected,NULL,1
2356870,TDU27215G,2026-06-08 15:28:50,Rejected,NULL,1
2356871,TDU27216G,2026-06-08 15:40:10,Rejected,NULL,1
2356872,TDU36090,2026-06-08 18:22:13,Final QA,NULL,1
2356873,TDU36091,2026-06-08 18:34:59,Rejected,NULL,1
2356874,TDU36092,2026-06-08 19:00:29,Created,NULL,1
2356875,TDU36093,2026-06-08 19:52:16,Rejected,NULL,1
2356876,TDU27217G,2026-06-08 20:44:52,Rejected,NULL,1
2356877,TDU36094,2026-06-08 20:51:33,Rejected,NULL,1
2356878,TDU36095,2026-06-08 22:14:45,Rejected,NULL,1
2356879,TDU27218G,2026-06-09 13:32:10,Rejected,NULL,1
2356880,TDU27219G,2026-06-09 13:35:42,Created,NULL,1
2356881,TDU27220G,2026-06-09 13:49:45,Created,NULL,1
2356882,TDU36096,2026-06-09 15:32:26,Rejected,NULL,1
2356883,TDU36097,2026-06-09 15:54:40,Auto Rejected,NULL,1
2356884,TDU36098,2026-06-09 16:16:12,Rejected,NULL,1
2356885,TDU36099,2026-06-09 17:27:35,Rejected,NULL,1
2356886,TDU36100,2026-06-09 17:57:53,Rejected,NULL,1
2356887,TDU36101,2026-06-09 18:17:44,Rejected,NULL,1
2356888,TDU36102,2026-06-09 20:08:28,Rejected,NULL,1
2356889,TDU36103,2026-06-09 20:25:33,Auto Rejected,NULL,1
2356890,TDU36104,2026-06-09 21:50:28,Rejected,NULL,1
2356891,TDU36105,2026-06-09 22:30:13,Rejected,NULL,1
2356892,TDU36106,2026-06-09 22:54:52,Rejected,NULL,1
2356893,TDU36107,2026-06-09 23:09:18,Rejected,NULL,1
2356894,TDU36108,2026-06-10 15:56:22,Rejected,NULL,1
2356895,TDU36109,2026-06-10 16:33:51,Rejected,NULL,1
2356896,TDU36110,2026-06-10 17:25:44,Accounts - Reconciliation,NULL,1
2356897,TDU36111,2026-06-10 18:24:51,Rejected,NULL,1
2356898,TDU36112,2026-06-10 20:03:59,Rejected,NULL,1
2356899,TDU36113,2026-06-10 20:15:33,Rejected,NULL,1
2356900,TDU36114,2026-06-10 20:28:31,Rejected,NULL,1
2356901,TDU36115,2026-06-10 21:48:56,Rejected,NULL,1
2356902,TDU36116,2026-06-10 21:54:01,Rejected,NULL,1
2356903,TDU36117,2026-06-10 22:06:07,Rejected,NULL,1
2356904,TDU27221G,2026-06-11 10:20:16,PRE QA - pending,NULL,1
2356905,TDU36118,2026-06-11 11:59:41,Accounts - Reconciliation,NULL,1
2356906,TDU36119,2026-06-11 14:57:18,Accounts - Reconciliation,NULL,1
2356907,TDU36120,2026-06-11 18:02:28,Created,NULL,1
2356908,TDU36121,2026-06-11 18:15:07,Created,NULL,1
2356909,TDU36122,2026-06-11 20:59:29,Rejected,NULL,1
2356910,TDU36123,2026-06-11 22:25:38,Rejected,NULL,1
2356911,TDU27222G,2026-06-12 12:11:51,Rejected,NULL,1
2356912,TDU27223G,2026-06-12 12:24:37,Rejected,NULL,1
2356913,TDU27224G,2026-06-12 12:27:18,Accepted,NULL,1
2356914,TDU27225G,2026-06-12 15:37:16,Rejected,NULL,1
2356915,TDU36124,2026-06-12 16:13:31,Rejected,NULL,1
2356916,TDU36125,2026-06-12 17:38:48,Created,NULL,1
2356917,TDU36126,2026-06-12 18:19:20,Rejected,NULL,1
2356918,TDU36127,2026-06-12 19:15:16,Rejected,NULL,1
2356919,TDU36128,2026-06-12 20:27:12,Rejected,NULL,1
2356920,TDU36129,2026-06-12 20:50:47,Rejected,NULL,1
2356921,TDU36130,2026-06-12 21:00:06,Rejected,NULL,1
2356922,TDU36131,2026-06-12 21:08:00,Accepted,NULL,1
2356923,TDU36132,2026-06-12 21:26:52,Rejected,NULL,1
2356924,TDU36133,2026-06-12 21:54:24,Rejected,NULL,1
2356925,TDU27226G,2026-06-13 17:40:05,Rejected,NULL,1
2356926,TDU27227G,2026-06-13 17:55:48,Auto Rejected,NULL,1
2356927,TDU36134,2026-06-13 20:26:05,Rejected,NULL,1
2356928,TDU36135,2026-06-13 21:16:39,Created,NULL,1
2356929,TDU36136,2026-06-13 22:10:35,Rejected,NULL,1
2356930,TDU36137,2026-06-13 22:12:03,Rejected,NULL,1
2356931,TDU36138,2026-06-13 22:26:37,Rejected,NULL,1
2356932,TDU36139,2026-06-13 22:49:51,Rejected,NULL,1
2356933,TDU36140,2026-06-13 23:02:43,Rejected,NULL,1
2356934,TDU27228G,2026-06-14 16:38:58,Created,NULL,1
2356935,TDU27229G,2026-06-14 17:21:17,Rejected,NULL,1
2356936,TDU27230G,2026-06-14 17:59:46,Accepted,NULL,1
2356937,TDU27231G,2026-06-15 10:01:50,Created,NULL,1
2356938,TDU36141,2026-06-15 11:07:48,Created,NULL,1
2356939,TDU36142,2026-06-15 11:13:41,Created,NULL,1
2356940,TDU36143,2026-06-15 11:29:01,Accounts - Reconciliation,NULL,1
2356941,TDU27232G,2026-06-15 12:06:36,Auto Rejected,NULL,1
2356942,TDU36144,2026-06-15 12:24:00,Auto Rejected,NULL,1
2356943,TDU27233G,2026-06-15 13:10:47,Created,NULL,1
2356944,TDU36145,2026-06-15 15:00:02,Rejected,NULL,1
2356945,TDU36146,2026-06-15 16:02:49,Accounts - Reconciliation,NULL,1
2356946,TDU36147,2026-06-15 17:24:48,Created,NULL,1
2356947,TDU36148,2026-06-15 18:02:52,Rejected,NULL,1
2356948,TDU36149,2026-06-15 18:11:10,Rejected,NULL,1
2356949,TDU36150,2026-06-15 18:19:50,Created,NULL,1
2356950,TDU36151,2026-06-15 19:52:40,Rejected,NULL,1
2356951,TDU27234G,2026-06-15 19:58:37,Rejected,NULL,1
2356952,TDU36152,2026-06-15 20:09:07,Rejected,NULL,1
2356953,TDU36153,2026-06-15 20:23:20,Created,NULL,1
2356954,TDU36154,2026-06-15 20:25:54,Rejected,NULL,1
2356955,TDU36155,2026-06-15 20:39:16,Auto Rejected,NULL,1
2356956,TDU36156,2026-06-15 20:44:21,Auto Rejected,NULL,1
2356957,TDU36157,2026-06-15 21:03:03,Accepted,NULL,1
2356958,TDU36158,2026-06-15 21:06:21,Rejected,NULL,1
2356959,TDU36159,2026-06-15 21:13:34,Accounts - Reconciliation,NULL,1
2356960,TDU36160,2026-06-15 21:17:40,Rejected,NULL,1
2356961,TDU36161,2026-06-15 22:10:50,Created,NULL,1
2356962,TDU36162,2026-06-15 22:42:46,Rejected,NULL,1
2356963,TDU36163,2026-06-15 23:07:24,Created,NULL,1
2356964,TDU36164,2026-06-16 10:13:55,Created,NULL,1
2356965,TDU36165,2026-06-16 10:39:33,Auto Rejected,NULL,1
2356966,TDU27235G,2026-06-16 11:19:28,Created,NULL,1
2356967,TDU27236G,2026-06-16 14:41:30,Rejected,NULL,1
2356968,TDU27237G,2026-06-16 14:51:30,Auto Rejected,NULL,1
2356969,TDU27238G,2026-06-16 15:34:27,Created,NULL,1
2356970,TDU36166,2026-06-16 15:40:07,Accounts - Reconciliation,NULL,1
2356971,TDU27239G,2026-06-16 17:30:04,Created,NULL,1
2356972,TDU27240G,2026-06-16 18:13:28,Created,NULL,1
2356973,TDU27241G,2026-06-16 18:39:23,Created,NULL,1
2356974,TDU27242G,2026-06-16 19:21:57,Rejected,NULL,1
2356975,TDU27243G,2026-06-16 19:39:25,Rejected,NULL,1
2356976,TDU36167,2026-06-16 20:30:27,Rejected,NULL,1
2356977,TDU36168,2026-06-16 21:02:00,Rejected,NULL,1
2356978,TDU36169,2026-06-16 22:13:08,Rejected,NULL,1
2356979,TDU36170,2026-06-16 22:55:19,Rejected,NULL,1
2356980,TDU36171,2026-06-16 23:00:03,Rejected,NULL,1
2356981,TDU36172,2026-06-16 23:13:33,Rejected,NULL,1
2356982,TDU36173,2026-06-16 23:19:22,Rejected,NULL,1
2356983,TDU27244G,2026-06-16 23:23:05,Created,NULL,1
2356984,TDU27245G,2026-06-17 03:59:55,Rejected,NULL,1
2356985,TDU27246G,2026-06-17 04:41:25,Created,NULL,1
2356986,TDU36174,2026-06-17 10:26:56,Auto Rejected,NULL,1
2356987,TDU27247G,2026-06-17 16:30:44,Accounts - Reconciliation,NULL,1
2356988,TDU27248G,2026-06-17 16:32:33,Accounts - Reconciliation,NULL,1
2356989,TDU27249G,2026-06-17 16:34:56,Accounts - Reconciliation,NULL,1
2356990,TDU36175,2026-06-17 16:54:27,Rejected,NULL,1
2356991,TDU36176,2026-06-17 17:49:29,Rejected,NULL,1
2356992,TDU36177,2026-06-17 17:51:35,Rejected,NULL,1
2356993,TDU36178,2026-06-17 18:02:27,Rejected,NULL,1
2356994,TDU36179,2026-06-17 18:15:09,Rejected,NULL,1
2356995,TDU36180,2026-06-17 18:50:08,Accepted,NULL,1
2356996,TDU36181,2026-06-17 18:57:19,Delivered,NULL,1
2356997,TDU36182,2026-06-17 19:05:07,Rejected,NULL,1
2356998,TDU36183,2026-06-17 20:15:05,Accepted,NULL,1
2356999,TDU36184,2026-06-17 21:55:35,Rejected,NULL,1
2357000,TDU36185,2026-06-17 22:14:49,Rejected,NULL,1
2357001,TDU27250G,2026-06-17 22:43:13,Created,NULL,1
2357002,TDU36186,2026-06-18 17:22:10,Rejected,NULL,1
2357003,TDU36187,2026-06-18 18:00:12,On Ground,NULL,1
2357004,TDU36188,2026-06-18 18:06:47,Rejected,NULL,1
2357005,TDU36189,2026-06-18 18:13:29,Rejected,NULL,1
2357006,TDU36190,2026-06-18 18:29:57,Rejected,NULL,1
2357007,TDU36191,2026-06-18 18:41:24,Rejected,NULL,1
2357008,TDU36192,2026-06-18 19:49:05,Rejected,NULL,1
2357009,TDU36193,2026-06-18 20:42:20,Rejected,NULL,1
2357010,TDU36194,2026-06-18 21:15:08,Rejected,NULL,1
2357011,TDU36195,2026-06-18 21:22:57,On Ground,NULL,1
2357012,TDU36196,2026-06-18 21:31:52,Delivered,NULL,1
2357013,TDU36197,2026-06-18 21:59:50,Rejected,NULL,1
2357014,TDU36198,2026-06-18 22:02:27,Rejected,NULL,1
2357015,TDU36199,2026-06-18 22:26:23,Rejected,NULL,1
2357016,TDU36200,2026-06-18 23:17:03,Rejected,NULL,1
2357017,TDU36201,2026-06-18 23:23:54,Rejected After Confrmation QA pending,NULL,1
2357018,TDU36202,2026-06-18 23:24:53,Accounts - Reconciliation,NULL,1
2357019,TDU27251G,2026-06-19 11:04:02,Created,NULL,1
2357020,TDU27252G,2026-06-19 11:55:17,Created,NULL,1
2357021,TDU27253G,2026-06-19 12:06:11,Created,NULL,1
2357022,TDU27254G,2026-06-19 12:28:08,Created,NULL,1
2357023,TDU36203,2026-06-19 15:28:36,Rejected,NULL,1
2357024,TDU27255G,2026-06-19 16:27:28,Auto Rejected,NULL,1
2357025,TDU27256G,2026-06-19 16:30:15,Created,NULL,1
2357026,TDU36204,2026-06-19 17:26:48,On Ground,NULL,1
2357027,TDU36205,2026-06-19 17:46:59,Rejected,NULL,1
2357028,TDU36206,2026-06-19 17:52:17,Accounts - Reconciliation,NULL,1
2357029,TDU36207,2026-06-19 18:02:31,Rejected,NULL,1
2357030,TDU27257G,2026-06-19 18:06:46,Auto Rejected,NULL,1
2357031,TDU36208,2026-06-19 18:07:12,Rejected,NULL,1
2357032,TDU36209,2026-06-19 18:26:48,Rejected,NULL,1
2357033,TDU36210,2026-06-19 18:36:42,Rejected,NULL,1
2357034,TDU36211,2026-06-19 18:47:37,Rejected,NULL,1
2357035,TDU36212,2026-06-19 18:57:48,Created,NULL,1
2357036,TDU36213,2026-06-19 19:25:41,Rejected,NULL,1
2357037,TDU36214,2026-06-19 19:42:02,Accepted,NULL,1
2357038,TDU36215,2026-06-19 19:44:19,Created,NULL,1
2357039,TDU36216,2026-06-19 20:48:08,Rejected,NULL,1
2357040,TDU36217,2026-06-19 21:15:21,Rejected,NULL,1
2357041,TDU36218,2026-06-19 21:26:03,Rejected,NULL,1
2357042,TDU36219,2026-06-19 21:32:14,Rejected,NULL,1
2357043,TDU36220,2026-06-19 21:56:52,Rejected,NULL,1
2357044,TDU36221,2026-06-19 22:12:21,Created,NULL,1
2357045,TDU36222,2026-06-19 22:22:56,Rejected,NULL,1
2357046,TDU36223,2026-06-19 22:35:21,Accepted,NULL,1
2357047,TDU36224,2026-06-19 23:00:55,Rejected,NULL,1
2357048,TDU27258G,2026-06-20 13:09:36,Rejected,NULL,1
2357049,TDU27259G,2026-06-20 14:14:40,Created,NULL,1
2357050,TDU27260G,2026-06-20 15:08:17,Rejected,NULL,1
2357051,TDU27261G,2026-06-20 15:58:53,Rejected,NULL,1
2357052,TDU36225,2026-06-20 16:41:18,Rejected,NULL,1
2357053,TDU36226,2026-06-20 16:55:32,Rejected,NULL,1
2357054,TDU36227,2026-06-20 16:59:45,Rejected,NULL,1
2357055,TDU36228,2026-06-20 17:10:19,Rejected,NULL,1
2357056,TDU27262G,2026-06-20 17:30:09,Rejected,NULL,1
2357057,TDU36229,2026-06-20 17:32:43,Rejected,NULL,1
2357058,TDU27263G,2026-06-20 17:49:16,Auto Rejected,NULL,1
2357059,TDU36230,2026-06-20 18:09:33,Rejected,NULL,1
2357060,TDU36231,2026-06-20 19:47:41,Rejected,NULL,1
2357061,TDU36232,2026-06-20 21:31:10,Rejected,NULL,1
2357062,TDU36233,2026-06-20 22:28:40,Created,NULL,1
2357063,TDU27264G,2026-06-21 16:17:42,Created,NULL,1
2357064,TDU27265G,2026-06-21 17:02:32,Created,NULL,1
2357065,TDU27266G,2026-06-21 17:15:29,Created,NULL,1
2357066,TDU27267G,2026-06-21 18:04:58,Created,NULL,1
2357067,TDU27268G,2026-06-22 10:06:01,Rejected,NULL,1
2357068,TDU36234,2026-06-22 11:36:42,Rejected,NULL,1
2357069,TDU27269G,2026-06-22 14:40:49,Created,NULL,1
2357070,TDU27270G,2026-06-22 15:12:32,Created,NULL,1
2357071,TDU36235,2026-06-22 15:19:56,Created,NULL,1
2357072,TDU27271G,2026-06-22 16:29:23,Rejected,NULL,1
2357073,TDU36236,2026-06-22 17:04:02,Accounts - Reconciliation,NULL,1
2357074,TDU27272G,2026-06-22 18:47:55,Rejected,NULL,1
2357075,TDU27273G,2026-06-22 19:06:10,Created,NULL,1
2357076,TDU36237,2026-06-22 19:59:56,Auto Rejected,NULL,1
2357077,TDU36238,2026-06-22 20:04:30,Rejected,NULL,1
2357078,TDU36239,2026-06-22 20:06:49,Created,NULL,1
2357079,TDU36240,2026-06-22 20:10:42,Rejected,NULL,1
2357080,TDU36241,2026-06-22 20:49:30,Rejected,NULL,1
2357081,TDU36242,2026-06-22 21:04:27,Rejected,NULL,1
2357082,TDU36243,2026-06-22 21:37:34,Rejected,NULL,1
2357083,TDU36244,2026-06-22 22:08:07,Accounts - Reconciliation,NULL,1
2357084,TDU27274G,2026-06-22 22:16:20,Rejected,NULL,1
2357085,TDU27275G,2026-06-22 22:19:04,Created,NULL,1
2357086,TDU36245,2026-06-22 23:20:24,Rejected,NULL,1
2357087,TDU27276G,2026-06-23 05:20:05,Rejected,NULL,1
2357088,TDU36246,2026-06-23 10:20:24,Delivered,NULL,1
2357089,TDU27277G,2026-06-23 10:44:58,Auto Rejected,NULL,1
2357090,TDU27278G,2026-06-23 12:00:42,Accepted,NULL,1
2357091,TDU27279G,2026-06-23 12:40:41,Accepted,NULL,1
2357092,TDU27280G,2026-06-23 14:22:41,Created,NULL,1
2357093,TDU36247,2026-06-23 15:01:55,Rejected,NULL,1
2357094,TDU36248,2026-06-23 15:18:03,Rejected,NULL,1
2357095,TDU27281G,2026-06-23 15:18:46,Created,NULL,1
2357096,TDU36249,2026-06-23 15:24:57,Rejected,NULL,1
2357097,TDU36250,2026-06-23 15:33:38,Rejected,NULL,1
2357098,TDU27282G,2026-06-23 15:38:53,Created,NULL,1
2357099,TDU36251,2026-06-23 15:45:59,Accepted,NULL,1
2357100,TDU36252,2026-06-23 16:02:34,Accepted,NULL,1
2357101,TDU36253,2026-06-23 16:15:34,Accepted,NULL,1
2357102,TDU27283G,2026-06-23 16:57:31,Rejected,NULL,1
2357103,TDU36254,2026-06-23 20:08:45,Rejected,NULL,1
2357104,TDU36255,2026-06-23 20:55:47,Rejected,NULL,1
2357105,TDU36256,2026-06-23 22:46:06,Accounts - Reconciliation,NULL,1
2357106,TDU36257,2026-06-23 23:08:22,Created,NULL,1
2357107,TDU36258,2026-06-23 23:21:29,Rejected,NULL,1
2357108,TDU27284G,2026-06-24 09:49:54,Created,NULL,1
2357109,TDU27285G,2026-06-24 10:38:59,Rejected,NULL,1
2357110,TDU27286G,2026-06-24 11:37:34,Accepted,NULL,1
2357111,TDU36259,2026-06-24 14:33:29,Rejected,NULL,1
2357112,TDU36260,2026-06-24 15:19:52,Rejected,NULL,1
2357113,TDU36261,2026-06-24 15:33:51,Rejected,NULL,1
2357114,TDU27287G,2026-06-24 15:58:05,Created,NULL,1
2357115,TDU36262,2026-06-24 16:08:52,Rejected,NULL,1
2357116,TDU36263,2026-06-24 16:26:29,Rejected,NULL,1
2357117,TDU36264,2026-06-24 16:31:47,Rejected,NULL,1
2357118,TDU36265,2026-06-24 16:32:13,Created,NULL,1
2357119,TDU36266,2026-06-24 16:54:56,Rejected,NULL,1
2357120,TDU36267,2026-06-24 18:18:19,Created,NULL,1
2357121,TDU36268,2026-06-24 18:23:14,Auto Rejected,NULL,1
2357122,TDU36269,2026-06-24 21:55:29,Accounts - Reconciliation,NULL,1
2357123,TDU27288G,2026-06-24 22:42:59,Rejected,NULL,1
2357124,TDU27289G,2026-06-25 10:53:34,Rejected,NULL,1
2357125,TDU27290G,2026-06-25 11:51:47,Created,NULL,1
2357126,TDU27291G,2026-06-25 12:57:44,Rejected,NULL,1
2357127,TDU27292G,2026-06-25 13:18:56,Created,NULL,1
2357128,TDU27293G,2026-06-25 16:33:02,Rejected,NULL,1
2357129,TDU36270,2026-06-25 18:34:19,Rejected,NULL,1
2357130,TDU36271,2026-06-25 18:35:51,Rejected,NULL,1
2357131,TDU36272,2026-06-25 18:36:23,Rejected,NULL,1
2357132,TDU36273,2026-06-25 18:54:12,Created,NULL,1
2357133,TDU36274,2026-06-25 19:01:16,Rejected,NULL,1
2357134,TDU36275,2026-06-25 20:34:07,Created,NULL,1
2357135,TDU36276,2026-06-25 21:54:43,Rejected,NULL,1
2357136,TDU36277,2026-06-25 21:56:46,Rejected,NULL,1
2357137,TDU36278,2026-06-25 22:16:41,Rejected,NULL,1
2357138,TDU36279,2026-06-25 22:32:12,Rejected,NULL,1
2357139,TDU36280,2026-06-25 22:42:31,Rejected,NULL,1
2357140,TDU36281,2026-06-26 09:50:16,Created,NULL,1
2357141,TDU36282,2026-06-26 10:45:36,Rejected,NULL,1
2357142,TDU27294G,2026-06-26 11:23:38,Auto Rejected,NULL,1
2357143,TDU36283,2026-06-26 15:26:33,Rejected,NULL,1
2357144,TDU36284,2026-06-26 16:34:04,Rejected,NULL,1
2357145,TDU36285,2026-06-26 16:44:58,Rejected,NULL,1
2357146,TDU36286,2026-06-26 17:18:02,Rejected,NULL,1
2357147,TDU36287,2026-06-26 17:43:09,Created,NULL,1
2357148,TDU36288,2026-06-26 17:56:03,Created,NULL,1
2357149,TDU36289,2026-06-26 20:11:38,Created,NULL,1
2357150,TDU36290,2026-06-26 20:34:06,Rejected,NULL,1
2357151,TDU36291,2026-06-26 20:59:32,Rejected,NULL,1
2357152,TDU36292,2026-06-26 21:06:16,Accepted,NULL,1
2357153,TDU36293,2026-06-26 21:15:23,Accepted,NULL,1
2357154,TDU36294,2026-06-26 21:20:58,Rejected,NULL,1
2357155,TDU36295,2026-06-26 21:25:42,Rejected,NULL,1
2357156,TDU36296,2026-06-26 21:33:07,Rejected,NULL,1
2357157,TDU36297,2026-06-27 15:56:33,Rejected,NULL,1
2357158,TDU36298,2026-06-27 16:06:27,Rejected,NULL,1
2357159,TDU36299,2026-06-27 16:14:49,Rejected,NULL,1
2357160,TDU36300,2026-06-27 16:22:38,Rejected,NULL,1
2357161,TDU36301,2026-06-27 16:46:12,Rejected,NULL,1
2357162,TDU36302,2026-06-27 16:54:04,Created,NULL,1
2357163,TDU36303,2026-06-27 17:03:13,Rejected,NULL,1
2357164,TDU36304,2026-06-27 17:07:02,Rejected,NULL,1
2357165,TDU27295G,2026-06-27 17:45:30,Created,NULL,1
2357166,TDU36305,2026-06-27 17:48:15,Rejected,NULL,1
2357167,TDU36306,2026-06-27 18:15:36,Auto Rejected,NULL,1
2357168,TDU36307,2026-06-27 18:48:03,Rejected,NULL,1
2357169,TDU36308,2026-06-27 21:19:05,Rejected,NULL,1
2357170,TDU36309,2026-06-27 22:01:51,Rejected,NULL,1
2357171,TDU36310,2026-06-27 22:09:13,Rejected,NULL,1
2357172,TDU36311,2026-06-27 22:18:45,Created,NULL,1
2357173,TDU36312,2026-06-27 22:41:22,Created,NULL,1
2357174,TDU36313,2026-06-27 22:48:43,Rejected,NULL,1
2357175,TDU36314,2026-06-29 15:52:34,Rejected,NULL,1
2357176,TDU27296G,2026-06-29 17:03:46,Created,NULL,1
2357177,TDU27297G,2026-06-29 19:32:00,Rejected,NULL,1
2357178,TDU36315,2026-06-29 23:05:04,Accounts - Reconciliation,NULL,1
2357179,TDU27298G,2026-06-30 03:15:06,Created,NULL,1
2357180,TDU27299G,2026-06-30 04:25:00,Rejected,NULL,1
2357181,TDU27300G,2026-06-30 09:32:17,Created,NULL,1
2357182,TDU27301G,2026-06-30 10:07:43,Created,NULL,1
2357183,TDU27302G,2026-06-30 11:23:04,Created,NULL,1
2357184,TDU27303G,2026-06-30 13:28:32,Created,NULL,1
2357185,TDU27304G,2026-06-30 15:31:02,Accepted,NULL,1
2357186,TDU36316,2026-06-30 15:43:15,Rejected,NULL,1
2357187,TDU36317,2026-06-30 17:58:42,Auto Rejected,NULL,1
2357188,TDU27305G,2026-06-30 18:50:15,Created,NULL,1
2357189,TDU36318,2026-06-30 19:45:25,Rejected,NULL,1
2357190,TDU36319,2026-06-30 22:15:11,Rejected,NULL,1
2357191,TDU36320,2026-06-30 22:29:15,Rejected,NULL,1
2357192,TDU36321,2026-06-30 23:24:59,Rejected,NULL,1
2357193,TDU36322,2026-07-01 09:54:29,Auto Rejected,NULL,1
2357194,TDU27306G,2026-07-01 10:55:49,Created,NULL,1
2357195,TDU36323,2026-07-01 11:12:43,Rejected,NULL,1
2357196,TDU27307G,2026-07-01 12:53:30,Created,NULL,1
2357197,TDU27308G,2026-07-01 14:22:20,Rejected,NULL,1
2357198,TDU36324,2026-07-01 15:42:18,Rejected,NULL,1
2357199,TDU27309G,2026-07-01 17:14:58,Rejected,NULL,1
2357200,TDU36325,2026-07-01 17:48:30,Accepted,NULL,1
2357201,TDU36326,2026-07-01 18:35:03,Rejected,NULL,1
2357202,TDU36327,2026-07-01 18:52:36,Rejected,NULL,1
2357203,TDU27310G,2026-07-01 19:14:45,Created,NULL,1
2357204,TDU36328,2026-07-01 19:57:58,Accepted,NULL,1
2357205,TDU27311G,2026-05-26 20:33:25,Accepted,NULL,1
2357206,TDU36329,2026-07-01 20:27:04,Rejected,NULL,1
2357207,TDU36330,2026-07-01 21:00:05,Rejected,NULL,1
2357208,TDU36331,2026-07-01 21:10:06,Created,NULL,1
2357209,TDU36332,2026-07-01 21:56:13,Created,NULL,1
2357210,TDU36333,2026-07-01 23:10:00,Rejected,NULL,1
2357211,TDU36334,2026-07-01 23:14:03,Rejected,NULL,1
2357212,TDU27312G,2026-07-02 05:16:57,Rejected,NULL,1
2357213,TDU36335,2026-07-02 08:59:42,Created,NULL,1
2357214,TDU36336,2026-07-02 17:40:44,Rejected,NULL,1
2357215,TDU36337,2026-07-02 18:13:20,Rejected,NULL,1
2357216,TDU36338,2026-07-02 18:13:22,Rejected,NULL,1
2357217,TDU36339,2026-07-02 18:34:10,Rejected,NULL,1
2357218,TDU27313G,2026-07-02 18:34:43,Rejected,NULL,1
2357219,TDU36340,2026-07-02 18:57:55,Rejected,NULL,1
2357220,TDU36341,2026-07-02 21:00:59,Accounts - Reconciliation,NULL,1
2357221,TDU36342,2026-07-02 22:33:20,Rejected,NULL,1
2357222,TDU36343,2026-07-02 23:15:02,Created,NULL,1
2357223,TDU36344,2026-07-03 05:00:32,Created,NULL,1
2357224,TDU27314G,2026-07-03 10:32:33,Rejected,NULL,1
2357225,TDU36345,2026-07-03 11:26:02,Auto Rejected,NULL,1
2357226,TDU36346,2026-07-03 11:32:40,Created,NULL,1
2357227,TDU27315G,2026-07-03 13:52:46,Created,NULL,1
2357228,TDU27316G,2026-07-03 17:20:09,Created,NULL,1
2357229,TDU36347,2026-07-03 17:49:14,Created,NULL,1
2357230,TDU27317G,2026-07-03 19:01:03,Created,NULL,1
2357231,TDU36348,2026-07-03 22:12:39,Rejected,NULL,1
2357232,TDU36349,2026-07-03 22:30:01,Accepted,NULL,1
2357233,TDU36350,2026-07-03 22:43:09,Rejected,NULL,1
2357234,TDU36351,2026-07-03 22:46:31,Rejected,NULL,1
2357235,TDU36352,2026-07-03 22:51:15,Created,NULL,1
2357236,TDU27318G,2026-07-04 14:01:34,Created,NULL,1
2357237,TDU27319G,2026-07-04 14:17:22,Created,NULL,1
2357238,TDU36353,2026-07-04 14:48:14,Created,NULL,1
2357239,TDU27320G,2026-07-04 14:59:12,Created,NULL,1
2357240,TDU27321G,2026-07-04 15:51:50,Created,NULL,1
2357241,TDU36354,2026-07-04 16:21:51,Created,NULL,1
2357242,TDU36355,2026-07-04 16:30:38,Created,NULL,1
2357243,TDU36356,2026-07-04 17:09:34,Requote,NULL,1
2357244,TDU36357,2026-07-04 17:44:44,Created,NULL,1
2357245,TDU36358,2026-07-04 17:47:27,Rejected,NULL,1
2357246,TDU36359,2026-07-04 18:27:14,Rejected,NULL,1
2357247,TDU36360,2026-07-04 20:44:35,Rejected,NULL,1
2357248,TDU36361,2026-07-04 21:08:59,Rejected,NULL,1
2357249,TDU36362,2026-07-04 21:29:02,Created,NULL,1
2357250,TDU36363,2026-07-04 21:34:13,Rejected,NULL,1
2357251,TDU36364,2026-07-04 22:21:39,Rejected,NULL,1
2357252,TDU27322G,2026-07-06 09:22:07,Rejected,NULL,1
2357253,TDU27323G,2026-07-06 12:13:42,Created,NULL,1
2357254,TDU36365,2026-07-06 15:16:40,Rejected,NULL,1
2357255,TDU36366,2026-07-06 17:40:46,Rejected,NULL,1
2357256,TDU27324G,2026-07-06 18:10:23,Created,NULL,1
2357257,TDU36367,2026-07-06 19:00:01,Rejected,NULL,1
2357258,TDU36368,2026-07-06 20:56:45,Rejected,NULL,1
2357259,TDU36369,2026-07-06 21:19:42,Rejected,NULL,1
2357260,TDU27325G,2026-07-06 21:33:19,Created,NULL,1
2357261,TDU27326G,2026-07-06 21:36:08,Created,NULL,1
2357262,TDU36370,2026-07-06 21:47:20,Rejected,NULL,1
2357263,TDU36371,2026-07-07 11:00:45,PRE QA - pending,NULL,1
2357264,TDU27327G,2026-07-07 13:01:36,Created,NULL,1
2357265,TDU27328G,2026-07-07 13:41:12,Rejected,NULL,1
2357266,TDU27329G,2026-07-07 13:53:53,Created,NULL,1
2357267,TDU36372,2026-07-07 18:14:44,Created,NULL,1
2357268,TDU36373,2026-07-07 20:05:11,Accepted,NULL,1
2357269,TDU36374,2026-07-07 20:56:00,Accounts - Reconciliation,NULL,1
2357270,TDU36375,2026-07-07 22:15:24,Rejected,NULL,1
2357271,TDU36376,2026-07-08 11:04:31,Accepted,NULL,1
2357272,TDU36377,2026-07-08 20:33:53,Rejected,NULL,1
2357273,TDU27330G,2026-07-08 20:43:28,Requote,NULL,1
2357274,TDU36378,2026-07-08 21:18:01,Requote,NULL,1
2357275,TDU36379,2026-07-08 22:04:29,Rejected,NULL,1
2357276,TDU36380,2026-07-08 22:34:46,Created,NULL,1
2357277,TDU36381,2026-07-08 22:40:39,Rejected,NULL,1
2357278,TDU36382,2026-07-08 22:43:07,Rejected,NULL,1
2357279,TDU36383,2026-07-08 22:44:18,Rejected,NULL,1
2357280,TDU36384,2026-07-08 23:02:14,Rejected,NULL,1
2357281,TDU36385,2026-07-08 23:04:06,Rejected,NULL,1
2357282,TDU36386,2026-07-08 23:08:24,Rejected,NULL,1
2357283,TDU36387,2026-07-08 23:09:38,Accounts - Reconciliation,NULL,1
2357284,TDU36388,2026-07-08 23:25:46,Accepted,NULL,1
2357285,TDU27331G,2026-07-09 11:30:01,Rejected,NULL,1
2357286,TDU27332G,2026-07-09 12:06:40,Rejected,NULL,1
2357287,TDU27333G,2026-07-09 12:23:29,Rejected,NULL,1
2357288,TDU27334G,2026-07-09 13:00:43,Created,NULL,1
2357289,TDU27335G,2026-07-09 13:31:48,Created,NULL,1
2357290,TDU36389,2026-07-09 16:59:24,Rejected,NULL,1
2357291,TDU36390,2026-07-09 17:06:27,Created,NULL,1
2357292,TDU36391,2026-07-09 17:17:15,Rejected,NULL,1
2357293,TDU27336G,2026-07-09 19:24:28,Rejected,NULL,1
2357294,TDU36392,2026-07-09 20:38:23,Rejected,NULL,1
2357295,TDU36393,2026-07-09 20:51:51,Accounts - Reconciliation,NULL,1
2357296,TDU36394,2026-07-09 21:03:13,Rejected,NULL,1
2357297,TDU36395,2026-07-09 21:45:25,Rejected,NULL,1
2357298,TDU36396,2026-07-09 22:01:07,Rejected,NULL,1
2357299,TDU36397,2026-07-09 22:07:25,Rejected,NULL,1
2357300,TDU36398,2026-07-09 22:13:53,Rejected,NULL,1
2357301,TDU36399,2026-07-09 22:17:07,Rejected,NULL,1
2357302,TDU36400,2026-07-09 22:30:39,Rejected,NULL,1
2357303,TDU36401,2026-07-09 22:46:14,Rejected,NULL,1
2357304,TDU36402,2026-07-09 23:27:23,Rejected,NULL,1
2357305,TDU27337G,2026-07-10 09:58:09,Created,NULL,1
2357306,TDU27338G,2026-07-10 10:26:05,Created,NULL,1
2357307,TDU27339G,2026-07-10 10:45:56,Created,NULL,1
2357308,TDU27340G,2026-07-10 11:53:00,Rejected,NULL,1
2357309,TDU36403,2026-07-10 13:04:50,Created,NULL,1
2357310,TDU27341G,2026-07-10 13:13:50,Accepted,NULL,1
2357311,TDU27342G,2026-07-10 13:34:00,Rejected,NULL,1
2357312,TDU27343G,2026-07-10 14:32:23,Created,NULL,1
2357313,TDU36404,2026-07-10 20:57:58,Rejected,NULL,1
2357314,TDU36405,2026-07-10 21:10:16,Rejected,NULL,1
2357315,TDU36406,2026-07-10 21:38:35,Created,NULL,1
2357316,TDU36407,2026-07-10 22:03:42,Rejected,NULL,1
2357317,TDU27344G,2026-07-11 14:23:51,Accepted,NULL,1
2357318,TDU27345G,2026-07-11 15:55:13,Rejected,NULL,1
2357319,TDU36408,2026-07-11 17:07:55,Rejected,NULL,1
2357320,TDU36409,2026-07-11 18:45:08,Rejected,NULL,1
2357321,TDU36410,2026-07-11 20:16:22,Created,NULL,1
2357322,TDU36411,2026-07-11 21:05:10,Created,NULL,1
2357323,TDU36412,2026-07-11 21:05:13,Rejected,NULL,1
2357324,TDU36413,2026-07-11 21:18:40,Rejected After Confrmation QA pending,NULL,1
2357325,TDU36414,2026-07-11 21:23:47,Rejected,NULL,1
2357326,TDU36415,2026-07-11 21:28:33,Created,NULL,1
2357327,TDU36416,2026-07-11 21:39:59,Created,NULL,1
2357328,TDU36417,2026-07-11 21:55:07,Rejected After Confrmation QA pending,NULL,1
2357329,TDU36418,2026-07-11 22:08:37,Rejected,NULL,1
2357330,TDU36419,2026-07-11 22:41:30,Created,NULL,1
2357331,TDU27346G,2026-07-11 22:44:33,Rejected,NULL,1
2357332,TDU27347G,2026-07-13 11:35:08,Created,NULL,1
2357333,TDU27348G,2026-07-13 11:58:06,Rejected,NULL,1
2357334,TDU36420,2026-07-13 16:10:30,Created,NULL,1
2357335,TDU36421,2026-07-13 16:20:02,Rejected,NULL,1
2357336,TDU36422,2026-07-13 16:42:09,Created,NULL,1
2357337,TDU36423,2026-07-13 18:26:53,Created,NULL,1
2357338,TDU36424,2026-07-13 21:34:30,Rejected,NULL,1
2357339,TDU36425,2026-07-13 23:17:54,Rejected,NULL,1
2357340,TDU27349G,2026-07-14 02:02:31,Rejected,NULL,1
2357341,TDU27350G,2026-07-14 05:36:08,Auto Rejected,NULL,1
2357342,TDU27351G,2026-07-14 09:39:56,Created,NULL,1
2357343,TDU27352G,2026-07-14 11:09:05,Created,NULL,1
2357344,TDU36426,2026-07-14 11:16:58,Created,NULL,1
2357345,TDU36427,2026-07-14 11:42:08,Rejected,NULL,1
2357346,TDU36428,2026-07-14 17:35:19,Rejected,NULL,1
2357347,TDU36429,2026-07-14 18:01:08,Rejected,NULL,1
2357348,TDU36430,2026-07-14 20:11:23,Rejected,NULL,1
2357349,TDU36431,2026-07-14 20:19:55,Rejected,NULL,1
2357350,TDU36432,2026-07-14 20:44:06,Rejected,NULL,1
2357351,TDU36433,2026-07-14 20:48:06,Rejected,NULL,1
2357352,TDU36434,2026-07-14 21:07:56,Rejected,NULL,1
2357353,TDU36435,2026-07-14 22:10:32,Rejected,NULL,1
2357354,TDU36436,2026-07-14 22:23:05,Rejected,NULL,1
2357355,TDU36437,2026-07-14 23:52:15,Rejected,NULL,1
2357356,TDU36438,2026-07-15 09:39:59,Rejected,NULL,1
2357357,TDU36439,2026-07-15 12:21:57,Created,NULL,1
2357358,TDU36440,2026-07-15 13:21:35,Created,NULL,1
2357359,TDU36441,2026-07-15 14:47:31,Created,NULL,1
2357360,TDU36442,2026-07-15 14:58:51,Accepted,NULL,1
2357361,TDU27353G,2026-07-15 15:01:21,Created,NULL,1
2357362,TDU36443,2026-07-15 16:50:40,Accounts - Reconciliation,NULL,1
2357363,TDU36444,2026-07-15 18:35:34,Accepted,NULL,1
2357364,TDU36445,2026-07-15 19:18:59,Rejected,NULL,1
2357365,TDU36446,2026-07-15 20:24:18,Created,NULL,1
2357366,TDU36447,2026-07-15 20:25:56,Created,NULL,1
2357367,TDU36448,2026-07-15 20:47:20,Rejected,NULL,1
2357368,TDU36449,2026-07-15 20:48:35,Rejected,NULL,1
2357369,TDU36450,2026-07-15 20:50:39,Rejected,NULL,1
2357370,TDU36451,2026-07-15 21:00:42,Rejected,NULL,1
2357371,TDU36452,2026-07-15 21:10:45,Rejected,NULL,1
2357372,TDU36453,2026-07-15 21:25:54,Auto Rejected,NULL,1
2357373,TDU36454,2026-07-15 21:31:18,Rejected,NULL,1
2357374,TDU36455,2026-07-15 21:51:41,Rejected,NULL,1
2357375,TDU36456,2026-07-15 22:44:54,Rejected,NULL,1
2357376,TDU36457,2026-07-15 22:50:59,Rejected,NULL,1
2357377,TDU36458,2026-07-16 09:55:49,Auto Rejected,NULL,1
2357378,TDU27354G,2026-07-16 09:56:30,Created,NULL,1
2357379,TDU36459,2026-07-16 10:00:39,Auto Rejected,NULL,1
2357380,TDU27355G,2026-07-16 11:08:35,Rejected,NULL,1
2357381,TDU27356G,2026-07-16 13:43:25,Created,NULL,1
2357382,TDU36460,2026-07-16 14:48:03,Rejected,NULL,1
2357383,TDU36461,2026-07-16 14:59:55,Rejected,NULL,1
2357384,TDU36462,2026-07-16 15:04:03,Accounts - Reconciliation,NULL,1
2357385,TDU36463,2026-07-16 15:13:46,Lead,NULL,1
2357386,TDU27357G,2026-07-16 17:25:07,Created,NULL,1
2357387,TDU36464,2026-07-16 17:39:02,Lead,NULL,1
2357388,TDU36465,2026-07-16 17:59:01,Created,NULL,1
2357389,TDU36466,2026-07-16 18:06:39,Created,NULL,1
2357390,TDU36467,2026-07-16 18:11:54,Created,NULL,1
2357391,TDU36468,2026-07-16 18:38:06,Created,NULL,1
2357392,TDU36469,2026-07-16 20:24:43,Accepted,NULL,1
2357393,TDU36470,2026-07-16 20:59:43,Created,NULL,1
2357394,TDU36471,2026-07-16 21:13:36,Rejected,NULL,1
2357395,TDU36472,2026-07-16 21:15:24,Rejected,NULL,1
2357396,TDU36473,2026-07-16 21:52:20,Rejected,NULL,1
2357397,TDU36474,2026-07-16 23:16:20,Rejected,NULL,1
2357398,TDU36475,2026-07-16 23:30:26,Created,NULL,1
2357399,TDU36476,2026-07-16 23:41:39,Lead,NULL,1
2357400,TDU36477,2026-07-16 23:48:19,Created,NULL,1
2357401,TDU36478,2026-07-16 23:58:08,Rejected,NULL,1
2357402,TDU36479,2026-07-17 10:09:35,Delivered,NULL,1
2357403,TDU36480,2026-07-17 15:14:54,Accepted,NULL,1
2357404,TDU36481,2026-07-17 16:52:20,Accounts - Reconciliation,NULL,1
2357405,TDU27358G,2026-07-17 17:00:14,Created,NULL,1
2357406,TDU36482,2026-07-17 17:15:33,Rejected After Confrmation QA pending,NULL,1
2357407,TDU27359G,2026-07-17 18:03:49,Rejected,NULL,1
2357408,TDU36483,2026-07-17 18:08:59,Created,NULL,1
2357409,TDU27360G,2026-07-17 19:02:58,Created,NULL,1
2357410,TDU36484,2026-07-17 19:07:56,Created,NULL,1
2357411,TDU27361G,2026-07-17 19:50:28,Created,NULL,1
2357412,TDU36485,2026-07-17 20:04:35,Rejected,NULL,1
2357413,TDU36486,2026-07-17 22:00:59,Created,NULL,1
2357414,TDU36487,2026-07-17 22:02:36,Created,NULL,1
2357415,TDU36488,2026-07-17 22:13:14,Created,NULL,1
2357416,TDU36489,2026-07-17 23:01:15,Rejected,NULL,1
2357417,TDU36490,2026-07-18 15:50:35,Lead,NULL,1
2357418,TDU36491,2026-07-18 15:58:27,Rejected,NULL,1
2357419,TDU36492,2026-07-18 17:16:13,Lead,NULL,1
2357420,TDU36493,2026-07-18 17:19:36,Lead,NULL,1
2357421,TDU36494,2026-07-18 17:20:08,Rejected,NULL,1
2357422,TDU36495,2026-07-18 17:29:53,Lead,NULL,1
2357423,TDU36496,2026-07-18 17:31:25,Rejected,NULL,1
2357424,TDU36497,2026-07-18 17:33:26,Rejected,NULL,1
2357425,TDU36498,2026-07-18 17:47:50,Created,NULL,1
2357426,TDU36499,2026-07-18 18:11:09,Rejected,NULL,1
2357427,TDU36500,2026-07-18 18:21:17,Rejected,NULL,1
2357428,TDU36501,2026-07-18 18:23:58,Created,NULL,1
2357429,TDU36502,2026-07-18 18:54:00,Lead,NULL,1
2357430,TDU36503,2026-07-18 18:56:21,Lead,NULL,1
2357431,TDU27362G,2026-07-18 20:01:52,Created,NULL,1
2357432,TDU36504,2026-07-18 20:30:12,Rejected,NULL,1
2357433,TDU36505,2026-07-18 20:49:20,Rejected,NULL,1
2357434,TDU36506,2026-07-18 20:58:38,Rejected,NULL,1
2357435,TDU36507,2026-07-18 21:06:12,Created,NULL,1
2357436,TDU36508,2026-07-18 21:18:53,Rejected,NULL,1
2357437,TDU36509,2026-07-18 21:31:16,Accounts - Reconciliation,NULL,1
2357438,TDU36510,2026-07-18 22:20:51,Requote,NULL,1
2357439,TDU27363G,2026-07-19 17:24:09,Created,NULL,1
2357440,TDU27364G,2026-07-19 17:43:13,Created,NULL,1
2357441,TDU27365G,2026-07-19 17:56:23,Created,NULL,1
2357442,TDU27366G,2026-07-20 11:37:48,Created,NULL,1
2357443,TDU27367G,2026-07-20 13:37:38,Created,NULL,1
2357444,TDU36511,2026-07-20 15:03:44,Lead,NULL,1
2357445,TDU36512,2026-07-20 15:19:32,Created,NULL,1
2357446,TDU27368G,2026-07-20 15:39:53,Created,NULL,1
2357447,TDU36513,2026-07-20 15:47:14,Rejected,NULL,1
2357448,TDU27369G,2026-07-20 15:47:39,Created,NULL,1
2357449,TDU36514,2026-07-20 15:53:53,Lead,NULL,1
2357450,TDU36515,2026-07-20 16:01:25,Lead,NULL,1
2357451,TDU36516,2026-07-20 17:58:04,Rejected,NULL,1
2357452,TDU36517,2026-07-20 18:38:01,Created,NULL,1
2357453,TDU36518,2026-07-20 19:18:46,Created,NULL,1
2357454,TDU36519,2026-07-20 22:33:32,Accepted,NULL,1
2357455,TDU27370G,2026-07-20 22:38:46,Rejected,NULL,1
2357456,TDU36520,2026-07-20 23:18:31,Rejected,NULL,1
2357457,TDU27371G,2026-07-21 03:42:34,Rejected,NULL,1
2357458,TDU27372G,2026-07-21 10:08:52,Lead,NULL,1
2357459,TDU36521,2026-07-21 10:12:06,Created,NULL,1
2357460,TDU36522,2026-07-21 10:46:45,Rejected,NULL,1
2357461,TDU36523,2026-07-21 15:10:06,Created,NULL,1
2357462,TDU36524,2026-07-21 16:35:34,Requote,NULL,1
2357463,TDU36525,2026-07-21 18:43:39,Rejected,NULL,1
2357464,TDU36526,2026-07-21 20:07:01,Rejected,NULL,1
2357465,TDU36527,2026-07-21 20:08:27,Rejected,NULL,1
2357466,TDU36528,2026-07-21 20:35:24,Requote,NULL,1
2357467,TDU36529,2026-07-21 21:17:53,Rejected,NULL,1
2357468,TDU36530,2026-07-21 22:02:23,Rejected,NULL,1
2357469,TDU36531,2026-07-21 22:08:56,Created,NULL,1
2357470,TDU36532,2026-07-21 22:38:09,Requote,NULL,1
2357471,TDU27373G,2026-07-21 22:56:36,Created,NULL,1
2357472,TDU27374G,2026-07-22 07:40:14,Lead,NULL,1
2357473,TDU27375G,2026-07-22 07:42:32,Created,NULL,1
2357474,TDU27376G,2026-07-22 07:48:20,Created,NULL,1
2357475,TDU36533,2026-07-22 10:54:21,Accepted,NULL,1
2357476,TDU36534,2026-07-22 15:20:28,Created,NULL,1
2357477,TDU36535,2026-07-22 15:34:14,Accepted,NULL,1
2357478,TDU36536,2026-07-22 16:07:16,Created,NULL,1
2357479,TDU27377G,2026-07-22 16:18:56,Created,NULL,1
2357480,TDU36537,2026-07-22 16:34:55,Rejected,NULL,1
2357481,TDU36538,2026-07-22 17:13:18,Created,NULL,1
2357482,TDU36539,2026-07-22 17:48:39,Rejected,NULL,1
2357483,TDU27378G,2026-07-22 19:58:39,Rejected,NULL,1
2357484,TDU36540,2026-07-22 21:34:43,Rejected,NULL,1
2357485,TDU36541,2026-07-22 21:42:11,Rejected,NULL,1
2357486,TDU36542,2026-07-22 21:54:50,Rejected,NULL,1
2357487,TDU36543,2026-07-22 22:10:30,Rejected,NULL,1
2357488,TDU36544,2026-07-22 22:24:04,Rejected,NULL,1
2357489,TDU36545,2026-07-22 22:35:19,Rejected,NULL,1
2357490,TDU36546,2026-07-22 23:00:50,Rejected,NULL,1
2357491,TDU36547,2026-07-22 23:07:12,Rejected,NULL,1
2357492,TDU36548,2026-07-22 23:15:52,Created,NULL,1
2357493,TDU36549,2026-07-22 23:31:57,Created,NULL,1
2357494,TDU36550,2026-07-22 23:42:14,Rejected,NULL,1
2357495,TDU27379G,2026-07-23 09:28:04,Created,NULL,1
2357496,TDU36551,2026-07-23 11:39:44,Rejected,NULL,1
2357497,TDU36552,2026-07-23 18:28:07,Created,NULL,1
2357498,TDU36553,2026-07-23 19:34:01,Rejected,NULL,1
2357499,TDU27380G,2026-07-23 19:37:39,Created,NULL,1
2357500,TDU36554,2026-07-23 20:05:42,Rejected,NULL,1
2357501,TDU27381G,2026-07-23 20:31:21,Created,NULL,1
2357502,TDU36555,2026-07-23 20:58:17,Rejected,NULL,1
2357503,TDU36556,2026-07-23 21:23:53,Created,NULL,1
2357504,TDU36557,2026-07-23 21:57:08,Created,NULL,1
2357505,TDU36558,2026-07-23 22:30:34,Rejected,NULL,1
2357506,TDU36559,2026-07-23 23:28:50,Rejected,NULL,1
2357507,TDU27382G,2026-07-23 23:55:29,Created,NULL,1
2357508,TDU27383G,2026-07-24 09:03:43,Created,NULL,1
2357509,TDU36560,2026-07-24 18:14:30,Created,NULL,1
2357510,TDU36561,2026-07-24 18:18:39,Created,NULL,1
2357511,TDU36562,2026-07-24 18:36:37,Created,NULL,1
2357512,TDU36563,2026-07-24 18:50:58,Rejected,NULL,1
2357513,TDU36564,2026-07-24 20:05:59,Rejected,NULL,1
2357514,TDU36565,2026-07-24 21:17:13,Rejected,NULL,1
2357515,TDU36566,2026-07-24 21:21:05,Rejected,NULL,1
2357516,TDU36567,2026-07-24 21:28:48,Rejected,NULL,1
2357517,TDU36568,2026-07-24 21:49:13,Rejected,NULL,1
2357518,TDU27384G,2026-07-24 21:57:30,Created,NULL,1
2357519,TDU27385G,2026-07-25 12:35:12,Created,NULL,1
2357520,TDU27386G,2026-07-25 13:04:29,Created,NULL,1
2357521,TDU27387G,2026-07-25 14:34:35,Created,NULL,1
2357522,TDU36569,2026-07-25 14:49:42,Created,NULL,1
2357523,TDU27388G,2026-07-25 15:02:56,Created,NULL,1
2357524,TDU27389G,2026-07-25 15:28:43,Created,NULL,1
2357525,TDU36570,2026-07-25 16:07:10,Created,NULL,1
2357526,TDU36571,2026-07-25 16:16:09,Rejected,NULL,1
2357527,TDU27390G,2026-07-25 16:37:00,Created,NULL,1
2357528,TDU36572,2026-07-25 16:38:56,Created,NULL,1
2357529,TDU27391G,2026-07-25 16:41:27,Created,NULL,1
2357530,TDU36573,2026-07-25 16:49:47,Rejected,NULL,1
2357531,TDU36574,2026-07-25 17:03:26,Rejected,NULL,1
2357532,TDU27392G,2026-07-25 17:17:19,Created,NULL,1
2357533,TDU36575,2026-07-25 17:31:11,Accepted,NULL,1
2357534,TDU36576,2026-07-25 17:42:45,Rejected,NULL,1
2357535,TDU36577,2026-07-25 18:04:07,Rejected,NULL,1
2357536,TDU36578,2026-07-25 18:22:05,Rejected,NULL,1
2357537,TDU36579,2026-07-25 18:31:19,Created,NULL,1
2357538,TDU36580,2026-07-25 19:00:23,Rejected,NULL,1
2357539,TDU36581,2026-07-25 19:05:47,Created,NULL,1
2357540,TDU36582,2026-07-25 21:10:33,Created,NULL,1
2357541,TDU36583,2026-07-25 21:20:28,Created,NULL,1
2357542,TDU27393G,2026-07-26 06:01:40,Created,NULL,1
2357543,TDU27394G,2026-07-26 08:47:58,Created,NULL,1
2357544,TDU27395G,2026-07-27 03:07:59,Created,NULL,1
2357545,TDU27396G,2026-07-27 09:31:03,Created,NULL,1
2357546,TDU27397G,2026-07-27 11:29:24,Rejected,NULL,1
2357547,TDU27398G,2026-07-27 11:50:55,Lead,NULL,1
2357548,TDU27399G,2026-07-27 12:36:59,Created,NULL,1
2357549,TDU27400G,2026-07-27 14:28:18,Rejected,NULL,1
2357550,TDU36584,2026-07-27 14:50:07,Rejected,NULL,1
2357551,TDU36585,2026-07-27 16:58:48,Rejected,NULL,1
2357552,TDU36586,2026-07-27 17:28:19,Created,NULL,1
2357553,TDU36587,2026-07-27 17:40:06,Rejected,NULL,1
2357554,TDU36588,2026-07-27 19:31:20,Accepted,NULL,1
2357555,TDU36589,2026-07-27 20:14:37,Accepted,NULL,1
2357556,TDU36590,2026-07-27 20:19:08,Rejected,NULL,1
2357557,TDU27401G,2026-07-27 21:07:25,Created,NULL,1
2357558,TDU36591,2026-07-27 23:11:10,Accepted,NULL,1
2357559,TDU27402G,2026-07-27 23:29:42,Rejected,NULL,1
2357560,TDU27403G,2026-07-28 07:11:26,Created,NULL,1
2357561,TDU27404G,2026-07-28 08:59:20,Created,NULL,1
2357562,TDU27405G,2026-07-28 09:01:05,Created,NULL,1
2357563,TDU27406G,2026-07-28 09:20:27,Created,NULL,1
2357564,TDU27407G,2026-07-28 09:29:33,Rejected,NULL,1
2357565,TDU27408G,2026-07-28 14:57:27,Created,NULL,1
2357566,TDU36592,2026-07-28 17:53:32,Rejected,NULL,1
2357567,TDU36593,2026-07-28 17:58:06,Rejected,NULL,1
2357568,TDU36594,2026-07-28 19:02:16,Created,NULL,1
2357569,TDU36595,2026-07-28 19:03:36,Rejected,NULL,1
2357570,TDU36596,2026-07-28 20:20:25,Created,NULL,1
2357571,TDU36597,2026-07-28 20:48:59,Created,NULL,1
2357572,TDU36598,2026-07-28 21:01:02,Rejected,NULL,1
2357573,TDU36599,2026-07-28 22:23:16,Rejected,NULL,1
2357574,TDU36600,2026-07-28 23:02:11,Accepted,NULL,1
2357575,TDU27409G,2026-07-29 01:33:32,Created,NULL,1
2357576,TDU27410G,2026-07-29 07:23:43,Created,NULL,1
2357577,TDU36601,2026-07-29 07:37:09,Lead,NULL,1
2357578,TDU36602,2026-07-29 14:55:35,Created,NULL,1
2357579,TDU27411G,2026-07-29 16:25:31,Auto Rejected,NULL,1
2357580,TDU36603,2026-07-29 16:26:35,Accounts - Reconciliation,NULL,1
2357581,TDU36604,2026-07-29 16:41:06,Rejected,NULL,1
2357582,TDU36605,2026-07-29 17:15:03,Created,NULL,1
2357583,TDU36606,2026-07-29 17:23:37,Created,NULL,1
2357584,TDU36607,2026-07-29 19:09:25,Created,NULL,1
2357585,TDU36608,2026-07-29 19:10:46,Rejected,NULL,1
2357586,TDU36609,2026-07-29 20:18:25,Rejected,NULL,1
2357587,TDU36610,2026-07-29 21:46:57,Created,NULL,1
2357588,TDU36611,2026-07-29 22:06:26,Rejected,NULL,1
2357589,TDU36612,2026-07-29 22:19:42,Rejected,NULL,1
2357590,TDU36613,2026-07-29 22:19:58,Rejected,NULL,1
2357591,TDU36614,2026-07-29 22:28:27,Accounts - Reconciliation,NULL,1
2357592,TDU27412G,2026-04-23 16:47:26,Accepted,NULL,1
2357593,TDU36615,2026-07-30 12:40:47,Created,NULL,1
2357594,TDU36616,2026-07-30 13:10:56,Created,NULL,1
2357595,TDU27413G,2026-07-30 14:35:05,Accepted,NULL,1
2357596,TDU36617,2026-07-30 14:51:33,Created,NULL,1
2357597,TDU36618,2026-07-30 14:56:35,Rejected,NULL,1
2357598,TDU36619,2026-07-30 15:00:20,Accepted,NULL,1
2357599,TDU36620,2026-07-30 15:25:22,Created,NULL,1
2357600,TDU36621,2026-07-30 15:37:10,Auto Rejected,NULL,1
2357601,TDU27414G,2026-07-30 15:40:44,Created,NULL,1
2357602,TDU36622,2026-07-30 16:02:31,Rejected,NULL,1
2357603,TDU36623,2026-07-30 16:21:36,Created,NULL,1
2357604,TDU36624,2026-07-30 16:39:25,Created,NULL,1
2357605,TDU36625,2026-07-30 16:39:25,Rejected,NULL,1
2357606,TDU36626,2026-07-30 16:53:56,Created,NULL,1
2357607,TDU36627,2026-07-30 17:03:07,Created,NULL,1
2357608,TDU36628,2026-07-30 17:08:11,Created,NULL,1
2357609,TDU36629,2026-07-30 17:34:09,Rejected,NULL,1
2357610,TDU36630,2026-07-30 17:34:15,Accepted,NULL,1
2357611,TDU36631,2026-07-30 17:43:03,Rejected,NULL,1
2357612,TDU27415G,2026-07-30 22:07:22,Created,NULL,1
2357613,TDU27416G,2026-07-31 00:19:28,Created,NULL,1
2357614,TDU27417G,2026-07-31 11:07:45,Auto Rejected,NULL,1
2357615,TDU27418G,2026-07-31 12:02:24,Lead,NULL,1
2357616,TDU27419G,2026-07-31 12:40:56,Created,NULL,1
2357617,TDU27420G,2026-07-31 14:18:44,Created,NULL,1
2357618,TDU36632,2026-07-31 14:37:09,Created,NULL,1
2357619,TDU36633,2026-07-31 15:27:04,Created,NULL,1
2357620,TDU36634,2026-07-31 16:05:08,Rejected,NULL,1
2357621,TDU36635,2026-07-31 16:21:55,Created,NULL,1
2357622,TDU36636,2026-07-31 16:37:03,Created,NULL,1
2357623,TDU36637,2026-07-31 17:03:47,Created,NULL,1
2357624,TDU36638,2026-07-31 17:38:05,Created,NULL,1
2357625,TDU36639,2026-07-31 18:58:32,Created,NULL,1
2357626,TDU36640,2026-07-31 20:00:40,Requote,NULL,1
2357627,TDU36641,2026-07-31 20:14:54,Rejected,NULL,1
2357628,TDU36642,2026-07-31 21:53:05,Created,NULL,1
2357629,TDU36643,2026-07-31 21:55:57,Rejected,NULL,1
2357630,TDU36644,2026-07-31 22:09:49,Created,NULL,1
2357631,TDU36645,2026-07-31 23:01:23,Created,NULL,1
2357632,TDU36646,2026-07-31 23:02:35,Rejected,NULL,1
2357633,TDU36647,2026-07-31 23:36:49,Rejected,NULL,1
2357634,TDU36648,2026-07-31 23:51:26,Created,NULL,1
2357635,TDU36649,2026-08-01 14:28:37,Accepted,NULL,1
2357636,TDU36650,2026-08-01 14:38:22,Created,NULL,1
2357637,TDU36651,2026-08-01 15:09:03,Created,NULL,1
2357638,TDU27421G,2026-08-01 15:23:25,Created,NULL,1
2357639,TDU36652,2026-08-01 16:58:35,Rejected,NULL,1
2357640,TDU27422G,2026-08-01 17:18:37,Created,NULL,1
2357641,TDU36653,2026-08-01 17:32:25,Accepted,NULL,1
2357642,TDU36654,2026-08-01 18:12:03,Created,NULL,1
2357643,TDU36655,2026-08-01 18:32:22,Created,NULL,1
2357644,TDU36656,2026-08-01 18:33:11,Created,NULL,1
2357645,TDU27423G,2026-08-01 18:52:56,Accepted,NULL,1
2357646,TDU36657,2026-08-01 19:20:12,Rejected,NULL,1
2357647,TDU36658,2026-08-01 20:50:08,Rejected,NULL,1
2357648,TDU36659,2026-08-01 21:52:17,Rejected,NULL,1
2357649,TDU36660,2026-08-01 21:57:11,Created,NULL,1
2357650,TDU36661,2026-08-01 22:06:20,Created,NULL,1
2357651,TDU36662,2026-08-01 22:16:16,Created,NULL,1
2357652,TDU36663,2026-08-01 22:52:55,Rejected,NULL,1
2357653,TDU36664,2026-08-01 23:10:00,Created,NULL,1
2357654,TDU36665,2026-08-01 23:10:20,Requote,NULL,1
2357655,TDU36666,2026-08-01 23:15:31,Created,NULL,1
2357656,TDU36667,2026-08-01 23:47:01,Created,NULL,1
2357657,TDU36668,2026-08-02 00:06:26,Created,NULL,1
2357658,TDU27424G,2026-08-02 02:31:42,Created,NULL,1
2357659,TDU27425G,2026-08-02 03:33:51,Created,NULL,1
2357660,TDU36669,2026-08-03 10:31:14,Rejected,NULL,1
2357661,TDU27426G,2026-08-03 10:32:15,Created,NULL,1
2357662,TDU27427G,2026-08-03 10:47:29,Created,NULL,1
2357663,TDU27428G,2026-08-03 11:09:37,Lead,NULL,1
2357664,TDU27429G,2026-08-03 13:41:38,Created,NULL,1
2357665,TDU36670,2026-08-03 15:13:23,Accepted,NULL,1
2357666,TDU36671,2026-08-03 16:38:59,Rejected,NULL,1
2357667,TDU36672,2026-08-03 16:49:00,Accepted,NULL,1
2357668,TDU36673,2026-08-03 17:06:59,Rejected,NULL,1
2357669,TDU36674,2026-08-03 17:35:52,Created,NULL,1
2357670,TDU27430G,2026-08-03 18:13:43,Created,NULL,1
2357671,TDU36675,2026-08-03 18:28:01,Created,NULL,1
2357672,TDU36676,2026-08-03 18:51:32,Created,NULL,1
2357673,TDU36677,2026-08-03 19:40:07,Rejected,NULL,1
2357674,TDU36678,2026-08-03 19:50:09,Created,NULL,1
2357675,TDU36679,2026-08-03 20:04:51,Created,NULL,1
2357676,TDU36680,2026-08-03 21:50:05,Rejected,NULL,1
2357677,TDU27431G,2026-08-03 22:36:40,Created,NULL,1
2357678,TDU27432G,2026-08-04 12:07:26,Created,NULL,1
2357679,TDU27433G,2026-08-04 12:29:44,Created,NULL,1
2357680,TDU27434G,2026-08-04 13:45:28,Created,NULL,1
2357681,TDU36681,2026-08-04 14:38:37,Created,NULL,1
2357682,TDU27435G,2026-08-04 14:42:12,Created,NULL,1
2357683,TDU27436G,2026-08-04 14:57:28,Lead,NULL,1
2357684,TDU36682,2026-08-04 15:12:06,Created,NULL,1
2357685,TDU36683,2026-08-04 15:18:50,Created,NULL,1
2357686,TDU36684,2026-08-04 15:46:13,Created,NULL,1
2357687,TDU36685,2026-08-04 16:09:33,Created,NULL,1
2357688,TDU36686,2026-08-04 16:26:26,Created,NULL,1
2357689,TDU36687,2026-08-04 16:43:05,Created,NULL,1
2357690,TDU36688,2026-08-04 17:08:01,Created,NULL,1
2357691,TDU36689,2026-08-04 17:44:59,Created,NULL,1
2357692,TDU36690,2026-08-04 18:40:22,Rejected,NULL,1
2357693,TDU36691,2026-08-04 20:43:54,Rejected,NULL,1
2357694,TDU36692,2026-08-04 21:50:47,Created,NULL,1
2357695,TDU36693,2026-08-04 21:57:37,Created,NULL,1
2357696,TDU36694,2026-08-04 21:59:22,Created,NULL,1
2357697,TDU36695,2026-08-04 22:26:02,Created,NULL,1
2357698,TDU36696,2026-08-04 22:52:18,Created,NULL,1
2357699,TDU36697,2026-08-04 22:56:41,Rejected,NULL,1
2357700,TDU36698,2026-08-04 23:08:58,Created,NULL,1
2357701,TDU36699,2026-08-04 23:13:38,Created,NULL,1
2357702,TDU36700,2026-08-04 23:25:05,Rejected,NULL,1
2357703,TDU27437G,2026-08-05 13:34:02,Lead,NULL,1
2357704,TDU27438G,2026-08-05 13:48:23,Created,NULL,1
2357705,TDU36701,2026-08-05 14:50:36,Created,NULL,1
2357706,TDU36702,2026-08-05 14:55:39,Created,NULL,1
2357707,TDU36703,2026-08-05 15:20:27,Created,NULL,1
2357708,TDU36704,2026-08-05 16:03:57,Created,NULL,1
2357709,TDU36705,2026-08-05 16:31:42,Created,NULL,1
2357710,TDU27439G,2026-08-05 16:33:54,Created,NULL,1
2357711,TDU36706,2026-08-05 16:53:11,Rejected,NULL,1
2357712,TDU27440G,2026-08-05 17:08:07,Lead,NULL,1
2357713,TDU36707,2026-08-05 17:12:03,Rejected,NULL,1
2357714,TDU36708,2026-08-05 17:37:58,Created,NULL,1
2357715,TDU36709,2026-08-05 18:06:50,Rejected,NULL,1
2357716,TDU36710,2026-08-05 18:35:45,Created,NULL,1
2357717,TDU36711,2026-08-05 18:48:12,Created,NULL,1
2357718,TDU36712,2026-08-05 18:55:49,Created,NULL,1
2357719,TDU27441G,2026-08-05 18:58:24,Created,NULL,1
2357720,TDU36713,2026-08-05 20:14:01,Created,NULL,1
2357721,TDU36714,2026-08-05 20:18:30,Rejected,NULL,1
2357722,TDU27442G,2026-08-05 22:29:33,Created,NULL,1
2357723,TDU36715,2026-08-05 22:47:42,Created,NULL,1
2357724,TDU27443G,2026-08-06 08:13:48,Lead,NULL,1
2357725,TDU27444G,2026-08-06 09:00:15,Created,NULL,1
2357726,TDU36716,2026-08-06 14:37:48,Created,NULL,1
2357727,TDU36717,2026-08-06 15:12:45,Created,NULL,1
2357728,TDU36718,2026-08-06 15:14:15,Requote,NULL,1
2357729,TDU36719,2026-08-06 15:48:20,Created,NULL,1
2357730,TDU36720,2026-08-06 16:19:47,Created,NULL,1
2357731,TDU36721,2026-08-06 16:45:06,Created,NULL,1
2357732,TDU36722,2026-08-06 16:53:56,Created,NULL,1
2357733,TDU36723,2026-08-06 17:06:31,Rejected,NULL,1
2357734,TDU36724,2026-08-06 17:33:48,Created,NULL,1
2357735,TDU36725,2026-08-06 17:56:46,Rejected,NULL,1
2357736,TDU36726,2026-08-06 18:29:41,Created,NULL,1
2357737,TDU27445G,2026-08-06 18:45:09,Created,NULL,1
2357738,TDU36727,2026-08-06 19:52:43,Created,NULL,1
2357739,TDU36728,2026-08-06 19:53:31,Rejected,NULL,1
2357740,TDU36729,2026-08-06 20:06:37,Created,NULL,1
2357741,TDU36730,2026-08-06 20:17:31,Created,NULL,1
2357742,TDU36731,2026-08-06 20:54:25,Created,NULL,1
2357743,TDU36732,2026-08-06 21:00:15,Created,NULL,1
2357744,TDU36733,2026-08-06 21:04:43,Created,NULL,1
2357745,TDU36734,2026-08-06 21:05:28,Accepted,NULL,1
2357746,TDU36735,2026-08-06 21:41:49,Created,NULL,1
2357747,TDU36736,2026-08-06 22:09:26,Auto Rejected,NULL,1
2357748,TDU27446G,2026-08-06 22:09:26,Created,NULL,1
2357749,TDU27447G,2026-08-06 23:55:21,Created,NULL,1
2357750,TDU27448G,2026-08-06 23:56:19,Created,NULL,1
2357751,TDU27449G,2026-08-07 00:32:49,Created,NULL,1
2357752,TDU27450G,2026-08-07 00:34:28,Created,NULL,1
2357753,TDU27451G,2026-08-07 08:30:13,Created,NULL,1
2357754,TDU27452G,2026-08-07 09:08:03,Created,NULL,1
2357755,TDU27453G,2026-08-07 10:23:29,Created,NULL,1
2357756,TDU27454G,2026-08-07 13:02:24,Rejected,NULL,1
2357757,TDU36737,2026-08-07 15:31:49,Auto Rejected,NULL,1
2357758,TDU36738,2026-08-07 15:51:38,Created,NULL,1
2357759,TDU36739,2026-08-07 16:11:03,Created,NULL,1
2357760,TDU27455G,2026-08-07 16:28:50,Created,NULL,1
2357761,TDU27456G,2026-08-07 16:41:34,Created,NULL,1
2357762,TDU36740,2026-08-07 16:46:54,Rejected,NULL,1
2357763,TDU36741,2026-08-07 17:00:43,Accepted,NULL,1
2357764,TDU36742,2026-08-07 17:09:36,Created,NULL,1
2357765,TDU36743,2026-08-07 17:25:33,Created,NULL,1
2357766,TDU36744,2026-08-07 17:28:37,Rejected,NULL,1
2357767,TDU36745,2026-08-07 17:47:27,Created,NULL,1
2357768,TDU36746,2026-08-07 18:05:16,Rejected,NULL,1
2357769,TDU27457G,2026-08-07 18:21:04,Created,NULL,1
2357770,TDU36747,2026-08-07 18:43:21,Created,NULL,1
2357771,TDU36748,2026-08-07 19:18:23,Created,NULL,1
2357772,TDU27458G,2026-08-07 19:42:22,Created,NULL,1
2357773,TDU36749,2026-08-07 20:00:11,Created,NULL,1
2357774,TDU36750,2026-08-07 20:09:10,Created,NULL,1
2357775,TDU27459G,2026-08-07 20:14:01,Created,NULL,1
2357776,TDU36751,2026-08-07 20:43:46,Created,NULL,1
2357777,TDU36752,2026-08-07 20:45:17,Created,NULL,1
2357778,TDU27460G,2026-08-07 21:15:27,Created,NULL,1
2357779,TDU27461G,2026-08-07 21:16:39,Created,NULL,1
2357780,TDU27462G,2026-08-07 22:19:49,Created,NULL,1
2357781,TDU36753,2026-08-07 22:43:16,Created,NULL,1
2357782,TDU27463G,2026-08-07 23:27:32,Created,NULL,1
2357783,TDU36754,2026-08-08 14:31:16,Created,NULL,1
2357784,TDU36755,2026-08-08 14:36:10,Created,NULL,1
2357785,TDU36756,2026-08-08 14:49:10,Created,NULL,1
2357786,TDU36757,2026-08-08 14:53:18,Created,NULL,1
2357787,TDU36758,2026-08-08 15:01:19,Created,NULL,1
2357788,TDU36759,2026-08-08 15:12:38,Created,NULL,1
2357789,TDU36760,2026-08-08 15:29:40,Created,NULL,1
2357790,TDU36761,2026-08-08 15:58:12,Created,NULL,1
2357791,TDU36762,2026-08-08 16:23:54,Created,NULL,1
2357792,TDU36763,2026-08-08 16:28:41,Created,NULL,1
2357793,TDU36764,2026-08-08 16:53:11,Accepted,NULL,1
2357794,TDU36765,2026-08-08 17:03:36,Created,NULL,1
2357795,TDU36766,2026-08-08 19:12:34,Created,NULL,1
2357796,TDU27464G,2026-08-08 20:09:39,Rejected,NULL,1
2357797,TDU36767,2026-08-08 21:37:00,Created,NULL,1
2357798,TDU36768,2026-08-08 21:39:38,Created,NULL,1
2357799,TDU36769,2026-08-08 21:43:28,Created,NULL,1
2357800,TDU36770,2026-08-08 22:09:26,Created,NULL,1
2357801,TDU36771,2026-08-08 22:26:23,Created,NULL,1
2357802,TDU36772,2026-08-08 22:58:56,Created,NULL,1
2357803,TDU27465G,2026-08-08 23:32:52,Created,NULL,1
2357804,TDU27466G,2026-08-09 00:00:30,Created,NULL,1
2357805,TDU27467G,2026-08-09 22:55:32,Created,NULL,1
2357806,TDU27468G,2026-08-10 12:54:40,Created,NULL,1
2357807,TDU27469G,2026-08-10 12:59:01,Created,NULL,1
2357808,TDU27470G,2026-08-10 13:20:54,Lead,NULL,1
2357809,TDU27471G,2026-08-10 14:07:31,Created,NULL,1
2357810,TDU36773,2026-08-10 14:46:40,Created,NULL,1
2357811,TDU36774,2026-08-10 18:04:16,Rejected,NULL,1
2357812,TDU36775,2026-08-10 18:20:35,Created,NULL,1
2357813,TDU36776,2026-08-10 18:39:36,Created,NULL,1
2357814,TDU36777,2026-08-10 18:53:43,Created,NULL,1
2357815,TDU36778,2026-08-10 19:10:07,Created,NULL,1
2357816,TDU36779,2026-08-10 20:00:25,Created,NULL,1
2357817,TDU36780,2026-08-10 20:48:53,Rejected,NULL,1
2357818,TDU36781,2026-08-10 20:50:50,Accepted,NULL,1
2357819,TDU36782,2026-08-10 22:12:18,Created,NULL,1
2357820,TDU36783,2026-08-10 22:15:43,Accepted,NULL,1
2357821,TDU36784,2026-08-10 22:17:31,Accepted,NULL,1
2357822,TDU36785,2026-08-11 07:04:29,Lead,NULL,1
2357823,TDU27472G,2026-08-11 10:46:09,Created,NULL,1
2357824,TDU36786,2026-08-11 11:55:35,Delivered,NULL,1
2357825,TDU27473G,2026-08-11 12:19:28,Created,NULL,1
2357826,TDU36787,2026-08-11 12:22:44,Created,NULL,1
2357827,TDU36788,2026-08-11 12:30:05,Created,NULL,1
2357828,TDU27474G,2026-08-11 12:56:07,Created,NULL,1
2357829,TDU27475G,2026-08-11 12:58:09,Created,NULL,1
2357830,TDU27476G,2026-08-11 14:40:42,Rejected,NULL,1
2357831,TDU36789,2026-08-11 17:21:13,Created,NULL,1
2357832,TDU36790,2026-08-11 18:00:54,Created,NULL,1
2357833,TDU36791,2026-08-11 18:04:14,Rejected,NULL,1
2357834,TDU36792,2026-08-11 20:30:53,Created,NULL,1
2357835,TDU36793,2026-08-11 20:44:52,Created,NULL,1
2357836,TDU36794,2026-08-11 21:07:35,Created,NULL,1
2357837,TDU36795,2026-08-11 21:20:05,Rejected,NULL,1
2357838,TDU36796,2026-08-11 21:41:30,Created,NULL,1
2357839,TDU36797,2026-08-11 22:58:14,Rejected,NULL,1
2357840,TDU36798,2026-08-11 23:19:43,Created,NULL,1
2357841,TDU27477G,2026-08-12 01:15:45,Lead,NULL,1
2357842,TDU27478G,2026-08-12 01:21:17,Lead,NULL,1
2357843,TDU27479G,2026-08-12 10:12:14,Created,NULL,1
2357844,TDU27480G,2026-08-12 13:29:03,Created,NULL,1
2357845,TDU36799,2026-08-12 15:08:51,Created,NULL,1
2357846,TDU36800,2026-08-12 16:36:59,Created,NULL,1
2357847,TDU36801,2026-08-12 16:53:25,Created,NULL,1
2357848,TDU36802,2026-08-12 18:22:42,Rejected,NULL,1
2357849,TDU36803,2026-08-12 21:42:47,Created,NULL,1
2357850,TDU36804,2026-08-12 21:58:09,Created,NULL,1
2357851,TDU36805,2026-08-12 22:13:39,PRE QA - pending,NULL,1
2357852,TDU36806,2026-08-12 22:15:06,Rejected,NULL,1
2357853,TDU27481G,2026-08-12 22:38:30,Created,NULL,1
2357854,TDU36807,2026-08-12 22:46:09,Created,NULL,1
2357855,TDU36808,2026-08-12 22:53:35,Created,NULL,1
2357856,TDU36809,2026-08-12 23:02:01,Accepted,NULL,1
2357857,TDU36810,2026-08-12 23:11:02,Created,NULL,1
2357858,TDU36811,2026-08-12 23:15:05,Rejected,NULL,1
2357859,TDU27482G,2026-08-13 07:01:55,Created,NULL,1
2357860,TDU27483G,2026-08-13 07:20:59,Created,NULL,1
2357861,TDU27484G,2026-08-13 09:19:55,Lead,NULL,1
2357862,TDU36812,2026-08-13 13:22:33,Created,NULL,1
2357863,TDU27485G,2026-08-13 16:52:26,Lead,NULL,1
2357864,TDU36813,2026-08-13 17:48:30,Created,NULL,1
2357865,TDU36814,2026-08-13 18:24:01,Created,NULL,1
2357866,TDU36815,2026-08-13 18:31:07,Created,NULL,1
2357867,TDU36816,2026-08-13 18:45:36,Created,NULL,1
2357868,TDU36817,2026-08-13 18:47:02,Created,NULL,1
2357869,TDU36818,2026-08-13 18:52:54,Rejected,NULL,1
2357870,TDU36819,2026-08-13 19:07:35,Rejected,NULL,1
2357871,TDU36820,2026-08-13 19:12:57,Created,NULL,1
2357872,TDU36821,2026-08-13 19:36:35,Created,NULL,1
2357873,TDU36822,2026-08-13 19:38:35,Rejected,NULL,1
2357874,TDU36823,2026-08-13 19:48:05,Rejected,NULL,1
2357875,TDU36824,2026-08-13 20:19:38,Created,NULL,1
2357876,TDU36825,2026-08-13 20:37:26,Created,NULL,1
2357877,TDU36826,2026-08-13 20:40:58,Created,NULL,1
2357878,TDU36827,2026-08-13 21:07:11,Created,NULL,1
2357879,TDU36828,2026-08-13 21:07:51,Created,NULL,1
2357880,TDU36829,2026-08-13 21:16:10,Created,NULL,1
2357881,TDU36830,2026-08-13 21:40:54,Created,NULL,1
2357882,TDU27486G,2026-08-13 21:44:07,Created,NULL,1
2357883,TDU36831,2026-08-13 21:49:14,Created,NULL,1
2357884,TDU36832,2026-08-13 21:55:21,Created,NULL,1
2357885,TDU36833,2026-08-13 22:01:11,Created,NULL,1
2357886,TDU36834,2026-08-13 22:29:45,Created,NULL,1
2357887,TDU36835,2026-08-13 22:37:00,Rejected,NULL,1
2357888,TDU36836,2026-08-13 22:46:51,Created,NULL,1
2357889,TDU36837,2026-08-13 22:52:11,Created,NULL,1
2357890,TDU36838,2026-08-13 23:14:44,Rejected,NULL,1
2357891,TDU27487G,2026-08-14 06:17:33,Created,NULL,1
2357892,TDU27488G,2026-08-14 06:21:24,Created,NULL,1
2357893,TDU27489G,2026-08-14 06:33:02,Created,NULL,1
2357894,TDU27490G,2026-08-14 10:41:24,Created,NULL,1
2357895,TDU27491G,2026-08-14 11:41:39,Created,NULL,1
2357896,TDU27492G,2026-08-14 11:51:09,Created,NULL,1
2357897,TDU36839,2026-08-14 14:30:50,Rejected,NULL,1
2357898,TDU36840,2026-08-14 14:35:24,Accepted,NULL,1
2357899,TDU36841,2026-08-14 15:01:26,Created,NULL,1
2357900,TDU36842,2026-08-14 15:32:43,Rejected,NULL,1
2357901,TDU36843,2026-08-14 15:59:05,Created,NULL,1
2357902,TDU36844,2026-08-14 16:45:11,Created,NULL,1
2357903,TDU36845,2026-08-14 18:22:10,Created,NULL,1
2357904,TDU27493G,2026-08-14 18:59:13,Created,NULL,1
2357905,TDU36846,2026-08-14 19:13:17,Created,NULL,1
2357906,TDU36847,2026-08-14 21:08:43,Created,NULL,1
2357907,TDU36848,2026-08-14 21:23:36,Created,NULL,1
2357908,TDU36849,2026-08-14 21:53:23,Created,NULL,1
2357909,TDU36850,2026-08-14 22:09:23,Created,NULL,1
2357910,TDU36851,2026-08-14 22:24:34,Created,NULL,1
2357911,TDU36852,2026-08-14 22:29:11,Created,NULL,1
2357912,TDU36853,2026-08-14 22:46:37,Accepted,NULL,1
2357913,TDU36854,2026-08-14 23:03:32,Created,NULL,1
2357914,TDU36855,2026-08-14 23:42:31,Accepted,NULL,1
2357915,TDU27494G,2026-08-15 12:37:37,Lead,NULL,1
2357916,TDU27495G,2026-08-15 13:41:29,Lead,NULL,1
2357917,TDU36856,2026-08-16 17:30:44,Created,NULL,1
2357918,TDU27496G,2026-08-16 18:43:11,Created,NULL,1
2357919,TDU27497G,2026-08-16 19:45:48,Created,NULL,1
2357920,TDU27498G,2026-08-17 09:07:08,Created,NULL,1
2357921,TDU27499G,2026-08-17 09:55:58,Created,NULL,1
2357922,TDU27500G,2026-08-17 10:25:38,Created,NULL,1
2357923,TDU27501G,2026-08-17 11:16:06,Created,NULL,1
2357924,TDU36857,2026-08-17 14:50:18,Created,NULL,1
2357925,TDU36858,2026-08-17 14:58:49,Created,NULL,1
2357926,TDU36859,2026-08-17 15:29:55,Created,NULL,1
2357927,TDU36860,2026-08-17 16:35:27,Created,NULL,1
2357928,TDU36861,2026-08-17 17:18:09,Created,NULL,1
2357929,TDU27502G,2026-08-17 18:23:41,Auto Rejected,NULL,1
2357930,TDU27503G,2026-08-17 18:34:35,Created,NULL,1
2357931,TDU27504G,2026-08-17 18:35:25,Created,NULL,1
2357932,TDU36862,2026-08-17 19:54:22,Created,NULL,1
2357933,TDU36863,2026-08-17 20:04:50,Created,NULL,1
2357934,TDU36864,2026-08-17 20:30:57,Created,NULL,1
2357935,TDU36865,2026-08-17 20:47:38,Created,NULL,1
2357936,TDU27505G,2026-08-17 21:31:03,Created,NULL,1
2357937,TDU36866,2026-08-17 21:43:25,Created,NULL,1
2357938,TDU36867,2026-08-17 22:29:02,Created,NULL,1
2357939,TDU36868,2026-08-17 23:20:05,Accepted,NULL,1
2357940,TDU36869,2026-08-18 00:08:23,Created,NULL,1
2357941,TDU36870,2026-08-18 00:16:24,Created,NULL,1
2357942,TDU36871,2026-08-18 09:48:14,Created,NULL,1
2357943,TDU36872,2026-08-18 10:20:18,Created,NULL,1
2357944,TDU36873,2026-08-18 14:29:56,Created,NULL,1
2357945,TDU36874,2026-08-18 14:30:44,Created,NULL,1
2357946,TDU27506G,2026-08-18 15:11:35,Created,NULL,1
2357947,TDU36875,2026-08-18 15:23:51,Created,NULL,1
2357948,TDU36876,2026-08-18 15:42:11,Created,NULL,1
2357949,TDU36877,2026-08-18 16:15:41,Created,NULL,1
2357950,TDU36878,2026-08-18 16:22:42,Created,NULL,1
2357951,TDU27507G,2026-08-18 16:45:01,Created,NULL,1
2357952,TDU36879,2026-08-18 16:56:10,Created,NULL,1
2357953,TDU36880,2026-08-18 17:24:15,Created,NULL,1
2357954,TDU27508G,2026-08-18 17:29:48,Created,NULL,1
2357955,TDU36881,2026-08-18 18:31:14,Created,NULL,1
2357956,TDU36882,2026-08-18 18:41:33,Created,NULL,1
2357957,TDU36883,2026-08-18 18:45:15,Created,NULL,1
2357958,TDU36884,2026-08-18 20:02:49,Created,NULL,1
2357959,TDU36885,2026-08-18 20:22:03,Created,NULL,1
2357960,TDU36886,2026-08-18 20:53:16,Created,NULL,1
2357961,TDU36887,2026-08-18 21:38:00,Created,NULL,1
2357962,TDU27509G,2026-08-18 21:43:20,Lead,NULL,1
2357963,TDU36888,2026-08-18 22:53:56,Created,NULL,1
2357964,TDU36889,2026-08-18 22:57:46,Created,NULL,1
2357965,TDU27510G,2026-08-18 23:03:33,Created,NULL,1
2357966,TDU36890,2026-08-18 23:08:41,Created,NULL,1
2357967,TDU27511G,2026-08-19 05:53:31,Created,NULL,1
2357968,TDU27512G,2026-08-19 06:09:32,Created,NULL,1
2357969,TDU36891,2026-08-19 12:01:49,Created,NULL,1
2357970,TDU36892,2026-08-19 15:36:13,Created,NULL,1
2357971,TDU36893,2026-08-19 15:54:08,Created,NULL,1
2357972,TDU36894,2026-08-19 16:06:43,Created,NULL,1
2357973,TDU36895,2026-08-19 16:21:36,Created,NULL,1
2357974,TDU36896,2026-08-19 17:07:58,Created,NULL,1
2357975,TDU36897,2026-08-19 17:32:15,Created,NULL,1
2357976,TDU36898,2026-08-19 17:46:28,Created,NULL,1
2357977,TDU36899,2026-08-19 17:58:44,Created,NULL,1
2357978,TDU36900,2026-08-19 18:22:26,Created,NULL,1
2357979,TDU36901,2026-08-19 20:12:25,Created,NULL,1
2357980,TDU36902,2026-08-19 20:37:26,Created,NULL,1
2357981,TDU36903,2026-08-19 22:08:38,Created,NULL,1
2357982,TDU36904,2026-08-19 22:18:59,Created,NULL,1
2357983,TDU36905,2026-08-19 22:20:26,Created,NULL,1
2357984,TDU36906,2026-08-19 22:23:35,Created,NULL,1
2357985,TDU36907,2026-08-19 22:31:42,Created,NULL,1
2357986,TDU36908,2026-08-19 22:38:07,Created,NULL,1
2357987,TDU36909,2026-08-19 22:52:22,Created,NULL,1
2357988,TDU36910,2026-08-19 22:59:23,Created,NULL,1
2357989,TDU36911,2026-08-19 23:14:30,Created,NULL,1
2357990,TDU36912,2026-08-19 23:18:44,Created,NULL,1
2357991,TDU36913,2026-08-19 23:38:42,Created,NULL,1
2357992,TDU36914,2026-08-20 15:01:17,Created,NULL,1
2357993,TDU36915,2026-08-21 12:23:46,Accepted,NULL,1
2357994,TDU37000,2026-08-25 10:18:34,Accepted,NULL,1
2357995,TDU37001,2026-08-27 14:49:22,Created,NULL,1
2357996,TDU37002,2026-08-31 10:55:45,Created,NULL,1
2357997,TDU37003,2026-09-01 14:16:32,Accepted,NULL,1
2357998,TDU37004,2026-09-01 17:28:30,Created,NULL,1
2357999,TDU37005,2026-09-02 11:09:40,Created,NULL,1
2358000,TDU37006,2026-09-02 15:37:37,Auto Rejected,NULL,1
2358001,TDU37007,2026-09-02 15:46:20,Created,NULL,1
2358002,TDU37008,2026-09-02 15:47:56,Accepted,NULL,1
2358003,TDU27513G,2026-09-10 13:09:29,Created,NULL,1
