auto_id,quoteid,created_at,stage
2,2347186,2024-10-02 10:07:04,Create Project
5,2347190,2024-10-02 13:04:20,Accepted - Groups
18,2347192,2024-10-02 16:40:56,Accepted - Groups
26,2347195,2024-10-03 15:27:04,Create Project
69,2347181,2024-10-07 11:09:07,Accepted - Groups
73,2347205,2024-10-04 16:17:27,Create Project
74,2347206,2024-10-04 17:22:41,Create Project
78,2347209,2024-10-04 12:04:51,Create Project
79,2347210,2024-10-04 12:04:51,Create Project
80,2347211,2024-10-04 12:04:51,Create Project
81,2347212,2024-10-02 13:26:09,Accepted - Groups
82,2347212,2024-10-08 18:30:13,Accepted - Partial Land Booking Done
87,2347216,2024-10-09 13:39:52,Create Project
91,2347219,2024-10-09 16:50:33,Accepted - Groups
92,2347220,2024-10-09 16:50:33,Accepted - Groups
116,2347221,2024-10-10 20:59:29,Create Project
118,2347223,2024-10-10 23:17:06,Create Project
123,2347225,2024-10-11 10:18:23,Create Project
128,2347227,2024-10-11 17:53:15,Accepted - Groups
129,2347228,2024-10-11 17:53:15,Accepted - Groups
133,2347230,2024-10-11 21:28:19,Create Project
134,2347231,2024-10-11 21:28:19,Create Project
137,2347234,2024-10-11 23:13:56,Create Project
138,2347235,2024-10-11 22:56:43,Create Project
139,2347236,2024-10-11 14:38:21,Create Project
140,2347237,2024-10-11 14:38:21,Create Project
141,2347238,2024-10-11 14:38:21,Create Project
142,2347239,2024-10-11 14:38:21,Create Project
171,2347241,2024-10-15 11:18:20,Create Project
174,2347243,2024-10-15 13:40:13,Create Project
178,2347247,2024-10-15 11:18:20,Create Project
179,2347248,2024-10-15 17:01:09,Create Project
189,2347254,2024-10-15 21:13:10,Accepted - Groups
190,2347255,2024-10-15 20:47:03,Create Project
192,2347257,2024-10-13 21:14:05,Accepted - Groups
193,2347258,2024-10-15 21:53:55,Create Project
199,2347259,2024-10-15 11:18:20,Create Project
201,2347261,2024-10-16 17:01:40,Create Project
203,2347263,2024-10-16 17:23:11,Create Project
211,2347266,2024-10-16 20:00:10,Create Project
213,2347268,2024-10-16 22:38:13,Create Project
216,2347271,2024-10-17 00:00:27,Create Project
224,2347274,2024-10-17 11:48:10,Create Project
226,2347276,2024-10-09 16:50:33,Accepted - Groups
227,2347277,2024-10-17 12:39:33,Create Project
231,2347281,2024-10-15 12:40:55,Accepted - Groups
232,2347282,2024-10-13 20:56:19,Accepted - Groups
234,2347284,2024-10-15 17:01:09,Create Project
237,2347286,2024-10-17 16:50:47,Create Project
239,2347288,2024-10-17 17:58:54,Create Project
241,2347290,2024-10-15 17:01:09,Create Project
245,2347294,2024-10-18 04:52:11,Create Project
254,2347298,2024-10-18 19:34:24,Create Project
255,2347299,2024-10-18 05:28:11,Create Project
260,2347302,2024-10-11 00:18:09,Accepted - Groups
261,2347303,2024-10-11 00:18:09,Accepted - Groups
263,2347305,2024-10-21 20:11:55,Create Project
268,2347308,2024-10-22 04:59:29,Create Project
278,2347317,2024-10-22 20:51:20,Create Project
280,2347318,2024-10-22 20:30:39,Create Project
284,2347322,2024-10-23 11:08:55,Create Project
288,2347326,2024-10-22 21:29:56,Create Project
289,2347327,2024-10-23 13:24:10,Create Project
296,2347332,2024-10-23 16:11:00,Create Project
312,2347339,2024-10-22 04:46:52,Requote
321,2347345,2024-10-23 19:00:06,Create Project
322,2347346,2024-10-23 21:33:31,Create Project
328,2347350,2024-10-24 18:33:17,Create Project
334,2347353,2024-10-24 22:37:50,Accepted - Groups
336,2347355,2024-10-24 21:09:42,Create Project
338,2347357,2024-10-25 12:45:56,Create Project
340,2347359,2024-10-25 13:54:07,Create Project
346,2347363,2024-10-23 11:08:55,Create Project
348,2347365,2024-10-25 17:35:47,Create Project
351,2347368,2024-10-25 19:09:18,Create Project
352,2347369,2024-10-25 18:39:08,Create Project
354,2347371,2024-10-25 21:52:36,Create Project
356,2347373,2024-10-25 23:13:42,Create Project
358,2347375,2024-10-26 15:41:44,Create Project
360,2347377,2024-10-26 17:24:44,Create Project
363,2347380,2024-10-26 17:52:35,Create Project
369,2347385,2024-10-28 17:51:19,Created
372,2347388,2024-10-28 20:36:02,Created
374,2347390,2024-10-28 20:07:56,Created
377,2347393,2024-10-29 19:31:59,Created
379,2347395,2024-10-29 22:56:34,Created
380,2347396,2024-10-29 22:56:34,Created
385,2347398,2024-10-30 16:57:33,Created
387,2347400,2024-10-30 17:55:09,Created
388,2347401,2024-10-29 22:56:34,Created
402,2347405,2024-11-02 16:08:01,Created
410,2347408,2024-11-05 14:03:08,Created
412,2347410,2024-11-05 15:15:29,Created
414,2347412,2024-10-28 23:24:23,Created
415,2347413,2024-11-05 15:56:51,Created
416,2347414,2024-10-23 11:08:55,Create Project
419,2347416,2024-11-05 22:10:16,Created
423,2347419,2024-11-06 16:13:16,Created
425,2347421,2024-11-06 22:30:04,Created
431,2347426,2024-11-07 16:27:41,Created
433,2347428,2024-11-07 17:00:15,Created
437,2347431,2024-11-07 18:36:24,Created
440,2347433,2024-11-07 22:04:45,Created
445,2347435,2024-11-07 23:26:29,Created
450,2347438,2024-11-08 14:50:24,Created
452,2347440,2024-11-08 20:05:59,Created
456,2347443,2024-11-08 23:07:02,Created
457,2347444,2024-11-09 00:59:47,Created
458,2347445,2024-11-08 23:07:02,Created
462,2347448,2024-11-09 13:52:22,Created
475,2347458,2024-11-09 13:52:22,Created
478,2347461,2024-11-09 19:40:10,Created
480,2347463,2024-11-09 17:08:44,Created
482,2347465,2024-11-09 21:54:12,Created
484,2347466,2024-10-18 19:34:24,Create Project
485,2347466,2024-11-10 00:03:48,Created
491,2347470,2024-11-07 01:02:09,Created
493,2347472,2024-11-11 20:06:11,Created
494,2347473,2024-11-11 22:13:56,Created
496,2347475,2024-11-07 19:20:53,Created
497,2347476,2024-11-11 22:55:29,Created
499,2347478,2024-11-11 23:21:03,Created
500,2347479,2024-11-09 18:25:21,Created
501,2347480,2024-11-09 18:25:21,Created
503,2347482,2024-11-12 15:45:30,Created
504,2347483,2024-11-11 23:21:03,Created
506,2347485,2024-11-11 19:16:36,Created
509,2347488,2024-11-12 16:38:55,Created
510,2347489,2024-11-12 16:38:55,Created
513,2347492,2024-11-12 17:52:17,Created
514,2347493,2024-11-11 20:06:11,Created
519,2347498,2024-11-12 20:08:02,Created
521,2347500,2024-11-12 20:57:12,Created
523,2347502,2024-11-12 20:37:55,Created
525,2347504,2024-11-12 22:42:37,Created
536,2347515,2024-11-14 16:55:04,Created
545,2347522,2024-11-12 23:30:53,Created
551,2347528,2024-11-11 22:13:56,Created
552,2347529,2024-11-11 22:13:56,Created
564,2347538,2024-11-19 17:51:18,Created
579,2347551,2024-11-20 23:05:50,Created
580,2347552,2024-11-20 20:32:11,Created
581,2347553,2024-11-20 17:59:45,Created
583,2347555,2024-11-21 02:15:58,Created
584,2347556,2024-11-19 15:29:57,Created
585,2347557,2024-11-20 22:06:51,Created
586,2347558,2024-11-20 22:57:32,Created
588,2347560,2024-11-21 10:29:24,Created
589,2347561,2024-11-21 10:29:24,Created
594,2347562,2024-11-15 22:05:44,Created
595,2347563,2024-10-10 12:03:15,Delivered
596,2347564,2024-11-15 21:17:39,Created
597,2347565,2024-11-14 01:35:24,Created
598,2347566,2024-11-16 14:48:10,Created
599,2347567,2024-11-16 14:48:10,Created
600,2347568,2024-11-20 17:59:45,Created
601,2347569,2024-11-16 14:48:10,Created
603,2347571,2024-11-21 17:32:29,Created
604,2347572,2024-11-19 21:27:44,Created
607,2347575,2024-11-21 18:50:30,Created
611,2347578,2024-11-21 19:07:48,Created
612,2347579,2024-11-21 20:42:03,Created
613,2347580,2024-11-21 20:42:03,Created
614,2347581,2024-11-15 14:55:16,Created
617,2347583,2024-11-10 19:45:51,Created
618,2347584,2024-11-21 22:22:53,Created
620,2347586,2024-11-21 23:06:11,Created
625,2347590,2024-11-21 23:39:55,Created
626,2347591,2024-11-22 00:39:03,Created
628,2347593,2024-11-22 00:08:14,Created
629,2347594,2024-11-22 01:29:33,Created
635,2347596,2024-10-23 11:08:55,Create Project
636,2347596,2024-11-22 17:22:32,Created
638,2347597,2024-11-22 17:19:26,Created
640,2347599,2024-11-22 18:12:55,Created
641,2347600,2024-11-20 16:27:48,Created
642,2347601,2024-11-20 16:27:48,Created
645,2347604,2024-11-21 19:07:48,Created
646,2347605,2024-11-22 19:55:00,Created
648,2347607,2024-11-22 21:26:36,Created
649,2347608,2024-11-22 21:26:36,Created
650,2347609,2024-11-19 23:08:22,Created
653,2347612,2024-11-19 23:08:22,Created
654,2347613,2024-11-16 15:45:48,Created
655,2347614,2024-11-16 17:22:42,Created
656,2347615,2024-11-16 17:22:42,Created
657,2347616,2024-11-16 22:38:36,Created
658,2347617,2024-11-16 22:38:36,Created
659,2347618,2024-11-18 22:37:36,Created
661,2347620,2024-11-24 16:59:40,Created
663,2347622,2024-11-24 17:45:12,Created
666,2347625,2024-11-24 18:44:42,Created
667,2347626,2024-11-24 18:57:27,Created
669,2347628,2024-11-24 16:59:40,Created
671,2347630,2024-11-24 17:45:12,Created
676,2347631,2024-10-19 18:58:53,Create Project
677,2347631,2024-11-24 19:43:40,Created
680,2347633,2024-11-24 16:59:40,Created
681,2347634,2024-11-09 17:59:30,Created
682,2347635,2024-11-13 16:59:27,Created
688,2347639,2024-10-26 19:38:58,Create Project
689,2347639,2024-11-25 16:12:07,Created
691,2347640,2024-10-26 19:38:58,Create Project
692,2347640,2024-11-25 16:12:07,Created
694,2347641,2024-10-26 19:38:58,Create Project
695,2347641,2024-11-25 16:12:07,Created
697,2347642,2024-11-25 13:10:22,Created
699,2347644,2024-11-25 18:16:43,Created
701,2347646,2024-10-06 00:27:33,Accepted - Groups
702,2347647,2024-10-06 00:27:23,Accepted - Groups
704,2347648,2024-10-13 21:20:16,Accepted - Groups
708,2347650,2024-11-16 22:38:36,Created
709,2347651,2024-11-16 22:38:36,Created
712,2347653,2024-11-26 16:57:19,Created
713,2347654,2024-10-26 17:52:35,Create Project
714,2347654,2024-11-26 16:35:52,Created
717,2347656,2024-10-26 17:52:35,Create Project
718,2347656,2024-11-26 16:35:52,Created
723,2347657,2024-11-26 18:45:56,Created
724,2347658,2024-10-26 17:52:35,Create Project
725,2347658,2024-11-26 16:35:52,Created
733,2347662,2024-11-11 22:55:29,Created
734,2347663,2024-11-11 22:55:29,Created
737,2347665,2024-11-26 23:13:20,Created
739,2347667,2024-11-27 18:27:06,Created
741,2347669,2024-11-27 19:08:18,Created
743,2347671,2024-11-27 21:22:22,Created
745,2347672,2024-11-27 17:11:27,Created
748,2347675,2024-11-27 22:36:44,Created
750,2347677,2024-11-28 00:55:44,Created
752,2347679,2024-11-28 14:42:44,Created
755,2347681,2024-11-26 23:13:20,Created
756,2347682,2024-11-27 18:27:06,Created
757,2347683,2024-11-28 18:28:39,Created
762,2347686,2024-11-25 14:54:09,Created
763,2347686,2024-11-28 20:11:19,Accepted - Groups
771,2347688,2024-11-28 22:36:49,Created
773,2347690,2024-11-11 22:55:29,Created
774,2347691,2024-11-11 22:55:29,Created
775,2347692,2024-11-29 15:09:31,Created
776,2347693,2024-11-25 21:59:54,Created
777,2347693,2024-11-28 21:42:55,Accepted - Groups
779,2347694,2024-11-27 22:36:44,Created
780,2347695,2024-11-28 00:55:44,Created
782,2347697,2024-11-29 19:32:35,Created
787,2347702,2024-11-29 21:46:51,Created
788,2347703,2024-11-29 22:40:19,Created
789,2347704,2024-11-29 21:46:51,Created
793,2347707,2024-11-30 15:25:53,Created
794,2347708,2024-11-21 18:50:30,Created
797,2347709,2024-11-28 20:38:43,Created
808,2347713,2024-10-26 19:38:58,Create Project
809,2347713,2024-11-25 16:12:07,Created
851,2347715,2024-12-02 17:11:47,New Quote with Stage Created
852,2347715,2024-12-02 17:14:21,Add Product: Brisbane Airport to Gold Coast enrout
853,2347715,2024-12-02 17:14:21,Add Product: Lunch @ Taj Palace
854,2347715,2024-12-02 17:14:21,Add Product: Dinner @ Tandoori Place Gold Coast
855,2347715,2024-12-02 17:14:21,Add Product: Novotel Surfers Paradise with Breakfa
856,2347715,2024-12-02 17:21:05,Add Product: Return transfer to Sea World
857,2347715,2024-12-02 17:21:05,Add Product: Best Of Both Worlds (Movie World + Se
858,2347715,2024-12-02 17:21:05,Add Product: Novotel Surfers Paradise with Breakfa
859,2347715,2024-12-02 17:21:39,Delete Product: Lunch @ Taj Palace
860,2347715,2024-12-02 17:23:12,Add Product: Indian Dinner @Delhi Darbar Surfers P
861,2347715,2024-12-02 17:26:25,Add Product: Return transfer to Movie World
862,2347715,2024-12-02 17:26:25,Add Product: Dinner @ Sankalp Gold Coast
863,2347715,2024-12-02 17:26:25,Add Product: Novotel Surfers Paradise with Breakfa
864,2347715,2024-12-02 17:28:35,Add Product: Departure Transfer - Gold Coast Hotel
865,2347715,2024-12-02 17:32:26,Add Product: 2 Transfers - Transfer from Sydney Ai
866,2347715,2024-12-02 17:32:26,Add Product: SHOWBOAT DINNER CRUISE WITH INDIAN SE
867,2347715,2024-12-02 17:32:26,Add Product: Sydney Central Hotel by Ascott with B
868,2347715,2024-12-02 17:38:30,Add Product: 10 Hours Coach - Arrival Transfer + 4
869,2347715,2024-12-02 17:38:30,Add Product: Cluster 4: 4 Attraction Pass (Only Ti
870,2347715,2024-12-02 17:38:30,Add Product: Sydney 03 Hours Orientation City Tour
871,2347715,2024-12-02 17:38:30,Add Product: Sydney Central Hotel by Ascott with B
872,2347715,2024-12-02 17:39:56,Add Product: Dinner @ Masala Kitchen
873,2347715,2024-12-02 17:41:30,Add Product: Departure Transfer - CBD Hotel to Syn
874,2347715,2024-12-02 17:45:19,Add Product: Arrive Melbourne (Tullamarine) Airpor
875,2347715,2024-12-02 17:45:19,Add Product: Chilli India Restaurant - Dinner
876,2347715,2024-12-02 17:45:19,Add Product: Mercure Melbourne Southbank
877,2347715,2024-12-02 18:02:07,Add Product: 12 Hours Coach - Full Day Great Ocean
878,2347715,2024-12-02 18:02:07,Add Product: Dinner @ Flora Melbourne
879,2347715,2024-12-02 18:02:07,Add Product: Mercure Melbourne Southbank
880,2347715,2024-12-02 18:06:18,Add Product: 10 Hours Coach - Local Sightseeing 
881,2347715,2024-12-02 18:06:18,Add Product: Melbourne Cricket Ground - MCG Tour (
882,2347715,2024-12-02 18:06:18,Add Product: Melborune 03 Hours Orientation City T
883,2347715,2024-12-02 18:06:18,Add Product: Gaylord Indian Restaurant - Dinner
884,2347715,2024-12-02 18:06:18,Add Product: Mercure Melbourne Southbank
885,2347715,2024-12-02 18:10:10,Add Product: Departure Transfer - CBD Hotel to Mel
886,2347715,2024-12-02 18:11:07,Change Stage to Created
959,2347717,2024-12-02 19:57:50,New Quote with Stage Created
960,2347717,2024-12-02 20:33:36,Change Stage to Created
961,2347717,2024-12-02 20:38:57,Add Product: Arrive in Auckland & Transfer to Hote
962,2347717,2024-12-02 20:38:57,Add Product: Dinner at Indian restaurant
963,2347717,2024-12-02 20:38:57,Add Product: Mercure Auckland Queen Street with Br
964,2347717,2024-12-02 21:08:22,Add Product: 10 Hours Coach - Full Day Auckland Ci
965,2347717,2024-12-02 21:24:41,Add Product: Dinner at Indian restaurant
966,2347717,2024-12-02 21:24:41,Add Product: Mercure Auckland Queen Street with Br
967,2347717,2024-12-02 21:25:52,Add Product: Departure Transfer - Auckland CBD Hot
968,2347717,2024-12-02 21:30:38,Add Product: 8 Hours Coach - Locla Christchurch 
969,2347717,2024-12-02 21:30:38,Add Product: Dinner at Indian restaurant
970,2347717,2024-12-02 21:30:38,Add Product: Pavilions Hotel with breakfast
971,2347717,2024-12-02 21:33:50,Add Product: 12 Hours Coach - Christchurch to Quee
972,2347717,2024-12-02 21:33:50,Add Product: Dinner at Indian restaurant
973,2347717,2024-12-02 21:33:50,Add Product: Holiday Inn Express & Suites Queensto
974,2347717,2024-12-02 21:38:07,Add Product: 10 Hour coach - Local Sightseeing in 
975,2347717,2024-12-02 21:38:07,Add Product: Skyline Queenstown - Gondola Ticket o
976,2347717,2024-12-02 21:38:07,Add Product: Holiday Inn Express & Suites Queensto
977,2347717,2024-12-02 21:39:02,Add Product: Dinner at Indian restaurant
978,2347717,2024-12-02 21:42:07,Add Product: 12 Hours Coach - Return Milford Sound
979,2347717,2024-12-02 21:42:07,Add Product: Milford Sound Nature Cruise Ticket & 
980,2347717,2024-12-02 21:42:07,Add Product: Dinner at Indian restaurant
981,2347717,2024-12-02 21:42:07,Add Product: Holiday Inn Express & Suites Queensto
982,2347717,2024-12-02 21:43:26,Add Product: Departure Transfers - Queenstown Hote
992,2347718,2024-10-06 00:23:27,Accepted - Groups
993,2347718,2024-11-28 17:35:39,Final QA
994,2347718,2024-12-02 21:35:51,Add Product: Lunch at Indian Restaurant 
995,2347718,2024-12-02 21:35:51,Add Product: Dinner art Indian Restaurant 
996,2347718,2024-12-02 21:35:51,Add Product: Everyday Water  Bottles 
997,2347718,2024-12-02 21:48:25,Add Product: Return Dinner/Lunch Transfer Upto 40-
998,2347718,2024-12-02 22:01:33,Add Product: Private Return transfers from Hotel t
999,2347719,2024-10-06 00:23:27,Accepted - Groups
1000,2347719,2024-11-28 17:35:39,Final QA
1001,2347719,2024-12-02 21:35:51,Add Product: Lunch at Indian Restaurant 
1002,2347719,2024-12-02 21:35:51,Add Product: Dinner art Indian Restaurant 
1003,2347719,2024-12-02 21:35:51,Add Product: Everyday Water  Bottles 
1004,2347719,2024-12-02 21:48:25,Add Product: Return Dinner/Lunch Transfer Upto 40-
1005,2347719,2024-12-02 22:01:33,Add Product: Private Return transfers from Hotel t
1006,2347720,2024-10-06 00:23:27,Accepted - Groups
1007,2347720,2024-11-28 17:35:39,Final QA
1008,2347720,2024-12-02 21:35:51,Add Product: Lunch at Indian Restaurant 
1009,2347720,2024-12-02 21:35:51,Add Product: Dinner art Indian Restaurant 
1010,2347720,2024-12-02 21:35:51,Add Product: Everyday Water  Bottles 
1011,2347720,2024-12-02 21:48:25,Add Product: Return Dinner/Lunch Transfer Upto 40-
1012,2347720,2024-12-02 22:01:33,Add Product: Private Return transfers from Hotel t
1026,2347722,2024-10-02 13:26:09,Accepted - Groups
1027,2347722,2024-10-08 18:30:13,Accepted - Partial Land Booking Done
1028,2347722,2024-11-01 18:48:13,Accepted - Groups
1029,2347722,2024-12-02 22:34:05,Add Product: Hotel with Breakfast
1078,2347724,2024-12-02 23:18:38,New Quote with Stage Created
1079,2347724,2024-12-02 23:23:23,Add Product: Arrival Transfer - Sydney Airport to 
1080,2347724,2024-12-02 23:23:23,Add Product: Lunch @ The Grand Palace
1081,2347724,2024-12-02 23:23:23,Add Product: Sydney Central Hotel by Ascott with B
1082,2347724,2024-12-02 23:27:44,Add Product: Indian Dinner @ Curry Craze
1083,2347724,2024-12-02 23:32:25,Add Product: 10 Hours Coach - Local City 
1084,2347724,2024-12-02 23:32:25,Add Product: Sydney Opera House Tour - 1 hour Entr
1085,2347724,2024-12-02 23:32:25,Add Product: Lunch @ Masala Kitchen
1086,2347724,2024-12-02 23:32:25,Add Product: Cluster 3: 3 Attraction Pass  (with S
1087,2347724,2024-12-02 23:32:25,Add Product: Dinner @ The Spice Central
1088,2347724,2024-12-02 23:32:25,Add Product: Sydney Central Hotel by Ascott with B
1089,2347724,2024-12-02 23:34:43,Add Product: 12 hours coach - Full day Blue Mounta
1090,2347724,2024-12-02 23:34:43,Add Product: Scenic World - Ultimate Discovery Pas
1091,2347724,2024-12-02 23:34:43,Add Product: Lunch at EATS270 - Indian Banquet (Mi
1092,2347724,2024-12-02 23:34:43,Add Product: Sydney Zoo Entry Tickets
1093,2347724,2024-12-02 23:34:43,Add Product: Dinner
1094,2347724,2024-12-02 23:34:44,Add Product: Sydney Central Hotel by Ascott with B
1095,2347724,2024-12-02 23:36:49,Change Stage to Created
1096,2347724,2024-12-02 23:40:36,Add Product: Departure Transfer - CBD Hotel to Syn
1097,2347724,2024-12-02 23:40:37,Add Product: Briabsne Airport to Gold Coast Surfer
1098,2347724,2024-12-02 23:40:37,Add Product: Lunch @ Taj Palace
1099,2347724,2024-12-02 23:40:37,Add Product: Dinner @ Tandoori Place Gold Coast
1100,2347724,2024-12-02 23:40:37,Add Product: Novotel Surfers Paradise with Breakfa
1101,2347724,2024-12-02 23:47:00,Add Product: Return transfer to Dream World
1102,2347724,2024-12-02 23:47:00,Add Product: Dreamworld Admission | Dreamworld 1 D
1103,2347724,2024-12-02 23:47:00,Add Product: Lunch Coupon at Dreamworld
1104,2347724,2024-12-02 23:47:00,Add Product: Dinner @ Sankalp Gold Coast
1105,2347724,2024-12-02 23:47:00,Add Product: Novotel Surfers Paradise with Breakfa
1106,2347724,2024-12-02 23:48:54,Add Product: Departure Transfers - Gold Coast Hote
1107,2347724,2024-12-03 00:03:07,Add Product: 3 Hours Coach -  Cairns Airport to Ca
1108,2347724,2024-12-03 00:03:07,Add Product: Lunch @ Spicy Bite Restaurant
1109,2347724,2024-12-03 00:03:07,Add Product: Dinner @ Tandoori Nights Cairns
1110,2347724,2024-12-03 00:03:07,Add Product: Mercure Cairns with Breakfast
1111,2347724,2024-12-03 00:08:12,Add Product: Return Reef Fleet Transfer
1112,2347724,2024-12-03 00:08:12,Add Product: FULL DAY GREEN ISLAND REEF CRUISE - F
1113,2347724,2024-12-03 00:08:12,Add Product: Dinner @ Indian Brothers Restaurant
1114,2347724,2024-12-03 00:08:12,Add Product: Mercure Cairns with Breakfast
1115,2347724,2024-12-03 00:27:44,Add Product: 10 Houra Coach - 
1116,2347724,2024-12-03 00:27:44,Add Product: One Way Skyrail Experience & One Way 
1117,2347724,2024-12-03 00:27:44,Add Product: Australian Butterfly Sanctuary - Admi
1118,2347724,2024-12-03 00:27:44,Add Product: Lunch at Frogs Kuranda
1119,2347724,2024-12-03 00:27:44,Add Product: Package A - Pamagirri Aboriginal Expe
1120,2347724,2024-12-03 00:27:44,Add Product: Dinner @ Marinades Indian Restaurant
1121,2347724,2024-12-03 00:27:44,Add Product: Mercure Cairns with Breakfast
1122,2347724,2024-12-03 00:30:04,Add Product: Depart Cairns - Transfer from Cairnd 
1142,2347725,2024-12-02 23:18:38,New Quote with Stage Created
1143,2347725,2024-12-02 23:23:23,Add Product: Arrival Transfer - Sydney Airport to 
1144,2347725,2024-12-02 23:23:23,Add Product: Lunch @ The Grand Palace
1145,2347725,2024-12-02 23:23:23,Add Product: Sydney Central Hotel by Ascott with B
1146,2347725,2024-12-02 23:27:44,Add Product: Indian Dinner @ Curry Craze
1147,2347725,2024-12-02 23:32:25,Add Product: 10 Hours Coach - Local City 
1148,2347725,2024-12-02 23:32:25,Add Product: Sydney Opera House Tour - 1 hour Entr
1149,2347725,2024-12-02 23:32:25,Add Product: Lunch @ Masala Kitchen
1150,2347725,2024-12-02 23:32:25,Add Product: Cluster 3: 3 Attraction Pass  (with S
1151,2347725,2024-12-02 23:32:25,Add Product: Dinner @ The Spice Central
1152,2347725,2024-12-02 23:32:25,Add Product: Sydney Central Hotel by Ascott with B
1153,2347725,2024-12-02 23:34:43,Add Product: 12 hours coach - Full day Blue Mounta
1154,2347725,2024-12-02 23:34:43,Add Product: Scenic World - Ultimate Discovery Pas
1155,2347725,2024-12-02 23:34:43,Add Product: Lunch at EATS270 - Indian Banquet (Mi
1156,2347725,2024-12-02 23:34:43,Add Product: Sydney Zoo Entry Tickets
1157,2347725,2024-12-02 23:34:43,Add Product: Dinner
1158,2347725,2024-12-02 23:34:44,Add Product: Sydney Central Hotel by Ascott with B
1159,2347725,2024-12-02 23:36:49,Change Stage to Created
1160,2347725,2024-12-02 23:40:36,Add Product: Departure Transfer - CBD Hotel to Syn
1161,2347725,2024-12-02 23:40:37,Add Product: Briabsne Airport to Gold Coast Surfer
1162,2347725,2024-12-02 23:40:37,Add Product: Lunch @ Taj Palace
1163,2347725,2024-12-02 23:40:37,Add Product: Dinner @ Tandoori Place Gold Coast
1164,2347725,2024-12-02 23:40:37,Add Product: Novotel Surfers Paradise with Breakfa
1165,2347725,2024-12-02 23:47:00,Add Product: Return transfer to Dream World
1166,2347725,2024-12-02 23:47:00,Add Product: Dreamworld Admission | Dreamworld 1 D
1167,2347725,2024-12-02 23:47:00,Add Product: Lunch Coupon at Dreamworld
1168,2347725,2024-12-02 23:47:00,Add Product: Dinner @ Sankalp Gold Coast
1169,2347725,2024-12-02 23:47:00,Add Product: Novotel Surfers Paradise with Breakfa
1170,2347725,2024-12-02 23:48:54,Add Product: Departure Transfers - Gold Coast Hote
1171,2347725,2024-12-03 00:03:07,Add Product: 3 Hours Coach -  Cairns Airport to Ca
1172,2347725,2024-12-03 00:03:07,Add Product: Lunch @ Spicy Bite Restaurant
1173,2347725,2024-12-03 00:03:07,Add Product: Dinner @ Tandoori Nights Cairns
1174,2347725,2024-12-03 00:03:07,Add Product: Mercure Cairns with Breakfast
1175,2347725,2024-12-03 00:08:12,Add Product: Return Reef Fleet Transfer
1176,2347725,2024-12-03 00:08:12,Add Product: FULL DAY GREEN ISLAND REEF CRUISE - F
1177,2347725,2024-12-03 00:08:12,Add Product: Dinner @ Indian Brothers Restaurant
1178,2347725,2024-12-03 00:08:12,Add Product: Mercure Cairns with Breakfast
1179,2347725,2024-12-03 00:27:44,Add Product: 10 Houra Coach - 
1180,2347725,2024-12-03 00:27:44,Add Product: One Way Skyrail Experience & One Way 
1181,2347725,2024-12-03 00:27:44,Add Product: Australian Butterfly Sanctuary - Admi
1182,2347725,2024-12-03 00:27:44,Add Product: Lunch at Frogs Kuranda
1183,2347725,2024-12-03 00:27:44,Add Product: Package A - Pamagirri Aboriginal Expe
1184,2347725,2024-12-03 00:27:44,Add Product: Dinner @ Marinades Indian Restaurant
1185,2347725,2024-12-03 00:27:44,Add Product: Mercure Cairns with Breakfast
1186,2347725,2024-12-03 00:30:04,Add Product: Depart Cairns - Transfer from Cairnd 
1187,2347725,2024-12-03 01:04:31,Add Product: Water  Bottle 
1206,2347726,2024-10-02 13:26:09,Accepted - Groups
1207,2347726,2024-10-08 18:30:13,Accepted - Partial Land Booking Done
1208,2347726,2024-11-01 18:48:13,Accepted - Groups
1209,2347726,2024-12-02 22:34:05,Add Product: Hotel with Breakfast
1239,2347727,2024-12-02 22:25:33,New Quote with Stage Created
1240,2347727,2024-12-02 22:28:45,Add Product: Arrive Auckland - Transfer from Auckl
1241,2347727,2024-12-02 22:28:45,Add Product: Indian Dinner 
1242,2347727,2024-12-02 22:28:45,Add Product: Sky Tower Observation Deck Ticket
1243,2347727,2024-12-02 22:28:45,Add Product: Hotel Stay - Holiday inn Express Auck
1244,2347727,2024-12-02 22:32:02,Add Product: Coach for 10 Hrs - Auckland To Rotoru
1245,2347727,2024-12-02 22:32:02,Add Product: Waitomo GlowWorm Caves - Admission Ti
1246,2347727,2024-12-02 22:32:02,Add Product: Lunch at Roseland 
1247,2347727,2024-12-02 22:32:02,Add Product: Indian Dinner 
1248,2347727,2024-12-02 22:32:02,Add Product: Hotel Stay - Distinction Hotel Rotoru
1249,2347727,2024-12-03 01:53:26,Add Product: Coach for 12 Hrs - Hobbiton Movie Set
1250,2347727,2024-12-03 01:53:26,Add Product: Hobbiton Movie Set Tour - Admission T
1251,2347727,2024-12-03 01:53:26,Add Product: Indian Lunch 
1252,2347727,2024-12-03 01:53:26,Add Product: Te Ra Guided Experience Ticket
1253,2347727,2024-12-03 01:53:26,Add Product: Indian Dinner 
1254,2347727,2024-12-03 01:53:26,Add Product: Hotel Stay - Distinction Hotel Rotoru
1255,2347727,2024-12-03 02:07:46,Add Product: Depart Rotorua - Transfer from Rotoru
1256,2347727,2024-12-03 02:07:46,Add Product: Arrive Queenstown - Transfer from Que
1257,2347727,2024-12-03 02:07:46,Add Product: Indian Lunch 
1258,2347727,2024-12-03 02:07:46,Add Product: Indian Dinner 
1259,2347727,2024-12-03 02:07:46,Add Product: Hotel Stay - Holiday inn express & Su
1260,2347727,2024-12-03 02:13:23,Add Product: Coach for 12 Hrs - Full Day Milford S
1261,2347727,2024-12-03 02:13:23,Add Product: Milford Sound Nature Cruise Ticket & 
1262,2347727,2024-12-03 02:13:23,Add Product: Indian Dinner 
1263,2347727,2024-12-03 02:13:23,Add Product: Hotel Stay - Holiday inn express & Su
1264,2347727,2024-12-03 02:13:23,Add Product: Coach for 12 Hrs - Arrowtown City Tou
1265,2347727,2024-12-03 02:13:23,Add Product: K JET | JET BOAT RIDE QUEENSTOWN
1266,2347727,2024-12-03 02:13:23,Add Product: Indian Lunch 
1267,2347727,2024-12-03 02:13:23,Add Product: Skyline Queenstown - Gondola Ticket o
1268,2347727,2024-12-03 02:13:23,Add Product: Indian Dinner 
1269,2347727,2024-12-03 02:13:23,Add Product: Hotel Stay - Holiday inn express & Su
1270,2347727,2024-12-03 02:17:53,Add Product: Coach for 12 Hrs - Transfer from Quee
1271,2347727,2024-12-03 02:17:53,Add Product: Indian / Local Lunch 
1272,2347727,2024-12-03 02:17:53,Add Product: Indian Dinner 
1273,2347727,2024-12-03 02:17:53,Add Product: Hotel Stay - Distinction Hotel Christ
1274,2347727,2024-12-03 02:17:53,Add Product: Depart Christchurch - Transfer from C
1305,2347728,2024-11-22 00:39:03,Created
1306,2347728,2024-12-03 10:29:35,Delete Product: Melbourne Cricket Ground - MCG Tou
1307,2347728,2024-12-03 10:30:16,Delete Product: Eureka Skydeck 88 Entry Ticket
1400,2347730,2024-12-03 17:58:49,New Quote with Stage Created
1401,2347730,2024-12-03 18:01:38,Add Product: 10 Hours Coach - Local in Auckland 
1402,2347730,2024-12-03 18:01:38,Add Product: Sky Tower Observation Deck Ticket
1403,2347730,2024-12-03 18:01:38,Add Product: Indian Lunch at Indian Restaurant 
1404,2347730,2024-12-03 18:01:38,Add Product: Dinner at Indian restaurant
1405,2347730,2024-12-03 18:01:38,Add Product: Mercure Auckland Queen Street with Br
1406,2347730,2024-12-03 18:09:22,Add Product: 12 Hours Coach - Auckland to Rotorua 
1407,2347730,2024-12-03 18:09:22,Add Product: Waitomo Glowworm Caves - Admission En
1408,2347730,2024-12-03 18:09:22,Add Product: Lunch at Restaurant
1409,2347730,2024-12-03 18:09:22,Add Product: Te Ra Guided Experience Ticket
1410,2347730,2024-12-03 18:09:22,Add Product: Thermal Park & Lady Knox Geyser - Wai
1411,2347730,2024-12-03 18:09:22,Add Product: Dinner at Indian restaurant
1412,2347730,2024-12-03 18:09:22,Add Product: Distinction Rotorua Hotel & Conferenc
1413,2347730,2024-12-03 18:13:32,Add Product: 10 Hours Coach - Hukka Falls Jet Boat
1414,2347730,2024-12-03 18:13:32,Add Product: Rapids Jet Taupō - 35-minute Jet Boat
1415,2347730,2024-12-03 18:13:32,Add Product: Indian Lunch at Indian Restaurant 
1416,2347730,2024-12-03 18:13:32,Add Product: Farm Experience (Farm Show & Tour Com
1417,2347730,2024-12-03 18:13:32,Add Product: Distinction Rotorua Hotel & Conferenc
1418,2347730,2024-12-03 18:14:06,Add Product: Dinner at Indian restaurant
1419,2347730,2024-12-03 18:16:30,Add Product: Depart Auckland - Transfer from Rotor
1420,2347730,2024-12-03 18:22:21,Add Product: 08 Hours Coach - Christchurch Airport
1421,2347730,2024-12-03 18:22:21,Add Product: Lunch at Restaurant
1422,2347730,2024-12-03 18:22:21,Add Product: General Admission to International An
1423,2347730,2024-12-03 18:22:21,Add Product: Dinner at Indian restaurant
1424,2347730,2024-12-03 18:22:21,Add Product: Pavilions Hotel with breakfast
1425,2347730,2024-12-03 18:24:47,Add Product: 12 Hours Coach - Christchurch to Quee
1426,2347730,2024-12-03 18:24:47,Add Product: Lunch at Restaurant
1427,2347730,2024-12-03 18:24:47,Add Product: Dinner at Indian restaurant
1428,2347730,2024-12-03 18:25:14,Add Product: Holiday Inn Express & Suites Queensto
1429,2347730,2024-12-03 18:28:27,Add Product: 10 Hours Coach - Full Day Queenstown 
1430,2347730,2024-12-03 18:28:27,Add Product: K JET | JET BOAT RIDE QUEENSTOWN
1431,2347730,2024-12-03 18:28:27,Add Product: Lunch at Indian Restaurant 
1432,2347730,2024-12-03 18:28:27,Add Product: Skyline Queenstown - Gondola Ticket o
1433,2347730,2024-12-03 18:28:27,Add Product: Dinner at Indian restaurant
1434,2347730,2024-12-03 18:28:27,Add Product: Holiday Inn Express & Suites Queensto
1435,2347730,2024-12-03 18:30:26,Add Product: 12 Hours Coach - Return Milford Sound
1436,2347730,2024-12-03 18:30:26,Add Product: Milford Sound Nature Cruise Ticket & 
1437,2347730,2024-12-03 18:30:26,Add Product: Dinner at Indian restaurant
1438,2347730,2024-12-03 18:30:26,Add Product: Holiday Inn Express & Suites Queensto
1439,2347730,2024-12-03 18:33:02,Add Product: 12 Hours Coach - Queenstown to Franz 
1440,2347730,2024-12-03 18:33:02,Add Product: Lunch at Restaurant
1441,2347730,2024-12-03 18:33:02,Add Product: Dinner at Indian restaurant
1442,2347730,2024-12-03 18:33:02,Add Product: Scenic Hotel Group -  Scenic Hotel Fr
1443,2347730,2024-12-03 18:36:16,Add Product: 10 Hours Coach - Full Day Franz Josef
1444,2347730,2024-12-03 18:36:16,Add Product: Franz Josef Heli Hike
1445,2347730,2024-12-03 18:36:16,Add Product: Lunch at Restaurant
1446,2347730,2024-12-03 18:36:16,Add Product: Dinner at Indian restaurant
1447,2347730,2024-12-03 18:36:16,Add Product: Scenic Hotel Group -  Scenic Hotel Fr
1448,2347730,2024-12-03 18:44:00,Add Product: Transfer from Franz Josef Hotel to Gr
1449,2347730,2024-12-03 18:44:00,Add Product: Kiwirailways - TranzAlpine Train Tick
1450,2347730,2024-12-03 18:44:00,Add Product: Christchurch Train Station to Christc
1451,2347730,2024-12-03 18:44:00,Add Product: Gala Dinner 
1452,2347730,2024-12-03 18:44:00,Add Product: Pavilions Hotel with breakfast
1453,2347730,2024-12-03 18:44:00,Add Product: DJ on Gala Dinner 
1454,2347730,2024-12-03 18:44:00,Add Product: FoC for TM
1455,2347730,2024-12-03 18:44:00,Add Product: Bottle of Water 
1456,2347730,2024-12-03 18:46:39,Add Product: Auckland Orientation City Tour 
1457,2347730,2024-12-03 18:46:39,Add Product: Christchurch Orientation City Tour 
1458,2347730,2024-12-03 18:46:39,Add Product: Queenstown or Arrowtown Orientation C
1510,2347733,2024-12-03 19:57:58,New Quote with Stage Created
1511,2347733,2024-12-03 20:27:14,Add Product: 10 Hours Coach - Airport Transfer + L
1512,2347733,2024-12-03 20:27:14,Add Product: Lunch @ The Grand Palace
1513,2347733,2024-12-03 20:27:14,Add Product: Sunset Sydney Harbour Dinner Cruise
1514,2347733,2024-12-03 20:27:14,Add Product: Sydney Central Hotel by Ascott with B
1515,2347733,2024-12-03 20:43:40,Add Product: 12 hours coach - Full day Blue Mounta
1516,2347733,2024-12-03 20:43:40,Add Product: Scenic World - Ultimate Discovery Pas
1517,2347733,2024-12-03 20:43:40,Add Product: Lunch at EATS270 - Indian Banquet (Mi
1518,2347733,2024-12-03 20:43:40,Add Product: Dinner @ Masala Kitchen
1519,2347733,2024-12-03 20:43:40,Add Product: Sydney Central Hotel by Ascott with B
1520,2347733,2024-12-03 20:50:32,Add Product: Departure Transfer - CBD Hotel to Syn
1521,2347733,2024-12-03 20:50:32,Add Product: 08 Hours Coach - Melbourne Tullamarin
1522,2347733,2024-12-03 20:50:32,Add Product: Lunch @ Dosa Hut
1523,2347733,2024-12-03 20:50:32,Add Product: Chilli India Restaurant - Dinner
1524,2347733,2024-12-03 20:50:32,Add Product: Mercure Melbourne Southbank
1525,2347733,2024-12-03 20:55:35,Delete Product: 08 Hours Coach - Melbourne Tullama
1526,2347733,2024-12-03 20:58:16,Add Product: 10 Hours Coach - Philip Island Tour
1527,2347733,2024-12-03 20:58:16,Add Product: Penguin Parade - Standard Viewing Ent
1528,2347733,2024-12-03 21:05:43,Add Product: 12 Hours Coach - Full Day Great Ocean
1529,2347733,2024-12-03 21:05:43,Add Product: Lunch @ Great Ocean Road
1530,2347733,2024-12-03 21:05:43,Add Product: Dinner @ Flora Melbourne
1531,2347733,2024-12-03 21:05:43,Add Product: Mercure Melbourne Southbank
1532,2347733,2024-12-03 21:14:20,Add Product: Departure Transfer - CBD Hotel to Mel
1533,2347733,2024-12-03 21:14:20,Add Product: 08 Hours Coch - Kuranda Visit 
1534,2347733,2024-12-03 21:14:20,Add Product: One Way Skyrail Experience & One Way 
1535,2347733,2024-12-03 21:14:20,Add Product: Lunch at Frogs Kuranda
1536,2347733,2024-12-03 21:14:20,Add Product: Dinner @ Tandoori Nights Cairns
1537,2347733,2024-12-03 21:14:20,Add Product: Mercure Cairns with Breakfast
1538,2347733,2024-12-03 21:40:34,Add Product: Return Reef Fleet Transfer
1539,2347733,2024-12-03 21:40:35,Add Product: FULL DAY GREEN ISLAND REEF CRUISE - F
1540,2347733,2024-12-03 21:40:35,Add Product: Dinner @ Indian Brothers Restaurant
1541,2347733,2024-12-03 21:40:35,Add Product: Mercure Cairns with Breakfast
1542,2347733,2024-12-03 22:06:54,Add Product: Departure Transfer - Cairns Hotel to 
1543,2347733,2024-12-03 22:06:54,Add Product: Arrive in Brisbane / Gold Coast Airpo
1544,2347733,2024-12-03 22:06:54,Add Product: Lunch @ Taj Palace
1545,2347733,2024-12-03 22:06:54,Add Product: Dinner @ Tandoori Place Gold Coast
1546,2347733,2024-12-03 22:06:54,Add Product: Novotel Surfers Paradise with Breakfa
1547,2347733,2024-12-03 22:12:47,Add Product: Return transfer to Dream World
1548,2347733,2024-12-03 22:12:47,Add Product: 2 Day Combo : Dreamworld + Skypoint
1549,2347733,2024-12-03 22:12:47,Add Product: Lunch Coupon at Dreamworld
1550,2347733,2024-12-03 22:12:47,Add Product: Dinner @ Sankalp Gold Coast
1551,2347733,2024-12-03 22:12:47,Add Product: Novotel Surfers Paradise with Breakfa
1552,2347733,2024-12-03 22:14:30,Add Product: Departure Transfer - Gold Coast Hotel
1553,2347733,2024-12-03 22:17:24,Add Product: FoC for TM
1622,2347735,2024-12-03 22:36:57,New Quote with Stage Created
1623,2347735,2024-12-03 22:51:51,Add Product: 8 Hours - Coach - Local Sightseeing 
1624,2347735,2024-12-03 22:51:51,Add Product: Lunch @ Dosa Hut
1625,2347735,2024-12-03 22:51:51,Add Product: Chilli India Restaurant - Dinner
1626,2347735,2024-12-03 22:51:52,Add Product: Mercure Melbourne Southbank
1627,2347735,2024-12-03 22:59:29,Add Product: 12 Hours Coach - Full Day City & Phil
1628,2347735,2024-12-03 22:59:29,Add Product: Haldi Indian Restaurant - Lunch
1629,2347735,2024-12-03 22:59:29,Add Product: 3 Parks pass - Penguin (General Viewi
1630,2347735,2024-12-03 22:59:29,Add Product: Lunch at Restaurant
1631,2347735,2024-12-03 22:59:29,Add Product: Mercure Melbourne Southbank
1632,2347735,2024-12-03 23:02:12,Add Product: 12 Hours Coach - Full Day Great Ocean
1633,2347735,2024-12-03 23:02:12,Add Product: Lunch @ Great Ocean Road
1634,2347735,2024-12-03 23:02:12,Add Product: Dinner @ Flora Melbourne
1635,2347735,2024-12-03 23:02:12,Add Product: Mercure Melbourne Southbank
1636,2347735,2024-12-03 23:08:34,Add Product: Departure Transfer - CBD Hotel to Mel
1637,2347735,2024-12-03 23:08:34,Add Product: 10 Hours Coach - Local Sydney Sightse
1638,2347735,2024-12-03 23:08:34,Add Product: Lunch @ The Grand Palace
1639,2347735,2024-12-03 23:08:34,Add Product: Sydney Opera House Tour - 1 hour Entr
1640,2347735,2024-12-03 23:08:34,Add Product: Dinner @ The Spice Central
1641,2347735,2024-12-03 23:08:34,Add Product: Sydney Central Hotel by Ascott with B
1642,2347735,2024-12-03 23:11:13,Add Product: 12 hours coach - Full day Blue Mounta
1643,2347735,2024-12-03 23:11:13,Add Product: Scenic World - Ultimate Discovery Pas
1644,2347735,2024-12-03 23:11:13,Add Product: Lunch at EATS270 - Indian Banquet (Mi
1645,2347735,2024-12-03 23:11:13,Add Product: Sydney Zoo Entry Tickets
1646,2347735,2024-12-03 23:11:13,Add Product: Dinner @ The Sambal
1647,2347735,2024-12-03 23:11:13,Add Product: Sydney Central Hotel by Ascott with B
1648,2347735,2024-12-03 23:15:49,Add Product: Departure Transfer - CBD Hotel to Syn
1649,2347735,2024-12-03 23:15:49,Add Product: Brisbane Airport / Gold Coast Airport
1650,2347735,2024-12-03 23:15:49,Add Product: Lunch @ Taj Palace
1651,2347735,2024-12-03 23:15:50,Add Product: Dinner
1652,2347735,2024-12-03 23:15:50,Add Product: Novotel Surfers Paradise with Breakfa
1653,2347735,2024-12-03 23:20:06,Add Product: Return transfer to Sea World
1654,2347735,2024-12-03 23:20:06,Add Product: Sea World Admission (Ticket)
1655,2347735,2024-12-03 23:20:06,Add Product: Sea World - Maxi Meal
1656,2347735,2024-12-03 23:20:06,Add Product: Indian Dinner @Delhi Darbar Surfers P
1657,2347735,2024-12-03 23:20:06,Add Product: Novotel Surfers Paradise with Breakfa
1658,2347735,2024-12-03 23:25:00,Add Product: Return transfer to Movie World
1659,2347735,2024-12-03 23:25:00,Add Product: Movie World Admission Ticket
1660,2347735,2024-12-03 23:25:00,Add Product: Movie World - Maxi Meal
1661,2347735,2024-12-03 23:25:00,Add Product: Dinner @ Sankalp Gold Coast
1662,2347735,2024-12-03 23:25:00,Add Product: Novotel Surfers Paradise with Breakfa
1663,2347735,2024-12-03 23:27:40,Add Product: Departure Transfer - Gold Coast Hotel
1721,2347736,2024-12-03 20:05:36,New Quote with Stage Created
1722,2347736,2024-12-03 22:18:10,Add Product: Arrive Auckland - Transfer from Auckl
1723,2347736,2024-12-03 22:18:10,Add Product: Indian Lunch 
1724,2347736,2024-12-03 22:18:10,Add Product: Indian Dinner 
1725,2347736,2024-12-03 22:18:10,Add Product: Hotel Stay - Holiday inn Express Auck
1726,2347736,2024-12-03 23:28:01,Add Product: Sky Tower Observation Deck Ticket
1727,2347736,2024-12-03 23:28:08,Add Product: Sky Tower Observation Deck Ticket
1728,2347736,2024-12-03 23:30:05,Delete Product: Sky Tower Observation Deck Ticket
1729,2347736,2024-12-03 23:34:29,Add Product: Coach for 12 Hrs - Transfer from Auck
1730,2347736,2024-12-03 23:34:29,Add Product: Waitomo GlowWorm Caves - Admission Ti
1731,2347736,2024-12-03 23:34:29,Add Product: Lunch at Roseland 
1732,2347736,2024-12-03 23:34:29,Add Product: Te Ra Guided Experience Ticket
1733,2347736,2024-12-03 23:34:29,Add Product: Indian Dinner 
1734,2347736,2024-12-03 23:34:29,Add Product: Hotel Stay - Distinction Hotel Rotoru
1735,2347736,2024-12-03 23:38:08,Add Product: Depart Rotorua - Transfer from Rotoru
1736,2347736,2024-12-03 23:38:08,Add Product: Arrive Queenstown - Transfer from Que
1737,2347736,2024-12-03 23:38:08,Add Product: Indian Lunch 
1738,2347736,2024-12-03 23:38:08,Add Product: Indian Dinner 
1739,2347736,2024-12-03 23:38:08,Add Product: Hotel Stay - Holiday inn Express & Su
1740,2347736,2024-12-03 23:40:26,Add Product: Coach for 12 Hrs - Full Day Milford S
1741,2347736,2024-12-03 23:40:26,Add Product: Milford Sound Nature Cruise Ticket & 
1742,2347736,2024-12-03 23:40:26,Add Product: Indian Dinner 
1743,2347736,2024-12-03 23:40:26,Add Product: Hotel Stay - Holiday inn Express & Su
1744,2347736,2024-12-03 23:43:41,Add Product: Coach for 12 Hrs - Arrowtown CityTour
1745,2347736,2024-12-03 23:43:41,Add Product: Indian Lunch 
1746,2347736,2024-12-03 23:43:41,Add Product: K JET | JET BOAT RIDE QUEENSTOWN
1747,2347736,2024-12-03 23:43:41,Add Product: Skyline Queenstown - Gondola Ticket o
1748,2347736,2024-12-03 23:43:41,Add Product: Indian Dinner 
1749,2347736,2024-12-03 23:43:41,Add Product: Hotel Stay - Holiday inn Express & Su
1750,2347736,2024-12-03 23:46:03,Add Product: Coach for 10 Hrs - Transfer from Quee
1751,2347736,2024-12-03 23:46:03,Add Product: Puzzling World | Entry Tickets - illu
1752,2347736,2024-12-03 23:46:03,Add Product: Indian Lunch 
1753,2347736,2024-12-03 23:46:03,Add Product: Indian Dinner 
1754,2347736,2024-12-03 23:46:03,Add Product: Hotel Sty - Scenic Hotel Franz Josef 
1755,2347736,2024-12-03 23:49:39,Add Product: Transfer from Franz Josef to Greymout
1756,2347736,2024-12-03 23:49:39,Add Product: Kiwirailways - TranzAlpine Train Tick
1757,2347736,2024-12-03 23:49:39,Add Product: Indian Lunch 
1758,2347736,2024-12-03 23:49:39,Add Product: Transfer from Christchurch Train Stat
1759,2347736,2024-12-03 23:49:39,Add Product: Indian Dinner 
1760,2347736,2024-12-03 23:49:39,Add Product: Hotel Stay - Distinction Hotel Christ
1761,2347736,2024-12-03 23:49:39,Add Product: Depart Christchurch - Transfer from C
1837,2347738,2024-12-04 01:03:45,New Quote with Stage Created
1838,2347738,2024-12-04 01:04:35,Add Product: Arrive Melbourne (Tullamarine) Airpor
1839,2347738,2024-12-04 01:08:00,Add Product: Lunch @ Dosa Hut
1840,2347738,2024-12-04 01:08:00,Add Product: Mercure Melbourne Southbank
1841,2347738,2024-12-04 01:13:26,Add Product: 12 Hours Coach - Full Day City & Phil
1842,2347738,2024-12-04 01:13:26,Add Product: Chilli India Restaurant - Lunch
1843,2347738,2024-12-04 01:13:26,Add Product: Penguin Parade - Standard Viewing Ent
1844,2347738,2024-12-04 01:13:26,Add Product: Indian Dinner
1845,2347738,2024-12-04 01:13:26,Add Product: Mercure Melbourne Southbank
1846,2347738,2024-12-04 01:18:19,Add Product: 12 Hours Coach - Full Day Great Ocean
1847,2347738,2024-12-04 01:18:19,Add Product: Lunch @ Great Ocean Road
1848,2347738,2024-12-04 01:18:19,Add Product: Dinner @ Flora Melbourne
1849,2347738,2024-12-04 01:18:20,Add Product: Mercure Melbourne Southbank
1850,2347738,2024-12-04 01:31:54,Add Product: Departure Transfer - CBD Hotel to Mel
1851,2347738,2024-12-04 01:31:54,Add Product:   Brisbane Airport to Visit Spring Br
1852,2347738,2024-12-04 01:31:54,Add Product: Indian Lunch by Walk
1853,2347738,2024-12-04 01:31:54,Add Product: Dinner @ Tandoori Place Gold Coast
1854,2347738,2024-12-04 01:31:54,Add Product: Novotel Surfers Paradise with Breakfa
1855,2347738,2024-12-04 01:39:45,Add Product: return Theme park Transfer
1856,2347738,2024-12-04 01:39:45,Add Product: Movie World Admission Ticket
1857,2347738,2024-12-04 01:39:45,Add Product: Movie World - Maxi Meal
1858,2347738,2024-12-04 01:39:45,Add Product: Dinner @ Sankalp Gold Coast
1859,2347738,2024-12-04 01:39:45,Add Product: Novotel Surfers Paradise with Breakfa
1860,2347738,2024-12-04 01:44:32,Add Product: Departure Transfer - Gold Coast Hotel
1861,2347738,2024-12-04 01:44:32,Add Product: 5 Hours - Cairns - Kuranda
1862,2347738,2024-12-04 01:44:32,Add Product: One Way Skyrail Experience (No Transf
1863,2347738,2024-12-04 01:44:32,Add Product: Dinner @ Tandoori Nights Cairns
1864,2347738,2024-12-04 01:44:32,Add Product: Mercure Cairns with Breakfast
1865,2347738,2024-12-04 01:52:40,Add Product: Return Reef Fleet Transfer
1866,2347738,2024-12-04 01:52:40,Add Product: FULL DAY GREEN ISLAND REEF CRUISE - F
1867,2347738,2024-12-04 01:52:40,Add Product: Dinner @ Indian Brothers Restaurant
1868,2347738,2024-12-04 01:52:40,Add Product: Mercure Cairns with Breakfast
1869,2347738,2024-12-04 01:53:50,Add Product: Departure Transfer - Cairns Hotel to 
1870,2347738,2024-12-04 02:05:59,Add Product: 10 Hours Coach - 
1871,2347738,2024-12-04 02:05:59,Add Product: Lunch @ Masala Kitchen
1872,2347738,2024-12-04 02:05:59,Add Product: Sydney Opera House Tour - 1 hour Entr
1873,2347738,2024-12-04 02:05:59,Add Product: Dinner @ The Spice Central
1874,2347738,2024-12-04 02:05:59,Add Product: Sydney Central Hotel by Ascott with B
1875,2347738,2024-12-04 02:12:42,Add Product: 12 hours coach - Full day Blue Mounta
1876,2347738,2024-12-04 02:12:42,Add Product: Scenic World - Ultimate Discovery Pas
1877,2347738,2024-12-04 02:12:42,Add Product: Lunch at EATS270 - Indian Banquet (Mi
1878,2347738,2024-12-04 02:12:42,Add Product: Sydney Zoo Entry Tickets
1879,2347738,2024-12-04 02:12:42,Add Product: Dinner
1880,2347738,2024-12-04 02:12:42,Add Product: Sydney Central Hotel by Ascott with B
1881,2347738,2024-12-04 02:14:28,Add Product: Departure Transfer - CBD Hotel to Syn
1974,2347740,2024-12-04 19:08:01,New Quote with Stage Created
1975,2347740,2024-12-04 19:10:10,Add Product: 8 Hours Coach - Auckland Arrival & Tr
1976,2347740,2024-12-04 19:16:47,Add Product: 8 Hours Coach - Auckland Arrival & Tr
1977,2347740,2024-12-04 19:16:47,Add Product: Tea / Coffee 
1978,2347740,2024-12-04 19:16:47,Add Product: Dinner at Indian restaurant
1979,2347740,2024-12-04 19:16:47,Add Product: Distinction Rotorua Hotel & Conferenc
1980,2347740,2024-12-04 19:17:26,Delete Product: 8 Hours Coach - Auckland Arrival &
1981,2347740,2024-12-04 19:26:31,Add Product: 10 Hours Coach - Local Sightseeing in
1982,2347740,2024-12-04 19:26:31,Add Product: WVTL #4 - Whaka Combo
1983,2347740,2024-12-04 19:26:31,Add Product: Farm Experience (Farm Show & Tour Com
1984,2347740,2024-12-04 19:26:31,Add Product: Lunch at Indian Restaurant
1985,2347740,2024-12-04 19:26:31,Add Product: Dinner at Indian restaurant
1986,2347740,2024-12-04 19:26:31,Add Product: Distinction Rotorua Hotel & Conferenc
1987,2347740,2024-12-04 19:31:02,Add Product: Rotorua – Waitomo – Auckland
1988,2347740,2024-12-04 19:31:02,Add Product: Waitomo Glowworm Caves - Admission En
1989,2347740,2024-12-04 19:31:02,Add Product: Lunch at Restaurant - Indian Can not 
1990,2347740,2024-12-04 19:32:20,Add Product: Mercure Auckland Queen Street with Br
1991,2347740,2024-12-04 19:33:53,Add Product: Auckland CBD Hotel to Auckland Airpor
1992,2347740,2024-12-04 19:41:00,Add Product: Morning Auckland City Tour + Sky Towe
1993,2347740,2024-12-04 19:41:00,Add Product: Sydney Orientation City Tour - with G
1994,2347740,2024-12-04 19:41:00,Add Product: Sky Tower Observation Deck Ticket
1995,2347740,2024-12-04 19:41:00,Add Product: Lunch at Indian Restaurant 
1996,2347740,2024-12-04 19:41:00,Add Product: Queenstown Airport to Queenstown Hote
1997,2347740,2024-12-04 19:41:00,Add Product: Dinner at Indian restaurant
1998,2347740,2024-12-04 19:41:00,Add Product: Holiday Inn Express & Suites Queensto
1999,2347740,2024-12-04 20:24:38,Add Product: 10 Hours Coach - Local Sightseeing 
2000,2347740,2024-12-04 20:24:38,Add Product: rrowtown museum
2001,2347740,2024-12-04 20:24:38,Add Product: Lunch at Indian Restaurant
2002,2347740,2024-12-04 20:24:38,Add Product: Skyline Queenstown - Gondola Ticket o
2003,2347740,2024-12-04 20:24:38,Add Product: Dinner at Indian restaurant
2004,2347740,2024-12-04 20:24:38,Add Product: Holiday Inn Express & Suites Queensto
2005,2347740,2024-12-04 20:27:36,Add Product: Queenstown – Milford Sound – Queensto
2006,2347740,2024-12-04 20:27:36,Add Product: Milford Sound Nature Cruise Ticket & 
2007,2347740,2024-12-04 20:27:36,Add Product: Dinner at Indian restaurant
2008,2347740,2024-12-04 20:27:36,Add Product: Holiday Inn Express & Suites Queensto
2009,2347740,2024-12-04 20:30:58,Add Product: Day Free - No Coach / Vehicle 
2010,2347740,2024-12-04 20:30:58,Add Product: Lunch at Indian Restaurant - By Walk
2011,2347740,2024-12-04 20:30:58,Add Product: Dinner at Indian restaurant
2012,2347740,2024-12-04 20:30:58,Add Product: Holiday Inn Express & Suites Queensto
2013,2347740,2024-12-04 20:35:07,Add Product: 12 Hours Coach - Queenstown – Wanaka 
2014,2347740,2024-12-04 20:35:07,Add Product: Puzzling World | Entry Tickets - illu
2015,2347740,2024-12-04 20:35:08,Add Product: Lunch at Restaurant - Western Lunch 
2016,2347740,2024-12-04 20:35:08,Add Product: Scenic Hotel Group -  Scenic Hotel Fr
2017,2347740,2024-12-04 20:51:21,Add Product: 08 Hour Coach - Franz Josef – Arthur 
2018,2347740,2024-12-04 20:51:21,Add Product: Lunch at Restaurant - Western Lunch 
2019,2347740,2024-12-04 20:51:21,Add Product: Kiwirailways - TranzAlpine Train Tick
2020,2347740,2024-12-04 20:51:21,Add Product: Christchurch Train Station - Christch
2021,2347740,2024-12-04 20:51:21,Add Product: Pavilions Hotel with breakfast
2022,2347740,2024-12-04 20:52:28,Add Product: Dinner at Indian restaurant
2023,2347740,2024-12-04 21:10:41,Add Product: 10 Hours Coach - Local Sightseing 
2024,2347740,2024-12-04 21:10:41,Add Product: General Admission to International An
2025,2347740,2024-12-04 21:10:41,Add Product: Lunch at Indian Restaurant
2026,2347740,2024-12-04 21:10:41,Add Product: Punting on the Avon (30 mins / Shared
2027,2347740,2024-12-04 21:10:41,Add Product: Dinner at Indian restaurant
2028,2347740,2024-12-04 21:10:41,Add Product: Pavilions Hotel with breakfast
2029,2347740,2024-12-04 21:13:15,Add Product: Christchurch Hotel to Christchurch Ho
2030,2347740,2024-12-04 21:16:16,Add Product: FoC for TM
2037,2347741,2024-12-04 19:08:01,New Quote with Stage Created
2038,2347741,2024-12-04 19:10:10,Add Product: 8 Hours Coach - Auckland Arrival & Tr
2039,2347741,2024-12-04 19:16:47,Add Product: 8 Hours Coach - Auckland Arrival & Tr
2040,2347741,2024-12-04 19:16:47,Add Product: Tea / Coffee 
2041,2347741,2024-12-04 19:16:47,Add Product: Dinner at Indian restaurant
2042,2347741,2024-12-04 19:16:47,Add Product: Distinction Rotorua Hotel & Conferenc
2043,2347741,2024-12-04 19:17:26,Delete Product: 8 Hours Coach - Auckland Arrival &
2044,2347741,2024-12-04 19:26:31,Add Product: 10 Hours Coach - Local Sightseeing in
2045,2347741,2024-12-04 19:26:31,Add Product: WVTL #4 - Whaka Combo
2046,2347741,2024-12-04 19:26:31,Add Product: Farm Experience (Farm Show & Tour Com
2047,2347741,2024-12-04 19:26:31,Add Product: Lunch at Indian Restaurant
2048,2347741,2024-12-04 19:26:31,Add Product: Dinner at Indian restaurant
2049,2347741,2024-12-04 19:26:31,Add Product: Distinction Rotorua Hotel & Conferenc
2050,2347741,2024-12-04 19:31:02,Add Product: Rotorua – Waitomo – Auckland
2051,2347741,2024-12-04 19:31:02,Add Product: Waitomo Glowworm Caves - Admission En
2052,2347741,2024-12-04 19:31:02,Add Product: Lunch at Restaurant - Indian Can not 
2053,2347741,2024-12-04 19:32:20,Add Product: Mercure Auckland Queen Street with Br
2054,2347741,2024-12-04 19:33:53,Add Product: Auckland CBD Hotel to Auckland Airpor
2055,2347741,2024-12-04 19:41:00,Add Product: Morning Auckland City Tour + Sky Towe
2056,2347741,2024-12-04 19:41:00,Add Product: Sydney Orientation City Tour - with G
2057,2347741,2024-12-04 19:41:00,Add Product: Sky Tower Observation Deck Ticket
2058,2347741,2024-12-04 19:41:00,Add Product: Lunch at Indian Restaurant 
2059,2347741,2024-12-04 19:41:00,Add Product: Queenstown Airport to Queenstown Hote
2060,2347741,2024-12-04 19:41:00,Add Product: Dinner at Indian restaurant
2061,2347741,2024-12-04 19:41:00,Add Product: Holiday Inn Express & Suites Queensto
2062,2347741,2024-12-04 20:24:38,Add Product: 10 Hours Coach - Local Sightseeing 
2063,2347741,2024-12-04 20:24:38,Add Product: rrowtown museum
2064,2347741,2024-12-04 20:24:38,Add Product: Lunch at Indian Restaurant
2065,2347741,2024-12-04 20:24:38,Add Product: Skyline Queenstown - Gondola Ticket o
2066,2347741,2024-12-04 20:24:38,Add Product: Dinner at Indian restaurant
2067,2347741,2024-12-04 20:24:38,Add Product: Holiday Inn Express & Suites Queensto
2068,2347741,2024-12-04 20:27:36,Add Product: Queenstown – Milford Sound – Queensto
2069,2347741,2024-12-04 20:27:36,Add Product: Milford Sound Nature Cruise Ticket & 
2070,2347741,2024-12-04 20:27:36,Add Product: Dinner at Indian restaurant
2071,2347741,2024-12-04 20:27:36,Add Product: Holiday Inn Express & Suites Queensto
2072,2347741,2024-12-04 20:30:58,Add Product: Day Free - No Coach / Vehicle 
2073,2347741,2024-12-04 20:30:58,Add Product: Lunch at Indian Restaurant - By Walk
2074,2347741,2024-12-04 20:30:58,Add Product: Dinner at Indian restaurant
2075,2347741,2024-12-04 20:30:58,Add Product: Holiday Inn Express & Suites Queensto
2076,2347741,2024-12-04 20:35:07,Add Product: 12 Hours Coach - Queenstown – Wanaka 
2077,2347741,2024-12-04 20:35:07,Add Product: Puzzling World | Entry Tickets - illu
2078,2347741,2024-12-04 20:35:08,Add Product: Lunch at Restaurant - Western Lunch 
2079,2347741,2024-12-04 20:35:08,Add Product: Scenic Hotel Group -  Scenic Hotel Fr
2080,2347741,2024-12-04 20:51:21,Add Product: 08 Hour Coach - Franz Josef – Arthur 
2081,2347741,2024-12-04 20:51:21,Add Product: Lunch at Restaurant - Western Lunch 
2082,2347741,2024-12-04 20:51:21,Add Product: Kiwirailways - TranzAlpine Train Tick
2083,2347741,2024-12-04 20:51:21,Add Product: Christchurch Train Station - Christch
2084,2347741,2024-12-04 20:51:21,Add Product: Pavilions Hotel with breakfast
2085,2347741,2024-12-04 20:52:28,Add Product: Dinner at Indian restaurant
2086,2347741,2024-12-04 21:10:41,Add Product: 10 Hours Coach - Local Sightseing 
2087,2347741,2024-12-04 21:10:41,Add Product: General Admission to International An
2088,2347741,2024-12-04 21:10:41,Add Product: Lunch at Indian Restaurant
2089,2347741,2024-12-04 21:10:41,Add Product: Punting on the Avon (30 mins / Shared
2090,2347741,2024-12-04 21:10:41,Add Product: Dinner at Indian restaurant
2091,2347741,2024-12-04 21:10:41,Add Product: Pavilions Hotel with breakfast
2092,2347741,2024-12-04 21:13:15,Add Product: Christchurch Hotel to Christchurch Ho
2093,2347741,2024-12-04 21:16:16,Add Product: FoC for TM
2146,2347743,2024-12-04 22:33:26,New Quote with Stage Created
2147,2347743,2024-12-04 23:00:03,Add Product: 10 Hours Coach - Arrive at Auckland I
2148,2347743,2024-12-04 23:00:03,Add Product: Lunch at Indian Restaurant
2149,2347743,2024-12-04 23:00:03,Add Product: Auckland Orientation City Tour 
2150,2347743,2024-12-04 23:00:03,Add Product: Dinner at Indian restaurant
2151,2347743,2024-12-04 23:00:03,Add Product: Mercure Auckland Queen Street with Br
2152,2347743,2024-12-04 23:09:12,Add Product: 12 - Hours Coach - Full Day trip toPa
2153,2347743,2024-12-04 23:09:12,Add Product: Fullers GreatSights - Hole in the Roc
2154,2347743,2024-12-04 23:09:12,Add Product: Lunch at Indian Restaurant
2155,2347743,2024-12-04 23:09:12,Add Product: Dinner at Indian restaurant
2156,2347743,2024-12-04 23:09:12,Add Product: Mercure Auckland Queen Street with Br
2157,2347743,2024-12-04 23:10:05,Delete Product: 12 - Hours Coach - Full Day trip t
2158,2347743,2024-12-04 23:34:40,Add Product: 10 Hours Coach - Loach Sightseeing 
2159,2347743,2024-12-04 23:34:40,Add Product: Lunch at Indian Restaurant
2160,2347743,2024-12-04 23:34:40,Add Product: Eden park stadium Tour
2161,2347743,2024-12-04 23:34:40,Add Product: Dinner at Indian restaurant
2162,2347743,2024-12-04 23:34:40,Add Product: Mercure Auckland Queen Street with Br
2163,2347743,2024-12-04 23:38:15,Add Product: Auckland to Rotorua - Via Waitomo & H
2164,2347743,2024-12-04 23:38:15,Add Product: Waitomo Glowworm Caves - Admission En
2165,2347743,2024-12-04 23:38:15,Add Product: Roselands Resort Indian menu (2023-20
2166,2347743,2024-12-04 23:38:16,Add Product: Hobbiton Movie Set Tours - Admission 
2167,2347743,2024-12-04 23:38:16,Add Product: Distinction Rotorua Hotel & Conferenc
2168,2347743,2024-12-04 23:40:04,Add Product: Dinner at Indian restaurant
2169,2347743,2024-12-04 23:49:44,Add Product: 10 Hours Coach - Local Sightseeing 
2170,2347743,2024-12-04 23:49:44,Add Product: 1A-FLIGHT EXPERIENCE l BY FLOATPLANE|
2171,2347743,2024-12-04 23:49:44,Add Product: Lunch at Indian Restaurant
2172,2347743,2024-12-04 23:49:44,Add Product: Private Sky View Pool | 30 Mins
2173,2347743,2024-12-04 23:49:44,Add Product: Te Pō combo (Guided experience + Indi
2174,2347743,2024-12-04 23:49:44,Add Product: Distinction Rotorua Hotel & Conferenc
2175,2347743,2024-12-04 23:51:43,Add Product: Rotorua Hotel to Auckland Hotel Trans
2176,2347743,2024-12-04 23:51:43,Add Product: Lunch at Indian Restaurant
2177,2347743,2024-12-04 23:51:43,Add Product: Dinner at Indian restaurant
2178,2347743,2024-12-05 00:27:08,Add Product: 12 Hours Coach - Full Day Visit to Pa
2179,2347743,2024-12-05 00:44:25,Add Product: Orbit 360° Dining - D1 set menu 3 cou
2180,2347743,2024-12-05 00:45:49,Delete Product: Dinner at Indian restaurant
2254,2347747,2024-12-05 20:33:16,New Quote with Stage Created
2255,2347747,2024-12-05 20:35:35,Add Product: Arrive Auckland - Transfer from Auckl
2256,2347747,2024-12-05 20:35:35,Add Product: Lunch at Indian Restaurant 
2257,2347747,2024-12-05 20:35:35,Add Product: Dinner at Indian Restaurant
2258,2347747,2024-12-05 20:35:35,Add Product: Hotel Stay - Holiday inn express Auck
2259,2347747,2024-12-05 20:45:34,Add Product: Coach for 10 Hrs - Auckland City Tour
2260,2347747,2024-12-05 20:45:34,Add Product: Auckland City Tour - Guide for 03 Hrs
2261,2347747,2024-12-05 20:45:34,Add Product: Sky Tower Observation Deck Ticket
2262,2347747,2024-12-05 20:45:34,Add Product: Lunch at Indian Restaurant 
2263,2347747,2024-12-05 20:45:34,Add Product: Dinner at Indian Restaurant 
2264,2347747,2024-12-05 20:45:34,Add Product: Hotel Stay - Holiday inn express Auck
2265,2347747,2024-12-05 20:56:23,Add Product: Coach for 12 Hrs - Auckland to ROtoru
2266,2347747,2024-12-05 20:56:23,Add Product: Waitomo GlowWorm Caves - Admission Ti
2267,2347747,2024-12-05 20:56:23,Add Product: Lunch at Indian Restaurant 
2268,2347747,2024-12-05 20:56:23,Add Product: Hobbiton Movie Set Tour - Admission T
2269,2347747,2024-12-05 20:56:23,Add Product: Dinner at Indian Restaurant 
2270,2347747,2024-12-05 20:56:23,Add Product: Hotel Stay - Distinction Hotel Rotoru
2271,2347747,2024-12-05 21:00:43,Add Product: Coach for 10 Hrs - Rotorua City Tour 
2272,2347747,2024-12-05 21:00:43,Add Product: Waimangu Volcanic Valley Self-Guided 
2273,2347747,2024-12-05 21:00:43,Add Product: Lunch at Indian Restaurant 
2274,2347747,2024-12-05 21:00:43,Add Product: Te Ra Guided Experience Ticket
2275,2347747,2024-12-05 21:00:43,Add Product: Dinner at Indian Restaurant 
2276,2347747,2024-12-05 21:00:43,Add Product: Hotel Stay - Distinction Hotel Rotoru
2277,2347747,2024-12-05 21:04:56,Add Product: Coach for 10 Hrs - Rotorua to Aucklan
2278,2347747,2024-12-05 21:04:56,Add Product: Lunch at Indian Restaurant 
2279,2347747,2024-12-05 21:04:56,Add Product: Dinner at Indian Restaurant 
2280,2347747,2024-12-05 21:04:56,Add Product: Hotel Stay - Holiday inn express Auck
2281,2347747,2024-12-05 21:04:56,Add Product: Depart Auckland - Transfer from Auckl
2282,2347747,2024-12-05 21:08:00,Add Product: Rototua City Tour - Guide for 03 Hrs 
2322,2347749,2024-11-22 21:26:36,Created
2323,2347749,2024-12-05 23:06:15,Delete Product: 10 Hours Coach - City Sightseeing 
2324,2347749,2024-12-05 23:08:03,Delete Product: Melbourne Cricket Ground - MCG Tou
2325,2347749,2024-12-05 23:08:28,Delete Product: Lunch at Indian Restaurant
2326,2347749,2024-12-05 23:09:27,Delete Product: Dinner at Indian Restaurant 
2327,2347749,2024-12-05 23:09:54,Delete Product: Mercure Melbourne Southbank or Sim
2328,2347749,2024-12-05 23:11:17,Delete Product: 12 hours coach - Full day Blue Mou
2329,2347749,2024-12-05 23:11:59,Delete Product: Scenic World - Ultimate Discovery 
2330,2347749,2024-12-05 23:12:17,Delete Product: Burger Lunch at Eats240
2331,2347749,2024-12-05 23:12:36,Delete Product: Sydney Zoo Entry Tickets
2332,2347749,2024-12-05 23:12:54,Delete Product: Dinner at Indian Restaurant 
2333,2347749,2024-12-05 23:13:11,Delete Product: Furama Darling Harbour with Breakf
2334,2347749,2024-12-05 23:21:48,Add Product: Hotel Stay - Citadines Melbourne (Qua
2335,2347749,2024-12-05 23:21:48,Add Product: Hotel Stay - Citadines Melbourne (Qua
2336,2347749,2024-12-05 23:21:48,Add Product: Hotel Stay - Novotel Surfers paradise
2337,2347749,2024-12-05 23:21:48,Add Product: Hotel Stay - Novotel Surfers paradise
2338,2347749,2024-12-05 23:21:48,Add Product: Hotel Stay - Sydney Central Ascott Li
2339,2347749,2024-12-05 23:21:48,Add Product: Hotel Stay - Sydney Central Ascott Li
2340,2347749,2024-12-05 23:26:01,Delete Product: Mercure Melbourne Southbank or Sim
2341,2347749,2024-12-05 23:26:38,Delete Product: Mercure Melbourne Southbank or Sim
2342,2347749,2024-12-05 23:27:44,Delete Product: Novotel Surfers Paradise with Brea
2343,2347749,2024-12-05 23:29:10,Delete Product: Novotel Surfers Paradise with Brea
2344,2347749,2024-12-05 23:29:45,Delete Product: Furama Darling Harbour with Breakf
2345,2347749,2024-12-05 23:30:27,Delete Product: Furama Darling Harbour with Breakf
2346,2347749,2024-12-05 23:34:37,Delete Product: Pizza Lunch at Apollo Bay
2347,2347749,2024-12-05 23:34:54,Delete Product: Lunch at Indian Restaurant 
2348,2347749,2024-12-05 23:35:09,Delete Product: SkyPoint Deck & Dine Ticket
2349,2347749,2024-12-05 23:40:41,Delete Product: Sea World - Maxi Meal
2350,2347749,2024-12-05 23:40:54,Delete Product: Lunch at Indian Restaurant 
2351,2347749,2024-12-05 23:41:09,Delete Product: Lunch at Indian Restaurant 
2352,2347749,2024-12-05 23:46:03,Add Product: Visit University (manage by your OWN)
2374,2347751,2024-12-05 23:50:48,New Quote with Stage Created
2375,2347751,2024-12-05 23:54:27,Add Product: Arrive Melbourne - Transfer from Melb
2376,2347751,2024-12-05 23:54:27,Add Product: Indian Dinner 
2377,2347751,2024-12-05 23:54:27,Add Product: Hotel Stay - Citadines Melbourne (Qua
2378,2347751,2024-12-05 23:57:08,Add Product: Coach for 12 Hrs - Full Day Great Oce
2379,2347751,2024-12-05 23:57:08,Add Product: Indian Dinner 
2380,2347751,2024-12-05 23:57:08,Add Product: Hotel Stay - Citadines Melbourne (Qua
2381,2347751,2024-12-05 23:59:33,Add Product: Coach for 12 Hrs - Full Day Philip is
2382,2347751,2024-12-05 23:59:33,Add Product: Penguin Parade - Standard Viewing Ent
2383,2347751,2024-12-05 23:59:33,Add Product: Indian Dinner 
2384,2347751,2024-12-05 23:59:33,Add Product: Hotel Stay - Citadines Melbourne (Qua
2385,2347751,2024-12-06 00:09:44,Add Product: Coach for 10 Hrs - Day at Leisure (Ex
2386,2347751,2024-12-06 00:09:44,Add Product: Indian Dinner 
2387,2347751,2024-12-06 00:09:44,Add Product: Hotel Stay - Citadines Melbourne (Qua
2388,2347751,2024-12-06 00:09:44,Add Product: Coach for 10 Hrs - Melbourne City Tou
2389,2347751,2024-12-06 00:09:44,Add Product: Melbourne City Tour - Guide for 04 Hr
2390,2347751,2024-12-06 00:09:44,Add Product: Melbourne Cricket Ground - MCG Tour (
2391,2347751,2024-12-06 00:09:44,Add Product: Eureka Skydeck 88 Entry Ticket
2392,2347751,2024-12-06 00:09:44,Add Product: Indian Dinner 
2393,2347751,2024-12-06 00:09:44,Add Product: Hotel Stay - Citadines Melbourne (Qua
2394,2347751,2024-12-06 00:09:44,Add Product: Depart Melbourne - Transfer from Melb
2488,2347754,2024-12-06 02:53:25,New Quote with Stage Created
2489,2347754,2024-12-06 02:59:16,Add Product: Arrive Christchurch - Transfer from C
2490,2347754,2024-12-06 02:59:16,Add Product: Indian Dinner 
2491,2347754,2024-12-06 02:59:16,Add Product: Hotel Stay - Crowne Plaza Christchurc
2492,2347754,2024-12-06 02:59:40,Change Stage to Created
2493,2347754,2024-12-06 03:03:35,Delete Product: Arrive Christchurch - Transfer fro
2494,2347754,2024-12-06 03:03:44,Delete Product: Indian Dinner 
2495,2347754,2024-12-06 03:03:52,Delete Product: Hotel Stay - Crowne Plaza Christch
2496,2347754,2024-12-06 03:04:32,Change Stage to Created
2497,2347754,2024-12-06 03:08:27,Add Product: Arrive Melbourne - Transfer from Melb
2498,2347754,2024-12-06 03:08:27,Add Product: Indian Dinner 
2499,2347754,2024-12-06 03:08:27,Add Product: Hotel Stay - Mercure Melbourne Southb
2500,2347754,2024-12-06 03:08:27,Add Product: Coach for 12 Hrs - MCG + Full Day Phi
2501,2347754,2024-12-06 03:08:27,Add Product: Melbourne Cricket Ground - MCG Tour (
2502,2347754,2024-12-06 03:08:28,Add Product: Penguin Parade - Standard Viewing Ent
2503,2347754,2024-12-06 03:08:28,Add Product: Local Lunch - 02 Course Set Menu (NO 
2504,2347754,2024-12-06 03:08:28,Add Product: Indian / Local Dinner
2505,2347754,2024-12-06 03:08:28,Add Product: Hotel Stay - Mercure Melbourne Southb
2506,2347754,2024-12-06 03:14:07,Add Product: Coach for 12 Hrs - Full Day Great Oce
2507,2347754,2024-12-06 03:14:07,Add Product: Pizza Lunch at Apollo Bay
2508,2347754,2024-12-06 03:14:07,Add Product: Indian Dinner 
2509,2347754,2024-12-06 03:14:07,Add Product: Hotel Stay - Mercure Melbourne Southb
2510,2347754,2024-12-06 03:24:09,Add Product: Depart Melbourne - Transfer from Melb
2511,2347754,2024-12-06 03:24:09,Add Product: Coach for 05 Hrs - Airport Transfers 
2512,2347754,2024-12-06 03:24:09,Add Product: Local Lunch - 02 Course Set Menu (NO 
2513,2347754,2024-12-06 03:24:09,Add Product: One Way Skyrail Experience (No Transf
2514,2347754,2024-12-06 03:24:09,Add Product: Indian Dinner by Walk
2515,2347754,2024-12-06 03:24:09,Add Product: Hotel Stay - Harbourside Cairns or Si
2516,2347754,2024-12-06 03:30:49,Add Product: Return Transfer to Reef Fleet Termina
2517,2347754,2024-12-06 03:30:49,Add Product: FULL DAY GREEN ISLAND REEF CRUISE - F
2518,2347754,2024-12-06 03:30:49,Add Product: Indian Dinner 
2519,2347754,2024-12-06 03:30:49,Add Product: Hotel Stay - Harbourside Cairns or Si
2520,2347754,2024-12-06 03:40:53,Add Product: Depart Cairns - Transfer from Cairns 
2521,2347754,2024-12-06 03:40:53,Add Product: Arrive Sydney - Transfer from Sydney 
2522,2347754,2024-12-06 03:40:53,Add Product: Sydney Opera House Tour - 1 hour Entr
2523,2347754,2024-12-06 03:40:53,Add Product: Local Lunch - 02 Course Set Menu (NO 
2524,2347754,2024-12-06 03:40:53,Add Product: SHOWBOAT DINNER CRUISE WITH INDIAN SE
2525,2347754,2024-12-06 03:40:53,Add Product: Hotel Stay - Holiday Inn Potts Point 
2526,2347754,2024-12-06 03:46:35,Add Product: Coach for 12 Hrs - Full Day Blue Moun
2527,2347754,2024-12-06 03:46:35,Add Product: Sydney Zoo Entry Tickets
2528,2347754,2024-12-06 03:46:35,Add Product: Lunch at Eats270
2529,2347754,2024-12-06 03:46:35,Add Product: Scenic World - Ultimate Discovery Pas
2530,2347754,2024-12-06 03:46:35,Add Product: Indian Dinner
2531,2347754,2024-12-06 03:46:35,Add Product: Hotel Stay - Holiday Inn Potts Point 
2532,2347754,2024-12-06 03:47:30,Add Product: Depart Sydney - Transfer from Sydney 
2584,2347756,2024-12-06 20:33:30,Add Product: Arrival Transfer - Arrive in Sydney &
2585,2347756,2024-12-06 20:38:09,Add Product: Holiday Inn Potts Point with Breakfas
2586,2347756,2024-12-06 20:40:11,Change Stage to Created
2587,2347756,2024-12-06 20:42:36,Add Product: 12 hours coach - Full day Blue Mounta
2588,2347756,2024-12-06 20:42:36,Add Product: Scenic World - Ultimate Discovery Pas
2589,2347756,2024-12-06 20:42:36,Add Product: Featherdale Wildlife Park - General E
2590,2347756,2024-12-06 20:42:36,Add Product: Dinner @ Masala Kitchen
2591,2347756,2024-12-06 20:49:28,Add Product: 10 Hours Vehcile - City Tour 
2592,2347756,2024-12-06 20:49:28,Add Product: 1.5Hr Sydney Harbour Sightseeing Crui
2593,2347756,2024-12-06 20:49:28,Add Product: Holiday Inn Potts Point with Breakfas
2594,2347756,2024-12-06 20:49:28,Add Product: Holiday Inn Potts Point with Breakfas
2595,2347756,2024-12-06 20:54:47,Add Product: Arrival Transfer - Brisbane Airport t
2596,2347756,2024-12-06 20:54:47,Add Product: Dinner @ Tandoori Place Gold Coast
2597,2347756,2024-12-06 20:54:47,Add Product: Novotel Surfers Paradise with Breakfa
2629,2347757,2024-12-04 22:33:26,New Quote with Stage Created
2630,2347757,2024-12-04 23:00:03,Add Product: 10 Hours Coach - Arrive at Auckland I
2631,2347757,2024-12-04 23:00:03,Add Product: Lunch at Indian Restaurant
2632,2347757,2024-12-04 23:00:03,Add Product: Auckland Orientation City Tour 
2633,2347757,2024-12-04 23:00:03,Add Product: Dinner at Indian restaurant
2634,2347757,2024-12-04 23:00:03,Add Product: Mercure Auckland Queen Street with Br
2635,2347757,2024-12-04 23:09:12,Add Product: 12 - Hours Coach - Full Day trip toPa
2636,2347757,2024-12-04 23:09:12,Add Product: Fullers GreatSights - Hole in the Roc
2637,2347757,2024-12-04 23:09:12,Add Product: Lunch at Indian Restaurant
2638,2347757,2024-12-04 23:09:12,Add Product: Dinner at Indian restaurant
2639,2347757,2024-12-04 23:09:12,Add Product: Mercure Auckland Queen Street with Br
2640,2347757,2024-12-04 23:10:05,Delete Product: 12 - Hours Coach - Full Day trip t
2641,2347757,2024-12-04 23:34:40,Add Product: 10 Hours Coach - Loach Sightseeing 
2642,2347757,2024-12-04 23:34:40,Add Product: Lunch at Indian Restaurant
2643,2347757,2024-12-04 23:34:40,Add Product: Eden park stadium Tour
2644,2347757,2024-12-04 23:34:40,Add Product: Dinner at Indian restaurant
2645,2347757,2024-12-04 23:34:40,Add Product: Mercure Auckland Queen Street with Br
2646,2347757,2024-12-04 23:38:15,Add Product: Auckland to Rotorua - Via Waitomo & H
2647,2347757,2024-12-04 23:38:15,Add Product: Waitomo Glowworm Caves - Admission En
2648,2347757,2024-12-04 23:38:15,Add Product: Roselands Resort Indian menu (2023-20
2649,2347757,2024-12-04 23:38:16,Add Product: Hobbiton Movie Set Tours - Admission 
2650,2347757,2024-12-04 23:38:16,Add Product: Distinction Rotorua Hotel & Conferenc
2651,2347757,2024-12-04 23:40:04,Add Product: Dinner at Indian restaurant
2652,2347757,2024-12-04 23:49:44,Add Product: 10 Hours Coach - Local Sightseeing 
2653,2347757,2024-12-04 23:49:44,Add Product: 1A-FLIGHT EXPERIENCE l BY FLOATPLANE|
2654,2347757,2024-12-04 23:49:44,Add Product: Lunch at Indian Restaurant
2655,2347757,2024-12-04 23:49:44,Add Product: Private Sky View Pool | 30 Mins
2656,2347757,2024-12-04 23:49:44,Add Product: Te Pō combo (Guided experience + Indi
2657,2347757,2024-12-04 23:49:44,Add Product: Distinction Rotorua Hotel & Conferenc
2658,2347757,2024-12-04 23:51:43,Add Product: Rotorua Hotel to Auckland Hotel Trans
2659,2347757,2024-12-04 23:51:43,Add Product: Lunch at Indian Restaurant
2660,2347757,2024-12-04 23:51:43,Add Product: Dinner at Indian restaurant
2661,2347757,2024-12-05 00:27:08,Add Product: 12 Hours Coach - Full Day Visit to Pa
2662,2347757,2024-12-05 00:44:25,Add Product: Orbit 360° Dining - D1 set menu 3 cou
2663,2347757,2024-12-05 00:45:49,Delete Product: Dinner at Indian restaurant
2664,2347757,2024-12-07 00:16:09,Add Product: Hotel Stay - JW Marriott Auckland or 
2665,2347757,2024-12-07 00:16:09,Add Product: Hotel Stay - JW Marriott Auckland or 
2666,2347757,2024-12-07 00:16:09,Add Product: Hotel Stay - JW Marriott Auckland or 
2667,2347757,2024-12-07 00:16:09,Add Product: Hotel Stay - Pullman Hotel Rotorua or
2668,2347757,2024-12-07 00:16:09,Add Product: Hotel Stay - Pullman Hotel Rotorua or
2669,2347757,2024-12-07 00:17:33,Delete Product: Mercure Auckland Queen Street with
2670,2347757,2024-12-07 00:18:51,Delete Product: Mercure Auckland Queen Street with
2671,2347757,2024-12-07 00:20:20,Delete Product: Distinction Rotorua Hotel & Confer
2672,2347757,2024-12-07 00:21:46,Delete Product: Distinction Rotorua Hotel & Confer
2705,2347758,2024-12-04 22:33:26,New Quote with Stage Created
2706,2347758,2024-12-04 23:00:03,Add Product: 10 Hours Coach - Arrive at Auckland I
2707,2347758,2024-12-04 23:00:03,Add Product: Lunch at Indian Restaurant
2708,2347758,2024-12-04 23:00:03,Add Product: Auckland Orientation City Tour 
2709,2347758,2024-12-04 23:00:03,Add Product: Dinner at Indian restaurant
2710,2347758,2024-12-04 23:00:03,Add Product: Mercure Auckland Queen Street with Br
2711,2347758,2024-12-04 23:09:12,Add Product: 12 - Hours Coach - Full Day trip toPa
2712,2347758,2024-12-04 23:09:12,Add Product: Fullers GreatSights - Hole in the Roc
2713,2347758,2024-12-04 23:09:12,Add Product: Lunch at Indian Restaurant
2714,2347758,2024-12-04 23:09:12,Add Product: Dinner at Indian restaurant
2715,2347758,2024-12-04 23:09:12,Add Product: Mercure Auckland Queen Street with Br
2716,2347758,2024-12-04 23:10:05,Delete Product: 12 - Hours Coach - Full Day trip t
2717,2347758,2024-12-04 23:34:40,Add Product: 10 Hours Coach - Loach Sightseeing 
2718,2347758,2024-12-04 23:34:40,Add Product: Lunch at Indian Restaurant
2719,2347758,2024-12-04 23:34:40,Add Product: Eden park stadium Tour
2720,2347758,2024-12-04 23:34:40,Add Product: Dinner at Indian restaurant
2721,2347758,2024-12-04 23:34:40,Add Product: Mercure Auckland Queen Street with Br
2722,2347758,2024-12-04 23:38:15,Add Product: Auckland to Rotorua - Via Waitomo & H
2723,2347758,2024-12-04 23:38:15,Add Product: Waitomo Glowworm Caves - Admission En
2724,2347758,2024-12-04 23:38:15,Add Product: Roselands Resort Indian menu (2023-20
2725,2347758,2024-12-04 23:38:16,Add Product: Hobbiton Movie Set Tours - Admission 
2726,2347758,2024-12-04 23:38:16,Add Product: Distinction Rotorua Hotel & Conferenc
2727,2347758,2024-12-04 23:40:04,Add Product: Dinner at Indian restaurant
2728,2347758,2024-12-04 23:49:44,Add Product: 10 Hours Coach - Local Sightseeing 
2729,2347758,2024-12-04 23:49:44,Add Product: 1A-FLIGHT EXPERIENCE l BY FLOATPLANE|
2730,2347758,2024-12-04 23:49:44,Add Product: Lunch at Indian Restaurant
2731,2347758,2024-12-04 23:49:44,Add Product: Private Sky View Pool | 30 Mins
2732,2347758,2024-12-04 23:49:44,Add Product: Te Pō combo (Guided experience + Indi
2733,2347758,2024-12-04 23:49:44,Add Product: Distinction Rotorua Hotel & Conferenc
2734,2347758,2024-12-04 23:51:43,Add Product: Rotorua Hotel to Auckland Hotel Trans
2735,2347758,2024-12-04 23:51:43,Add Product: Lunch at Indian Restaurant
2736,2347758,2024-12-04 23:51:43,Add Product: Dinner at Indian restaurant
2737,2347758,2024-12-05 00:27:08,Add Product: 12 Hours Coach - Full Day Visit to Pa
2738,2347758,2024-12-05 00:44:25,Add Product: Orbit 360° Dining - D1 set menu 3 cou
2739,2347758,2024-12-05 00:45:49,Delete Product: Dinner at Indian restaurant
2740,2347758,2024-12-07 00:16:09,Add Product: Hotel Stay - JW Marriott Auckland or 
2741,2347758,2024-12-07 00:16:09,Add Product: Hotel Stay - JW Marriott Auckland or 
2742,2347758,2024-12-07 00:16:09,Add Product: Hotel Stay - JW Marriott Auckland or 
2743,2347758,2024-12-07 00:16:09,Add Product: Hotel Stay - Pullman Hotel Rotorua or
2744,2347758,2024-12-07 00:16:09,Add Product: Hotel Stay - Pullman Hotel Rotorua or
2745,2347758,2024-12-07 00:17:33,Delete Product: Mercure Auckland Queen Street with
2746,2347758,2024-12-07 00:18:51,Delete Product: Mercure Auckland Queen Street with
2747,2347758,2024-12-07 00:20:20,Delete Product: Distinction Rotorua Hotel & Confer
2748,2347758,2024-12-07 00:21:46,Delete Product: Distinction Rotorua Hotel & Confer
2749,2347758,2024-12-07 00:24:14,Delete Product: Mercure Auckland Queen Street with
2750,2347758,2024-12-07 00:31:11,Add Product: Gala Dinner at Restaurant / Venue
2751,2347758,2024-12-07 00:42:21,Add Product: Arrive Auckland - Transfer from Auckl
2752,2347758,2024-12-07 00:42:21,Add Product: Driver Cum Guide Auckland City Tour 
2753,2347758,2024-12-07 00:42:36,Delete Product: 10 Hours Coach - Arrive at Aucklan
2754,2347758,2024-12-07 00:42:57,Delete Product: Auckland Orientation City Tour 
2755,2347758,2024-12-07 00:46:10,Add Product: Coach for 10 Hrs - Sea Life Aquarium 
2756,2347758,2024-12-07 00:47:02,Delete Product: 12 Hours Coach - Full Day Visit to
2757,2347758,2024-12-07 00:47:47,Delete Product: Fullers GreatSights - Hole in the 
2758,2347758,2024-12-07 00:48:09,Add Product: Sky Tower Observation Deck Ticket
2759,2347758,2024-12-07 00:49:50,Delete Product: Te Pō combo (Guided experience + I
2760,2347758,2024-12-07 00:52:03,Add Product: Te Pō (Indigenous Evening Experience)
2761,2347758,2024-12-07 00:58:01,Delete Product: Dinner at Indian restaurant
2787,2347761,2024-10-06 00:27:05,Accepted - Groups
2788,2347761,2024-12-06 12:54:51,Add Product: Sudima Lake Rotorua Hotel with Breakf
2789,2347761,2024-12-06 12:54:51,Add Product: Sudima Lake Rotorua Hotel with Breakf
2790,2347761,2024-12-06 12:56:14,Delete Product: Rydges Rotorua
2791,2347761,2024-12-06 12:59:26,Add Product: Kingsgate Hotel Autolodge Paihia with
2792,2347761,2024-12-06 12:59:26,Add Product: Kingsgate Hotel Autolodge Paihia with
2793,2347761,2024-12-06 13:00:38,Delete Product:  Scenic Hotel BOI 
2794,2347761,2024-12-06 13:01:15,Delete Product: Scenic Hotel BOI
2795,2347761,2024-12-06 13:04:30,Add Product: Helicopter Ride with Snow Landing - 2
2796,2347761,2024-12-06 13:05:08,Delete Product: Helicopter Ride with Snow Landing 
2797,2347761,2024-12-06 13:06:34,Delete Product: Rydges Rotorua
2798,2347761,2024-12-06 22:52:02,Change Stage to Accepted - Groups
2799,2347761,2024-12-07 03:47:22,Add Product: Hotel Stay - Holiday inn Frankton or 
2800,2347761,2024-12-07 03:47:22,Add Product: Hotel Stay - Holiday inn Frankton or 
2801,2347761,2024-12-07 03:47:22,Add Product: Hotel Stay - Holiday inn Frankton or 
2802,2347761,2024-12-07 03:47:23,Add Product: Hotel Stay - Fable Hotel Christchurch
2803,2347761,2024-12-07 03:47:23,Add Product: Hotel Stay - Copthorne Hotel Bay of I
2804,2347761,2024-12-07 03:47:23,Add Product: Hotel Stay - Copthorne Hotel Bay of I
2805,2347761,2024-12-07 03:47:23,Add Product: Hotel Stay - Sudima Lake Rotorua or S
2806,2347761,2024-12-07 03:47:23,Add Product: Hotel Stay - Sudima Lake Rotorua or S
2807,2347761,2024-12-07 03:48:36,Delete Product:  Holiday Inn Remarkable Queenstown
2808,2347761,2024-12-07 03:49:43,Delete Product: Holiday Inn Remarkable Queenstown
2809,2347761,2024-12-07 03:50:31,Delete Product: Holiday Inn Remarkable Queenstown
2810,2347761,2024-12-07 03:52:11,Delete Product:  Fable Christchurch
2811,2347761,2024-12-07 03:53:21,Delete Product: Kingsgate Hotel Autolodge Paihia w
2812,2347761,2024-12-07 03:55:59,Delete Product: Kingsgate Hotel Autolodge Paihia w
2813,2347761,2024-12-07 03:56:52,Delete Product: Sudima Lake Rotorua Hotel with Bre
2814,2347761,2024-12-07 03:57:28,Delete Product: Sudima Lake Rotorua Hotel with Bre
2874,2347762,2024-12-07 04:21:06,Change Stage to Created
2875,2347762,2024-12-07 04:21:45,Change Stage to Created
2876,2347762,2024-12-07 04:22:46,Add Product: Arrive Auckland - Transfer from Auckl
2877,2347762,2024-12-07 04:22:46,Add Product: Indian Dinner 
2878,2347762,2024-12-07 04:22:46,Add Product: Hotel Stay - SOHO  Auckland or Simila
2879,2347762,2024-12-07 04:24:39,Add Product: Coach for 10 hrs + Auckland City Tour
2880,2347762,2024-12-07 04:24:39,Add Product: Sky Tower Observation Deck Ticket
2881,2347762,2024-12-07 04:24:39,Add Product: Indian Lunch 
2882,2347762,2024-12-07 04:24:39,Add Product: Indian Dinner 
2883,2347762,2024-12-07 04:24:39,Add Product: Hotel Stay - SOHO Auckland or Similar
2884,2347762,2024-12-07 04:31:07,Add Product: Coach for 10 Hrs - Transfer from Auck
2885,2347762,2024-12-07 04:31:07,Add Product: Waitomo GlowWorm Caves - Admission Ti
2886,2347762,2024-12-07 04:31:07,Add Product: Lunch at Roseland 
2887,2347762,2024-12-07 04:31:07,Add Product: Redwood - Nightlights (Fast Pass)
2888,2347762,2024-12-07 04:31:07,Add Product: Indian Dinner
2889,2347762,2024-12-07 04:31:07,Add Product: Hotel Stay - Sudima  Hotel Rotorua or
2890,2347762,2024-12-07 04:36:00,Add Product: Coach for 12 Hrs - Hobbiton Movie Set
2891,2347762,2024-12-07 04:36:00,Add Product: Hobbiton - Tour and Lunch Combo rates
2892,2347762,2024-12-07 04:36:00,Add Product: Te Ra Guided Experience Ticket
2893,2347762,2024-12-07 04:36:00,Add Product: Indian Dinner 
2894,2347762,2024-12-07 04:36:00,Add Product: Hotel Stay - Sudima Hotel Rotorua or 
2895,2347762,2024-12-07 04:38:30,Add Product: Coach for 10 Hrs - Waimangu Volcanic 
2896,2347762,2024-12-07 04:38:30,Add Product: Waimangu Volcanic Valley Self-Guided 
2897,2347762,2024-12-07 04:38:30,Add Product: Indian Lunch 
2898,2347762,2024-12-07 04:38:30,Add Product: Indian Dinner
2899,2347762,2024-12-07 04:38:30,Add Product: Hotel Stay - Sudima Hotel Rotorua or 
2900,2347762,2024-12-07 04:45:22,Add Product: Depart Rotorua - Transfer from Rotoru
2901,2347762,2024-12-07 04:45:22,Add Product: Arrive Queenstown - Transfer from Que
2902,2347762,2024-12-07 04:45:22,Add Product: Skyline Queenstown - Gondola Ticket o
2903,2347762,2024-12-07 04:45:22,Add Product: Indian Lunch 
2904,2347762,2024-12-07 04:45:22,Add Product: K JET | JET BOAT RIDE QUEENSTOWN
2905,2347762,2024-12-07 04:45:22,Add Product: Indian Dinner 
2906,2347762,2024-12-07 04:45:22,Add Product: Hotel Stay - Holiday inn frankton Que
2907,2347762,2024-12-07 04:48:50,Add Product: Coach for 12 Hrs - Full Day Milford S
2908,2347762,2024-12-07 04:48:50,Add Product: Gem of the Sound cruise + Picnic Lunc
2909,2347762,2024-12-07 04:48:50,Add Product: Indian Dinner 
2910,2347762,2024-12-07 04:48:50,Add Product: Transfer from Queenstown to Franz Jos
2911,2347762,2024-12-07 04:48:50,Add Product: Puzzling World | Entry Tickets - illu
2912,2347762,2024-12-07 04:48:51,Add Product: Indian Lunch 
2913,2347762,2024-12-07 04:48:51,Add Product: Indian Dinner 
2914,2347762,2024-12-07 04:48:51,Add Product: Hotel Stay - Scenic Hotel Franz Josef
2915,2347762,2024-12-07 05:19:42,Add Product: Coach for 10 Hrs 
2916,2347762,2024-12-07 05:19:42,Add Product: Fox/ Franz Heli Service - Spectacular
2917,2347762,2024-12-07 05:19:42,Add Product: Indian Lunch 
2918,2347762,2024-12-07 05:19:42,Add Product: Indian Dinner
2919,2347762,2024-12-07 05:19:42,Add Product: Hotel Stay - Scenic Hotel Franz Josef
2920,2347762,2024-12-07 05:23:39,Add Product: Transfer from Franz Josef to Christch
2921,2347762,2024-12-07 05:23:39,Add Product: Indian Lunch 
2922,2347762,2024-12-07 05:23:39,Add Product: Indian Dinner 
2923,2347762,2024-12-07 05:23:39,Add Product: Hotel Stay - Sudima Christchurch Airp
2924,2347762,2024-12-07 05:23:40,Add Product: Coach for 10 Hrs + Christchurch City 
2925,2347762,2024-12-07 05:23:40,Add Product: General Admission to International An
2926,2347762,2024-12-07 05:23:40,Add Product: Indian Lunch 
2927,2347762,2024-12-07 05:23:40,Add Product: Indian Dinner 
2928,2347762,2024-12-07 05:23:40,Add Product: Hotel Stay - Sudima Christchurch Airp
2929,2347762,2024-12-07 05:23:40,Add Product: Depart Christchurch - Transfer from C
2983,2347764,2024-12-07 15:44:43,New Quote with Stage Created
2984,2347764,2024-12-07 15:47:42,Add Product: Arrive Auckland - Transfer from Auckl
2985,2347764,2024-12-07 15:47:42,Add Product: Hotel Stay - JW Marriott Auckland or 
2986,2347764,2024-12-07 15:47:42,Add Product: Coach for 10 Hrs - Auckland City Tour
2987,2347764,2024-12-07 15:47:42,Add Product: Auckland City Tour - Guide for 03 Hrs
2988,2347764,2024-12-07 15:47:42,Add Product: Sky Tower Observation Deck Ticket
2989,2347764,2024-12-07 15:48:48,Add Product: Hotel Stay - JW Marriott Auckland or 
2990,2347764,2024-12-07 15:56:25,Add Product: Coach for 10 Hrs - Waitomo Glowwowm F
2991,2347764,2024-12-07 15:56:25,Add Product: Waitomo GlowWorm Caves - Admission Ti
2992,2347764,2024-12-07 15:56:25,Add Product: Hotel Stay - JW Marriott Auckland or 
2993,2347764,2024-12-07 16:15:11,Add Product: Coach for 12 Hrs  + Hobbiton Movie Se
2994,2347764,2024-12-07 16:15:11,Add Product: Hobbiton - Tour and Lunch Combo rates
2995,2347764,2024-12-07 16:15:11,Add Product: Te Ra Guided Experience Ticket
2996,2347764,2024-12-07 16:15:11,Add Product: Hotel Stay - Pullman Hotel Rotorua or
2997,2347764,2024-12-07 16:15:11,Add Product: Transfer from Rotorua Hotel to Rotoru
2998,2347764,2024-12-07 16:15:11,Add Product: Transfer from Queenstown Airport to Q
2999,2347764,2024-12-07 16:15:11,Add Product: Indian Lunch 
3000,2347764,2024-12-07 16:15:11,Add Product: Hotel Stay - DoubleTree by Hilton Que
3001,2347764,2024-12-07 16:15:11,Add Product: Coach for 12 Hrs - Full Day Milford S
3002,2347764,2024-12-07 16:15:11,Add Product: Milford Sound Nature Cruise Ticket & 
3003,2347764,2024-12-07 16:15:11,Add Product: Hotel Stay - DoubleTree by Hilton Que
3004,2347764,2024-12-07 16:17:33,Add Product: Transfer from Queenstown to Christchu
3005,2347764,2024-12-07 16:17:33,Add Product: Local  Lunch 
3006,2347764,2024-12-07 16:17:33,Add Product: Hotel Stay - Sudima Christchurch City
3007,2347764,2024-12-07 16:17:33,Add Product: Coach for 10 Hrs - Day Trip to Kaikou
3008,2347764,2024-12-07 16:17:33,Add Product: Lunch 
3009,2347764,2024-12-07 16:17:33,Add Product: Hotel Stay - Sudima Christchurch City
3010,2347764,2024-12-07 16:17:33,Add Product: Transfer from Christchurch Hotel to C
3039,2347765,2024-12-05 15:43:42,New Quote with Stage Created
3040,2347765,2024-12-06 01:26:59,Change Stage to Created
3041,2347765,2024-12-06 01:33:53,Add Product: 10 Hours Coach - Auckland Local 
3042,2347765,2024-12-06 01:33:53,Add Product: Sky Tower Observation Deck Ticket
3043,2347765,2024-12-06 01:33:53,Add Product: Lunch at Indian Restaurant
3044,2347765,2024-12-06 01:33:53,Add Product: Dinner at Indian restaurant
3045,2347765,2024-12-06 01:33:53,Add Product: Mercure Auckland Queen Street with Br
3046,2347765,2024-12-06 01:51:00,Add Product: 12 Hours Coach - Waiheke island and s
3047,2347765,2024-12-06 01:51:00,Add Product: Return Waiheke Island ferry - (40 min
3048,2347765,2024-12-06 01:51:00,Add Product: Waiheke Island- Vineyard Explorer
3049,2347765,2024-12-06 01:51:00,Add Product: Auckland Harbour Dinner Cruise
3050,2347765,2024-12-06 01:51:00,Add Product: Mercure Auckland Queen Street with Br
3051,2347765,2024-12-06 01:57:38,Add Product: Auckland Hotel to Auckland Airport Tr
3052,2347765,2024-12-06 01:57:38,Add Product: 08 Hours Coach - Queenstown Local 
3053,2347765,2024-12-06 01:57:38,Add Product: Gibbston Valley Winery Tour - Self  D
3054,2347765,2024-12-06 01:57:38,Add Product: Lunch at Indian Restaurant
3055,2347765,2024-12-06 01:57:38,Add Product: Lunch at Restaurant
3056,2347765,2024-12-06 01:57:38,Add Product: Dinner at Indian restaurant
3057,2347765,2024-12-06 01:59:58,Add Product: Holiday Inn Express & Suites Queensto
3058,2347765,2024-12-06 02:03:18,Add Product: 10 Hours Coach - Quenstown Sightseien
3059,2347765,2024-12-06 02:03:18,Add Product: Skyline Gondola & 3 Luge Rides Ticket
3060,2347765,2024-12-06 02:03:18,Add Product: Onsen Hot Pools - Original Onsen
3061,2347765,2024-12-06 02:03:18,Add Product: Holiday Inn Express & Suites Queensto
3062,2347765,2024-12-06 02:03:18,Add Product: Lunch at Indian Restaurant
3063,2347765,2024-12-06 02:03:18,Add Product: Dinner at Indian restaurant
3064,2347765,2024-12-06 02:08:04,Add Product: 10 Hours Coach - Local Sightseieng 
3065,2347765,2024-12-06 02:08:04,Add Product: REMARKABLES SCENIC HELICOPTER  TOUR -
3066,2347765,2024-12-06 02:08:04,Add Product: Lunch at Indian Restaurant
3067,2347765,2024-12-06 02:08:04,Add Product: Shotover Jet (Ticket)
3068,2347765,2024-12-06 02:08:04,Add Product: Dinner at Indian restaurant
3069,2347765,2024-12-06 02:08:04,Add Product: Holiday Inn Express & Suites Queensto
3070,2347765,2024-12-06 02:12:55,Add Product: 12 Hours Coach - Return Milford Sound
3071,2347765,2024-12-06 02:12:55,Add Product: Milford Sound Nature Cruise Ticket & 
3072,2347765,2024-12-06 02:12:55,Add Product: Dinner at Indian restaurant
3073,2347765,2024-12-06 02:12:55,Add Product: Holiday Inn Express & Suites Queensto
3074,2347765,2024-12-06 02:14:43,Add Product: Queenstown Hotel to Queenstown Airpor
3146,2347767,2024-12-08 20:24:51,New Quote with Stage Created
3147,2347767,2024-12-08 20:28:48,Add Product: Arrive Melbourne - Transfer from Melb
3148,2347767,2024-12-08 20:28:48,Add Product: Indian Dinner 
3149,2347767,2024-12-08 20:28:48,Add Product: Hotel Stay - Element Melbourne Richmo
3150,2347767,2024-12-08 20:28:48,Add Product: Coach for 12 Hrs - Full Day Great Oce
3151,2347767,2024-12-08 20:28:48,Add Product: Lunch at Apollo Bay 
3152,2347767,2024-12-08 20:28:48,Add Product: Indian Dinner 
3153,2347767,2024-12-08 20:28:48,Add Product: Hotel Stay - Element Melbourne Richmo
3154,2347767,2024-12-08 20:30:58,Add Product: Coach for 12 Hrs - Full Day Philip is
3155,2347767,2024-12-08 20:30:58,Add Product: Penguin Parade - Standard Viewing Ent
3156,2347767,2024-12-08 20:30:58,Add Product: Indian / Local Lunch 
3157,2347767,2024-12-08 20:30:58,Add Product: Indian / Local Dinner
3158,2347767,2024-12-08 20:30:58,Add Product: Hotel Stay - Element Melbourne Richmo
3159,2347767,2024-12-08 20:34:56,Add Product: Depart Melbourne - Transfer from Melb
3160,2347767,2024-12-08 20:34:56,Add Product: Coach for 06 Hrs - Airport Transfer +
3161,2347767,2024-12-08 20:34:56,Add Product: One Way Skyrail Experience (No Transf
3162,2347767,2024-12-08 20:34:56,Add Product: Lunch at Kuranda 
3163,2347767,2024-12-08 20:34:56,Add Product: Indian Dinner 
3164,2347767,2024-12-08 20:34:56,Add Product: Hotel Stay - Harbourside cairns or Si
3165,2347767,2024-12-08 20:34:56,Add Product: Return Transfer to Reef Fleet Termina
3166,2347767,2024-12-08 20:34:56,Add Product: FULL DAY GREEN ISLAND REEF CRUISE - F
3167,2347767,2024-12-08 20:34:56,Add Product: Indian Dinner 
3168,2347767,2024-12-08 20:41:41,Add Product: Depart Cairns - Transfer from Cairns 
3169,2347767,2024-12-08 20:41:41,Add Product: Arrive Brisbane - Transfer from Brisb
3170,2347767,2024-12-08 20:41:41,Add Product: Indian Lunch 
3171,2347767,2024-12-08 20:41:41,Add Product: Indian Dinner 
3172,2347767,2024-12-08 20:41:41,Add Product: Hotel Stay - Novotel Surfers paradise
3173,2347767,2024-12-08 20:43:08,Add Product: Return Transfer to Sea World 
3174,2347767,2024-12-08 20:43:08,Add Product: Sea World Admission (Ticket)
3175,2347767,2024-12-08 20:43:08,Add Product: Sea World - Maxi Meal
3176,2347767,2024-12-08 20:43:09,Add Product: Indian Dinner 
3177,2347767,2024-12-08 20:43:09,Add Product: Hotel Stay - Novotel Surfers paradise
3178,2347767,2024-12-08 20:48:02,Add Product: Depart Gold Coast - Transfer from Gol
3179,2347767,2024-12-08 20:48:02,Add Product: Arrive Sydney - Transfer from Sydney 
3180,2347767,2024-12-08 20:48:02,Add Product: Indian Lunch 
3181,2347767,2024-12-08 20:48:02,Add Product: Indian Dinner 
3182,2347767,2024-12-08 20:48:02,Add Product: Hotel Stay - Sydney Central Ascott Li
3183,2347767,2024-12-08 20:48:02,Add Product: Coach for 10 hrs - City Tour (NO GUID
3184,2347767,2024-12-08 20:48:02,Add Product: Sydney Opera House Tour - 1 hour Entr
3185,2347767,2024-12-08 20:48:02,Add Product: Indian Lunch 
3186,2347767,2024-12-08 20:48:02,Add Product: Cluster 2: 2 Attraction Pass - (with 
3187,2347767,2024-12-08 20:48:02,Add Product: Indian Dinner 
3188,2347767,2024-12-08 20:48:02,Add Product: Hotel Stay - Sydney Central Ascott Li
3189,2347767,2024-12-08 20:48:02,Add Product: Depart Sydney - Transfer from Sydney 
3255,2347769,2024-12-08 20:59:35,New Quote with Stage Created
3256,2347769,2024-12-08 21:03:32,Add Product: Arrive Queenstown - Transfer from Que
3257,2347769,2024-12-08 21:03:32,Add Product: Indian Lunch 
3258,2347769,2024-12-08 21:03:32,Add Product: Indian Dinner 
3259,2347769,2024-12-08 21:03:32,Add Product: Hotel Stay - Holiday inn Queenstown R
3260,2347769,2024-12-08 21:03:32,Add Product: Coach for 12 Hrs - Full Day Milford S
3261,2347769,2024-12-08 21:03:32,Add Product: Milford Sound Nature Cruise Ticket & 
3262,2347769,2024-12-08 21:03:32,Add Product: Indian Dinner 
3263,2347769,2024-12-08 21:05:51,Add Product: Coach for 12 Hrs - Arrowtown City Tou
3264,2347769,2024-12-08 21:05:51,Add Product: Indian Lunch 
3265,2347769,2024-12-08 21:05:51,Add Product: K JET | JET BOAT RIDE QUEENSTOWN
3266,2347769,2024-12-08 21:05:51,Add Product: Skyline Queenstown - Gondola Ticket o
3267,2347769,2024-12-08 21:05:51,Add Product: Indian Dinner 
3268,2347769,2024-12-08 21:05:51,Add Product: Hotel Stay - Holiday inn Queenstown R
3269,2347769,2024-12-08 21:05:51,Add Product: Hotel Stay - Holiday inn Queenstown R
3270,2347769,2024-12-08 21:12:34,Add Product: Transfer from Queenstown to Omarama v
3271,2347769,2024-12-08 21:12:34,Add Product: Indian Lunch 
3272,2347769,2024-12-08 21:12:34,Add Product: Puzzling World | Entry Tickets - illu
3273,2347769,2024-12-08 21:12:34,Add Product: Indian Dinner 
3274,2347769,2024-12-08 21:12:34,Add Product: Hotel Stay - Distinction Heritage Gat
3275,2347769,2024-12-08 21:12:34,Add Product: Transfer from Omarama to Christchurch
3276,2347769,2024-12-08 21:12:34,Add Product: Indian / Local Lunch 
3277,2347769,2024-12-08 21:12:34,Add Product: Indian Dinner 
3278,2347769,2024-12-08 21:12:34,Add Product: Hotel Stay - Distinction Hotel Christ
3279,2347769,2024-12-08 21:21:05,Add Product: Depart Christchurch - Transfer from C
3280,2347769,2024-12-08 21:21:05,Add Product: Arrive Rotorua - Transfer from Rotoru
3281,2347769,2024-12-08 21:21:05,Add Product: Indian Lunch 
3282,2347769,2024-12-08 21:21:05,Add Product: Indian Dinner 
3283,2347769,2024-12-08 21:21:05,Add Product: Hotel Stay  Sudima Lake Rotorua or Si
3284,2347769,2024-12-08 21:21:05,Add Product: Coach for 12 Hrs - Hobbiton Movie Set
3285,2347769,2024-12-08 21:21:05,Add Product: Hobbiton - Tour and Lunch Combo rates
3286,2347769,2024-12-08 21:21:05,Add Product: Te Ra Guided Experience Ticket
3287,2347769,2024-12-08 21:21:05,Add Product: Indian Dinner 
3288,2347769,2024-12-08 21:23:31,Add Product: Hotel Stay Sudima Lake Rotorua or Sim
3289,2347769,2024-12-08 21:36:28,Add Product: Transfer from Rotorua to Auckland via
3290,2347769,2024-12-08 21:36:28,Add Product: Waitomo GlowWorm Caves - Admission Ti
3291,2347769,2024-12-08 21:36:28,Add Product: Roselands Resort Indian menu (2023-20
3292,2347769,2024-12-08 21:36:28,Add Product: Indian Dinner 
3293,2347769,2024-12-08 21:36:28,Add Product: Hotel Stay - Holiday inn Express Auck
3294,2347769,2024-12-08 21:40:38,Add Product: Coach for 10 Hrs - Auckland City Tour
3295,2347769,2024-12-08 21:40:38,Add Product: Indian Lunch 
3296,2347769,2024-12-08 21:40:38,Add Product: Sky Tower Observation Deck Ticket
3297,2347769,2024-12-08 21:40:38,Add Product: Indian Dinner 
3298,2347769,2024-12-08 21:40:38,Add Product: Hotel Stay - Holiday inn Express Auck
3299,2347769,2024-12-08 21:40:38,Add Product: Depart Auckland - Transfer from Auckl
3369,2347771,2024-12-08 22:51:03,New Quote with Stage Created
3370,2347771,2024-12-08 22:55:46,Add Product: Arrive Sydney - Transfer from Sydney 
3371,2347771,2024-12-08 22:55:46,Add Product: Sydney Harbour Hopper – Sightseeing C
3372,2347771,2024-12-08 22:55:46,Add Product: Indian Dinner 
3373,2347771,2024-12-08 22:55:46,Add Product: Hotel Stay - Sydney Central Ascott Li
3374,2347771,2024-12-08 23:03:11,Add Product: Coach for 10 hrs - Sydney City Tour +
3375,2347771,2024-12-08 23:03:11,Add Product: Sydney City Tour - 04 Hrs 
3376,2347771,2024-12-08 23:03:11,Add Product: Indian Lunch 
3377,2347771,2024-12-08 23:03:11,Add Product: Cluster 2: 2 Attraction Pass - (with 
3378,2347771,2024-12-08 23:03:11,Add Product: Sydney Opera House Tour - 1 hour Entr
3379,2347771,2024-12-08 23:03:11,Add Product: Indian Dinner 
3380,2347771,2024-12-08 23:03:11,Add Product: Hotel Stay - Sydney Central Ascott Li
3381,2347771,2024-12-08 23:15:48,Add Product: Depart Sydney - Transfer from Sydney 
3382,2347771,2024-12-08 23:15:48,Add Product: Arrive Brisbane - Transfer from Brisb
3383,2347771,2024-12-08 23:15:48,Add Product: Brisbane City Tour - 04 Hrs 
3384,2347771,2024-12-08 23:15:48,Add Product: Indian Lunch 
3385,2347771,2024-12-08 23:15:48,Add Product: Indian Dinner 
3386,2347771,2024-12-08 23:15:48,Add Product: Hotel Stay - Novtel Surfers paradise 
3387,2347771,2024-12-08 23:18:30,Add Product: Return transfer to Currumbin Wildlife
3388,2347771,2024-12-08 23:18:30,Add Product: Currumbin Wildlife Sanctuary -  Gener
3389,2347771,2024-12-08 23:18:30,Add Product: Lunch at Currumbin
3390,2347771,2024-12-08 23:18:30,Add Product: Indian Dinner 
3391,2347771,2024-12-08 23:18:30,Add Product: Hotel Stay - Novtel Surfers paradise 
3392,2347771,2024-12-08 23:23:44,Add Product: Depart Gold Coast - Transfer from Gol
3393,2347771,2024-12-08 23:23:44,Add Product: Arrive Cairns - Tranfer from Cairns A
3394,2347771,2024-12-08 23:23:44,Add Product: One Way Skyrail Experience (No Transf
3395,2347771,2024-12-08 23:23:44,Add Product: Pamagirri Aboriginal Experience
3396,2347771,2024-12-08 23:23:44,Add Product: Lunch at Kuranda 
3397,2347771,2024-12-08 23:23:44,Add Product: Indian Dinner 
3398,2347771,2024-12-08 23:23:44,Add Product: Hotel Stay - Harbourside Cairns or Si
3399,2347771,2024-12-08 23:28:50,Add Product: Return Transfer to Reef Fleet Termina
3400,2347771,2024-12-08 23:28:50,Add Product: FULL DAY GREEN ISLAND REEF CRUISE - F
3401,2347771,2024-12-08 23:28:50,Add Product: Indian Dinner 
3402,2347771,2024-12-08 23:28:50,Add Product: Hotel Stay - Harbourside cairns or Si
3403,2347771,2024-12-08 23:28:50,Add Product: Depart Cairns - Transfer from Cairns 
3404,2347771,2024-12-08 23:28:50,Add Product: Arrive Melbourne - Transfer from Melb
3405,2347771,2024-12-08 23:28:50,Add Product: Melbourne City Tour - 04 Hrs 
3406,2347771,2024-12-08 23:28:50,Add Product: Indian Lunch 
3407,2347771,2024-12-08 23:28:50,Add Product: Indian Dinner 
3408,2347771,2024-12-08 23:28:50,Add Product: Hotel Stay - Mercure Melbourne Southb
3409,2347771,2024-12-08 23:33:02,Add Product: Coach for 12 Hrs - MCG +  Full Day Ph
3410,2347771,2024-12-08 23:33:02,Add Product: Melbourne Cricket Ground - MCG Tour (
3411,2347771,2024-12-08 23:33:02,Add Product: Penguin Parade - Standard Viewing Ent
3412,2347771,2024-12-08 23:33:02,Add Product: Indian / Local Lunch 
3413,2347771,2024-12-08 23:33:02,Add Product: Indian / Local Dinne
3414,2347771,2024-12-08 23:33:02,Add Product: Hotel Stay - Mercure Melbourne Southb
3415,2347771,2024-12-08 23:33:02,Add Product: Coach for 12 Hrs - Full Day Great Oce
3416,2347771,2024-12-08 23:33:02,Add Product: Lunch at Apollo bay 
3417,2347771,2024-12-08 23:33:02,Add Product: Melbourne
3418,2347771,2024-12-08 23:33:03,Add Product: Hotel Stay - Mercure Melbourne Southb
3419,2347771,2024-12-08 23:33:03,Add Product: Depart Melbourne - Transfer from Melb
3454,2347773,2024-12-09 00:01:53,New Quote with Stage Created
3455,2347773,2024-12-09 00:05:57,Add Product: Arrive Sydney - Transfer from Sydney 
3456,2347773,2024-12-09 00:05:57,Add Product: Indian Lunch 
3457,2347773,2024-12-09 00:05:57,Add Product: SHOWBOAT DINNER CRUISE WITH INDIAN SE
3458,2347773,2024-12-09 00:05:57,Add Product: Hotel Stay - Sydney Central Ascott Li
3459,2347773,2024-12-09 00:05:57,Add Product: Coach for 12 Hrs - Sydney City Tour +
3460,2347773,2024-12-09 00:05:57,Add Product: Cluster 4: 4 Attraction Pass (Only Ti
3461,2347773,2024-12-09 00:05:57,Add Product: Indian Lunch 
3462,2347773,2024-12-09 00:05:57,Add Product: Sydney Opera House Tour - 1 hour Entr
3463,2347773,2024-12-09 00:05:57,Add Product: Indian Dinner 
3464,2347773,2024-12-09 00:05:58,Add Product: Hotel Stay - Sydney Central Ascott Li
3465,2347773,2024-12-09 00:07:39,Add Product: Coach for 12 Hrs - Full Day Blue Moun
3466,2347773,2024-12-09 00:07:39,Add Product: Sydney Zoo Entry Tickets
3467,2347773,2024-12-09 00:07:39,Add Product: Lunch at Eats270
3468,2347773,2024-12-09 00:07:39,Add Product: Scenic World - Ultimate Discovery Pas
3469,2347773,2024-12-09 00:07:39,Add Product: Indian Dinner 
3470,2347773,2024-12-09 00:07:39,Add Product: Hotel Stay - Sydney Central Ascott Li
3471,2347773,2024-12-09 00:09:21,Add Product: Depart Sydney - Transfer from Sydney 
3524,2347775,2024-11-21 19:07:48,Created
3525,2347775,2024-12-09 00:30:01,Add Product: Arrive Brisbane - Transfer from Brisb
3526,2347775,2024-12-09 00:30:01,Add Product: Indian Lunch 
3527,2347775,2024-12-09 00:30:01,Add Product: Indian Dinner 
3528,2347775,2024-12-09 00:30:01,Add Product: Hotel Stay - Novotel Surfers paradise
3529,2347775,2024-12-09 00:30:01,Add Product: Return Transfer to Sea World 
3530,2347775,2024-12-09 00:30:01,Add Product: Best Of Both Worlds (Movie World + Se
3531,2347775,2024-12-09 00:30:01,Add Product: Movie World - Maxi Meal
3532,2347775,2024-12-09 00:30:01,Add Product: Indian Dinner 
3533,2347775,2024-12-09 00:30:01,Add Product: Return Transfer to Movie World 
3534,2347775,2024-12-09 00:30:01,Add Product: Sea World Admission (Ticket)
3535,2347775,2024-12-09 00:30:01,Add Product: Sea World - Maxi Meal
3536,2347775,2024-12-09 00:30:02,Add Product: Indian Dinner 
3537,2347775,2024-12-09 00:30:02,Add Product: Hotel Stay - Novotel Surfers paradise
3538,2347775,2024-12-09 00:31:17,Add Product: Hotel Stay - Novotel Surfers Paradise
3539,2347775,2024-12-09 00:40:59,Delete Product: Melbourne Cricket Ground - MCG Tou
3540,2347775,2024-12-09 00:41:15,Delete Product: Coach for 08 Hrs Airport Transfer 
3541,2347775,2024-12-09 00:41:35,Delete Product: Indian Lunch
3542,2347775,2024-12-09 00:42:09,Delete Product: Moonlit Sanctuary Admission
3543,2347775,2024-12-09 00:42:34,"Delete Product: Cocktail dinner with 2+2 snacks , "
3544,2347775,2024-12-09 00:43:15,Delete Product: Australian Butterfly Sanctuary - A
3545,2347775,2024-12-09 00:47:27,Delete Product: Thunder Thrill Jetboating Ride - 3
3546,2347775,2024-12-09 00:47:58,Delete Product: SHOWBOAT DINNER CRUISE WITH INDIAN
3547,2347775,2024-12-09 00:48:47,Delete Product: Sydney Tower Eye - General Admissi
3548,2347775,2024-12-09 00:49:20,Delete Product: Day at Leisure - No Coach Services
3549,2347775,2024-12-09 00:50:01,Delete Product: Indian Lunch with Transfer 
3550,2347775,2024-12-09 00:55:59,Delete Product: Hotel Stay - Sydney Central Ascott
3551,2347775,2024-12-09 00:56:23,Delete Product: Water Bottle 
3552,2347775,2024-12-09 00:57:01,Add Product: Arrive Melbourne - Transfer from Melb
3553,2347775,2024-12-09 00:57:04,Add Product: Arrive Melbourne - Transfer from Melb
3554,2347775,2024-12-09 00:58:03,Add Product: Lunch at Apollo bay 
3555,2347775,2024-12-09 00:59:22,Add Product: Indian Dinner 
3556,2347775,2024-12-09 01:00:56,Add Product: Indian Dinner 
3557,2347775,2024-12-09 01:02:45,Add Product: Depart Gold Coast - Transfer from Gol
3558,2347775,2024-12-09 01:06:21,Delete Product: Arrive Melbourne - Transfer from M
3559,2347775,2024-12-09 01:07:12,Add Product: Thunder Thrill Jetboating Ride - 30 M
3560,2347775,2024-12-09 01:07:12,Add Product: Cluster 4: 4 Attraction Pass (Only Ti
3561,2347775,2024-12-09 01:08:52,Change Stage to Created
3624,2347777,2024-12-09 02:08:47,New Quote with Stage Created
3625,2347777,2024-12-09 02:12:25,Add Product: Arrive Sydney - Transfer from Sydney 
3626,2347777,2024-12-09 02:12:25,Add Product: Indian Lunch 
3627,2347777,2024-12-09 02:12:25,Add Product: Indian Dinner 
3628,2347777,2024-12-09 02:12:25,Add Product: Hotel Stay - Sydney Central Ascott Li
3629,2347777,2024-12-09 02:16:51,Add Product: Coach for 12 Hrs 
3630,2347777,2024-12-09 02:16:51,Add Product: Sydney City Tour - Guide for 03 Hrs 
3631,2347777,2024-12-09 02:16:51,Add Product: Sydney Opera House Tour - 1 hour Entr
3632,2347777,2024-12-09 02:16:51,Add Product: Sydney Tower Eye - General Admission 
3633,2347777,2024-12-09 02:16:51,Add Product: Indian Lunch 
3634,2347777,2024-12-09 02:16:51,Add Product: SHOWBOAT DINNER CRUISE WITH INDIAN SE
3635,2347777,2024-12-09 02:16:51,Add Product: Hotel Stay - Sydney Central Ascott Li
3636,2347777,2024-12-09 02:20:15,Add Product: Coach for 12 Hrs - Full Day Blue Moun
3637,2347777,2024-12-09 02:20:15,Add Product: Sydney Zoo Entry Tickets
3638,2347777,2024-12-09 02:20:15,Add Product: Lunch at Eats270
3639,2347777,2024-12-09 02:20:15,Add Product: Scenic World - Ultimate Discovery Pas
3640,2347777,2024-12-09 02:20:15,Add Product: Indian Dinner 
3641,2347777,2024-12-09 02:20:15,Add Product: Hotel Stay - Sydney Central Ascott Li
3642,2347777,2024-12-09 02:26:14,Add Product: Depart Sydney - Transfer from Sydney 
3643,2347777,2024-12-09 02:26:14,Add Product: Arrive Brisbane - Transfer from Brisb
3644,2347777,2024-12-09 02:26:14,Add Product: Indian Lunch 
3645,2347777,2024-12-09 02:26:14,Add Product: Indian Dinner 
3646,2347777,2024-12-09 02:26:14,Add Product: Hotel Stay - JW Marriott Gold Coast o
3647,2347777,2024-12-09 02:30:16,Delete Product: Indian Lunch 
3648,2347777,2024-12-09 02:30:30,Delete Product: Indian Dinner 
3649,2347777,2024-12-09 02:32:07,Add Product: Indian Lunch 
3650,2347777,2024-12-09 02:32:07,Add Product: Arro Jet Experience (45 Minutes)
3651,2347777,2024-12-09 02:32:07,Add Product: Conference hall from 5pm to 11pm
3652,2347777,2024-12-09 02:35:27,Add Product: Gala Dinner 
3653,2347777,2024-12-09 02:40:08,Add Product: Return Transfer to Sea World 
3654,2347777,2024-12-09 02:40:08,Add Product: Sea World Admission (Ticket)
3655,2347777,2024-12-09 02:40:08,Add Product: Sea World Scenic Helicopter Ride (5 m
3656,2347777,2024-12-09 02:40:08,Add Product: Sea World - Maxi Meal
3657,2347777,2024-12-09 02:40:08,Add Product: Indian Dinner 
3658,2347777,2024-12-09 02:40:08,Add Product: Hotel Stay - JW Marriott Gold Coast o
3659,2347777,2024-12-09 02:40:08,Add Product: Depart Gold Coast - Transfer from Gol
3660,2347777,2024-12-09 02:40:08,Add Product: Indian Lunch 
3703,2347778,2024-12-03 20:05:36,New Quote with Stage Created
3704,2347778,2024-12-03 22:18:10,Add Product: Arrive Auckland - Transfer from Auckl
3705,2347778,2024-12-03 22:18:10,Add Product: Indian Lunch 
3706,2347778,2024-12-03 22:18:10,Add Product: Indian Dinner 
3707,2347778,2024-12-03 22:18:10,Add Product: Hotel Stay - Holiday inn Express Auck
3708,2347778,2024-12-03 23:28:01,Add Product: Sky Tower Observation Deck Ticket
3709,2347778,2024-12-03 23:28:08,Add Product: Sky Tower Observation Deck Ticket
3710,2347778,2024-12-03 23:30:05,Delete Product: Sky Tower Observation Deck Ticket
3711,2347778,2024-12-03 23:34:29,Add Product: Coach for 12 Hrs - Transfer from Auck
3712,2347778,2024-12-03 23:34:29,Add Product: Waitomo GlowWorm Caves - Admission Ti
3713,2347778,2024-12-03 23:34:29,Add Product: Lunch at Roseland 
3714,2347778,2024-12-03 23:34:29,Add Product: Te Ra Guided Experience Ticket
3715,2347778,2024-12-03 23:34:29,Add Product: Indian Dinner 
3716,2347778,2024-12-03 23:34:29,Add Product: Hotel Stay - Distinction Hotel Rotoru
3717,2347778,2024-12-03 23:38:08,Add Product: Depart Rotorua - Transfer from Rotoru
3718,2347778,2024-12-03 23:38:08,Add Product: Arrive Queenstown - Transfer from Que
3719,2347778,2024-12-03 23:38:08,Add Product: Indian Lunch 
3720,2347778,2024-12-03 23:38:08,Add Product: Indian Dinner 
3721,2347778,2024-12-03 23:38:08,Add Product: Hotel Stay - Holiday inn Express & Su
3722,2347778,2024-12-03 23:40:26,Add Product: Coach for 12 Hrs - Full Day Milford S
3723,2347778,2024-12-03 23:40:26,Add Product: Milford Sound Nature Cruise Ticket & 
3724,2347778,2024-12-03 23:40:26,Add Product: Indian Dinner 
3725,2347778,2024-12-03 23:40:26,Add Product: Hotel Stay - Holiday inn Express & Su
3726,2347778,2024-12-03 23:43:41,Add Product: Coach for 12 Hrs - Arrowtown CityTour
3727,2347778,2024-12-03 23:43:41,Add Product: Indian Lunch 
3728,2347778,2024-12-03 23:43:41,Add Product: K JET | JET BOAT RIDE QUEENSTOWN
3729,2347778,2024-12-03 23:43:41,Add Product: Skyline Queenstown - Gondola Ticket o
3730,2347778,2024-12-03 23:43:41,Add Product: Indian Dinner 
3731,2347778,2024-12-03 23:43:41,Add Product: Hotel Stay - Holiday inn Express & Su
3732,2347778,2024-12-03 23:46:03,Add Product: Coach for 10 Hrs - Transfer from Quee
3733,2347778,2024-12-03 23:46:03,Add Product: Puzzling World | Entry Tickets - illu
3734,2347778,2024-12-03 23:46:03,Add Product: Indian Lunch 
3735,2347778,2024-12-03 23:46:03,Add Product: Indian Dinner 
3736,2347778,2024-12-03 23:46:03,Add Product: Hotel Sty - Scenic Hotel Franz Josef 
3737,2347778,2024-12-03 23:49:39,Add Product: Transfer from Franz Josef to Greymout
3738,2347778,2024-12-03 23:49:39,Add Product: Kiwirailways - TranzAlpine Train Tick
3739,2347778,2024-12-03 23:49:39,Add Product: Indian Lunch 
3740,2347778,2024-12-03 23:49:39,Add Product: Transfer from Christchurch Train Stat
3741,2347778,2024-12-03 23:49:39,Add Product: Indian Dinner 
3742,2347778,2024-12-03 23:49:39,Add Product: Hotel Stay - Distinction Hotel Christ
3743,2347778,2024-12-03 23:49:39,Add Product: Depart Christchurch - Transfer from C
3744,2347778,2024-12-03 23:52:40,Add Product: Indian Lunch 
3745,2347778,2024-12-03 23:53:17,Delete Product: Indian Lunch 
3746,2347778,2024-12-03 23:58:55,Add Product: FOC : 01 
3747,2347778,2024-12-05 00:31:06,Delete Product: Indian Lunch 
3748,2347778,2024-12-05 00:41:09,Delete Product: Lunch at Roseland 
3749,2347778,2024-12-05 00:41:50,Delete Product: Indian Lunch 
3750,2347778,2024-12-05 00:44:40,Delete Product: Indian Lunch 
3751,2347778,2024-12-05 00:44:58,Delete Product: Indian Lunch 
3752,2347778,2024-12-05 00:45:13,Delete Product: Indian Lunch 
3815,2347779,2024-11-08 20:05:59,Created
3816,2347779,2024-12-10 00:53:00,Delete Product: Indian Lunch 
3817,2347779,2024-12-10 00:53:57,Delete Product: Depart Christch
3818,2347779,2024-12-10 00:54:17,Delete Product: Depart Rotorua - Transfer from Rot
3819,2347779,2024-12-10 00:54:42,Delete Product: Hotel Stay - Distinction Hotel Chr
3820,2347779,2024-12-10 00:58:17,Add Product: Arrive Christchurch - Transfer from C
3821,2347779,2024-12-10 00:58:17,Add Product: Indian Dinner 
3822,2347779,2024-12-10 00:58:17,Add Product: Hotel Stay - Distinction Hotel Christ
3823,2347779,2024-12-10 00:58:17,Add Product: Coach for 10 Hrs - Christchurch City 
3824,2347779,2024-12-10 00:58:17,Add Product: General Admission to International An
3825,2347779,2024-12-10 00:58:17,Add Product: Indian Lunch 
3826,2347779,2024-12-10 00:58:17,Add Product: Indian Dinner 
3827,2347779,2024-12-10 00:58:17,Add Product: Hotel Stay - Distinction Hotel Christ
3828,2347779,2024-12-10 00:58:17,Add Product: Transfer from Christchurhc to Franz J
3829,2347779,2024-12-10 00:58:39,Delete Product: Transfer from Queenstown to Franz 
3830,2347779,2024-12-10 01:05:02,Delete Product: Arrive Auckland - Transfer from Au
3831,2347779,2024-12-10 01:05:46,Add Product: Arrive Rotorua - Transfer from Rotoru
3832,2347779,2024-12-10 01:08:15,Add Product: Transfer from Franz Josef to Queensto
3833,2347779,2024-12-10 01:09:51,Add Product: Indian Lunch 
3834,2347779,2024-12-10 01:21:32,Delete Product: Transfer from Auckland to Rotorua 
3835,2347779,2024-12-10 01:22:30,Add Product: Transfer from Rotorua to Auckland via
3836,2347779,2024-12-10 01:22:31,Add Product: Depart Auckland - Transfer from Auckl
3837,2347779,2024-12-10 01:25:16,Delete Product: Indian Dinner 
3838,2347779,2024-12-10 01:27:56,Add Product: Depart Queenstown - Transfer from Que
3839,2347779,2024-12-10 01:28:30,Delete Product: Transfer from Franz Josef to Queen
3840,2347779,2024-12-10 01:29:05,Delete Product: Arrive Queenstown - Transfer from 
3841,2347779,2024-12-10 01:29:42,Add Product: Transfer from Franz Josef to Queensto
3842,2347779,2024-12-10 01:31:29,Delete Product: Coach for 10 Hrs - Auckland City T
3843,2347779,2024-12-10 01:31:49,Delete Product: Indian Lunch 
3844,2347779,2024-12-10 01:32:05,Delete Product: Sky Tower Observation Deck Ticket
3845,2347779,2024-12-10 01:32:19,Delete Product: Indian Dinner 
3846,2347779,2024-12-10 01:32:33,Delete Product: Hotel Stay - Holiday inn Express A
3878,2347780,2024-11-08 23:07:02,Created
3888,2347781,2024-10-05 22:35:48,Accepted - Groups
3889,2347781,2024-12-02 19:31:47,Delete Product: Holiday inn Potts Point Sydney
3890,2347781,2024-12-10 16:29:47,Change Stage to Accepted - Groups
3894,2347782,2024-10-03 18:31:34,Create Project
3895,2347782,2024-12-09 11:18:06,Change Stage to Created
3896,2347782,2024-12-10 18:59:09,Change Stage to Created
3897,2347783,2024-11-11 17:39:48,Requote
3898,2347783,2024-11-28 22:03:58,Accepted - Groups
3899,2347783,2024-12-02 16:55:02,Add Product: Puffing Billy Railway |Belgrave to Me
3900,2347783,2024-12-02 16:55:42,Delete Product: Puffing Billy Railway | Belgrave -
3901,2347783,2024-12-03 13:00:27,Add Product: The Waves Phillip Island - Beachside 
3902,2347783,2024-12-03 13:01:41,Delete Product: Ramada Resort by Wyndham Phillip I
3903,2347783,2024-12-06 12:33:16,Delete Product: Asian/Western/Chinese Lunch 1 Cour
3904,2347783,2024-12-09 13:38:46,Change Stage to Final QA
3905,2347783,2024-12-10 13:23:06,Change Stage to Final QA
3906,2347783,2024-12-10 13:23:19,Change Stage to Final QA
3907,2347783,2024-12-10 16:35:42,Add Product: Asian/Western/Chinese Dinner 1 Course
3965,2347785,2024-12-12 00:13:59,New Quote with Stage Created
3966,2347785,2024-12-12 00:30:49,Add Product: Transfer from Melbourne Airport to Me
3967,2347785,2024-12-12 00:30:49,Add Product: Indian Dinner 
3968,2347785,2024-12-12 00:30:49,Add Product: Hotel Stay - Mercure Melbourne Southb
3969,2347785,2024-12-12 00:37:36,Add Product: Coach for 12 Hrs - Half day city orie
3970,2347785,2024-12-12 00:37:36,Add Product: Melbourne Cricket Ground - MCG Tour (
3971,2347785,2024-12-12 00:37:36,Add Product: Indian Lunch
3972,2347785,2024-12-12 00:37:36,Add Product: Penguin Parade - Standard Viewing Ent
3973,2347785,2024-12-12 00:37:36,Add Product: Moonlit Sanctuary Admission
3974,2347785,2024-12-12 00:37:36,Add Product: Indian Dinner
3975,2347785,2024-12-12 00:37:36,Add Product: Hotel Stay - Mercure Melbourne Southb
3976,2347785,2024-12-12 00:39:09,Add Product: Coach for 12 Hrs - Full Day Great Oce
3977,2347785,2024-12-12 00:39:09,Add Product: Lunch at Apollo bay 
3978,2347785,2024-12-12 00:39:09,Add Product: Indian Dinner 
3979,2347785,2024-12-12 00:39:09,Add Product: Hotel Stay - Mercure Melbourne Southb
3980,2347785,2024-12-12 00:51:53,Add Product: Depart Melbourne - Transfer from Melb
3981,2347785,2024-12-12 00:51:53,Add Product: Coach for 06 Hrs - Airport Transfer +
3982,2347785,2024-12-12 00:51:53,Add Product: One Way Skyrail Experience (No Transf
3983,2347785,2024-12-12 00:51:53,Add Product: Lunch at Kuranda
3984,2347785,2024-12-12 00:51:53,Add Product: Army Duck Tour
3985,2347785,2024-12-12 00:51:53,Add Product: Indian Dinner 
3986,2347785,2024-12-12 00:51:54,Add Product: Hotel Stay - Harbourside cairns or Si
3987,2347785,2024-12-12 00:55:03,Add Product: Return Transfers to Reef Fleet Termin
3988,2347785,2024-12-12 00:55:03,Add Product: FULL DAY GREEN ISLAND REEF CRUISE - F
3989,2347785,2024-12-12 00:55:03,Add Product: Indian Dinner 
3990,2347785,2024-12-12 00:55:03,Add Product: Hotel Stay - Harbourside cairns or Si
3991,2347785,2024-12-12 01:04:08,Add Product: Depart Cairns - Transfer from Cairns 
3992,2347785,2024-12-12 01:04:08,Add Product: Arrive Sydney - Transfer from Sydney 
3993,2347785,2024-12-12 01:04:08,Add Product: Indian Lunch
3994,2347785,2024-12-12 01:04:08,Add Product: SHOWBOAT DINNER CRUISE WITH INDIAN SE
3995,2347785,2024-12-12 01:04:08,Add Product: Hotel Stay - Sydney Central Ascott Li
3996,2347785,2024-12-12 01:12:54,Add Product: Coach for 12 hrs-Full Day Blue Mounta
3997,2347785,2024-12-12 01:12:54,Add Product: Sydney Zoo Entry Tickets
3998,2347785,2024-12-12 01:12:54,Add Product: Lunch at Eats270
3999,2347785,2024-12-12 01:12:54,Add Product: Scenic World - Ultimate Discovery Pas
4000,2347785,2024-12-12 01:12:54,Add Product: Sydney Tower Buffet (Buffet Dinner Pr
4001,2347785,2024-12-12 01:12:54,Add Product: Hotel Stay - Sydney Central Ascott Li
4002,2347785,2024-12-12 01:12:54,Add Product: Depart Sydney - Transfer from Sydney 
4060,2347787,2024-12-12 01:29:57,New Quote with Stage Created
4061,2347787,2024-12-12 01:37:04,Add Product: Arrive Queenstown - Transfer from Que
4062,2347787,2024-12-12 01:37:04,Add Product: Indian Lunch 
4063,2347787,2024-12-12 01:37:04,Add Product: Gondola + Premium Dinner - Queenstown
4064,2347787,2024-12-12 01:37:04,Add Product: Hotel Stay - Holiday inn Express & Su
4065,2347787,2024-12-12 01:58:37,Add Product: Coach for 12 Hrs - Full Day Milford S
4066,2347787,2024-12-12 01:58:37,Add Product: Milford Sound Nature Cruise Ticket & 
4067,2347787,2024-12-12 01:58:37,Add Product: Indian Dinner 
4068,2347787,2024-12-12 01:58:37,Add Product: Hotel Stay - Holiday inn Express & Su
4069,2347787,2024-12-12 02:09:17,Add Product: Transfer from Queenstown to Christchu
4070,2347787,2024-12-12 02:09:17,Add Product: Local Lunch 
4071,2347787,2024-12-12 02:09:17,Add Product: Indian Lunch 
4072,2347787,2024-12-12 02:09:17,Add Product: Hotel Stay - Distinction Hotel Christ
4073,2347787,2024-12-12 02:12:34,Add Product: Depart Christchurch - Transfer from C
4074,2347787,2024-12-12 02:12:34,Add Product: General Admission to International An
4075,2347787,2024-12-12 02:12:34,Add Product: Indian Lunch 
4076,2347787,2024-12-12 02:12:34,Add Product: Arrive Auckland - Transfer from Auckl
4077,2347787,2024-12-12 02:12:34,Add Product: Indian Dinner 
4078,2347787,2024-12-12 02:12:34,Add Product: Hotel Stay - Distinction Hotel Rotoru
4079,2347787,2024-12-12 02:19:20,Add Product: Coach for 10 Hrs - Rotorua Sightseein
4080,2347787,2024-12-12 02:19:20,Add Product: Agrodome | Farm Show
4081,2347787,2024-12-12 02:19:20,Add Product: Indian Lunch
4082,2347787,2024-12-12 02:19:20,Add Product: Te Pō (Indigenous Evening Experience)
4083,2347787,2024-12-12 02:19:20,Add Product: Hotel Stay - Distinction Hotel Rotoru
4084,2347787,2024-12-12 02:19:20,Add Product: Transfer from Rotorua to Auckland via
4085,2347787,2024-12-12 02:19:20,Add Product: Waitomo GlowWorm Caves - Admission Ti
4086,2347787,2024-12-12 02:19:20,Add Product: Local Lunch
4087,2347787,2024-12-12 02:19:20,Add Product: Indian buffet Dinner with Drinks 
4088,2347787,2024-12-12 02:19:20,Add Product: Hotel Stay - Holiday inn express Auck
4089,2347787,2024-12-12 02:24:45,Add Product: Depart Auckland - Transfer from Auckl
4193,2347793,2024-12-12 10:34:32,New Quote with Stage Created
4194,2347793,2024-12-12 11:37:58,Add Product: City tour Including Airport transfers
4195,2347793,2024-12-12 16:15:44,Add Product: SkyFeast at Sydney Tower - Lunch
4196,2347793,2024-12-12 16:16:13,Add Product: Furama Darling Harbour with Breakfast
4197,2347793,2024-12-12 16:19:31,Add Product: Coach for 12 Hrs - Full Day Blue Moun
4198,2347793,2024-12-12 16:21:08,Add Product: Sydney Zoo Entry Tickets
4199,2347793,2024-12-12 16:21:33,Add Product: Scenic World - Ultimate Discovery Pas
4200,2347793,2024-12-12 16:22:32,Add Product: Western Lunch at eats270
4201,2347793,2024-12-12 16:23:33,Add Product: Asian/Western/Chinese 2 course meal
4202,2347793,2024-12-12 16:24:16,Add Product: Furama Darling Harbour with Breakfast
4203,2347793,2024-12-12 16:25:22,Add Product: Coach for 12 Hrs - Full Day Port Step
4204,2347793,2024-12-12 16:27:09,Add Product: Asia/wEstern/Chinese 2 course lunch
4205,2347793,2024-12-12 16:27:30,Add Product: Port Stephens 4WD Tours - BEACH & DUN
4206,2347793,2024-12-12 16:31:12,Add Product: DD4WL - 1 hr Sandboarding & 1.5 hr Do
4207,2347793,2024-12-12 16:31:40,Delete Product: Port Stephens 4WD Tours - BEACH & 
4208,2347793,2024-12-12 16:31:54,Delete Product: Asia/wEstern/Chinese 2 course lunc
4209,2347793,2024-12-12 16:32:38,Add Product: Asian/Western/Chinese 2 course dinner
4210,2347793,2024-12-12 16:33:04,Add Product: Furama Darling Harbour with Breakfast
4211,2347793,2024-12-12 16:35:00,Add Product: Coach for 10 hours - University Schoo
4212,2347793,2024-12-12 16:37:56,Add Product: Asian/Western/Chinese 2 course meal
4213,2347793,2024-12-12 16:38:48,Add Product: Asian/Western/Chinese 2 course dinner
4214,2347793,2024-12-12 16:39:24,Add Product: Furama Darling Harbour with Breakfast
4215,2347793,2024-12-12 16:40:42,Add Product: Sydney CBD hotel to Sydney Airport
4216,2347793,2024-12-12 16:42:26,Add Product: Asian/Western/Chinese 2 course Dinner
4239,2347794,2024-12-12 16:18:13,New Quote with Stage Created
4240,2347794,2024-12-12 16:38:05,Add Product: Airport Transfer - Cairns Airport to 
4241,2347794,2024-12-12 16:38:05,Add Product: Mercure Cairns with Breakfast
4242,2347794,2024-12-12 16:38:05,Add Product: Indian Dinner By Walk
4243,2347794,2024-12-12 16:38:05,Add Product: FULL DAY GREEN ISLAND REEF CRUISE - F
4244,2347794,2024-12-12 16:38:05,Add Product: Private Return transfers from Hotel t
4245,2347794,2024-12-12 16:38:05,Add Product: Mercure Cairns with Breakfast
4246,2347794,2024-12-12 16:38:05,Add Product: Indian Dinner with Transfers
4247,2347794,2024-12-12 16:38:05,Add Product: Airport Transfer - Hotel to Cairns Ai
4248,2347794,2024-12-12 17:08:07,Add Product: APT-REST-HTL LUNCH -TSF
4249,2347794,2024-12-12 17:08:07,Add Product: Indian Lunch
4250,2347794,2024-12-12 17:08:07,Add Product: Holiday Inn Potts Point with Breakfas
4251,2347794,2024-12-12 17:08:07,Add Product: Indian Dinner By Walk
4252,2347794,2024-12-12 17:08:07,Add Product: Coahc for 12-Hrs Bluemountain 
4253,2347794,2024-12-12 17:08:07,Add Product: Sydney Zoo Entry Tickets
4254,2347794,2024-12-12 17:08:07,Add Product: Scenic World - Ultimate Discovery Pas
4255,2347794,2024-12-12 17:08:07,Add Product: Indian Dinner
4256,2347794,2024-12-12 17:08:07,Add Product: Holiday Inn Potts Point with Breakfas
4257,2347794,2024-12-12 17:08:07,Add Product: Coach for 10 Hrs 
4258,2347794,2024-12-12 17:08:07,Add Product: Holiday Inn Potts Point with Breakfas
4259,2347794,2024-12-12 17:08:07,Add Product: Indian Lunch
4260,2347794,2024-12-12 17:08:07,Add Product: Indian Dinner 
4261,2347794,2024-12-12 17:08:07,Add Product: Transfer from Hotel to Sydney Airport
4309,2347795,2024-11-09 21:54:12,Created
4310,2347795,2024-12-12 22:41:43,Add Product: SHOWBOAT DINNER CRUISE WITH INDIAN SE
4311,2347795,2024-12-12 22:44:33,Delete Product: SHOWBOAT DINNER CRUISE WITH 3-COUR
4312,2347795,2024-12-12 22:53:48,Add Product: Coach for 12 Hrs - Puffing Billy + Ph
4313,2347795,2024-12-12 22:53:48,Add Product: Puffing Billy Railway | Belgrave - La
4314,2347795,2024-12-12 22:53:48,Add Product: Indian Lunch 
4315,2347795,2024-12-12 22:53:48,Add Product: Penguin Parade - Standard Viewing Ent
4316,2347795,2024-12-12 22:53:48,Add Product: Hi Tea at Philip Island 
4317,2347795,2024-12-12 22:53:48,Add Product:  Cocktail Dinner at MCG / Venue / Res
4318,2347795,2024-12-12 22:53:48,Add Product: Melbourne Marriot Hotel with Breakfas
4319,2347795,2024-12-12 22:56:49,Add Product: Sovereign Hill - General Admission
4320,2347795,2024-12-12 22:56:49,Add Product: Indian Lunch 
4321,2347795,2024-12-12 22:56:49,Add Product: Hi tea + 02 snacks at Indian restaura
4322,2347795,2024-12-12 23:07:17,Delete Product: Gala Dinner - In Restaurant 
4323,2347795,2024-12-12 23:07:52,Add Product: Indian Dinner 
4331,2347796,2024-11-09 21:54:12,Created
4332,2347796,2024-12-12 22:41:43,Add Product: SHOWBOAT DINNER CRUISE WITH INDIAN SE
4333,2347796,2024-12-12 22:44:33,Delete Product: SHOWBOAT DINNER CRUISE WITH 3-COUR
4334,2347796,2024-12-12 22:53:48,Add Product: Coach for 12 Hrs - Puffing Billy + Ph
4335,2347796,2024-12-12 22:53:48,Add Product: Puffing Billy Railway | Belgrave - La
4336,2347796,2024-12-12 22:53:48,Add Product: Indian Lunch 
4337,2347796,2024-12-12 22:53:48,Add Product: Penguin Parade - Standard Viewing Ent
4338,2347796,2024-12-12 22:53:48,Add Product: Hi Tea at Philip Island 
4339,2347796,2024-12-12 22:53:48,Add Product:  Cocktail Dinner at MCG / Venue / Res
4340,2347796,2024-12-12 22:53:48,Add Product: Melbourne Marriot Hotel with Breakfas
4341,2347796,2024-12-12 22:56:49,Add Product: Sovereign Hill - General Admission
4342,2347796,2024-12-12 22:56:49,Add Product: Indian Lunch 
4343,2347796,2024-12-12 22:56:49,Add Product: Hi tea + 02 snacks at Indian restaura
4344,2347796,2024-12-12 23:07:17,Delete Product: Gala Dinner - In Restaurant 
4345,2347796,2024-12-12 23:07:52,Add Product: Indian Dinner 
4346,2347796,2024-12-12 23:27:29,Add Product: Hotel Stay - Sydney Harbour Marriott 
4347,2347796,2024-12-12 23:27:29,Add Product: Hotel Stay - Sydney Harbour Marriott 
4348,2347796,2024-12-12 23:27:29,Add Product: Hotel Stay - Sydney Harbour Marriott 
4349,2347796,2024-12-12 23:27:29,Add Product: Hotel Stay - Le Meridien Melbourne or
4350,2347796,2024-12-12 23:27:29,Add Product: Hotel Stay - Le Meridien Melbourne or
4351,2347796,2024-12-12 23:27:29,Add Product: Hotel Stay - Le Meridien Melbourne or
4352,2347796,2024-12-12 23:32:56,Delete Product:  Sydney Harbour Marriot / Hilton S
4440,2347798,2024-12-13 01:52:29,New Quote with Stage Created
4441,2347798,2024-12-13 02:01:58,Add Product: Arrive Melbourne - Transfer from Melb
4442,2347798,2024-12-13 02:01:58,Add Product: Indian Dinner with Transfers
4443,2347798,2024-12-13 02:01:58,Add Product: Hotel Stay - Mercure Melbourne Southb
4444,2347798,2024-12-13 02:06:33,Add Product: Coach for 12 Hrs - City Tour + MCG + 
4445,2347798,2024-12-13 02:06:33,Add Product: Melbourne Cricket Ground - MCG Tour (
4446,2347798,2024-12-13 02:06:33,Add Product: Indian Lunch 
4447,2347798,2024-12-13 02:06:33,Add Product: Penguin Parade - Standard Viewing Ent
4448,2347798,2024-12-13 02:06:33,Add Product: Indian Dinner at Penguin Parade(Set M
4449,2347798,2024-12-13 02:06:33,Add Product: Hotel Stay - Mercure Melbourne Southb
4450,2347798,2024-12-13 02:13:40,Add Product: Depart Melbourne - Transfer from Melb
4451,2347798,2024-12-13 02:13:40,Add Product: Arrive Cairns - Transfer from Cairns 
4452,2347798,2024-12-13 02:13:40,Add Product: Indian Lunch 
4453,2347798,2024-12-13 02:13:40,Add Product: Indian Dinner by Walk 
4454,2347798,2024-12-13 02:13:40,Add Product: Hotel Stay - Harbourside cairns or Si
4455,2347798,2024-12-13 02:17:31,Add Product: Coach for 06 Hrs - Kuranda Skyrail + 
4456,2347798,2024-12-13 02:17:31,Add Product: One Way Skyrail Experience (No Transf
4457,2347798,2024-12-13 02:17:31,Add Product: Army Duck Tour
4458,2347798,2024-12-13 02:17:31,Add Product: Lunch at Kuranda
4459,2347798,2024-12-13 02:17:31,Add Product: Indian Dinner by Walk 
4460,2347798,2024-12-13 02:17:31,Add Product: Hotel Stay - Harbourside cairns or Si
4461,2347798,2024-12-13 02:19:09,Add Product: Return Transfers to Reef Fleet Termin
4462,2347798,2024-12-13 02:19:09,Add Product: FULL DAY GREEN ISLAND REEF CRUISE - F
4463,2347798,2024-12-13 02:19:09,Add Product: Indian Dinner
4464,2347798,2024-12-13 02:19:09,Add Product: Hotel Stay - Harbourside cairns or Si
4465,2347798,2024-12-13 02:26:34,Add Product: Depart Cairns - Transfer from Cairns 
4466,2347798,2024-12-13 02:26:34,Add Product: Arrive Gold Coast - Transfer from Gol
4467,2347798,2024-12-13 02:26:34,Add Product: Arro Jet Experience (45 Minutes)
4468,2347798,2024-12-13 02:26:34,Add Product: Indian Lunch by Walk
4469,2347798,2024-12-13 02:26:34,Add Product: Indian Dinner by Walk 
4470,2347798,2024-12-13 02:26:34,Add Product: Hotel Stay - Vibe Hotel Gold Coast or
4471,2347798,2024-12-13 02:30:28,Add Product: Return Transfer to Movie World 
4472,2347798,2024-12-13 02:30:28,Add Product: Movie World Admission Ticket
4473,2347798,2024-12-13 02:30:28,Add Product: Movie World - Maxi Meal
4474,2347798,2024-12-13 02:30:28,Add Product: Indian Dinner 
4475,2347798,2024-12-13 02:30:28,Add Product: Hotel Stay - Vibe Hotel Gold Coast or
4476,2347798,2024-12-13 02:40:22,Add Product: Depart Gold Coast - Transfer from Gol
4477,2347798,2024-12-13 02:40:22,Add Product: Arrive Sydney - Transfer from Sydney 
4478,2347798,2024-12-13 02:40:22,Add Product: Indian Lunch 
4479,2347798,2024-12-13 02:40:22,Add Product: SHOWBOAT DINNER CRUISE WITH INDIAN SE
4480,2347798,2024-12-13 02:40:22,Add Product: Hotel Stay - Furama Darling Harbor or
4481,2347798,2024-12-13 02:47:07,Add Product: Coach for 12 Hrs - City Tour - Opera 
4482,2347798,2024-12-13 02:47:07,Add Product: Orientation Tour of Sydney - 4 Hours 
4483,2347798,2024-12-13 02:47:07,Add Product: Sydney Opera House Tour - 1 hour Entr
4484,2347798,2024-12-13 02:47:07,Add Product: Indian Lunch 
4485,2347798,2024-12-13 02:47:07,Add Product: Cluster 3: 3 Attraction Pass  (with S
4486,2347798,2024-12-13 02:47:07,Add Product: Indian Dinner 
4487,2347798,2024-12-13 02:47:07,Add Product: Hotel Stay - Furama Darling Harbor or
4488,2347798,2024-12-13 02:51:08,Add Product: Coach for 12 hrs-Full Day Blue Mounta
4489,2347798,2024-12-13 02:51:09,Add Product: Scenic World - Ultimate Discovery Pas
4490,2347798,2024-12-13 02:51:09,Add Product: Lunch at Eats270
4491,2347798,2024-12-13 02:51:09,Add Product: Indian Dinner 
4492,2347798,2024-12-13 02:51:09,Add Product: Hotel Stay - Furama Darling Harbor or
4493,2347798,2024-12-13 02:51:09,Add Product: Depart Sydney - Coach for 05 Hrs - Ai
4494,2347798,2024-12-13 02:51:09,Add Product: Indian Lunch 
4495,2347798,2024-12-13 02:57:47,Change Stage to Created
4496,2347798,2024-12-13 02:58:05,Change Stage to Created
4694,2347803,2024-11-11 17:39:48,Requote
4695,2347803,2024-11-28 22:03:58,Accepted - Groups
4696,2347803,2024-12-02 16:55:02,Add Product: Puffing Billy Railway |Belgrave to Me
4697,2347803,2024-12-02 16:55:42,Delete Product: Puffing Billy Railway | Belgrave -
4698,2347803,2024-12-03 13:00:27,Add Product: The Waves Phillip Island - Beachside 
4699,2347803,2024-12-03 13:01:41,Delete Product: Ramada Resort by Wyndham Phillip I
4700,2347803,2024-12-05 11:42:48,Change Stage to Created
4701,2347803,2024-12-13 11:45:38,Delete Product: Puffing Billy Railway |Belgrave to
4702,2347803,2024-12-13 11:48:10,Delete Product: Coach for 10 hrs
4703,2347803,2024-12-13 11:48:21,Delete Product: Asian/Western/Chinese Lunch 1 Cour
4704,2347803,2024-12-13 11:48:31,Delete Product: Asian/Western/Chinese Dinner 1 Cou
4705,2347803,2024-12-13 11:48:43,Delete Product: Hotel Stay - Mercure Melbourne Sou
4706,2347803,2024-12-13 11:56:31,Delete Product: Coach for 12 hrs
4707,2347803,2024-12-13 11:56:43,Delete Product: Maru Koala & Animal Park
4708,2347803,2024-12-13 11:56:54,Delete Product: Asian/Western/Chinese Lunch 1 Cour
4709,2347803,2024-12-13 11:57:07,Delete Product: Admission to Peninsula Hot Water S
4710,2347803,2024-12-13 11:57:21,Delete Product: Hotel Stay - Mercure Melbourne Sou
4711,2347803,2024-12-13 12:00:55,Add Product: Coach for 10 Hours - City tour + Lunc
4712,2347803,2024-12-13 12:02:06,Add Product: Asian/Western/Chinese 1 course Lunch
4713,2347803,2024-12-13 12:03:46,Add Product: Holiday Inn Express Melbourne Little 
4714,2347803,2024-12-13 12:05:27,Delete Product: Day Free
4715,2347803,2024-12-13 12:06:34,Add Product: Holiday Inn Express Melbourne Little 
4716,2347803,2024-12-13 12:07:46,Delete Product: Hotel Stay at Mercure Southbank wi
4717,2347803,2024-12-13 12:08:28,Add Product: Holiday Inn Express Melbourne Little 
4718,2347803,2024-12-13 12:13:01,Add Product: Holiday Inn Express Melbourne Little 
4719,2347803,2024-12-13 12:38:46,Delete Product: Hotel Stay - Mercure Melbourne Sou
4725,2347804,2024-11-11 17:39:48,Requote
4726,2347804,2024-11-28 22:03:58,Accepted - Groups
4727,2347804,2024-12-02 16:55:02,Add Product: Puffing Billy Railway |Belgrave to Me
4728,2347804,2024-12-02 16:55:42,Delete Product: Puffing Billy Railway | Belgrave -
4729,2347804,2024-12-03 13:00:27,Add Product: The Waves Phillip Island - Beachside 
4730,2347804,2024-12-03 13:01:41,Delete Product: Ramada Resort by Wyndham Phillip I
4731,2347804,2024-12-05 11:42:48,Change Stage to Created
4732,2347804,2024-12-13 11:45:38,Delete Product: Puffing Billy Railway |Belgrave to
4733,2347804,2024-12-13 11:48:10,Delete Product: Coach for 10 hrs
4734,2347804,2024-12-13 11:48:21,Delete Product: Asian/Western/Chinese Lunch 1 Cour
4735,2347804,2024-12-13 11:48:31,Delete Product: Asian/Western/Chinese Dinner 1 Cou
4736,2347804,2024-12-13 11:48:43,Delete Product: Hotel Stay - Mercure Melbourne Sou
4737,2347804,2024-12-13 11:56:31,Delete Product: Coach for 12 hrs
4738,2347804,2024-12-13 11:56:43,Delete Product: Maru Koala & Animal Park
4739,2347804,2024-12-13 11:56:54,Delete Product: Asian/Western/Chinese Lunch 1 Cour
4740,2347804,2024-12-13 11:57:07,Delete Product: Admission to Peninsula Hot Water S
4741,2347804,2024-12-13 11:57:21,Delete Product: Hotel Stay - Mercure Melbourne Sou
4742,2347804,2024-12-13 12:00:55,Add Product: Coach for 10 Hours - City tour + Lunc
4743,2347804,2024-12-13 12:02:06,Add Product: Asian/Western/Chinese 1 course Lunch
4744,2347804,2024-12-13 12:03:46,Add Product: Holiday Inn Express Melbourne Little 
4745,2347804,2024-12-13 12:05:27,Delete Product: Day Free
4746,2347804,2024-12-13 12:06:34,Add Product: Holiday Inn Express Melbourne Little 
4747,2347804,2024-12-13 12:07:46,Delete Product: Hotel Stay at Mercure Southbank wi
4748,2347804,2024-12-13 12:08:28,Add Product: Holiday Inn Express Melbourne Little 
4749,2347804,2024-12-13 12:13:01,Add Product: Holiday Inn Express Melbourne Little 
4750,2347804,2024-12-13 12:38:46,Delete Product: Hotel Stay - Mercure Melbourne Sou
4751,2347804,2024-12-13 13:09:54,Change Stage to Created
4752,2347804,2024-12-13 13:42:42,Add Product: Coach for 12 hours Including airport 
4753,2347804,2024-12-13 13:43:59,Add Product: Sydney Oyster farm tour
4754,2347804,2024-12-13 13:44:44,Add Product: Asian/Western/Chinese 1 course Lunch
4755,2347804,2024-12-13 13:47:26,Add Product: Alpaca Meet & Greet
4756,2347804,2024-12-13 13:49:32,Add Product: Ibis Style Sydney Central
4757,2347804,2024-12-13 13:50:13,Add Product: Ibis Style Sydney Central
4758,2347804,2024-12-13 13:57:11,Delete Product: Driver Accommodation 
4759,2347804,2024-12-13 13:57:26,Delete Product: The Waves Phillip Island - Beachsi
4760,2347804,2024-12-13 13:57:54,Add Product: Holiday Inn Express Melbourne Little 
4761,2347804,2024-12-13 13:58:38,Delete Product: Holiday Inn Express Melbourne Litt
4762,2347804,2024-12-13 13:59:51,Add Product: Coach for 10 hours - City tour + Dinn
4763,2347804,2024-12-13 14:02:02,Delete Product: Coach for 10 Hours - City tour + L
4764,2347804,2024-12-13 14:03:00,Add Product: Asian/Western/Chinese 1 course dinner
4765,2347804,2024-12-13 14:03:45,Delete Product: Asian/Western/Chinese 1 course Lun
4825,2347806,2024-12-13 20:57:08,New Quote with Stage Created
4826,2347806,2024-12-13 21:12:24,Add Product: Arrive Sydney - Transfer from Sydney 
4827,2347806,2024-12-13 21:12:24,Add Product: Indian Dinner at Restaurant 
4828,2347806,2024-12-13 21:12:24,Add Product: Hotel Stay - Sheraton Grand Sydney Hy
4829,2347806,2024-12-13 21:27:34,Add Product: Coach for 12 Hrs - City Tour + Opera 
4830,2347806,2024-12-13 21:27:34,Add Product: Sydney City Tour - Guide for 04 Hrs 
4831,2347806,2024-12-13 21:27:34,Add Product: Sydney Opera House Tour - 1 hour Entr
4832,2347806,2024-12-13 21:27:34,Add Product: Indian Lunch at Restaurant 
4833,2347806,2024-12-13 21:27:34,Add Product: Cluster 4: 4 Attraction Pass (Only Ti
4834,2347806,2024-12-13 21:27:34,Add Product: Indian Dinner at Restaurant 
4835,2347806,2024-12-13 21:27:34,Add Product: Hotel Stay - Sheraton Grand Sydney Hy
4836,2347806,2024-12-13 21:34:20,Add Product: Depart Sydney - Transfer from Sydney 
4837,2347806,2024-12-13 21:34:20,Add Product: Arrive Brisbane - Transfer from Brisb
4838,2347806,2024-12-13 21:34:20,Add Product: Indian Lunch at Restaurant 
4839,2347806,2024-12-13 21:34:20,Add Product: Indian Dinner at Restaurant 
4840,2347806,2024-12-13 21:34:20,Add Product: Hotel Stay - Hilton Surfers paradise 
4841,2347806,2024-12-13 21:34:20,Add Product: Return transfer to Sea World
4842,2347806,2024-12-13 21:34:20,Add Product: Sea World Admission (Ticket)
4843,2347806,2024-12-13 21:34:20,Add Product: Sea World - Maxi Meal
4844,2347806,2024-12-13 21:34:20,Add Product: Indian Dinner at Restaurant 
4845,2347806,2024-12-13 21:34:20,Add Product: Hotel Stay - Hilton Surfers paradise 
4846,2347806,2024-12-13 21:34:20,Add Product: Depart Gold Coast - Transfer from Gol
4847,2347806,2024-12-13 21:41:47,Add Product: Return Dinner Transfers 
4895,2347808,2024-12-13 20:57:08,New Quote with Stage Created
4896,2347808,2024-12-13 21:12:24,Add Product: Arrive Sydney - Transfer from Sydney 
4897,2347808,2024-12-13 21:12:24,Add Product: Indian Dinner at Restaurant 
4898,2347808,2024-12-13 21:12:24,Add Product: Hotel Stay - Sheraton Grand Sydney Hy
4899,2347808,2024-12-13 21:27:34,Add Product: Coach for 12 Hrs - City Tour + Opera 
4900,2347808,2024-12-13 21:27:34,Add Product: Sydney City Tour - Guide for 04 Hrs 
4901,2347808,2024-12-13 21:27:34,Add Product: Sydney Opera House Tour - 1 hour Entr
4902,2347808,2024-12-13 21:27:34,Add Product: Indian Lunch at Restaurant 
4903,2347808,2024-12-13 21:27:34,Add Product: Cluster 4: 4 Attraction Pass (Only Ti
4904,2347808,2024-12-13 21:27:34,Add Product: Indian Dinner at Restaurant 
4905,2347808,2024-12-13 21:27:34,Add Product: Hotel Stay - Sheraton Grand Sydney Hy
4906,2347808,2024-12-13 21:34:20,Add Product: Depart Sydney - Transfer from Sydney 
4907,2347808,2024-12-13 21:34:20,Add Product: Arrive Brisbane - Transfer from Brisb
4908,2347808,2024-12-13 21:34:20,Add Product: Indian Lunch at Restaurant 
4909,2347808,2024-12-13 21:34:20,Add Product: Indian Dinner at Restaurant 
4910,2347808,2024-12-13 21:34:20,Add Product: Hotel Stay - Hilton Surfers paradise 
4911,2347808,2024-12-13 21:34:20,Add Product: Return transfer to Sea World
4912,2347808,2024-12-13 21:34:20,Add Product: Sea World Admission (Ticket)
4913,2347808,2024-12-13 21:34:20,Add Product: Sea World - Maxi Meal
4914,2347808,2024-12-13 21:34:20,Add Product: Indian Dinner at Restaurant 
4915,2347808,2024-12-13 21:34:20,Add Product: Hotel Stay - Hilton Surfers paradise 
4916,2347808,2024-12-13 21:34:20,Add Product: Depart Gold Coast - Transfer from Gol
4917,2347808,2024-12-13 21:41:47,Add Product: Return Dinner Transfers 
4918,2347808,2024-12-13 21:47:35,Add Product: Cocktail Dinner at Private Venue / Ho
4919,2347808,2024-12-13 21:51:10,Delete Product: Indian Dinner at Restaurant 
4920,2347808,2024-12-13 22:04:34,Add Product: Coach for 12 Hrs - Full Day Blue Moun
4921,2347808,2024-12-13 22:04:34,Add Product: Sydney Zoo Entry Tickets
4922,2347808,2024-12-13 22:04:34,Add Product: Lunch at Eats270
4923,2347808,2024-12-13 22:04:34,Add Product: Scenic World - Ultimate Discovery Pas
4924,2347808,2024-12-13 22:04:35,Add Product: Indian Dinner at Restaurant 
4925,2347808,2024-12-13 22:04:35,Add Product: Hotel Stay - Sheraton Grand Sydney Hy
4927,2347809,2024-12-02 23:18:38,New Quote with Stage Created
4928,2347809,2024-12-02 23:23:23,Add Product: Arrival Transfer - Sydney Airport to 
4929,2347809,2024-12-02 23:23:23,Add Product: Lunch @ The Grand Palace
4930,2347809,2024-12-02 23:23:23,Add Product: Sydney Central Hotel by Ascott with B
4931,2347809,2024-12-02 23:27:44,Add Product: Indian Dinner @ Curry Craze
4932,2347809,2024-12-02 23:32:25,Add Product: 10 Hours Coach - Local City 
4933,2347809,2024-12-02 23:32:25,Add Product: Sydney Opera House Tour - 1 hour Entr
4934,2347809,2024-12-02 23:32:25,Add Product: Lunch @ Masala Kitchen
4935,2347809,2024-12-02 23:32:25,Add Product: Cluster 3: 3 Attraction Pass  (with S
4936,2347809,2024-12-02 23:32:25,Add Product: Dinner @ The Spice Central
4937,2347809,2024-12-02 23:32:25,Add Product: Sydney Central Hotel by Ascott with B
4938,2347809,2024-12-02 23:34:43,Add Product: 12 hours coach - Full day Blue Mounta
4939,2347809,2024-12-02 23:34:43,Add Product: Scenic World - Ultimate Discovery Pas
4940,2347809,2024-12-02 23:34:43,Add Product: Lunch at EATS270 - Indian Banquet (Mi
4941,2347809,2024-12-02 23:34:43,Add Product: Sydney Zoo Entry Tickets
4942,2347809,2024-12-02 23:34:43,Add Product: Dinner
4943,2347809,2024-12-02 23:34:44,Add Product: Sydney Central Hotel by Ascott with B
4944,2347809,2024-12-02 23:36:49,Change Stage to Created
4945,2347809,2024-12-02 23:40:36,Add Product: Departure Transfer - CBD Hotel to Syn
4946,2347809,2024-12-02 23:40:37,Add Product: Briabsne Airport to Gold Coast Surfer
4947,2347809,2024-12-02 23:40:37,Add Product: Lunch @ Taj Palace
4948,2347809,2024-12-02 23:40:37,Add Product: Dinner @ Tandoori Place Gold Coast
4949,2347809,2024-12-02 23:40:37,Add Product: Novotel Surfers Paradise with Breakfa
4950,2347809,2024-12-02 23:47:00,Add Product: Return transfer to Dream World
4951,2347809,2024-12-02 23:47:00,Add Product: Dreamworld Admission | Dreamworld 1 D
4952,2347809,2024-12-02 23:47:00,Add Product: Lunch Coupon at Dreamworld
4953,2347809,2024-12-02 23:47:00,Add Product: Dinner @ Sankalp Gold Coast
4954,2347809,2024-12-02 23:47:00,Add Product: Novotel Surfers Paradise with Breakfa
4955,2347809,2024-12-02 23:48:54,Add Product: Departure Transfers - Gold Coast Hote
4956,2347809,2024-12-03 00:03:07,Add Product: 3 Hours Coach -  Cairns Airport to Ca
4957,2347809,2024-12-03 00:03:07,Add Product: Lunch @ Spicy Bite Restaurant
4958,2347809,2024-12-03 00:03:07,Add Product: Dinner @ Tandoori Nights Cairns
4959,2347809,2024-12-03 00:03:07,Add Product: Mercure Cairns with Breakfast
4960,2347809,2024-12-03 00:08:12,Add Product: Return Reef Fleet Transfer
4961,2347809,2024-12-03 00:08:12,Add Product: FULL DAY GREEN ISLAND REEF CRUISE - F
4962,2347809,2024-12-03 00:08:12,Add Product: Dinner @ Indian Brothers Restaurant
4963,2347809,2024-12-03 00:08:12,Add Product: Mercure Cairns with Breakfast
4964,2347809,2024-12-03 00:27:44,Add Product: 10 Houra Coach - 
4965,2347809,2024-12-03 00:27:44,Add Product: One Way Skyrail Experience & One Way 
4966,2347809,2024-12-03 00:27:44,Add Product: Australian Butterfly Sanctuary - Admi
4967,2347809,2024-12-03 00:27:44,Add Product: Lunch at Frogs Kuranda
4968,2347809,2024-12-03 00:27:44,Add Product: Package A - Pamagirri Aboriginal Expe
4969,2347809,2024-12-03 00:27:44,Add Product: Dinner @ Marinades Indian Restaurant
4970,2347809,2024-12-03 00:27:44,Add Product: Mercure Cairns with Breakfast
4971,2347809,2024-12-03 00:30:04,Add Product: Depart Cairns - Transfer from Cairnd 
4972,2347809,2024-12-03 01:04:31,Add Product: Water  Bottle 
4973,2347809,2024-12-03 01:10:39,Add Product: DJ at Venue 
4974,2347809,2024-12-13 00:19:06,Change Stage to Created
4975,2347809,2024-12-13 00:23:30,Add Product: Breakfast at Restaurant 
4976,2347809,2024-12-13 00:48:53,Add Product: Return Transfer to Movie World 
4977,2347809,2024-12-13 00:48:53,Add Product: Movie World Admission Ticket
4978,2347809,2024-12-13 00:48:53,Add Product: Movie World - Maxi Meal
4979,2347809,2024-12-13 00:50:20,Delete Product: Return transfer to Dream World
4980,2347809,2024-12-13 00:50:39,Delete Product: Dreamworld Admission | Dreamworld 
4981,2347809,2024-12-13 01:11:11,Add Product: Indian Dinner at Private Venue / Rest
4982,2347809,2024-12-13 01:24:10,Delete Product: Lunch Coupon at Dreamworld
4983,2347809,2024-12-13 01:24:32,Delete Product: Australian Butterfly Sanctuary - A
4984,2347809,2024-12-13 01:25:05,Add Product: Package B - Pamagirri Aboriginal Expe
4985,2347809,2024-12-13 01:25:54,Delete Product: Package A - Pamagirri Aboriginal E
4986,2347809,2024-12-13 01:26:17,Delete Product: Indian Dinner @ Curry Craze
4987,2347809,2024-12-13 01:27:43,Change Stage to Created
5008,2347810,2024-12-13 01:52:29,New Quote with Stage Created
5009,2347810,2024-12-13 02:01:58,Add Product: Arrive Melbourne - Transfer from Melb
5010,2347810,2024-12-13 02:01:58,Add Product: Indian Dinner with Transfers
5011,2347810,2024-12-13 02:01:58,Add Product: Hotel Stay - Mercure Melbourne Southb
5012,2347810,2024-12-13 02:06:33,Add Product: Coach for 12 Hrs - City Tour + MCG + 
5013,2347810,2024-12-13 02:06:33,Add Product: Melbourne Cricket Ground - MCG Tour (
5014,2347810,2024-12-13 02:06:33,Add Product: Indian Lunch 
5015,2347810,2024-12-13 02:06:33,Add Product: Penguin Parade - Standard Viewing Ent
5016,2347810,2024-12-13 02:06:33,Add Product: Indian Dinner at Penguin Parade(Set M
5017,2347810,2024-12-13 02:06:33,Add Product: Hotel Stay - Mercure Melbourne Southb
5018,2347810,2024-12-13 02:13:40,Add Product: Depart Melbourne - Transfer from Melb
5019,2347810,2024-12-13 02:13:40,Add Product: Arrive Cairns - Transfer from Cairns 
5020,2347810,2024-12-13 02:13:40,Add Product: Indian Lunch 
5021,2347810,2024-12-13 02:13:40,Add Product: Indian Dinner by Walk 
5022,2347810,2024-12-13 02:13:40,Add Product: Hotel Stay - Harbourside cairns or Si
5023,2347810,2024-12-13 02:17:31,Add Product: Coach for 06 Hrs - Kuranda Skyrail + 
5024,2347810,2024-12-13 02:17:31,Add Product: One Way Skyrail Experience (No Transf
5025,2347810,2024-12-13 02:17:31,Add Product: Army Duck Tour
5026,2347810,2024-12-13 02:17:31,Add Product: Lunch at Kuranda
5027,2347810,2024-12-13 02:17:31,Add Product: Indian Dinner by Walk 
5028,2347810,2024-12-13 02:17:31,Add Product: Hotel Stay - Harbourside cairns or Si
5029,2347810,2024-12-13 02:19:09,Add Product: Return Transfers to Reef Fleet Termin
5030,2347810,2024-12-13 02:19:09,Add Product: FULL DAY GREEN ISLAND REEF CRUISE - F
5031,2347810,2024-12-13 02:19:09,Add Product: Indian Dinner
5032,2347810,2024-12-13 02:19:09,Add Product: Hotel Stay - Harbourside cairns or Si
5033,2347810,2024-12-13 02:26:34,Add Product: Depart Cairns - Transfer from Cairns 
5034,2347810,2024-12-13 02:26:34,Add Product: Arrive Gold Coast - Transfer from Gol
5035,2347810,2024-12-13 02:26:34,Add Product: Arro Jet Experience (45 Minutes)
5036,2347810,2024-12-13 02:26:34,Add Product: Indian Lunch by Walk
5037,2347810,2024-12-13 02:26:34,Add Product: Indian Dinner by Walk 
5038,2347810,2024-12-13 02:26:34,Add Product: Hotel Stay - Vibe Hotel Gold Coast or
5039,2347810,2024-12-13 02:30:28,Add Product: Return Transfer to Movie World 
5040,2347810,2024-12-13 02:30:28,Add Product: Movie World Admission Ticket
5041,2347810,2024-12-13 02:30:28,Add Product: Movie World - Maxi Meal
5042,2347810,2024-12-13 02:30:28,Add Product: Indian Dinner 
5043,2347810,2024-12-13 02:30:28,Add Product: Hotel Stay - Vibe Hotel Gold Coast or
5044,2347810,2024-12-13 02:40:22,Add Product: Depart Gold Coast - Transfer from Gol
5045,2347810,2024-12-13 02:40:22,Add Product: Arrive Sydney - Transfer from Sydney 
5046,2347810,2024-12-13 02:40:22,Add Product: Indian Lunch 
5047,2347810,2024-12-13 02:40:22,Add Product: SHOWBOAT DINNER CRUISE WITH INDIAN SE
5048,2347810,2024-12-13 02:40:22,Add Product: Hotel Stay - Furama Darling Harbor or
5049,2347810,2024-12-13 02:47:07,Add Product: Coach for 12 Hrs - City Tour - Opera 
5050,2347810,2024-12-13 02:47:07,Add Product: Orientation Tour of Sydney - 4 Hours 
5051,2347810,2024-12-13 02:47:07,Add Product: Sydney Opera House Tour - 1 hour Entr
5052,2347810,2024-12-13 02:47:07,Add Product: Indian Lunch 
5053,2347810,2024-12-13 02:47:07,Add Product: Cluster 3: 3 Attraction Pass  (with S
5054,2347810,2024-12-13 02:47:07,Add Product: Indian Dinner 
5055,2347810,2024-12-13 02:47:07,Add Product: Hotel Stay - Furama Darling Harbor or
5056,2347810,2024-12-13 02:51:08,Add Product: Coach for 12 hrs-Full Day Blue Mounta
5057,2347810,2024-12-13 02:51:09,Add Product: Scenic World - Ultimate Discovery Pas
5058,2347810,2024-12-13 02:51:09,Add Product: Lunch at Eats270
5059,2347810,2024-12-13 02:51:09,Add Product: Indian Dinner 
5060,2347810,2024-12-13 02:51:09,Add Product: Hotel Stay - Furama Darling Harbor or
5061,2347810,2024-12-13 02:51:09,Add Product: Depart Sydney - Coach for 05 Hrs - Ai
5062,2347810,2024-12-13 02:51:09,Add Product: Indian Lunch 
5063,2347810,2024-12-13 02:57:47,Change Stage to Created
5064,2347810,2024-12-13 02:58:05,Change Stage to Created
5065,2347810,2024-12-13 04:40:35,Change Stage to Created
5071,2347811,2024-12-12 01:29:57,New Quote with Stage Created
5072,2347811,2024-12-12 01:37:04,Add Product: Arrive Queenstown - Transfer from Que
5073,2347811,2024-12-12 01:37:04,Add Product: Indian Lunch 
5074,2347811,2024-12-12 01:37:04,Add Product: Gondola + Premium Dinner - Queenstown
5075,2347811,2024-12-12 01:37:04,Add Product: Hotel Stay - Holiday inn Express & Su
5076,2347811,2024-12-12 01:58:37,Add Product: Coach for 12 Hrs - Full Day Milford S
5077,2347811,2024-12-12 01:58:37,Add Product: Milford Sound Nature Cruise Ticket & 
5078,2347811,2024-12-12 01:58:37,Add Product: Indian Dinner 
5079,2347811,2024-12-12 01:58:37,Add Product: Hotel Stay - Holiday inn Express & Su
5080,2347811,2024-12-12 02:09:17,Add Product: Transfer from Queenstown to Christchu
5081,2347811,2024-12-12 02:09:17,Add Product: Local Lunch 
5082,2347811,2024-12-12 02:09:17,Add Product: Indian Lunch 
5083,2347811,2024-12-12 02:09:17,Add Product: Hotel Stay - Distinction Hotel Christ
5084,2347811,2024-12-12 02:12:34,Add Product: Depart Christchurch - Transfer from C
5085,2347811,2024-12-12 02:12:34,Add Product: General Admission to International An
5086,2347811,2024-12-12 02:12:34,Add Product: Indian Lunch 
5087,2347811,2024-12-12 02:12:34,Add Product: Arrive Auckland - Transfer from Auckl
5088,2347811,2024-12-12 02:12:34,Add Product: Indian Dinner 
5089,2347811,2024-12-12 02:12:34,Add Product: Hotel Stay - Distinction Hotel Rotoru
5090,2347811,2024-12-12 02:19:20,Add Product: Coach for 10 Hrs - Rotorua Sightseein
5091,2347811,2024-12-12 02:19:20,Add Product: Agrodome | Farm Show
5092,2347811,2024-12-12 02:19:20,Add Product: Indian Lunch
5093,2347811,2024-12-12 02:19:20,Add Product: Te Pō (Indigenous Evening Experience)
5094,2347811,2024-12-12 02:19:20,Add Product: Hotel Stay - Distinction Hotel Rotoru
5095,2347811,2024-12-12 02:19:20,Add Product: Transfer from Rotorua to Auckland via
5096,2347811,2024-12-12 02:19:20,Add Product: Waitomo GlowWorm Caves - Admission Ti
5097,2347811,2024-12-12 02:19:20,Add Product: Local Lunch
5098,2347811,2024-12-12 02:19:20,Add Product: Indian buffet Dinner with Drinks 
5099,2347811,2024-12-12 02:19:20,Add Product: Hotel Stay - Holiday inn express Auck
5100,2347811,2024-12-12 02:24:45,Add Product: Depart Auckland - Transfer from Auckl
5101,2347811,2024-12-13 04:43:49,Change Stage to Created
5158,2347813,2024-12-14 00:54:24,New Quote with Stage Created
5159,2347813,2024-12-14 00:54:36,Change Stage to Created
5160,2347813,2024-12-14 01:01:31,Add Product: Arrive Melbourne - Transfer from Melb
5161,2347813,2024-12-14 01:01:31,Add Product: Melbourne Cricket Ground - MCG Tour (
5162,2347813,2024-12-14 01:01:31,Add Product: Indian Lunch
5163,2347813,2024-12-14 01:01:31,Add Product: Indian Dinner 
5164,2347813,2024-12-14 01:01:31,Add Product: Hotel Stay - Mercure Melbourne Southb
5165,2347813,2024-12-14 01:04:48,Add Product: Coach for 12 Hrs - Full Day Great Oce
5166,2347813,2024-12-14 01:04:48,Add Product: Lunch at Apollo bay
5167,2347813,2024-12-14 01:04:48,Add Product: Indian Dinner 
5168,2347813,2024-12-14 01:04:48,Add Product: Hotel Stay - Mercure Melbourne Southb
5169,2347813,2024-12-14 01:08:27,Add Product: Coach for 12 hrs - Philip Island Tour
5170,2347813,2024-12-14 01:08:27,Add Product: Penguin Parade - Standard Viewing Ent
5171,2347813,2024-12-14 01:08:27,Add Product: Indian / Local Lunch 
5172,2347813,2024-12-14 01:08:27,Add Product: Indian / Local Dinner
5173,2347813,2024-12-14 01:08:27,Add Product: Hotel Stay - Mercure Melbourne Southb
5174,2347813,2024-12-14 01:11:53,Add Product: Depart Melbourne - Transfer from Melb
5175,2347813,2024-12-14 01:11:53,Add Product: Arrive Cairns - Coach for 05 Hrs + Ai
5176,2347813,2024-12-14 01:11:53,Add Product: One Way Skyrail Experience (No Transf
5177,2347813,2024-12-14 01:11:53,Add Product: Lunch at Kuranda 
5178,2347813,2024-12-14 01:11:53,Add Product: Indian Dinner 
5179,2347813,2024-12-14 01:11:53,Add Product: Hotel Stay - Harbourside cairns or Si
5180,2347813,2024-12-14 01:13:10,Add Product: Return Transfers to Reef Fleet Termin
5181,2347813,2024-12-14 01:13:10,Add Product: FULL DAY GREEN ISLAND REEF CRUISE - F
5182,2347813,2024-12-14 01:13:10,Add Product: Indian Dinner 
5183,2347813,2024-12-14 01:13:10,Add Product: Hotel Stay - Harbourside cairns or Si
5184,2347813,2024-12-14 01:18:20,Add Product: Depart Cairns - Transfer from Cairns 
5185,2347813,2024-12-14 01:18:20,Add Product: Arrive Brisbane - Transfer from Brisb
5186,2347813,2024-12-14 01:18:20,Add Product: Indian Lunch 
5187,2347813,2024-12-14 01:18:20,Add Product: Indian Dinner 
5188,2347813,2024-12-14 01:18:20,Add Product: Hotel Stay - Novote Surfers paradise 
5189,2347813,2024-12-14 02:42:35,Add Product: Return Transfer to Movie World 
5190,2347813,2024-12-14 02:42:35,Add Product: Arro Jet Experience (45 Minutes)
5191,2347813,2024-12-14 02:42:35,Add Product: One Way Transfer from Arrojet to Movi
5192,2347813,2024-12-14 02:42:36,Add Product: Movie World Admission Ticket
5193,2347813,2024-12-14 02:42:36,Add Product: Movie World - Maxi Meal
5194,2347813,2024-12-14 02:42:36,Add Product: Indian Dinner 
5195,2347813,2024-12-14 02:42:36,Add Product: Hotel Stay - Novote Surfers paradise 
5196,2347813,2024-12-14 02:48:14,Add Product: Depart Gold Coast - Transfer from Gol
5197,2347813,2024-12-14 02:48:14,Add Product: Arrive Sydney - Transfer from Sydney 
5198,2347813,2024-12-14 02:48:14,Add Product: Indian Lunch 
5199,2347813,2024-12-14 02:48:14,Add Product: SHOWBOAT DINNER CRUISE WITH INDIAN SE
5200,2347813,2024-12-14 02:48:14,Add Product: Hotel Stay - Sydney Central Ascott Li
5201,2347813,2024-12-14 02:56:22,Add Product: Coach for 10 hrs - City Tour ( NO GUI
5202,2347813,2024-12-14 02:56:22,Add Product: Sydney Opera House Tour - 1 hour Entr
5203,2347813,2024-12-14 02:56:22,Add Product: Indian Lunch 
5204,2347813,2024-12-14 02:56:22,Add Product: Cluster 2: 2 Attraction Pass - (with 
5205,2347813,2024-12-14 02:56:22,Add Product: Indian Dinner 
5206,2347813,2024-12-14 02:56:22,Add Product: Hotel Stay - Sydney Central Ascott Li
5207,2347813,2024-12-14 02:56:23,Add Product: Coach for 12 Hrs - Full Day Blue Moun
5208,2347813,2024-12-14 02:56:23,Add Product: Sydney Zoo Entry Tickets
5209,2347813,2024-12-14 02:56:23,Add Product: Lunch at Eats270
5210,2347813,2024-12-14 02:56:23,Add Product: Scenic World - Ultimate Discovery Pas
5211,2347813,2024-12-14 02:56:23,Add Product: Indian Dinner 
5212,2347813,2024-12-14 02:56:23,Add Product: Hotel Stay - Sydney Central Ascott Li
5213,2347813,2024-12-14 02:57:11,Add Product: Depart Sydney - Transfer from Sydney 
5269,2347815,2024-12-14 03:13:38,New Quote with Stage Created
5270,2347815,2024-12-14 03:17:57,Add Product: Arrive Sydney - Transfer from Sydney 
5271,2347815,2024-12-14 03:17:57,Add Product: Indian Dinner 
5272,2347815,2024-12-14 03:17:57,Add Product: Hotel Stay - Sydney Central Ascott Li
5273,2347815,2024-12-14 03:22:14,Add Product: Coqach for 12 Hrs - Sydney City Tour 
5274,2347815,2024-12-14 03:22:14,Add Product: Sydney Tower Eye - General Admission 
5275,2347815,2024-12-14 03:22:14,Add Product: Indian Lunch 
5276,2347815,2024-12-14 03:22:14,Add Product: Sydney Opera House Tour - 1 hour Entr
5277,2347815,2024-12-14 03:22:14,Add Product: SHOWBOAT DINNER CRUISE WITH INDIAN SE
5278,2347815,2024-12-14 03:22:14,Add Product: Hotel Stay - Sydney Central Ascott Li
5279,2347815,2024-12-14 03:26:03,Add Product: Depart Sydney - Transfer from Sydney 
5280,2347815,2024-12-14 03:26:03,Add Product: Arrive Cairns - Coach for 06 Hrs - Ku
5281,2347815,2024-12-14 03:26:03,Add Product: One Way Skyrail Experience (No Transf
5282,2347815,2024-12-14 03:26:03,Add Product: Lunch at Kuranda
5283,2347815,2024-12-14 03:26:03,Add Product: Package B - Pamagirri Aboriginal Expe
5284,2347815,2024-12-14 03:26:03,Add Product: Indian Dinner 
5285,2347815,2024-12-14 03:26:03,Add Product: Hotel Stay - Harbourside cairns or Si
5286,2347815,2024-12-14 03:30:18,Add Product: Return Transfers to Reef Fleet Termin
5287,2347815,2024-12-14 03:30:18,Add Product: FULL DAY GREEN ISLAND REEF CRUISE - F
5288,2347815,2024-12-14 03:30:18,Add Product: Indian Dinner 
5289,2347815,2024-12-14 03:30:18,Add Product: Hotel Stay - Harbourside cairns or Si
5290,2347815,2024-12-14 03:30:18,Add Product: Depart Cairns - Transfer from Cairns 
5291,2347815,2024-12-14 03:30:18,Add Product: Arrive Brisbane - Transfer from Brisb
5292,2347815,2024-12-14 03:30:18,Add Product: Indian Lunch 
5293,2347815,2024-12-14 03:30:18,Add Product: Indian Dinner 
5294,2347815,2024-12-14 03:30:18,Add Product: Hotel Stay - Novotel Surfers paradise
5295,2347815,2024-12-14 03:33:13,Add Product: Coach for 08 Hrs - Currumbin Wildlife
5296,2347815,2024-12-14 03:33:13,Add Product: Currumbin Wildlife Sanctuary -  Gener
5297,2347815,2024-12-14 03:33:13,Add Product: Movie World Admission Ticket
5298,2347815,2024-12-14 03:33:13,Add Product: Movie World - Maxi Meal
5299,2347815,2024-12-14 03:33:13,Add Product: Hotel Stay - Novotel Surfers paradise
5300,2347815,2024-12-14 03:33:43,Add Product: Indian Dinner 
5301,2347815,2024-12-14 03:38:23,Add Product: Depart Gold Coast - Transfer from Gol
5302,2347815,2024-12-14 03:38:23,Add Product: Arrive Melbourne - Transfer from Melb
5303,2347815,2024-12-14 03:38:23,Add Product: Melbourne Cricket Ground - MCG Tour (
5304,2347815,2024-12-14 03:38:23,Add Product: Indian Lunch 
5305,2347815,2024-12-14 03:38:23,Add Product: Indian Dinner 
5306,2347815,2024-12-14 03:38:23,Add Product: Hotel Stay - Mercure Melbourne Southb
5307,2347815,2024-12-14 03:38:23,Add Product: Coach for 12 Hrs - Full Day Great Oce
5308,2347815,2024-12-14 03:38:23,Add Product: Lunch at Apollo bay 
5309,2347815,2024-12-14 03:38:23,Add Product: Indian Dinner 
5310,2347815,2024-12-14 03:38:23,Add Product: Hotel Stay - Mercure Melbourne Southb
5311,2347815,2024-12-14 03:44:31,Add Product: Coach for 12 hrs - Philip Island Tour
5312,2347815,2024-12-14 03:44:31,Add Product: Penguin Parade - Standard Viewing Ent
5313,2347815,2024-12-14 03:44:31,Add Product: Indian Lunch 
5314,2347815,2024-12-14 03:44:31,Add Product: Indian Dinner 
5315,2347815,2024-12-14 03:44:31,Add Product: Hotel Stay - Mercure Melbourne Southb
5316,2347815,2024-12-14 03:44:31,Add Product: Depart Melbourne - Transfer from Melb
5379,2347817,2024-12-14 04:33:13,New Quote with Stage Created
5380,2347817,2024-12-14 04:36:12,Add Product: Arrive Auckland - Transfer from Auckl
5381,2347817,2024-12-14 04:36:12,Add Product: Indian Lunch 
5382,2347817,2024-12-14 04:36:12,Add Product: Sky Tower Observation Deck Ticket
5383,2347817,2024-12-14 04:36:12,Add Product: Indian Dinner 
5384,2347817,2024-12-14 04:36:12,Add Product: Hotel Stay - Holiday inn Express Auck
5385,2347817,2024-12-14 04:48:48,Add Product: Coach for 10 Hrs - Transfer from Auck
5386,2347817,2024-12-14 04:48:48,Add Product: Waitomo GlowWorm Caves - Admission Ti
5387,2347817,2024-12-14 04:48:48,Add Product: Lunch at Roseland
5388,2347817,2024-12-14 04:48:48,Add Product: Indian Dinner 
5389,2347817,2024-12-14 04:48:48,Add Product: Hotel Stay - Sudima Lake Rotorua or S
5390,2347817,2024-12-14 04:52:45,Add Product: Coach for 10 Hrs - Rotorua Sightseein
5391,2347817,2024-12-14 04:52:45,Add Product: Farm Experience (Farm Show & Tour Com
5392,2347817,2024-12-14 04:52:46,Add Product: Indian Lunch 
5393,2347817,2024-12-14 04:52:46,Add Product: Indian Dinner 
5394,2347817,2024-12-14 04:52:46,Add Product: Hotel Stay - Sudima Lake Rotorua or S
5395,2347817,2024-12-14 04:52:46,Add Product: Coach for 10 Hrs - Rotorua to Aucklan
5396,2347817,2024-12-14 04:52:46,Add Product: Indian Lunch 
5397,2347817,2024-12-14 04:52:46,Add Product: Indian Dinner 
5398,2347817,2024-12-14 04:52:46,Add Product: Hotel Stay - Holiday inn Express Auck
5399,2347817,2024-12-14 04:59:30,Add Product: Depart Auckland - Transfer from Auckl
5400,2347817,2024-12-14 04:59:30,Add Product: Arrive Queenstown - Transfer from Que
5401,2347817,2024-12-14 04:59:30,Add Product: Indian Lunch 
5402,2347817,2024-12-14 04:59:30,Add Product: Indian Dinner 
5403,2347817,2024-12-14 04:59:30,Add Product: Hotel Stay - Holiday inn Express and 
5404,2347817,2024-12-14 04:59:30,Add Product: Coach for 12 Hrs - Full Day Milford S
5405,2347817,2024-12-14 04:59:30,Add Product: Milford Sound Nature Cruise Ticket & 
5406,2347817,2024-12-14 04:59:30,Add Product: Indian Dinner 
5407,2347817,2024-12-14 04:59:30,Add Product: Hotel Stay - Holiday inn Express and 
5408,2347817,2024-12-14 04:59:30,Add Product: Coach for 10 Hrs - Skyline Gondola + 
5409,2347817,2024-12-14 04:59:30,Add Product: K JET | JET BOAT RIDE QUEENSTOWN
5410,2347817,2024-12-14 04:59:30,Add Product: Indian Lunch 
5411,2347817,2024-12-14 04:59:30,Add Product: Indian Dinner 
5412,2347817,2024-12-14 04:59:30,Add Product: Hotel Stay - Holiday inn Express and 
5413,2347817,2024-12-14 05:04:19,Add Product: Coach for 10 Hrs - Transfer from Quee
5414,2347817,2024-12-14 05:04:19,Add Product: Puzzling World | Entry Tickets - illu
5415,2347817,2024-12-14 05:04:19,Add Product: Indian / Local Lunch 
5416,2347817,2024-12-14 05:04:19,Add Product: Indian / Local Dinne
5417,2347817,2024-12-14 05:04:19,Add Product: Hotel Stay - Distinction Mackenzie Co
5418,2347817,2024-12-14 05:04:19,Add Product: Coach for 10 Hrs - Transfer from Twiz
5419,2347817,2024-12-14 05:04:19,Add Product: Indian Lunch 
5420,2347817,2024-12-14 05:04:19,Add Product: General Admission to International An
5421,2347817,2024-12-14 05:04:19,Add Product: Indian Dinner 
5422,2347817,2024-12-14 05:04:19,Add Product: Hotel Stay - Distinction Hotel Christ
5423,2347817,2024-12-14 05:04:19,Add Product: Depart Christchurch - Transfer from C
5424,2347817,2024-12-14 05:07:19,Change Stage to Created
5543,2347819,2024-12-13 20:57:08,New Quote with Stage Created
5544,2347819,2024-12-13 21:12:24,Add Product: Arrive Sydney - Transfer from Sydney 
5545,2347819,2024-12-13 21:12:24,Add Product: Indian Dinner at Restaurant 
5546,2347819,2024-12-13 21:12:24,Add Product: Hotel Stay - Sheraton Grand Sydney Hy
5547,2347819,2024-12-13 21:27:34,Add Product: Coach for 12 Hrs - City Tour + Opera 
5548,2347819,2024-12-13 21:27:34,Add Product: Sydney City Tour - Guide for 04 Hrs 
5549,2347819,2024-12-13 21:27:34,Add Product: Sydney Opera House Tour - 1 hour Entr
5550,2347819,2024-12-13 21:27:34,Add Product: Indian Lunch at Restaurant 
5551,2347819,2024-12-13 21:27:34,Add Product: Cluster 4: 4 Attraction Pass (Only Ti
5552,2347819,2024-12-13 21:27:34,Add Product: Indian Dinner at Restaurant 
5553,2347819,2024-12-13 21:27:34,Add Product: Hotel Stay - Sheraton Grand Sydney Hy
5554,2347819,2024-12-13 21:34:20,Add Product: Depart Sydney - Transfer from Sydney 
5555,2347819,2024-12-13 21:34:20,Add Product: Arrive Brisbane - Transfer from Brisb
5556,2347819,2024-12-13 21:34:20,Add Product: Indian Lunch at Restaurant 
5557,2347819,2024-12-13 21:34:20,Add Product: Indian Dinner at Restaurant 
5558,2347819,2024-12-13 21:34:20,Add Product: Hotel Stay - Hilton Surfers paradise 
5559,2347819,2024-12-13 21:34:20,Add Product: Return transfer to Sea World
5560,2347819,2024-12-13 21:34:20,Add Product: Sea World Admission (Ticket)
5561,2347819,2024-12-13 21:34:20,Add Product: Sea World - Maxi Meal
5562,2347819,2024-12-13 21:34:20,Add Product: Indian Dinner at Restaurant 
5563,2347819,2024-12-13 21:34:20,Add Product: Hotel Stay - Hilton Surfers paradise 
5564,2347819,2024-12-13 21:34:20,Add Product: Depart Gold Coast - Transfer from Gol
5565,2347819,2024-12-13 21:41:47,Add Product: Return Dinner Transfers 
5566,2347819,2024-12-13 21:47:35,Add Product: Cocktail Dinner at Private Venue / Ho
5567,2347819,2024-12-13 21:51:10,Delete Product: Indian Dinner at Restaurant 
5568,2347819,2024-12-13 22:04:34,Add Product: Coach for 12 Hrs - Full Day Blue Moun
5569,2347819,2024-12-13 22:04:34,Add Product: Sydney Zoo Entry Tickets
5570,2347819,2024-12-13 22:04:34,Add Product: Lunch at Eats270
5571,2347819,2024-12-13 22:04:34,Add Product: Scenic World - Ultimate Discovery Pas
5572,2347819,2024-12-13 22:04:35,Add Product: Indian Dinner at Restaurant 
5573,2347819,2024-12-13 22:04:35,Add Product: Hotel Stay - Sheraton Grand Sydney Hy
5574,2347819,2024-12-14 17:00:44,Add Product: Hilton Sydney or Similar 
5575,2347819,2024-12-14 17:00:44,Add Product: Hilton Sydney or Similar 
5576,2347819,2024-12-14 17:00:44,Add Product: Hilton Sydney or Similar
5577,2347819,2024-12-14 17:01:09,Delete Product: Hotel Stay - Sheraton Grand Sydney
5578,2347819,2024-12-14 17:01:30,Delete Product: Hotel Stay - Sheraton Grand Sydney
5579,2347819,2024-12-14 17:02:37,Delete Product: Hotel Stay - Sheraton Grand Sydney
5580,2347819,2024-12-14 21:05:37,Change Stage to Created
5581,2347819,2024-12-14 21:50:02,Add Product: Return Transfers to Movie World
5582,2347819,2024-12-14 21:50:02,Add Product: Best Of Both Worlds (Movie World + Se
5583,2347819,2024-12-14 21:50:02,Add Product: Movie World - Maxi Meal
5584,2347819,2024-12-14 21:50:02,Add Product: Indian Dinner at Restaurant 
5585,2347819,2024-12-14 22:02:00,Add Product: Hotel Stay - Sydney Central Ascott Li
5586,2347819,2024-12-14 22:02:00,Add Product: Hotel Stay - Sydney Central Ascott Li
5587,2347819,2024-12-14 22:02:00,Add Product: Hotel Stay - Sydney Central Ascott Li
5588,2347819,2024-12-14 22:02:00,Add Product: Hotel Stay - Novotel Surfers paradise
5589,2347819,2024-12-14 22:02:00,Add Product: Hotel Stay - Novotel Surfers paradise
5590,2347819,2024-12-14 22:02:00,Add Product: Hotel Stay - Novotel Surfers paradise
5591,2347819,2024-12-14 22:03:53,Delete Product: Hilton Sydney or Similar 
5592,2347819,2024-12-14 22:04:14,Delete Product: Hilton Sydney or Similar 
5593,2347819,2024-12-14 22:05:25,Delete Product: Hilton Sydney or Similar
5594,2347819,2024-12-14 22:06:03,Delete Product: Hotel Stay - Hilton Surfers paradi
5595,2347819,2024-12-14 22:06:44,Delete Product: Hotel Stay - Hilton Surfers paradi
5612,2347820,2024-10-26 17:52:35,Create Project
5613,2347820,2024-11-26 16:35:52,Created
5614,2347820,2024-12-09 22:13:40,Add Product: Arrive Sydney - Transfer from Sydney 
5615,2347820,2024-12-09 22:14:40,Add Product: Arrive Sydney - Transfer from Sydney 
5616,2347820,2024-12-09 22:17:27,Add Product: Private Transfer from Gold Coast Hote
5617,2347820,2024-12-13 00:46:56,Change Stage to Created
5618,2347820,2024-12-13 00:48:17,Change Stage to Accepted - Groups
5619,2347820,2024-12-14 18:37:33,Change Stage to Accepted - Groups
5620,2347820,2024-12-14 23:48:38,Add Product: Hotel for Early check in with breakfa
5621,2347820,2024-12-14 23:51:16,Add Product: Dinner at Indian restaurant
5622,2347820,2024-12-14 23:52:59,Delete Product: Dinner at Indian restaurant
5623,2347820,2024-12-15 00:31:00,Add Product: Indian Dinner 
5624,2347820,2024-12-15 00:34:19,Add Product: Dj for evening
5625,2347820,2024-12-15 00:36:53,Add Product: FOC for Sydney Hotel Room (02 Nights 
5710,2347822,2024-12-14 00:54:24,New Quote with Stage Created
5711,2347822,2024-12-14 00:54:36,Change Stage to Created
5712,2347822,2024-12-14 01:01:31,Add Product: Arrive Melbourne - Transfer from Melb
5713,2347822,2024-12-14 01:01:31,Add Product: Melbourne Cricket Ground - MCG Tour (
5714,2347822,2024-12-14 01:01:31,Add Product: Indian Lunch
5715,2347822,2024-12-14 01:01:31,Add Product: Indian Dinner 
5716,2347822,2024-12-14 01:01:31,Add Product: Hotel Stay - Mercure Melbourne Southb
5717,2347822,2024-12-14 01:04:48,Add Product: Coach for 12 Hrs - Full Day Great Oce
5718,2347822,2024-12-14 01:04:48,Add Product: Lunch at Apollo bay
5719,2347822,2024-12-14 01:04:48,Add Product: Indian Dinner 
5720,2347822,2024-12-14 01:04:48,Add Product: Hotel Stay - Mercure Melbourne Southb
5721,2347822,2024-12-14 01:08:27,Add Product: Coach for 12 hrs - Philip Island Tour
5722,2347822,2024-12-14 01:08:27,Add Product: Penguin Parade - Standard Viewing Ent
5723,2347822,2024-12-14 01:08:27,Add Product: Indian / Local Lunch 
5724,2347822,2024-12-14 01:08:27,Add Product: Indian / Local Dinner
5725,2347822,2024-12-14 01:08:27,Add Product: Hotel Stay - Mercure Melbourne Southb
5726,2347822,2024-12-14 01:11:53,Add Product: Depart Melbourne - Transfer from Melb
5727,2347822,2024-12-14 01:11:53,Add Product: Arrive Cairns - Coach for 05 Hrs + Ai
5728,2347822,2024-12-14 01:11:53,Add Product: One Way Skyrail Experience (No Transf
5729,2347822,2024-12-14 01:11:53,Add Product: Lunch at Kuranda 
5730,2347822,2024-12-14 01:11:53,Add Product: Indian Dinner 
5731,2347822,2024-12-14 01:11:53,Add Product: Hotel Stay - Harbourside cairns or Si
5732,2347822,2024-12-14 01:13:10,Add Product: Return Transfers to Reef Fleet Termin
5733,2347822,2024-12-14 01:13:10,Add Product: FULL DAY GREEN ISLAND REEF CRUISE - F
5734,2347822,2024-12-14 01:13:10,Add Product: Indian Dinner 
5735,2347822,2024-12-14 01:13:10,Add Product: Hotel Stay - Harbourside cairns or Si
5736,2347822,2024-12-14 01:18:20,Add Product: Depart Cairns - Transfer from Cairns 
5737,2347822,2024-12-14 01:18:20,Add Product: Arrive Brisbane - Transfer from Brisb
5738,2347822,2024-12-14 01:18:20,Add Product: Indian Lunch 
5739,2347822,2024-12-14 01:18:20,Add Product: Indian Dinner 
5740,2347822,2024-12-14 01:18:20,Add Product: Hotel Stay - Novote Surfers paradise 
5741,2347822,2024-12-14 02:42:35,Add Product: Return Transfer to Movie World 
5742,2347822,2024-12-14 02:42:35,Add Product: Arro Jet Experience (45 Minutes)
5743,2347822,2024-12-14 02:42:35,Add Product: One Way Transfer from Arrojet to Movi
5744,2347822,2024-12-14 02:42:36,Add Product: Movie World Admission Ticket
5745,2347822,2024-12-14 02:42:36,Add Product: Movie World - Maxi Meal
5746,2347822,2024-12-14 02:42:36,Add Product: Indian Dinner 
5747,2347822,2024-12-14 02:42:36,Add Product: Hotel Stay - Novote Surfers paradise 
5748,2347822,2024-12-14 02:48:14,Add Product: Depart Gold Coast - Transfer from Gol
5749,2347822,2024-12-14 02:48:14,Add Product: Arrive Sydney - Transfer from Sydney 
5750,2347822,2024-12-14 02:48:14,Add Product: Indian Lunch 
5751,2347822,2024-12-14 02:48:14,Add Product: SHOWBOAT DINNER CRUISE WITH INDIAN SE
5752,2347822,2024-12-14 02:48:14,Add Product: Hotel Stay - Sydney Central Ascott Li
5753,2347822,2024-12-14 02:56:22,Add Product: Coach for 10 hrs - City Tour ( NO GUI
5754,2347822,2024-12-14 02:56:22,Add Product: Sydney Opera House Tour - 1 hour Entr
5755,2347822,2024-12-14 02:56:22,Add Product: Indian Lunch 
5756,2347822,2024-12-14 02:56:22,Add Product: Cluster 2: 2 Attraction Pass - (with 
5757,2347822,2024-12-14 02:56:22,Add Product: Indian Dinner 
5758,2347822,2024-12-14 02:56:22,Add Product: Hotel Stay - Sydney Central Ascott Li
5759,2347822,2024-12-14 02:56:23,Add Product: Coach for 12 Hrs - Full Day Blue Moun
5760,2347822,2024-12-14 02:56:23,Add Product: Sydney Zoo Entry Tickets
5761,2347822,2024-12-14 02:56:23,Add Product: Lunch at Eats270
5762,2347822,2024-12-14 02:56:23,Add Product: Scenic World - Ultimate Discovery Pas
5763,2347822,2024-12-14 02:56:23,Add Product: Indian Dinner 
5764,2347822,2024-12-14 02:56:23,Add Product: Hotel Stay - Sydney Central Ascott Li
5765,2347822,2024-12-14 02:57:11,Add Product: Depart Sydney - Transfer from Sydney 
5766,2347822,2024-12-15 01:00:25,Add Product: Arrive Cairns - Transfer from Cairns 
5767,2347822,2024-12-15 01:00:25,Add Product: Indian Dinner 
5768,2347822,2024-12-15 01:00:25,Add Product: Hotel Stay - Harbourside cairns or Si
5769,2347822,2024-12-15 01:02:19,Delete Product: Arrive Cairns - Coach for 05 Hrs +
5770,2347822,2024-12-15 01:05:28,Add Product: Coach for 06 Hrs - Kuranda from Cairn
5771,2347822,2024-12-15 01:05:28,Add Product: One Way Skyrail Experience (No Transf
5772,2347822,2024-12-15 01:05:28,Add Product: Lunch at Kuranda 
5773,2347822,2024-12-15 01:05:28,Add Product: Indian Dinner 
5774,2347822,2024-12-15 01:09:25,Delete Product: One Way Skyrail Experience (No Tra
5775,2347822,2024-12-15 01:14:14,Delete Product: Lunch at Kuranda 
5776,2347822,2024-12-15 01:21:41,Delete Product: Arro Jet Experience (45 Minutes)
5777,2347822,2024-12-15 01:51:34,Delete Product: One Way Transfer from Arrojet to M
5778,2347822,2024-12-15 01:56:53,Add Product: Return transfer to Sea World
5779,2347822,2024-12-15 01:56:53,Add Product: Best Of Both Worlds (Movie World + Se
5780,2347822,2024-12-15 01:56:53,Add Product: Sea World - Maxi Meal
5781,2347822,2024-12-15 01:56:53,Add Product: Indian Dinner
5782,2347822,2024-12-15 01:56:53,Add Product: Hotel Stay - Novote Surfers paradise 
5783,2347822,2024-12-15 02:18:24,Delete Product: Indian Dinner 
5784,2347822,2024-12-15 02:19:34,Add Product: Indian Dinner
5785,2347822,2024-12-15 02:20:10,Delete Product: SHOWBOAT DINNER CRUISE WITH INDIAN
5977,2347824,2024-12-14 00:54:24,New Quote with Stage Created
5978,2347824,2024-12-14 00:54:36,Change Stage to Created
5979,2347824,2024-12-14 01:01:31,Add Product: Arrive Melbourne - Transfer from Melb
5980,2347824,2024-12-14 01:01:31,Add Product: Melbourne Cricket Ground - MCG Tour (
5981,2347824,2024-12-14 01:01:31,Add Product: Indian Lunch
5982,2347824,2024-12-14 01:01:31,Add Product: Indian Dinner 
5983,2347824,2024-12-14 01:01:31,Add Product: Hotel Stay - Mercure Melbourne Southb
5984,2347824,2024-12-14 01:04:48,Add Product: Coach for 12 Hrs - Full Day Great Oce
5985,2347824,2024-12-14 01:04:48,Add Product: Lunch at Apollo bay
5986,2347824,2024-12-14 01:04:48,Add Product: Indian Dinner 
5987,2347824,2024-12-14 01:04:48,Add Product: Hotel Stay - Mercure Melbourne Southb
5988,2347824,2024-12-14 01:08:27,Add Product: Coach for 12 hrs - Philip Island Tour
5989,2347824,2024-12-14 01:08:27,Add Product: Penguin Parade - Standard Viewing Ent
5990,2347824,2024-12-14 01:08:27,Add Product: Indian / Local Lunch 
5991,2347824,2024-12-14 01:08:27,Add Product: Indian / Local Dinner
5992,2347824,2024-12-14 01:08:27,Add Product: Hotel Stay - Mercure Melbourne Southb
5993,2347824,2024-12-14 01:11:53,Add Product: Depart Melbourne - Transfer from Melb
5994,2347824,2024-12-14 01:11:53,Add Product: Arrive Cairns - Coach for 05 Hrs + Ai
5995,2347824,2024-12-14 01:11:53,Add Product: One Way Skyrail Experience (No Transf
5996,2347824,2024-12-14 01:11:53,Add Product: Lunch at Kuranda 
5997,2347824,2024-12-14 01:11:53,Add Product: Indian Dinner 
5998,2347824,2024-12-14 01:11:53,Add Product: Hotel Stay - Harbourside cairns or Si
5999,2347824,2024-12-14 01:13:10,Add Product: Return Transfers to Reef Fleet Termin
6000,2347824,2024-12-14 01:13:10,Add Product: FULL DAY GREEN ISLAND REEF CRUISE - F
6001,2347824,2024-12-14 01:13:10,Add Product: Indian Dinner 
6002,2347824,2024-12-14 01:13:10,Add Product: Hotel Stay - Harbourside cairns or Si
6003,2347824,2024-12-14 01:18:20,Add Product: Depart Cairns - Transfer from Cairns 
6004,2347824,2024-12-14 01:18:20,Add Product: Arrive Brisbane - Transfer from Brisb
6005,2347824,2024-12-14 01:18:20,Add Product: Indian Lunch 
6006,2347824,2024-12-14 01:18:20,Add Product: Indian Dinner 
6007,2347824,2024-12-14 01:18:20,Add Product: Hotel Stay - Novote Surfers paradise 
6008,2347824,2024-12-14 02:42:35,Add Product: Return Transfer to Movie World 
6009,2347824,2024-12-14 02:42:35,Add Product: Arro Jet Experience (45 Minutes)
6010,2347824,2024-12-14 02:42:35,Add Product: One Way Transfer from Arrojet to Movi
6011,2347824,2024-12-14 02:42:36,Add Product: Movie World Admission Ticket
6012,2347824,2024-12-14 02:42:36,Add Product: Movie World - Maxi Meal
6013,2347824,2024-12-14 02:42:36,Add Product: Indian Dinner 
6014,2347824,2024-12-14 02:42:36,Add Product: Hotel Stay - Novote Surfers paradise 
6015,2347824,2024-12-14 02:48:14,Add Product: Depart Gold Coast - Transfer from Gol
6016,2347824,2024-12-14 02:48:14,Add Product: Arrive Sydney - Transfer from Sydney 
6017,2347824,2024-12-14 02:48:14,Add Product: Indian Lunch 
6018,2347824,2024-12-14 02:48:14,Add Product: SHOWBOAT DINNER CRUISE WITH INDIAN SE
6019,2347824,2024-12-14 02:48:14,Add Product: Hotel Stay - Sydney Central Ascott Li
6020,2347824,2024-12-14 02:56:22,Add Product: Coach for 10 hrs - City Tour ( NO GUI
6021,2347824,2024-12-14 02:56:22,Add Product: Sydney Opera House Tour - 1 hour Entr
6022,2347824,2024-12-14 02:56:22,Add Product: Indian Lunch 
6023,2347824,2024-12-14 02:56:22,Add Product: Cluster 2: 2 Attraction Pass - (with 
6024,2347824,2024-12-14 02:56:22,Add Product: Indian Dinner 
6025,2347824,2024-12-14 02:56:22,Add Product: Hotel Stay - Sydney Central Ascott Li
6026,2347824,2024-12-14 02:56:23,Add Product: Coach for 12 Hrs - Full Day Blue Moun
6027,2347824,2024-12-14 02:56:23,Add Product: Sydney Zoo Entry Tickets
6028,2347824,2024-12-14 02:56:23,Add Product: Lunch at Eats270
6029,2347824,2024-12-14 02:56:23,Add Product: Scenic World - Ultimate Discovery Pas
6030,2347824,2024-12-14 02:56:23,Add Product: Indian Dinner 
6031,2347824,2024-12-14 02:56:23,Add Product: Hotel Stay - Sydney Central Ascott Li
6032,2347824,2024-12-14 02:57:11,Add Product: Depart Sydney - Transfer from Sydney 
6033,2347824,2024-12-15 01:00:25,Add Product: Arrive Cairns - Transfer from Cairns 
6034,2347824,2024-12-15 01:00:25,Add Product: Indian Dinner 
6035,2347824,2024-12-15 01:00:25,Add Product: Hotel Stay - Harbourside cairns or Si
6036,2347824,2024-12-15 01:02:19,Delete Product: Arrive Cairns - Coach for 05 Hrs +
6037,2347824,2024-12-15 01:05:28,Add Product: Coach for 06 Hrs - Kuranda from Cairn
6038,2347824,2024-12-15 01:05:28,Add Product: One Way Skyrail Experience (No Transf
6039,2347824,2024-12-15 01:05:28,Add Product: Lunch at Kuranda 
6040,2347824,2024-12-15 01:05:28,Add Product: Indian Dinner 
6041,2347824,2024-12-15 01:09:25,Delete Product: One Way Skyrail Experience (No Tra
6042,2347824,2024-12-15 01:14:14,Delete Product: Lunch at Kuranda 
6043,2347824,2024-12-15 01:21:41,Delete Product: Arro Jet Experience (45 Minutes)
6044,2347824,2024-12-15 01:51:34,Delete Product: One Way Transfer from Arrojet to M
6045,2347824,2024-12-15 01:56:53,Add Product: Return transfer to Sea World
6046,2347824,2024-12-15 01:56:53,Add Product: Best Of Both Worlds (Movie World + Se
6047,2347824,2024-12-15 01:56:53,Add Product: Sea World - Maxi Meal
6048,2347824,2024-12-15 01:56:53,Add Product: Indian Dinner
6049,2347824,2024-12-15 01:56:53,Add Product: Hotel Stay - Novote Surfers paradise 
6050,2347824,2024-12-15 02:18:24,Delete Product: Indian Dinner 
6051,2347824,2024-12-15 02:19:34,Add Product: Indian Dinner
6052,2347824,2024-12-15 02:20:10,Delete Product: SHOWBOAT DINNER CRUISE WITH INDIAN
6053,2347824,2024-12-15 02:33:11,Change Stage to Created
6054,2347824,2024-12-15 02:36:47,Add Product: Lunch at Kuranda 
6055,2347824,2024-12-15 02:37:33,Delete Product: Lunch at Kuranda 
6056,2347824,2024-12-15 02:42:27,Delete Product: Return transfer to Sea World
6057,2347824,2024-12-15 02:42:51,Delete Product: Best Of Both Worlds (Movie World +
6058,2347824,2024-12-15 02:44:09,Delete Product: Sea World - Maxi Meal
6059,2347824,2024-12-15 02:44:28,Delete Product: Indian Dinner
6060,2347824,2024-12-15 02:44:50,Delete Product: Hotel Stay - Novote Surfers paradi
6061,2347824,2024-12-15 02:45:35,Delete Product: Coach for 12 hrs - Philip Island T
6062,2347824,2024-12-15 02:45:53,Delete Product: Penguin Parade - Standard Viewing 
6063,2347824,2024-12-15 02:46:09,Delete Product: Indian / Local Lunch 
6064,2347824,2024-12-15 02:46:27,Delete Product: Indian / Local Dinner
6065,2347824,2024-12-15 02:46:48,Delete Product: Hotel Stay - Mercure Melbourne Sou
6161,2347827,2024-12-15 03:15:59,New Quote with Stage Created
6162,2347827,2024-12-15 03:20:59,Add Product: Arrive Queenstown - Transfer from Que
6163,2347827,2024-12-15 03:20:59,Add Product: Indian Lunch
6164,2347827,2024-12-15 03:20:59,Add Product: Indian Dinner 
6165,2347827,2024-12-15 03:20:59,Add Product: Hotel Stay - Holiday inn Express ad S
6166,2347827,2024-12-15 03:26:02,Add Product: Coach for 12 Hrs - Full Day Milford S
6167,2347827,2024-12-15 03:26:02,Add Product: Milford Sound Nature Cruise Ticket & 
6168,2347827,2024-12-15 03:26:02,Add Product: Indian Dinner
6169,2347827,2024-12-15 03:26:02,Add Product: Hotel Stay - Holiday inn Express ad S
6170,2347827,2024-12-15 03:26:02,Add Product: Coach for 10 Hrs - Gondola Ride + Jet
6171,2347827,2024-12-15 03:26:02,Add Product: Skyline Queenstown - Gondola Ticket o
6172,2347827,2024-12-15 03:26:02,Add Product: Indian Lunch
6173,2347827,2024-12-15 03:26:02,Add Product: Indian Dinner
6174,2347827,2024-12-15 03:26:03,Add Product: Hotel Stay - Holiday inn Express ad S
6175,2347827,2024-12-15 03:37:27,Add Product: Coach for 10 Hrs - Transfer from Quee
6176,2347827,2024-12-15 03:37:27,Add Product: Puzzling World | Entry Tickets - illu
6177,2347827,2024-12-15 03:37:27,Add Product: Indian Lunch
6178,2347827,2024-12-15 03:37:27,Add Product: Indian Dinner 
6179,2347827,2024-12-15 03:37:27,Add Product: Hotel Stay - Scenic Hotel Franz Josef
6180,2347827,2024-12-15 03:37:27,Add Product: Day at Leisure - No Coach Services 
6181,2347827,2024-12-15 03:37:27,Add Product: Hotel Stay - Scenic Hotel Franz Josef
6182,2347827,2024-12-15 03:44:45,Add Product: Coach for 10 Hrs - Transfer from Fran
6183,2347827,2024-12-15 03:44:45,Add Product: Indian Lunch
6184,2347827,2024-12-15 03:44:45,Add Product: Indian Dinner 
6185,2347827,2024-12-15 03:44:45,Add Product: Hotel Stay - Distinction Hotel Christ
6186,2347827,2024-12-15 03:44:45,Add Product: Coach for 10 Hrs - City Tour - N O GU
6187,2347827,2024-12-15 03:44:45,Add Product: General Admission to International An
6188,2347827,2024-12-15 03:44:45,Add Product: Indian Lunch
6189,2347827,2024-12-15 03:44:45,Add Product: Indian Dinner 
6190,2347827,2024-12-15 03:44:45,Add Product: Hotel Stay - Distinction Hotel Christ
6191,2347827,2024-12-15 03:52:07,Add Product: Depart Christchurch - Transfer from C
6192,2347827,2024-12-15 03:52:07,Add Product: Arrive Rotorua - Transfer from Rotoru
6193,2347827,2024-12-15 03:52:07,Add Product: Indian Lunch
6194,2347827,2024-12-15 03:52:07,Add Product: Indian Dinner
6195,2347827,2024-12-15 03:52:08,Add Product: Hotel Stay - Distinction Hotel Rotoru
6196,2347827,2024-12-15 03:52:08,Add Product: Coach for 10 Hrs - Hobbiton Movie Set
6197,2347827,2024-12-15 03:52:08,Add Product: Hobbiton - Tour and Lunch Combo rates
6198,2347827,2024-12-15 03:52:08,Add Product: Te Ra Guided Experience Ticket
6199,2347827,2024-12-15 03:52:08,Add Product: Indian Dinner
6200,2347827,2024-12-15 03:52:08,Add Product: Hotel Stay - Distinction Hotel Rotoru
6201,2347827,2024-12-15 03:58:41,Add Product: Transfer for 12 Hrs - Transfer from R
6202,2347827,2024-12-15 03:58:41,Add Product: Waitomo GlowWorm Caves - Admission Ti
6203,2347827,2024-12-15 03:58:41,Add Product: Lunch at Roseland 
6204,2347827,2024-12-15 03:58:41,Add Product: Indian Dinner
6205,2347827,2024-12-15 03:58:41,Add Product: Hotel Stay - Holiday inn Express Auck
6206,2347827,2024-12-15 03:58:41,Add Product: Coach for 10 Hrs - Auckland City Tour
6207,2347827,2024-12-15 03:58:41,Add Product: Sky Tower Observation Deck Ticket
6208,2347827,2024-12-15 03:58:41,Add Product: Indian Lunch
6209,2347827,2024-12-15 03:58:41,Add Product: Indian Dinner 
6210,2347827,2024-12-15 03:58:41,Add Product: Hotel Stay - Holiday inn Express Auck
6211,2347827,2024-12-15 03:58:41,Add Product: Depart Auckland - Transfer from Auckl
6288,2347829,2024-12-15 03:15:59,New Quote with Stage Created
6289,2347829,2024-12-15 03:20:59,Add Product: Arrive Queenstown - Transfer from Que
6290,2347829,2024-12-15 03:20:59,Add Product: Indian Lunch
6291,2347829,2024-12-15 03:20:59,Add Product: Indian Dinner 
6292,2347829,2024-12-15 03:20:59,Add Product: Hotel Stay - Holiday inn Express ad S
6293,2347829,2024-12-15 03:26:02,Add Product: Coach for 12 Hrs - Full Day Milford S
6294,2347829,2024-12-15 03:26:02,Add Product: Milford Sound Nature Cruise Ticket & 
6295,2347829,2024-12-15 03:26:02,Add Product: Indian Dinner
6296,2347829,2024-12-15 03:26:02,Add Product: Hotel Stay - Holiday inn Express ad S
6297,2347829,2024-12-15 03:26:02,Add Product: Coach for 10 Hrs - Gondola Ride + Jet
6298,2347829,2024-12-15 03:26:02,Add Product: Skyline Queenstown - Gondola Ticket o
6299,2347829,2024-12-15 03:26:02,Add Product: Indian Lunch
6300,2347829,2024-12-15 03:26:02,Add Product: Indian Dinner
6301,2347829,2024-12-15 03:26:03,Add Product: Hotel Stay - Holiday inn Express ad S
6302,2347829,2024-12-15 03:37:27,Add Product: Coach for 10 Hrs - Transfer from Quee
6303,2347829,2024-12-15 03:37:27,Add Product: Puzzling World | Entry Tickets - illu
6304,2347829,2024-12-15 03:37:27,Add Product: Indian Lunch
6305,2347829,2024-12-15 03:37:27,Add Product: Indian Dinner 
6306,2347829,2024-12-15 03:37:27,Add Product: Hotel Stay - Scenic Hotel Franz Josef
6307,2347829,2024-12-15 03:37:27,Add Product: Day at Leisure - No Coach Services 
6308,2347829,2024-12-15 03:37:27,Add Product: Hotel Stay - Scenic Hotel Franz Josef
6309,2347829,2024-12-15 03:44:45,Add Product: Coach for 10 Hrs - Transfer from Fran
6310,2347829,2024-12-15 03:44:45,Add Product: Indian Lunch
6311,2347829,2024-12-15 03:44:45,Add Product: Indian Dinner 
6312,2347829,2024-12-15 03:44:45,Add Product: Hotel Stay - Distinction Hotel Christ
6313,2347829,2024-12-15 03:44:45,Add Product: Coach for 10 Hrs - City Tour - N O GU
6314,2347829,2024-12-15 03:44:45,Add Product: General Admission to International An
6315,2347829,2024-12-15 03:44:45,Add Product: Indian Lunch
6316,2347829,2024-12-15 03:44:45,Add Product: Indian Dinner 
6317,2347829,2024-12-15 03:44:45,Add Product: Hotel Stay - Distinction Hotel Christ
6318,2347829,2024-12-15 03:52:07,Add Product: Depart Christchurch - Transfer from C
6319,2347829,2024-12-15 03:52:07,Add Product: Arrive Rotorua - Transfer from Rotoru
6320,2347829,2024-12-15 03:52:07,Add Product: Indian Lunch
6321,2347829,2024-12-15 03:52:07,Add Product: Indian Dinner
6322,2347829,2024-12-15 03:52:08,Add Product: Hotel Stay - Distinction Hotel Rotoru
6323,2347829,2024-12-15 03:52:08,Add Product: Coach for 10 Hrs - Hobbiton Movie Set
6324,2347829,2024-12-15 03:52:08,Add Product: Hobbiton - Tour and Lunch Combo rates
6325,2347829,2024-12-15 03:52:08,Add Product: Te Ra Guided Experience Ticket
6326,2347829,2024-12-15 03:52:08,Add Product: Indian Dinner
6327,2347829,2024-12-15 03:52:08,Add Product: Hotel Stay - Distinction Hotel Rotoru
6328,2347829,2024-12-15 03:58:41,Add Product: Transfer for 12 Hrs - Transfer from R
6329,2347829,2024-12-15 03:58:41,Add Product: Waitomo GlowWorm Caves - Admission Ti
6330,2347829,2024-12-15 03:58:41,Add Product: Lunch at Roseland 
6331,2347829,2024-12-15 03:58:41,Add Product: Indian Dinner
6332,2347829,2024-12-15 03:58:41,Add Product: Hotel Stay - Holiday inn Express Auck
6333,2347829,2024-12-15 03:58:41,Add Product: Coach for 10 Hrs - Auckland City Tour
6334,2347829,2024-12-15 03:58:41,Add Product: Sky Tower Observation Deck Ticket
6335,2347829,2024-12-15 03:58:41,Add Product: Indian Lunch
6336,2347829,2024-12-15 03:58:41,Add Product: Indian Dinner 
6337,2347829,2024-12-15 03:58:41,Add Product: Hotel Stay - Holiday inn Express Auck
6338,2347829,2024-12-15 03:58:41,Add Product: Depart Auckland - Transfer from Auckl
6339,2347829,2024-12-15 04:04:17,Add Product: K JET | JET BOAT RIDE QUEENSTOWN
6429,2347831,2024-10-02 17:26:29,Accepted - Groups
6430,2347831,2024-10-13 21:29:01,Accepted - Partial Land Booking Done
6431,2347831,2024-10-17 10:27:49,Create Project
6432,2347831,2024-12-16 10:17:30,Change Stage to Created
6433,2347831,2024-12-16 10:26:36,Add Product: Vrisbane Airport Transfer including B
6434,2347831,2024-12-16 10:27:48,Add Product: Dinner at Asian Restaurant - 2 Course
6435,2347831,2024-12-16 10:29:27,Add Product: Coach for 8 hours - Airport Pick up -
6436,2347831,2024-12-16 10:29:47,Delete Product: Vrisbane Airport Transfer includin
6437,2347831,2024-12-16 10:33:22,Add Product: Vibe Hotel Gold Coast with Breakfast
6438,2347831,2024-12-16 10:36:13,Delete Product: Hotel Stay - Crowne plaza Hobart 
6439,2347831,2024-12-16 10:36:38,Delete Product: Asian/Western/Chinese Dinner
6440,2347831,2024-12-16 10:36:54,Delete Product: Asian/Western/Chinese Lunch
6441,2347831,2024-12-16 10:37:12,Delete Product: Hobart Airport transfer Including 
6442,2347831,2024-12-16 10:39:21,Add Product: Return Transfer from/to Movie World
6443,2347831,2024-12-16 10:39:59,Add Product: Movie World Admission Ticket
6444,2347831,2024-12-16 10:43:08,Add Product: Dinner at Asian Restaurant - 2 course
6445,2347831,2024-12-16 10:46:49,Add Product: Vibe Hotel Gold Coast with Breakfast
6446,2347831,2024-12-16 10:47:50,Delete Product: Coach for 10 Hrs - Full Day Tour t
6447,2347831,2024-12-16 10:48:07,Delete Product: Port Arthur By Day - Admission Tic
6448,2347831,2024-12-16 10:48:40,Delete Product: Lunch 
6449,2347831,2024-12-16 10:48:57,Delete Product: Dinner
6450,2347831,2024-12-16 10:50:12,Delete Product: Guide for full day
6451,2347831,2024-12-16 10:50:37,Delete Product: Hotel Stay - Crowne plaza Hobart 
6452,2347831,2024-12-16 10:53:50,Add Product: Hotel to Airport Transfer
6453,2347831,2024-12-16 10:54:47,Delete Product: Hobart Hotel to Airport Transfer
6454,2347831,2024-12-16 10:55:34,Delete Product: Coach for 12 hrs- Full Day Blue Mo
6455,2347831,2024-12-16 10:55:52,Delete Product: Admission to Scenic World Rides - 
6456,2347831,2024-12-16 10:56:14,Delete Product: Lunch at Eats270
6457,2347831,2024-12-16 10:56:39,Delete Product: Sydney Zoo Entry Tickets
6458,2347831,2024-12-16 10:57:04,Delete Product: Asian/Western/Chinese Dinner
6459,2347831,2024-12-16 10:57:19,Delete Product: Guide for full day
6460,2347831,2024-12-16 10:57:32,Delete Product: ibis Styles Sydney Central with Br
6461,2347831,2024-12-16 10:57:49,Delete Product: Sydney City tour
6462,2347831,2024-12-16 10:58:12,Delete Product: Asian/Western/Chinese Lunch
6463,2347831,2024-12-16 10:58:25,Delete Product: Asian/Western/Chinese Dinner
6464,2347831,2024-12-16 10:58:42,Delete Product: Guide for full day
6465,2347831,2024-12-16 10:58:57,Delete Product: ibis Styles Sydney Central with Br
6466,2347831,2024-12-16 11:01:14,Add Product: Sydney Opera House Tour - 1 hour Entr
6467,2347831,2024-12-16 11:02:51,Add Product: Puffing Billy Railway | Lakeside - Be
6468,2347831,2024-12-16 11:04:10,Add Product: Rochford Wines - Lunch
6469,2347831,2024-12-16 11:06:07,"Delete Product: 3 Course - Entree, Main and Dessse"
6493,2347832,2024-12-15 04:34:32,New Quote with Stage Created
6494,2347832,2024-12-15 04:36:40,Add Product: Arrive Auckland  - Transfer from Auck
6495,2347832,2024-12-15 04:36:40,Add Product: Indian Dinner
6496,2347832,2024-12-15 04:36:40,Add Product: Hotel Stay - Holiday inn Express Auck
6497,2347832,2024-12-15 04:39:35,Add Product: Coach for 12 Hrs - Auckland City Tour
6498,2347832,2024-12-15 04:39:35,Add Product: Indian Lunch
6499,2347832,2024-12-15 04:39:35,Add Product: Sky Tower Observation Deck Ticket
6500,2347832,2024-12-15 04:39:35,Add Product: Indian Dinner
6501,2347832,2024-12-15 04:39:36,Add Product: Hotel Stay - Holiday inn Express Auck
6502,2347832,2024-12-15 04:43:15,Add Product: Coach for 12 Hrs - Waitomo Day trip f
6503,2347832,2024-12-15 04:43:15,Add Product: Waitomo GlowWorm Caves - Admission Ti
6504,2347832,2024-12-15 04:43:15,Add Product: Lunch at Roseland 
6505,2347832,2024-12-15 04:43:15,Add Product: Indian Dinner 
6506,2347832,2024-12-15 04:43:15,Add Product: Hotel Stay - Holiday inn Express Auck
6507,2347832,2024-12-15 04:49:19,Add Product: Coach for 12 Hrs - Rotorua Dat trip f
6508,2347832,2024-12-15 04:49:19,Add Product: Indian Lunch
6509,2347832,2024-12-15 04:49:19,Add Product: Indian Dinner
6510,2347832,2024-12-15 04:49:19,Add Product: Hotel Stay - Holiday inn Express Auck
6511,2347832,2024-12-15 04:50:48,Add Product: Depart Auckland - Transfer from Auckl
6531,2347833,2024-12-13 04:07:59,New Quote with Stage Created
6532,2347833,2024-12-13 04:11:06,Add Product: Arrive Brisbane - Transfer from Brisb
6533,2347833,2024-12-13 04:11:06,Add Product: Gala Dinner at Venue / Restaurant 
6534,2347833,2024-12-13 04:11:06,Add Product: Award ceremony
6535,2347833,2024-12-13 04:11:06,Add Product: Hotel Stay - Novotel Surfers paradise
6536,2347833,2024-12-13 04:14:19,Add Product: Return Transfer to Movie World or Sea
6537,2347833,2024-12-13 04:14:19,Add Product: Sea World Admission (Ticket)
6538,2347833,2024-12-13 04:14:19,Add Product: Sea World - Maxi Meal
6539,2347833,2024-12-13 04:14:19,Add Product: Indian Dinner 
6540,2347833,2024-12-13 04:14:19,Add Product: Hotel Stay - Novotel Surfers paradise
6541,2347833,2024-12-13 04:17:11,Add Product: Coach for 08 Hrs - Sky Point Observat
6542,2347833,2024-12-13 04:17:11,Add Product: One Day Admission Ticket to SkyPoint 
6543,2347833,2024-12-13 04:17:11,Add Product: Indian Lunch 
6544,2347833,2024-12-13 04:17:11,Add Product: Australian Outback Spectacular Show
6545,2347833,2024-12-13 04:17:11,Add Product: Hotel Stay - Novotel Surfers paradise
6546,2347833,2024-12-13 04:17:11,Add Product: Depart Gold Coast - Transfer from Gol
6547,2347833,2024-12-16 21:13:18,Add Product: 01 Premium Vehicle for 04 Guests 
6548,2347833,2024-12-16 21:18:19,Add Product: Return Transfer to Australian Outback
6549,2347833,2024-12-16 21:19:01,Delete Product: Coach for 08 Hrs - Sky Point Obser
6550,2347833,2024-12-16 21:26:21,Add Product: Award ceremony 
6551,2347833,2024-12-16 21:27:36,Delete Product: Award ceremony
6604,2347835,2024-12-16 22:04:48,New Quote with Stage Created
6605,2347835,2024-12-16 22:10:05,Add Product: Arrive Brisbane - Transfer from Brisb
6606,2347835,2024-12-16 22:10:05,Add Product: Lunch at Indian Retaurant 
6607,2347835,2024-12-16 22:10:05,Add Product: Hotel Stay - Novotel Surfers Paradise
6608,2347835,2024-12-16 23:13:13,Add Product: Return Transfer to Movie World 
6609,2347835,2024-12-16 23:13:13,Add Product: Best Of Both Worlds (Movie World + Se
6610,2347835,2024-12-16 23:13:13,Add Product: Movie World - Maxi Meal
6611,2347835,2024-12-16 23:13:13,Add Product: Dinner at Indian Restaurant
6612,2347835,2024-12-16 23:13:13,Add Product: Hotel Stay - Novotel Surfers Paradise
6613,2347835,2024-12-16 23:15:58,Add Product: Return transfer to Sea World
6614,2347835,2024-12-16 23:15:58,Add Product: Sea World Admission (Ticket)
6615,2347835,2024-12-16 23:15:58,Add Product: Sea World - Maxi Meal
6616,2347835,2024-12-16 23:15:58,Add Product: Dinner at Indian Restaurant 
6617,2347835,2024-12-16 23:15:58,Add Product: Hotel Stay - Novotel Surfers Paradise
6618,2347835,2024-12-16 23:24:08,Add Product: Depart Gold Coast - Transfer from Gol
6619,2347835,2024-12-16 23:24:08,Add Product: Arrive Sydney - Transfer from Sydney 
6620,2347835,2024-12-16 23:24:08,Add Product: Lunch at Indian Retaurant 
6621,2347835,2024-12-16 23:24:08,Add Product: Dinner at Indian Restaurant 
6622,2347835,2024-12-16 23:24:08,Add Product: Hotel Stay - Sydney Central Ascott Li
6623,2347835,2024-12-16 23:33:34,Add Product: Coach for 12 Hrs - Full Day Blue Moun
6624,2347835,2024-12-16 23:33:34,Add Product: Scenic World - Ultimate Discovery Pas
6625,2347835,2024-12-16 23:33:34,Add Product: Lunch at Eats270
6626,2347835,2024-12-16 23:33:34,Add Product: Sydney Zoo Entry Tickets
6627,2347835,2024-12-16 23:33:34,Add Product: Dinner at Indian Restaurant 
6628,2347835,2024-12-16 23:33:34,Add Product: Hotel Stay - Sydney Central Ascott Li
6629,2347835,2024-12-16 23:59:37,Add Product: Coach for 12 Hrs - City Tour  No Guid
6630,2347835,2024-12-16 23:59:37,Add Product: Cluster 4: 4 Attraction Pass (Only Ti
6631,2347835,2024-12-16 23:59:37,Add Product: Lunch at Indian Restaurant
6632,2347835,2024-12-16 23:59:37,Add Product: Sydney Opera House Tour - 1 hour Entr
6633,2347835,2024-12-16 23:59:37,Add Product: Gala Dinner at Hotel / venue / Restau
6634,2347835,2024-12-16 23:59:37,Add Product: Hotel Stay - Sydney Central Ascott Li
6635,2347835,2024-12-16 23:59:37,Add Product: Depart Sydney - Transfer from Sydney 
6721,2347837,2024-12-17 02:00:49,New Quote with Stage Created
6722,2347837,2024-12-17 02:16:15,Add Product: Arrive Auckland - Transfer from Auckl
6723,2347837,2024-12-17 02:16:15,Add Product: Breakfast at the Hotel 
6724,2347837,2024-12-17 02:16:15,Add Product: Lunch at Indian Restaurant
6725,2347837,2024-12-17 02:16:15,Add Product: Dinner at Indian Restaurant
6726,2347837,2024-12-17 02:16:15,Add Product: Hotel Stay - Holiday inn Express Auck
6727,2347837,2024-12-17 02:19:22,Add Product: Coach for 10 Hrs - Auckland City Tour
6728,2347837,2024-12-17 02:19:22,Add Product: Lunch at Indian Restaurant
6729,2347837,2024-12-17 02:19:22,Add Product: Sky Tower Observation Deck Ticket
6730,2347837,2024-12-17 02:19:22,Add Product: Dinner at Indian Restaurant
6731,2347837,2024-12-17 02:19:22,Add Product: Hotel Stay - Holiday inn Express Auck
6732,2347837,2024-12-17 02:23:54,Add Product: Coach for 12 Hrs - Auckland to Rotoru
6733,2347837,2024-12-17 02:23:54,Add Product: Waitomo GlowWorm Caves - Admission Ti
6734,2347837,2024-12-17 02:23:54,Add Product: Lunch at Roseland 
6735,2347837,2024-12-17 02:23:54,Add Product: Dinner at Indian Restaurant 
6736,2347837,2024-12-17 02:23:54,Add Product: Hotel Stay - Distinction Hotel Rotoru
6737,2347837,2024-12-17 02:26:01,Add Product: Coach for 12 Hrs - Hobbiton Movie Set
6738,2347837,2024-12-17 02:26:01,Add Product: Hobbiton - Tour and Lunch Combo rates
6739,2347837,2024-12-17 02:26:01,Add Product: Te Ra Guided Experience Ticket
6740,2347837,2024-12-17 02:26:02,Add Product: Dinner at Indian Restaurant 
6741,2347837,2024-12-17 02:26:02,Add Product: Hotel Stay - Distinction Hotel Rotoru
6742,2347837,2024-12-17 02:28:58,Add Product: Depart Rotorua - Transfer from Rotoru
6743,2347837,2024-12-17 02:28:58,Add Product: Arrive Queenstown - Transfer from Que
6744,2347837,2024-12-17 02:28:58,Add Product: Lunch at Indian Restaurant 
6745,2347837,2024-12-17 02:28:58,Add Product: Dinner at Indian Restaurant 
6746,2347837,2024-12-17 02:28:58,Add Product: Hotel Stay - Holiday inn Express and 
6747,2347837,2024-12-17 02:34:51,Add Product: Coach for 12 Hrs - Full Day Milford S
6748,2347837,2024-12-17 02:34:51,Add Product: Milford Sound Nature Cruise Ticket & 
6749,2347837,2024-12-17 02:34:51,Add Product: Dinner at Indian Restaurant 
6750,2347837,2024-12-17 02:34:51,Add Product: Hotel Stay - Holiday inn Express and 
6751,2347837,2024-12-17 02:34:51,Add Product: Coach for 10 Hrs - Queenstown City To
6752,2347837,2024-12-17 02:34:51,Add Product: Lunch at Indian Restaurant
6753,2347837,2024-12-17 02:34:51,Add Product: Skyline Queenstown - Gondola Ticket o
6754,2347837,2024-12-17 02:34:51,Add Product: K JET | JET BOAT RIDE QUEENSTOWN
6755,2347837,2024-12-17 02:34:51,Add Product: Dinner at Indian Restaurant 
6756,2347837,2024-12-17 02:34:51,Add Product: Hotel Stay - Holiday inn Express and 
6757,2347837,2024-12-17 02:45:08,Add Product: Coach for 10 Hrs - Transfer from Quee
6758,2347837,2024-12-17 02:45:08,Add Product: Lunch at Indian Restaurant
6759,2347837,2024-12-17 02:45:08,Add Product: Puzzling World | Entry Tickets - illu
6760,2347837,2024-12-17 02:45:08,Add Product: Dinner at Indian Restaurant 
6761,2347837,2024-12-17 02:45:08,Add Product: Hotel Stay - Scenic Hotel Franz Josef
6762,2347837,2024-12-17 02:55:04,Add Product: Transfer from Franz Josef to Greymout
6763,2347837,2024-12-17 02:55:04,Add Product: Kiwirailways - TranzAlpine Train Tick
6764,2347837,2024-12-17 02:55:04,Add Product: Lunch at Indian Restaurant
6765,2347837,2024-12-17 02:55:04,Add Product: Dinner at Indian Restaurant 
6766,2347837,2024-12-17 02:55:04,Add Product: Hotel Stay - Distinction Hotel Christ
6767,2347837,2024-12-17 02:55:04,Add Product: Coach for 10 Hrs - City Tour ( NO GUI
6768,2347837,2024-12-17 02:55:04,Add Product: Lunch at Indian Restaurant
6769,2347837,2024-12-17 02:55:04,Add Product: General Admission to International An
6770,2347837,2024-12-17 02:55:04,Add Product: Dinner at Indian Restaurant 
6771,2347837,2024-12-17 02:55:04,Add Product: Hotel Stay - Distinction Hotel Christ
6772,2347837,2024-12-17 02:55:04,Add Product: Depart Christchurch - Transfer from C
6773,2347837,2024-12-17 02:55:05,Add Product: Lunch at Indian Restaurant
6774,2347837,2024-12-17 02:55:05,Add Product: Dinner at Indian Restaurant 
6837,2347839,2024-11-11 17:39:48,Requote
6838,2347839,2024-11-28 22:03:58,Accepted - Groups
6839,2347839,2024-12-02 16:55:02,Add Product: Puffing Billy Railway |Belgrave to Me
6840,2347839,2024-12-02 16:55:42,Delete Product: Puffing Billy Railway | Belgrave -
6841,2347839,2024-12-03 13:00:27,Add Product: The Waves Phillip Island - Beachside 
6842,2347839,2024-12-03 13:01:41,Delete Product: Ramada Resort by Wyndham Phillip I
6843,2347839,2024-12-05 11:42:48,Change Stage to Created
6844,2347839,2024-12-13 11:45:38,Delete Product: Puffing Billy Railway |Belgrave to
6845,2347839,2024-12-13 11:48:10,Delete Product: Coach for 10 hrs
6846,2347839,2024-12-13 11:48:21,Delete Product: Asian/Western/Chinese Lunch 1 Cour
6847,2347839,2024-12-13 11:48:31,Delete Product: Asian/Western/Chinese Dinner 1 Cou
6848,2347839,2024-12-13 11:48:43,Delete Product: Hotel Stay - Mercure Melbourne Sou
6849,2347839,2024-12-13 11:56:31,Delete Product: Coach for 12 hrs
6850,2347839,2024-12-13 11:56:43,Delete Product: Maru Koala & Animal Park
6851,2347839,2024-12-13 11:56:54,Delete Product: Asian/Western/Chinese Lunch 1 Cour
6852,2347839,2024-12-13 11:57:07,Delete Product: Admission to Peninsula Hot Water S
6853,2347839,2024-12-13 11:57:21,Delete Product: Hotel Stay - Mercure Melbourne Sou
6854,2347839,2024-12-13 12:00:55,Add Product: Coach for 10 Hours - City tour + Lunc
6855,2347839,2024-12-13 12:02:06,Add Product: Asian/Western/Chinese 1 course Lunch
6856,2347839,2024-12-13 12:03:46,Add Product: Holiday Inn Express Melbourne Little 
6857,2347839,2024-12-13 12:05:27,Delete Product: Day Free
6858,2347839,2024-12-13 12:06:34,Add Product: Holiday Inn Express Melbourne Little 
6859,2347839,2024-12-13 12:07:46,Delete Product: Hotel Stay at Mercure Southbank wi
6860,2347839,2024-12-13 12:08:28,Add Product: Holiday Inn Express Melbourne Little 
6861,2347839,2024-12-13 12:13:01,Add Product: Holiday Inn Express Melbourne Little 
6862,2347839,2024-12-13 12:38:46,Delete Product: Hotel Stay - Mercure Melbourne Sou
6863,2347839,2024-12-17 13:06:33,Change Stage to Created
6864,2347839,2024-12-17 13:14:11,Add Product: City tour Including Airport transfers
6865,2347839,2024-12-17 13:15:07,Add Product: Holiday Inn Express Melbourne Little 
6866,2347839,2024-12-17 13:15:53,Delete Product: The Waves Phillip Island - Beachsi
6867,2347839,2024-12-17 13:16:06,Delete Product: Driver Accommodation 
6868,2347839,2024-12-17 13:17:00,Add Product: Asian/Western/Chinese 2 course meal
6869,2347839,2024-12-17 13:18:12,Add Product: Asian/Western/Chinese 2 course dinner
6870,2347839,2024-12-17 13:19:14,Delete Product: Antarctic Journey at the Nobbies E
6871,2347839,2024-12-17 13:20:14,Delete Product: Holiday Inn Express Melbourne Litt
6872,2347839,2024-12-17 13:20:38,Delete Product: Holiday Inn Express Melbourne Litt
6873,2347839,2024-12-17 13:20:53,Delete Product: Asian/Western/Chinese 1 course Lun
6874,2347839,2024-12-17 13:21:10,Delete Product: Coach for 10 Hours - City tour + L
6875,2347839,2024-12-17 13:23:07,Add Product: School University Visit
6876,2347839,2024-12-17 13:23:46,Delete Product: Proceed to DFO South Wharf Shoppin
6877,2347839,2024-12-17 13:24:00,Delete Product: Plated 2 course Lunch at Rochford
6878,2347839,2024-12-17 13:24:46,Delete Product: Admission to Rayner’s Orchard
6879,2347839,2024-12-17 13:24:58,Delete Product: Coach for 10 hrs-Full Day Yarra Va
6880,2347839,2024-12-17 13:29:52,Delete Product: Phillip Island Chocolate Factory -
6881,2347839,2024-12-17 13:30:46,Add Product: Coach for 10 hours - City tour includ
6882,2347839,2024-12-17 13:31:16,Delete Product: City tour Including Airport transf
6888,2347841,2024-11-25 21:59:54,Created
6889,2347841,2024-11-28 21:42:55,Accepted - Groups
6890,2347841,2024-12-17 21:02:10,Change Stage to Created
6891,2347841,2024-12-17 21:04:49,Change Stage to Created
6902,2347843,2024-10-06 00:27:23,Accepted - Groups
6903,2347843,2024-12-07 17:23:23,Add Product: Hotel Stay - Distinction Hotel Omaram
6904,2347843,2024-12-07 17:24:33,Delete Product: godley Lake Tekapo
6905,2347843,2024-12-12 20:37:16,Change Stage to Accepted - Groups
6978,2347845,2024-11-09 21:54:12,Created
6979,2347845,2024-12-12 22:41:43,Add Product: SHOWBOAT DINNER CRUISE WITH INDIAN SE
6980,2347845,2024-12-12 22:44:33,Delete Product: SHOWBOAT DINNER CRUISE WITH 3-COUR
6981,2347845,2024-12-12 22:53:48,Add Product: Coach for 12 Hrs - Puffing Billy + Ph
6982,2347845,2024-12-12 22:53:48,Add Product: Puffing Billy Railway | Belgrave - La
6983,2347845,2024-12-12 22:53:48,Add Product: Indian Lunch 
6984,2347845,2024-12-12 22:53:48,Add Product: Penguin Parade - Standard Viewing Ent
6985,2347845,2024-12-12 22:53:48,Add Product: Hi Tea at Philip Island 
6986,2347845,2024-12-12 22:53:48,Add Product:  Cocktail Dinner at MCG / Venue / Res
6987,2347845,2024-12-12 22:53:48,Add Product: Melbourne Marriot Hotel with Breakfas
6988,2347845,2024-12-12 22:56:49,Add Product: Sovereign Hill - General Admission
6989,2347845,2024-12-12 22:56:49,Add Product: Indian Lunch 
6990,2347845,2024-12-12 22:56:49,Add Product: Hi tea + 02 snacks at Indian restaura
6991,2347845,2024-12-12 23:07:17,Delete Product: Gala Dinner - In Restaurant 
6992,2347845,2024-12-12 23:07:52,Add Product: Indian Dinner 
6993,2347845,2024-12-12 23:27:29,Add Product: Hotel Stay - Sydney Harbour Marriott 
6994,2347845,2024-12-12 23:27:29,Add Product: Hotel Stay - Sydney Harbour Marriott 
6995,2347845,2024-12-12 23:27:29,Add Product: Hotel Stay - Sydney Harbour Marriott 
6996,2347845,2024-12-12 23:27:29,Add Product: Hotel Stay - Le Meridien Melbourne or
6997,2347845,2024-12-12 23:27:29,Add Product: Hotel Stay - Le Meridien Melbourne or
6998,2347845,2024-12-12 23:27:29,Add Product: Hotel Stay - Le Meridien Melbourne or
6999,2347845,2024-12-12 23:32:56,Delete Product:  Sydney Harbour Marriot / Hilton S
7000,2347845,2024-12-12 23:36:39,Delete Product: Sydney Harbour Marriot / Hilton Sy
7001,2347845,2024-12-12 23:37:51,Delete Product: Melbourne Marriot Hotel with Break
7002,2347845,2024-12-12 23:38:08,Delete Product: Melbourne Marriot Hotel with Break
7003,2347845,2024-12-12 23:40:22,Delete Product: Melbourne Marriot Hotel with Break
7004,2347845,2024-12-13 00:00:37,Delete Product: Sydney Harbour Marriot / Hilton Sy
7005,2347845,2024-12-17 21:56:21,Delete Product: Full Day City Tour - 10 Hours Coac
7006,2347845,2024-12-17 21:56:42,Delete Product: Indian Lunch
7007,2347845,2024-12-17 21:57:05,Delete Product: Indian Dinner
7008,2347845,2024-12-17 21:57:27,Delete Product: Hotel Stay - Le Meridien Melbourne
7009,2347845,2024-12-17 21:57:56,Delete Product: Full Day City Tour - 08 Hours Coac
7010,2347845,2024-12-17 21:58:14,Delete Product: Melbourne Cricket Ground - MCG Tou
7011,2347845,2024-12-17 21:58:39,Delete Product: Admission to 01 Hr Yarra River Cru
7012,2347845,2024-12-17 21:59:05,Delete Product: Hi tea + 02 snacks at Indian resta
7013,2347845,2024-12-17 21:59:27,Delete Product: Indian Lunch 
7014,2347845,2024-12-17 21:59:57,Delete Product: Sovereign Hill - General Admission
7015,2347845,2024-12-17 22:00:41,Delete Product: Departure Transfer - Hotel to Melb
7016,2347845,2024-12-17 22:01:07,Delete Product: Hotel Stay - Le Meridien Melbourne
7017,2347845,2024-12-17 22:01:32,Delete Product: Indian Dinner 
7018,2347845,2024-12-17 22:01:48,Delete Product: Hi Tea at Philip Island 
7019,2347845,2024-12-17 22:02:25,Delete Product: Penguin Parade - Standard Viewing 
7020,2347845,2024-12-17 22:02:46,Delete Product: Indian Lunch 
7021,2347845,2024-12-17 22:03:01,Delete Product: Puffing Billy Railway | Belgrave -
7022,2347845,2024-12-17 22:03:14,Delete Product: Coach for 12 Hrs - Puffing Billy +
7023,2347845,2024-12-17 22:03:30,Delete Product: Eureka Skydeck 88 Entry Ticket
7024,2347845,2024-12-17 22:03:48,Delete Product: Indian Lunch
7025,2347845,2024-12-17 22:04:04,Delete Product: Hotel Stay - Le Meridien Melbourne
7026,2347845,2024-12-17 22:04:19,Delete Product:  Cocktail Dinner at MCG / Venue / 
7027,2347845,2024-12-17 22:09:25,Add Product: Arrive Brisbane - Transfer from Brisb
7028,2347845,2024-12-17 22:09:25,Add Product: Indian Lunch 
7029,2347845,2024-12-17 22:09:25,Add Product: Indian Dinner 
7030,2347845,2024-12-17 22:09:25,Add Product: Hotel Stay - Hilton Surfers paradise 
7031,2347845,2024-12-17 22:17:04,Add Product: Return Transfer to Movie World 
7032,2347845,2024-12-17 22:17:04,Add Product: Best Of Both Worlds (Movie World + Se
7033,2347845,2024-12-17 22:17:04,Add Product: Movie World - Maxi Meal
7034,2347845,2024-12-17 22:17:04,Add Product: Indian Dinner 
7035,2347845,2024-12-17 22:17:04,Add Product: Hotel Stay - Hilton Surfers paradise 
7036,2347845,2024-12-17 22:17:04,Add Product: Return transfer to Sea World
7037,2347845,2024-12-17 22:17:04,Add Product: Sea World Admission (Ticket)
7038,2347845,2024-12-17 22:17:04,Add Product: Sea World - Maxi Meal
7039,2347845,2024-12-17 22:17:04,Add Product: Cocktail Dinner at Private Venue / Re
7040,2347845,2024-12-17 22:17:04,Add Product: Hotel Stay - Hilton Surfers paradise 
7041,2347845,2024-12-17 22:17:04,Add Product: Depart Gold Coast - Transfer from Gol
7148,2347847,2024-12-17 23:00:57,New Quote with Stage Created
7149,2347847,2024-12-17 23:48:49,Add Product: Arrive Cairns - Transfer from Cairns 
7150,2347847,2024-12-17 23:48:49,Add Product: Dinner at Indian Restaurant 
7151,2347847,2024-12-17 23:48:49,Add Product: Hotel Stay - Harbourside cairns or Si
7152,2347847,2024-12-18 00:02:32,Add Product: Coach for 06 Hrs 
7153,2347847,2024-12-18 00:02:32,Add Product: One Way Skyrail Experience (No Transf
7154,2347847,2024-12-18 00:02:32,Add Product: Pamagirri Aboriginal Experience
7155,2347847,2024-12-18 00:02:32,Add Product: Kuranda Lunch 
7156,2347847,2024-12-18 00:02:32,Add Product: Dinner at Indian Restaurant 
7157,2347847,2024-12-18 00:02:32,Add Product: Hotel Stay - Harbourside cairns or Si
7158,2347847,2024-12-18 00:16:50,Add Product: Return Transfers to Reef Fleet Termin
7159,2347847,2024-12-18 00:16:50,Add Product: FULL DAY GREEN ISLAND REEF CRUISE - F
7160,2347847,2024-12-18 00:16:50,Add Product: Dinner at Indian Restaurant 
7161,2347847,2024-12-18 00:16:51,Add Product: Hotel Stay - Harbourside cairns or Si
7162,2347847,2024-12-18 00:16:51,Add Product: Depart Cairns - Transfer from Cairns 
7163,2347847,2024-12-18 00:16:51,Add Product: Arrive Brisbane - Transfer from Brisb
7164,2347847,2024-12-18 00:16:51,Add Product: Best Of Both Worlds (Movie World + Se
7165,2347847,2024-12-18 00:16:51,Add Product: Movie World - Maxi Meal
7166,2347847,2024-12-18 00:16:51,Add Product: Dinner at Indian Restaurant 
7167,2347847,2024-12-18 00:16:51,Add Product: Hotel Stay - Novotel Surfers Paradise
7168,2347847,2024-12-18 00:38:41,Add Product: Return transfer to Sea World
7169,2347847,2024-12-18 00:38:41,Add Product: Sea World Admission (Ticket)
7170,2347847,2024-12-18 00:38:41,Add Product: Sea World - Maxi Meal
7171,2347847,2024-12-18 00:38:41,Add Product: Dinner at Indian Restaurant 
7172,2347847,2024-12-18 00:38:41,Add Product: Hotel Stay - Novotel Surfers Paradise
7173,2347847,2024-12-18 00:38:41,Add Product: Depart Gold Coast - Transfer from Gol
7174,2347847,2024-12-18 00:38:41,Add Product: Arrive Sydney - Transfer from Sydney 
7175,2347847,2024-12-18 00:38:41,Add Product: Lunch at Indian Restaurant
7176,2347847,2024-12-18 00:38:41,Add Product: Sydney Opera House Tour - 1 hour Entr
7177,2347847,2024-12-18 00:38:41,Add Product: Dinner at Indian Restaurant 
7178,2347847,2024-12-18 00:38:41,Add Product: Hotel Stay - Sydney Central Ascott Li
7179,2347847,2024-12-18 01:42:48,Add Product: Coach for 12 Hrs - Full Day Blue Moun
7180,2347847,2024-12-18 01:42:48,Add Product: Scenic World - Ultimate Discovery Pas
7181,2347847,2024-12-18 01:42:48,Add Product: Lunch at Eats270
7182,2347847,2024-12-18 01:42:48,Add Product: Sydney Zoo Entry Tickets
7183,2347847,2024-12-18 01:42:48,Add Product: Dinner at Indian Restaurant 
7184,2347847,2024-12-18 01:42:49,Add Product: Hotel Stay - Sydney Central Ascott Li
7185,2347847,2024-12-18 01:52:43,Add Product: Coach for 10 Hrs - Merlin 04 Attracti
7186,2347847,2024-12-18 01:52:43,Add Product: Lunch at Indian Restaurant
7187,2347847,2024-12-18 01:52:43,Add Product: Cluster 4: 4 Attraction Pass (Only Ti
7188,2347847,2024-12-18 01:52:43,Add Product: Dinner at Indian Restaurant
7189,2347847,2024-12-18 01:52:43,Add Product: Hotel Stay - Sydney Central Ascott Li
7190,2347847,2024-12-18 01:52:43,Add Product: Depart Sydney - Transfer from Sydney 
7212,2347849,2024-11-24 16:59:40,Created
7216,2347851,2024-11-24 16:59:40,Created
7217,2347851,2024-12-18 03:31:14,Add Product: Indian Dinner 
7218,2347851,2024-12-18 03:31:59,Delete Product: SHOWBOAT DINNER CRUISE WITH INDIAN
7308,2347854,2024-12-17 23:00:57,New Quote with Stage Created
7309,2347854,2024-12-17 23:48:49,Add Product: Arrive Cairns - Transfer from Cairns 
7310,2347854,2024-12-17 23:48:49,Add Product: Dinner at Indian Restaurant 
7311,2347854,2024-12-17 23:48:49,Add Product: Hotel Stay - Harbourside cairns or Si
7312,2347854,2024-12-18 00:02:32,Add Product: Coach for 06 Hrs 
7313,2347854,2024-12-18 00:02:32,Add Product: One Way Skyrail Experience (No Transf
7314,2347854,2024-12-18 00:02:32,Add Product: Pamagirri Aboriginal Experience
7315,2347854,2024-12-18 00:02:32,Add Product: Kuranda Lunch 
7316,2347854,2024-12-18 00:02:32,Add Product: Dinner at Indian Restaurant 
7317,2347854,2024-12-18 00:02:32,Add Product: Hotel Stay - Harbourside cairns or Si
7318,2347854,2024-12-18 00:16:50,Add Product: Return Transfers to Reef Fleet Termin
7319,2347854,2024-12-18 00:16:50,Add Product: FULL DAY GREEN ISLAND REEF CRUISE - F
7320,2347854,2024-12-18 00:16:50,Add Product: Dinner at Indian Restaurant 
7321,2347854,2024-12-18 00:16:51,Add Product: Hotel Stay - Harbourside cairns or Si
7322,2347854,2024-12-18 00:16:51,Add Product: Depart Cairns - Transfer from Cairns 
7323,2347854,2024-12-18 00:16:51,Add Product: Arrive Brisbane - Transfer from Brisb
7324,2347854,2024-12-18 00:16:51,Add Product: Best Of Both Worlds (Movie World + Se
7325,2347854,2024-12-18 00:16:51,Add Product: Movie World - Maxi Meal
7326,2347854,2024-12-18 00:16:51,Add Product: Dinner at Indian Restaurant 
7327,2347854,2024-12-18 00:16:51,Add Product: Hotel Stay - Novotel Surfers Paradise
7328,2347854,2024-12-18 00:38:41,Add Product: Return transfer to Sea World
7329,2347854,2024-12-18 00:38:41,Add Product: Sea World Admission (Ticket)
7330,2347854,2024-12-18 00:38:41,Add Product: Sea World - Maxi Meal
7331,2347854,2024-12-18 00:38:41,Add Product: Dinner at Indian Restaurant 
7332,2347854,2024-12-18 00:38:41,Add Product: Hotel Stay - Novotel Surfers Paradise
7333,2347854,2024-12-18 00:38:41,Add Product: Depart Gold Coast - Transfer from Gol
7334,2347854,2024-12-18 00:38:41,Add Product: Arrive Sydney - Transfer from Sydney 
7335,2347854,2024-12-18 00:38:41,Add Product: Lunch at Indian Restaurant
7336,2347854,2024-12-18 00:38:41,Add Product: Sydney Opera House Tour - 1 hour Entr
7337,2347854,2024-12-18 00:38:41,Add Product: Dinner at Indian Restaurant 
7338,2347854,2024-12-18 00:38:41,Add Product: Hotel Stay - Sydney Central Ascott Li
7339,2347854,2024-12-18 01:42:48,Add Product: Coach for 12 Hrs - Full Day Blue Moun
7340,2347854,2024-12-18 01:42:48,Add Product: Scenic World - Ultimate Discovery Pas
7341,2347854,2024-12-18 01:42:48,Add Product: Lunch at Eats270
7342,2347854,2024-12-18 01:42:48,Add Product: Sydney Zoo Entry Tickets
7343,2347854,2024-12-18 01:42:48,Add Product: Dinner at Indian Restaurant 
7344,2347854,2024-12-18 01:42:49,Add Product: Hotel Stay - Sydney Central Ascott Li
7345,2347854,2024-12-18 01:52:43,Add Product: Coach for 10 Hrs - Merlin 04 Attracti
7346,2347854,2024-12-18 01:52:43,Add Product: Lunch at Indian Restaurant
7347,2347854,2024-12-18 01:52:43,Add Product: Cluster 4: 4 Attraction Pass (Only Ti
7348,2347854,2024-12-18 01:52:43,Add Product: Dinner at Indian Restaurant
7349,2347854,2024-12-18 01:52:43,Add Product: Hotel Stay - Sydney Central Ascott Li
7350,2347854,2024-12-18 01:52:43,Add Product: Depart Sydney - Transfer from Sydney 
7396,2347855,2024-12-18 20:17:22,New Quote with Stage Created
7397,2347855,2024-12-18 20:31:08,Add Product: Arrive Melbourne - Transfer from Melb
7398,2347855,2024-12-18 20:31:08,Add Product: Dinner at Indian Restaurant
7399,2347855,2024-12-18 20:31:09,Add Product: Hotel Stay - Mercure Melbourne Southb
7400,2347855,2024-12-18 20:33:11,Change Stage to Created
7401,2347855,2024-12-18 20:41:42,Add Product: Coach for 12 Hrs - Full Day Great Oce
7402,2347855,2024-12-18 20:41:42,Add Product: Lunch at Apollo bay 
7403,2347855,2024-12-18 20:41:42,Add Product: Dinner at Indian Restaurant 
7404,2347855,2024-12-18 20:41:42,Add Product: Hotel Stay - Mercure Melbourne Southb
7405,2347855,2024-12-18 21:01:06,Add Product: Depart Melbourne - Transfer from Melb
7406,2347855,2024-12-18 21:01:07,Add Product: Arrive cairns - Coach for 06 Hrs - Ku
7407,2347855,2024-12-18 21:01:07,Add Product: One Way Skyrail Experience (No Transf
7408,2347855,2024-12-18 21:01:07,Add Product: Lunch at Indian Restaurant
7409,2347855,2024-12-18 21:01:07,Add Product: Dinner at Indian Restaurant 
7410,2347855,2024-12-18 21:01:07,Add Product: Hotel Stay - Harbourside cairns or Si
7411,2347855,2024-12-18 21:01:07,Add Product: Return Transfers to Reef Fleet Termin
7412,2347855,2024-12-18 21:01:07,Add Product: FULL DAY GREEN ISLAND REEF CRUISE - F
7413,2347855,2024-12-18 21:01:07,Add Product: Dinner at Indian Restaurant 
7414,2347855,2024-12-18 21:01:07,Add Product: Hotel Stay - Harbourside cairns or Si
7415,2347855,2024-12-18 21:22:40,Add Product: Depart Cairns - Transfer from Cairns 
7416,2347855,2024-12-18 21:22:40,Add Product: Arrive Brisbane - Transfer from Brisb
7417,2347855,2024-12-18 21:22:40,Add Product: Arro Jet Experience (45 Minutes)
7418,2347855,2024-12-18 21:22:40,Add Product: Lunch at Indian Restaurant 
7419,2347855,2024-12-18 21:22:40,Add Product: Dinner at Indian Restaurant 
7420,2347855,2024-12-18 21:22:40,Add Product: Hotel Stay - Novotel Surfers Paradise
7421,2347855,2024-12-18 21:22:40,Add Product: Coach for 08 Hrs - Currumbin Wildlife
7422,2347855,2024-12-18 21:22:40,Add Product: Currumbin Wildlife Sanctuary -  Gener
7423,2347855,2024-12-18 21:22:40,Add Product: Sea World Admission (Ticket)
7424,2347855,2024-12-18 21:22:40,Add Product: Sea World - Maxi Meal
7425,2347855,2024-12-18 21:22:41,Add Product: Dinner at Indian Restaurant 
7426,2347855,2024-12-18 21:22:41,Add Product: Hotel Stay - Novotel Surfers Paradise
7427,2347855,2024-12-18 21:48:01,Add Product: Depart Gold Coast - Transfer from Gol
7428,2347855,2024-12-18 21:48:01,Add Product: Arrive Sydney - Transfer from Sydney 
7429,2347855,2024-12-18 21:48:01,Add Product: Lunch at Indian Restaurant 
7430,2347855,2024-12-18 21:48:01,Add Product: Dinner at Indian Restaurant 
7431,2347855,2024-12-18 21:48:01,Add Product: Hotel Stay - Sydney Central Ascott Li
7432,2347855,2024-12-18 21:48:01,Add Product: Coach for 10 Hrs - Sydney City Tour +
7433,2347855,2024-12-18 21:48:01,Add Product: Sydney Opera House Tour - 1 hour Entr
7434,2347855,2024-12-18 21:48:01,Add Product: Lunch at Indian Restaurant 
7435,2347855,2024-12-18 21:48:01,Add Product: SCG - 90 minute Guided Walking Tour E
7436,2347855,2024-12-18 21:48:01,Add Product: Sycney City Tour - Guide for 04 Hrs 
7437,2347855,2024-12-18 21:48:01,Add Product: Dinner at Indian Restaurant 
7438,2347855,2024-12-18 21:48:01,Add Product: Hotel Stay - Sydney Central Ascott Li
7439,2347855,2024-12-18 21:48:01,Add Product: Depart Sydney - Transfer from Sydney 
7486,2347857,2024-11-11 17:39:48,Requote
7487,2347857,2024-11-28 22:03:58,Accepted - Groups
7488,2347857,2024-12-02 16:55:02,Add Product: Puffing Billy Railway |Belgrave to Me
7489,2347857,2024-12-02 16:55:42,Delete Product: Puffing Billy Railway | Belgrave -
7490,2347857,2024-12-03 13:00:27,Add Product: The Waves Phillip Island - Beachside 
7491,2347857,2024-12-03 13:01:41,Delete Product: Ramada Resort by Wyndham Phillip I
7492,2347857,2024-12-05 11:42:48,Change Stage to Created
7493,2347857,2024-12-13 11:45:38,Delete Product: Puffing Billy Railway |Belgrave to
7494,2347857,2024-12-13 11:48:10,Delete Product: Coach for 10 hrs
7495,2347857,2024-12-13 11:48:21,Delete Product: Asian/Western/Chinese Lunch 1 Cour
7496,2347857,2024-12-13 11:48:31,Delete Product: Asian/Western/Chinese Dinner 1 Cou
7497,2347857,2024-12-13 11:48:43,Delete Product: Hotel Stay - Mercure Melbourne Sou
7498,2347857,2024-12-13 11:56:31,Delete Product: Coach for 12 hrs
7499,2347857,2024-12-13 11:56:43,Delete Product: Maru Koala & Animal Park
7500,2347857,2024-12-13 11:56:54,Delete Product: Asian/Western/Chinese Lunch 1 Cour
7501,2347857,2024-12-13 11:57:07,Delete Product: Admission to Peninsula Hot Water S
7502,2347857,2024-12-13 11:57:21,Delete Product: Hotel Stay - Mercure Melbourne Sou
7503,2347857,2024-12-13 12:00:55,Add Product: Coach for 10 Hours - City tour + Lunc
7504,2347857,2024-12-13 12:02:06,Add Product: Asian/Western/Chinese 1 course Lunch
7505,2347857,2024-12-13 12:03:46,Add Product: Holiday Inn Express Melbourne Little 
7506,2347857,2024-12-13 12:05:27,Delete Product: Day Free
7507,2347857,2024-12-13 12:06:34,Add Product: Holiday Inn Express Melbourne Little 
7508,2347857,2024-12-13 12:07:46,Delete Product: Hotel Stay at Mercure Southbank wi
7509,2347857,2024-12-13 12:08:28,Add Product: Holiday Inn Express Melbourne Little 
7510,2347857,2024-12-13 12:13:01,Add Product: Holiday Inn Express Melbourne Little 
7511,2347857,2024-12-13 12:38:46,Delete Product: Hotel Stay - Mercure Melbourne Sou
7512,2347857,2024-12-17 13:06:33,Change Stage to Created
7513,2347857,2024-12-17 13:14:11,Add Product: City tour Including Airport transfers
7514,2347857,2024-12-17 13:15:07,Add Product: Holiday Inn Express Melbourne Little 
7515,2347857,2024-12-17 13:15:53,Delete Product: The Waves Phillip Island - Beachsi
7516,2347857,2024-12-17 13:16:06,Delete Product: Driver Accommodation 
7517,2347857,2024-12-17 13:17:00,Add Product: Asian/Western/Chinese 2 course meal
7518,2347857,2024-12-17 13:18:12,Add Product: Asian/Western/Chinese 2 course dinner
7519,2347857,2024-12-17 13:19:14,Delete Product: Antarctic Journey at the Nobbies E
7520,2347857,2024-12-17 13:20:14,Delete Product: Holiday Inn Express Melbourne Litt
7521,2347857,2024-12-17 13:20:38,Delete Product: Holiday Inn Express Melbourne Litt
7522,2347857,2024-12-17 13:20:53,Delete Product: Asian/Western/Chinese 1 course Lun
7523,2347857,2024-12-17 13:21:10,Delete Product: Coach for 10 Hours - City tour + L
7524,2347857,2024-12-17 13:23:07,Add Product: School University Visit
7525,2347857,2024-12-17 13:23:46,Delete Product: Proceed to DFO South Wharf Shoppin
7526,2347857,2024-12-17 13:24:00,Delete Product: Plated 2 course Lunch at Rochford
7527,2347857,2024-12-17 13:24:46,Delete Product: Admission to Rayner’s Orchard
7528,2347857,2024-12-17 13:24:58,Delete Product: Coach for 10 hrs-Full Day Yarra Va
7529,2347857,2024-12-17 13:29:52,Delete Product: Phillip Island Chocolate Factory -
7530,2347857,2024-12-17 13:30:46,Add Product: Coach for 10 hours - City tour includ
7531,2347857,2024-12-17 13:31:16,Delete Product: City tour Including Airport transf
7532,2347857,2024-12-18 13:10:03,Add Product: Holiday Inn Express Melbourne Little 
7533,2347857,2024-12-18 13:12:42,Add Product: Asian/Western/Chinese 2 course Dinner
7534,2347857,2024-12-18 13:14:17,Add Product: Asian/Western/Chinese 2 course lunch
7535,2347857,2024-12-18 13:15:49,Add Product: Asian/Western/Chinese 2 course dinner
7536,2347857,2024-12-18 13:17:20,Add Product: Guide for City tour
7537,2347857,2024-12-18 13:18:39,Add Product: Guide for Philip Island
7538,2347857,2024-12-19 10:16:53,Add Product: Guide for School/University Visit
7539,2347857,2024-12-19 10:19:01,Add Product: Maru Koala and Animal Park - COMBINED
7568,2347861,2024-12-19 18:08:50,New Quote with Stage Created
7569,2347861,2024-12-19 18:21:48,Import CSV - Products
7570,2347861,2024-12-19 18:23:45,Delete Product: Sydney Zoo Entry Tickets
7571,2347861,2024-12-19 18:23:53,Delete Product: Coach for 12 hours Sydney-Hunter V
7572,2347861,2024-12-19 18:24:01,Delete Product: Sydney Zoo Entry Tickets
7573,2347861,2024-12-19 18:24:08,Delete Product: Sydney Zoo Entry Tickets
7574,2347861,2024-12-19 18:24:15,Delete Product: Blue Mountains Tour (Up to 10 hrs)
7575,2347861,2024-12-19 18:24:58,Import CSV - Products
7576,2347861,2024-12-19 18:34:23,Delete Product: Coach for 12 hours Sydney-Hunter V
7662,2347863,2024-12-14 04:33:13,New Quote with Stage Created
7663,2347863,2024-12-14 04:36:12,Add Product: Arrive Auckland - Transfer from Auckl
7664,2347863,2024-12-14 04:36:12,Add Product: Indian Lunch 
7665,2347863,2024-12-14 04:36:12,Add Product: Sky Tower Observation Deck Ticket
7666,2347863,2024-12-14 04:36:12,Add Product: Indian Dinner 
7667,2347863,2024-12-14 04:36:12,Add Product: Hotel Stay - Holiday inn Express Auck
7668,2347863,2024-12-14 04:48:48,Add Product: Coach for 10 Hrs - Transfer from Auck
7669,2347863,2024-12-14 04:48:48,Add Product: Waitomo GlowWorm Caves - Admission Ti
7670,2347863,2024-12-14 04:48:48,Add Product: Lunch at Roseland
7671,2347863,2024-12-14 04:48:48,Add Product: Indian Dinner 
7672,2347863,2024-12-14 04:48:48,Add Product: Hotel Stay - Sudima Lake Rotorua or S
7673,2347863,2024-12-14 04:52:45,Add Product: Coach for 10 Hrs - Rotorua Sightseein
7674,2347863,2024-12-14 04:52:45,Add Product: Farm Experience (Farm Show & Tour Com
7675,2347863,2024-12-14 04:52:46,Add Product: Indian Lunch 
7676,2347863,2024-12-14 04:52:46,Add Product: Indian Dinner 
7677,2347863,2024-12-14 04:52:46,Add Product: Hotel Stay - Sudima Lake Rotorua or S
7678,2347863,2024-12-14 04:52:46,Add Product: Coach for 10 Hrs - Rotorua to Aucklan
7679,2347863,2024-12-14 04:52:46,Add Product: Indian Lunch 
7680,2347863,2024-12-14 04:52:46,Add Product: Indian Dinner 
7681,2347863,2024-12-14 04:52:46,Add Product: Hotel Stay - Holiday inn Express Auck
7682,2347863,2024-12-14 04:59:30,Add Product: Depart Auckland - Transfer from Auckl
7683,2347863,2024-12-14 04:59:30,Add Product: Arrive Queenstown - Transfer from Que
7684,2347863,2024-12-14 04:59:30,Add Product: Indian Lunch 
7685,2347863,2024-12-14 04:59:30,Add Product: Indian Dinner 
7686,2347863,2024-12-14 04:59:30,Add Product: Hotel Stay - Holiday inn Express and 
7687,2347863,2024-12-14 04:59:30,Add Product: Coach for 12 Hrs - Full Day Milford S
7688,2347863,2024-12-14 04:59:30,Add Product: Milford Sound Nature Cruise Ticket & 
7689,2347863,2024-12-14 04:59:30,Add Product: Indian Dinner 
7690,2347863,2024-12-14 04:59:30,Add Product: Hotel Stay - Holiday inn Express and 
7691,2347863,2024-12-14 04:59:30,Add Product: Coach for 10 Hrs - Skyline Gondola + 
7692,2347863,2024-12-14 04:59:30,Add Product: K JET | JET BOAT RIDE QUEENSTOWN
7693,2347863,2024-12-14 04:59:30,Add Product: Indian Lunch 
7694,2347863,2024-12-14 04:59:30,Add Product: Indian Dinner 
7695,2347863,2024-12-14 04:59:30,Add Product: Hotel Stay - Holiday inn Express and 
7696,2347863,2024-12-14 05:04:19,Add Product: Coach for 10 Hrs - Transfer from Quee
7697,2347863,2024-12-14 05:04:19,Add Product: Puzzling World | Entry Tickets - illu
7698,2347863,2024-12-14 05:04:19,Add Product: Indian / Local Lunch 
7699,2347863,2024-12-14 05:04:19,Add Product: Indian / Local Dinne
7700,2347863,2024-12-14 05:04:19,Add Product: Hotel Stay - Distinction Mackenzie Co
7701,2347863,2024-12-14 05:04:19,Add Product: Coach for 10 Hrs - Transfer from Twiz
7702,2347863,2024-12-14 05:04:19,Add Product: Indian Lunch 
7703,2347863,2024-12-14 05:04:19,Add Product: General Admission to International An
7704,2347863,2024-12-14 05:04:19,Add Product: Indian Dinner 
7705,2347863,2024-12-14 05:04:19,Add Product: Hotel Stay - Distinction Hotel Christ
7706,2347863,2024-12-14 05:04:19,Add Product: Depart Christchurch - Transfer from C
7707,2347863,2024-12-14 05:07:19,Change Stage to Created
7708,2347863,2024-12-14 05:13:50,Add Product: Te Ra Guided Experience Ticket
7709,2347863,2024-12-19 20:59:19,Add Product: Coach for 10 Hrs - Day trip to Lake T
7710,2347863,2024-12-19 20:59:19,Add Product: Indian Lunch 
7711,2347863,2024-12-19 20:59:19,Add Product: Indian Dinner 
7712,2347863,2024-12-19 20:59:19,Add Product: Hotel Stay - Sudima Lake Rotorua or S
7713,2347863,2024-12-19 21:04:39,Add Product: Coach for 10 Hrs - Christchurch Sight
7714,2347863,2024-12-19 21:04:39,Add Product: Indian Lunch 
7715,2347863,2024-12-19 21:04:39,Add Product: Indian Dinner 
7716,2347863,2024-12-19 21:04:39,Add Product: Hotel Stay - Distinction Hotel Christ
7763,2347864,2024-12-19 00:26:20,New Quote with Stage Created
7764,2347864,2024-12-19 00:38:31,Add Product: Arrive Auckland - Transfer from Auckl
7765,2347864,2024-12-19 00:38:31,Add Product: Indian Dinner 
7766,2347864,2024-12-19 00:38:31,Add Product: Hotel Stay - Crowne Plaza Auckland or
7767,2347864,2024-12-19 04:37:39,Add Product: Coach for 10 Hrs - Auckland City Tour
7768,2347864,2024-12-19 04:37:39,Add Product: Sky Tower Observation Deck Ticket
7769,2347864,2024-12-19 04:37:40,Add Product: Indian Lunch 
7770,2347864,2024-12-19 04:38:48,Add Product: Coach for 10 Hrs - Auckland City Tour
7771,2347864,2024-12-19 04:38:48,Add Product: Sky Tower Observation Deck Ticket
7772,2347864,2024-12-19 04:38:48,Add Product: Indian Lunch 
7773,2347864,2024-12-19 04:48:03,Add Product: Coach for 12 Hrs - Auckland to Paihia
7774,2347864,2024-12-19 04:48:03,Add Product: Fullers GreatSights - Hole in the Roc
7775,2347864,2024-12-19 04:48:03,Add Product: Indian Lunch 
7776,2347864,2024-12-19 04:48:03,Add Product: Indian Dinner 
7777,2347864,2024-12-19 04:48:03,Add Product: Hotel Stay - Scenic Hotel Bay of Isla
7778,2347864,2024-12-19 05:12:49,Add Product: Coach for 10 Hrs - Transfer from Paih
7779,2347864,2024-12-19 05:12:49,Add Product: Indian Lunch 
7780,2347864,2024-12-19 05:12:49,Add Product: Indian Dinner 
7781,2347864,2024-12-19 05:12:49,Add Product: Hotel Stay - Crowne Plaza Auckland or
7782,2347864,2024-12-19 05:12:49,Add Product: Coach for 12 Hrs - Transfer from Auck
7783,2347864,2024-12-19 05:12:49,Add Product: Waitomo GlowWorm Caves - Admission Ti
7784,2347864,2024-12-19 05:12:49,Add Product: Local Lunch
7785,2347864,2024-12-19 05:12:49,Add Product: Indian Dinner 
7786,2347864,2024-12-19 05:12:49,Add Product: Hotel Stay - Arawa Park Hotel or Simi
7787,2347864,2024-12-19 05:21:33,Add Product: Te Ra + Haka (Guided Experience & Cul
7788,2347864,2024-12-19 21:31:34,Add Product: Coach for 10 Hrs - Rotorua Sightseein
7789,2347864,2024-12-19 21:31:34,Add Product: Farm Experience (Farm Show & Tour Com
7790,2347864,2024-12-19 21:31:34,Add Product: Indian Lunch 
7791,2347864,2024-12-19 21:31:34,Add Product: Whakarewarewa - The Living Maori Vill
7792,2347864,2024-12-19 21:31:34,Add Product: Indian Dinner 
7793,2347864,2024-12-19 21:31:34,Add Product: Hotel Stay - Arawa Park Hotel or Simi
7794,2347864,2024-12-19 21:48:43,Add Product: Depart Rotorua - Transfer from Rotoru
7795,2347864,2024-12-19 21:48:43,Add Product: Arrive Queenstown - Transfer from Que
7796,2347864,2024-12-19 21:48:43,Add Product: Indian Lunch 
7797,2347864,2024-12-19 21:48:43,Add Product: Indian Dinner 
7798,2347864,2024-12-19 21:48:44,Add Product: Hotel Stay - Holiday inn express and 
7799,2347864,2024-12-19 22:00:17,Add Product: Coach for 12 Hrs - Queenstown City To
7800,2347864,2024-12-19 22:00:17,Add Product: K JET | JET BOAT RIDE QUEENSTOWN
7801,2347864,2024-12-19 22:00:17,Add Product: Indian Lunch 
7802,2347864,2024-12-19 22:00:17,Add Product: Skyline Gondola & 3 Luge Rides Ticket
7803,2347864,2024-12-19 22:00:17,Add Product: Indian Dinner 
7804,2347864,2024-12-19 22:00:17,Add Product: Hotel Stay - Holiday inn express and 
7805,2347864,2024-12-19 22:06:25,Add Product: Coach for 12 Hrs - Full Day Milford S
7806,2347864,2024-12-19 22:06:25,Add Product: Milford Sound Nature Cruise Ticket & 
7807,2347864,2024-12-19 22:06:25,Add Product: Indian Dinner 
7808,2347864,2024-12-19 22:06:25,Add Product: Hotel Stay - Holiday inn express and 
7809,2347864,2024-12-19 22:15:09,Add Product: Coach for 12 Hrs - Queenstown to Twiz
7810,2347864,2024-12-19 22:15:09,Add Product: Puzzling World | Entry Tickets - illu
7811,2347864,2024-12-19 22:15:09,Add Product: Indian Lunch 
7812,2347864,2024-12-19 22:15:09,Add Product: Indian Dinner 
7813,2347864,2024-12-19 22:15:09,Add Product: Distinction Mackenzie Country Hotel T
7814,2347864,2024-12-19 22:15:09,Add Product: Coach for 10 Hrs - Transfer from Twiz
7815,2347864,2024-12-19 22:15:09,Add Product: HCL5 -Alpine Vista
7816,2347864,2024-12-19 22:15:09,Add Product: Indian Lunch 
7817,2347864,2024-12-19 22:15:09,Add Product: Indian Dinner 
7818,2347864,2024-12-19 22:15:09,Add Product: Hotel Stay - Fable Hotel Christchurch
7819,2347864,2024-12-19 22:19:18,Add Product: Coach for 10 Hrs - Christchurch City 
7820,2347864,2024-12-19 22:19:18,Add Product: General Admission to International An
7821,2347864,2024-12-19 22:19:18,Add Product: Indian Lunch 
7822,2347864,2024-12-19 22:19:18,Add Product: Indian Dinner 
7823,2347864,2024-12-19 22:19:18,Add Product: Hotel Stay - Fable Hotel Christchurch
7824,2347864,2024-12-19 22:19:18,Add Product: Depart Christchurch - Transfer from C
7887,2347866,2024-12-20 00:01:10,New Quote with Stage Created
7888,2347866,2024-12-20 00:30:45,Add Product: Arrive Melbourne - Transfer from Melb
7889,2347866,2024-12-20 00:30:45,Add Product: Indian Dinner 
7890,2347866,2024-12-20 00:30:45,Add Product: Hotel Stay - Mercure Melbourne Southb
7891,2347866,2024-12-20 00:36:46,Add Product: Coach for 12 hrs - Philip Island Tour
7892,2347866,2024-12-20 00:36:46,Add Product: Penguin Parade - Standard Viewing Ent
7893,2347866,2024-12-20 00:36:46,Add Product: Indian Lunch 
7894,2347866,2024-12-20 00:36:46,Add Product: Indian Dinner 
7895,2347866,2024-12-20 00:36:46,Add Product: Hotel Stay - Mercure Melbourne Southb
7896,2347866,2024-12-20 00:39:57,Add Product: Arrive Melbourne - Transfer from Melb
7897,2347866,2024-12-20 00:40:30,Delete Product: Arrive Melbourne - Transfer from M
7898,2347866,2024-12-20 00:41:52,Add Product: Coach for 12 Hrs - Full Day Great Oce
7899,2347866,2024-12-20 00:41:52,Add Product: Lunch at Apollo bay 
7900,2347866,2024-12-20 00:41:52,Add Product: Indian Dinner 
7901,2347866,2024-12-20 00:41:52,Add Product: Hotel Stay - Mercure Melbourne Southb
7902,2347866,2024-12-20 01:00:48,Add Product: Depart Melbourne - Transfer from Melb
7903,2347866,2024-12-20 01:00:48,Add Product: Arrive Cairns - Airport Transfers + K
7904,2347866,2024-12-20 01:00:48,Add Product: One Way Skyrail Experience & One Way 
7905,2347866,2024-12-20 01:00:48,Add Product: Lunch 
7906,2347866,2024-12-20 01:00:48,Add Product: Indian Dinner 
7907,2347866,2024-12-20 01:00:48,Add Product: Hotel Stay - Harbourside cairns or Si
7908,2347866,2024-12-20 01:13:30,Add Product: Return Transfers to Reef Fleet Termin
7909,2347866,2024-12-20 01:13:30,Add Product: FULL DAY GREEN ISLAND REEF CRUISE - F
7910,2347866,2024-12-20 01:13:30,Add Product: Indian Dinner 
7911,2347866,2024-12-20 01:13:30,Add Product: Hotel Stay - Harbourside cairns or Si
7912,2347866,2024-12-20 01:27:10,Add Product: Depart Cairns - Transfer from Cairns 
7913,2347866,2024-12-20 01:27:10,Add Product: Arrive Brisbane - Transfer from Brisb
7914,2347866,2024-12-20 01:27:10,Add Product: Indian Lunch 
7915,2347866,2024-12-20 01:27:10,Add Product: Indian Dinner 
7916,2347866,2024-12-20 01:27:10,Add Product: Hotel Stay - Novotel Surfers Paradise
7917,2347866,2024-12-20 01:37:35,Add Product: Return Transfer to Movie World 
7918,2347866,2024-12-20 01:37:35,Add Product: Best Of Both Worlds (Movie World + Se
7919,2347866,2024-12-20 01:37:35,Add Product: Movie World - Maxi Meal
7920,2347866,2024-12-20 01:37:35,Add Product: Indian Dinner 
7921,2347866,2024-12-20 01:37:35,Add Product: Hotel Stay - Novotel Surfers Paradise
7922,2347866,2024-12-20 01:37:35,Add Product: Return transfer to Sea World
7923,2347866,2024-12-20 01:37:35,Add Product: Sea World Admission (Ticket)
7924,2347866,2024-12-20 01:37:35,Add Product: Sea World - Maxi Meal
7925,2347866,2024-12-20 01:37:35,Add Product: Indian Dinner 
7926,2347866,2024-12-20 01:37:35,Add Product: Hotel Stay - Novotel Surfers Paradise
7927,2347866,2024-12-20 02:29:53,Add Product: Depart Gold Coast - Transfer from Gol
7928,2347866,2024-12-20 02:29:53,Add Product: Arrive Sydney - Transfer from Sydney 
7929,2347866,2024-12-20 02:29:53,Add Product: Indian Lunch 
7930,2347866,2024-12-20 02:29:53,Add Product: Indian Dinner 
7931,2347866,2024-12-20 02:29:53,Add Product: Hotel Stay - Sydney Central Ascott Li
7932,2347866,2024-12-20 02:50:26,Add Product: Coach for 10 hrs - Sydney City Tour +
7933,2347866,2024-12-20 02:50:26,Add Product: Sydney Opera House Tour - 1 hour Entr
7934,2347866,2024-12-20 02:50:26,Add Product: Indian Lunch 
7935,2347866,2024-12-20 02:50:26,Add Product: Sydney Tower Eye - General Admission 
7936,2347866,2024-12-20 02:50:26,Add Product: Thunder Thrill Jetboating Ride - 30 M
7937,2347866,2024-12-20 02:50:26,Add Product: Hotel Stay - Sydney Central Ascott Li
7938,2347866,2024-12-20 02:50:26,Add Product: Coach for 12 Hrs - Full Day Blue Moun
7939,2347866,2024-12-20 02:50:26,Add Product: Sydney Zoo Entry Tickets
7940,2347866,2024-12-20 02:50:26,Add Product: Lunch 
7941,2347866,2024-12-20 02:50:26,Add Product: Scenic World - Ultimate Discovery Pas
7942,2347866,2024-12-20 02:50:26,Add Product: Indian Dinner 
7943,2347866,2024-12-20 02:50:26,Add Product: Hotel Stay - Sydney Central Ascott Li
7944,2347866,2024-12-20 02:50:26,Add Product: Depart Sydney - Transfer from Sydney 
7945,2347866,2024-12-20 03:04:10,Add Product: Return transfer to Sea World
7946,2347866,2024-12-20 03:05:07,Delete Product: Return transfer to Sea World
8004,2347869,2024-12-20 06:58:45,New Quote with Stage Created
8005,2347869,2024-12-20 07:01:18,Add Product: Arrive Sydney - Transfer from Sydney 
8006,2347869,2024-12-20 07:01:18,Add Product: Indian dinner 
8007,2347869,2024-12-20 07:01:18,Add Product: Hotel stay - Sydney central ascott li
8008,2347869,2024-12-20 07:08:34,Add Product: Coach for 12 Hrs - Sydney city tour (
8009,2347869,2024-12-20 07:08:34,Add Product: Sydney Opera House Tour - 1 hour Entr
8010,2347869,2024-12-20 07:08:34,Add Product: Indian lunch 
8011,2347869,2024-12-20 07:08:35,Add Product: Cluster 4: 4 Attraction Pass (Only Ti
8012,2347869,2024-12-20 07:08:35,Add Product: SHOWBOAT DINNER CRUISE WITH INDIAN SE
8013,2347869,2024-12-20 07:08:35,Add Product: Hotel stay - Sydney central ascott li
8014,2347869,2024-12-20 07:15:01,Add Product: Depart Sydney - Transfer from hotel t
8015,2347869,2024-12-20 07:15:01,Add Product: Arrive Gold coast - Transfer from Bri
8016,2347869,2024-12-20 07:15:02,Add Product: Indian lunch 
8017,2347869,2024-12-20 07:15:02,Add Product: Indian dinner 
8018,2347869,2024-12-20 07:15:02,Add Product: Hotel stay - Novotel surfers paradise
8019,2347869,2024-12-20 07:15:02,Add Product: Return transfer to Sea World 
8020,2347869,2024-12-20 07:15:02,Add Product: Sea World Admission (Ticket)
8021,2347869,2024-12-20 07:15:02,Add Product: Sea World - Maxi Meal
8022,2347869,2024-12-20 07:15:02,Add Product: Indian dinner 
8023,2347869,2024-12-20 07:15:02,Add Product: Hotel stay - Novotel surfers paradise
8024,2347869,2024-12-20 07:21:13,Add Product: Depart gold coast - Transfer from gol
8025,2347869,2024-12-20 07:21:13,Add Product: Arrive Melbourne - Transfer from Airp
8026,2347869,2024-12-20 07:21:13,Add Product: Indian lunch 
8027,2347869,2024-12-20 07:21:13,Add Product: Indian dinner 
8028,2347869,2024-12-20 07:21:13,Add Product: Hotel stay - Mercure Melbourne Southb
8029,2347869,2024-12-20 07:21:13,Add Product: Coach for 12 hrs - Full day Great oce
8030,2347869,2024-12-20 07:21:13,Add Product: Lunch at apollo bay 
8031,2347869,2024-12-20 07:21:13,Add Product: Indian dinner 
8032,2347869,2024-12-20 07:21:13,Add Product: Hotel Stay - Mercure melbourne southb
8033,2347869,2024-12-20 07:21:14,Add Product: Depart Melbourne - Transfer from Hote
8086,2347872,2024-12-20 04:08:04,New Quote with Stage Created
8087,2347872,2024-12-20 04:29:38,Add Product: Arrive Sydney - Transfer from Sydney 
8088,2347872,2024-12-20 04:29:38,Add Product: Hotel Stay - Sheraton Grand Sydney Hy
8089,2347872,2024-12-20 04:29:38,Add Product: Arrive Sydney - Transfer from Sydney 
8090,2347872,2024-12-20 04:29:38,Add Product: Sydney Opera House Tour - 1 hour Entr
8091,2347872,2024-12-20 04:29:38,Add Product: Indian Dinner 
8092,2347872,2024-12-20 04:29:38,Add Product: Hotel Stay - Sheraton Grand Sydney Hy
8093,2347872,2024-12-20 04:36:01,Add Product: Coach for 10 Hrs - Transfer to Sydney
8094,2347872,2024-12-20 04:36:01,Add Product: Sydney City Tour - Guide for 04 Hrs 
8095,2347872,2024-12-20 04:36:01,Add Product: Sydney Tower Eye - General Admission 
8096,2347872,2024-12-20 04:36:01,Add Product: Indian Dinner 
8097,2347872,2024-12-20 04:36:01,Add Product: Hotel Stay - Sheraton Grand Sydney Hy
8098,2347872,2024-12-20 04:52:40,Add Product: Coach for 10 Hrs - Full day meet at S
8099,2347872,2024-12-20 04:52:40,Add Product: Indian Dinner 
8100,2347872,2024-12-20 04:52:40,Add Product: Hotel Stay - Sheraton Grand Sydney Hy
8101,2347872,2024-12-20 04:52:40,Add Product: Coach for 12 Hrs - Visit local friend
8102,2347872,2024-12-20 04:52:40,Add Product: SHOWBOAT DINNER CRUISE WITH INDIAN SE
8103,2347872,2024-12-20 05:00:59,Add Product: Hotel Stay - Sheraton Grand Sydney Hy
8104,2347872,2024-12-20 05:10:13,Add Product: Coach for 12 Hrs - Full Day Blue Moun
8105,2347872,2024-12-20 05:10:13,Add Product: Sydney Zoo Entry Tickets
8106,2347872,2024-12-20 05:10:13,Add Product: Lunch at Eats270
8107,2347872,2024-12-20 05:10:13,Add Product: Indian Dinner with 2 + 2 Starter
8108,2347872,2024-12-20 05:10:13,Add Product: Hotel Stay - Sheraton Grand Sydney Hy
8109,2347872,2024-12-20 05:10:13,Add Product: Depart Sydney - Transfer from Sydney 
8110,2347872,2024-12-20 15:19:21,Delete Product: Sydney Opera House Tour - 1 hour E
8111,2347872,2024-12-20 15:19:50,Delete Product: Arrive Sydney - Transfer from Sydn
8112,2347872,2024-12-20 15:20:09,Delete Product: Hotel Stay - Sheraton Grand Sydney
8113,2347872,2024-12-20 15:56:56,Add Product: Scenic World - Ultimate Discovery Pas
8198,2347876,2024-12-20 22:20:18,New Quote with Stage Created
8199,2347876,2024-12-20 22:27:43,Add Product: Arrive Auckland - Transfer from Auckl
8200,2347876,2024-12-20 22:27:43,Add Product: Sky Tower Observation Deck Ticket
8201,2347876,2024-12-20 22:27:43,Add Product: Lunch at Indian Restaurant 
8202,2347876,2024-12-20 22:27:43,Add Product: Dinner at Indian Restaurant 
8203,2347876,2024-12-20 22:27:43,Add Product: Hotel Stay - Holiday inn Express Auck
8204,2347876,2024-12-20 22:46:31,Add Product: Coach for 10 Hrs - Transfer from Auck
8205,2347876,2024-12-20 22:46:31,Add Product: Waitomo GlowWorm Caves - Admission Ti
8206,2347876,2024-12-20 22:46:31,Add Product: Lunch at Roseland 
8207,2347876,2024-12-20 22:46:31,Add Product: Dinner at Indian Restaurant 
8208,2347876,2024-12-20 22:46:31,Add Product: Hotel Stay - Distinction Hotel Rotoru
8209,2347876,2024-12-20 22:51:48,Add Product: Coach for 10 Hrs - Agrodome + Te puia
8210,2347876,2024-12-20 22:51:48,Add Product: Farm Experience (Farm Show & Tour Com
8211,2347876,2024-12-20 22:51:48,Add Product: Lunch at Indian Restaurant 
8212,2347876,2024-12-20 22:51:48,Add Product: Te Ra Guided Experience Ticket
8213,2347876,2024-12-20 22:51:48,Add Product: Dinner at Indian Restaurant 
8214,2347876,2024-12-20 22:51:48,Add Product: Hotel Stay - Distinction Hotel Rotoru
8215,2347876,2024-12-20 22:54:48,Add Product: Coach for 10 Hrs - Rotorua to Aucklan
8216,2347876,2024-12-20 22:54:48,Add Product: Lunch at Indian Restaurant 
8217,2347876,2024-12-20 22:54:48,Add Product: Dinner at Indian Restaurant 
8218,2347876,2024-12-20 22:54:48,Add Product: Hotel Stay - Holiday inn Express Auck
8219,2347876,2024-12-20 22:58:23,Add Product: Depart Auckland - Transfer from Auckl
8220,2347876,2024-12-20 22:58:23,Add Product: Arrive Christchurch - Transfer from C
8221,2347876,2024-12-20 22:58:23,Add Product: General Admission to International An
8222,2347876,2024-12-20 22:58:23,Add Product: Lunch at Indian Restaurant 
8223,2347876,2024-12-20 22:58:23,Add Product: Dinner at Indian Restaurant 
8224,2347876,2024-12-20 22:58:23,Add Product: Hotel Stay - Distinction Hotel Christ
8225,2347876,2024-12-20 23:08:52,Add Product: Coach for 12 Hrs - Transfer from Chri
8226,2347876,2024-12-20 23:08:52,Add Product: Lunch at Indian / Local Restaurant 
8227,2347876,2024-12-20 23:08:52,Add Product: Dinner at Indian Restaurant 
8228,2347876,2024-12-20 23:08:52,Add Product: Hotel Stay - Holiday inn Express and 
8229,2347876,2024-12-20 23:08:52,Add Product: Coach for 12 Hrs - Full Day Milford S
8230,2347876,2024-12-20 23:08:52,Add Product: Milford Sound Nature Cruise Ticket & 
8231,2347876,2024-12-20 23:08:52,Add Product: Dinner at Indian Restaurant 
8232,2347876,2024-12-20 23:08:52,Add Product: Hotel Stay - Holiday inn Express and 
8233,2347876,2024-12-20 23:08:52,Add Product: Depart Queenstown - Transfer from Que
8303,2347878,2024-12-20 23:37:24,New Quote with Stage Created
8304,2347878,2024-12-20 23:40:26,Add Product: Arrive Sydney - Transfer from Sydney 
8305,2347878,2024-12-20 23:40:26,Add Product: Lunch at Indian Restaurant 
8306,2347878,2024-12-20 23:40:26,Add Product: Dinner at Indian Restaurant 
8307,2347878,2024-12-20 23:40:26,Add Product: Hotel Stay - Sydney Central Ascott Li
8308,2347878,2024-12-20 23:43:10,Add Product: Coach for 10 Hrs - Sydney City Tour (
8309,2347878,2024-12-20 23:43:10,Add Product: Sydney Opera House Tour - 1 hour Entr
8310,2347878,2024-12-20 23:43:10,Add Product: Lunch at Indian Restaurant 
8311,2347878,2024-12-20 23:43:10,Add Product: Cluster 2: 2 Attraction Pass - (with 
8312,2347878,2024-12-20 23:43:10,Add Product: Dinner at Indian Restaurant 
8313,2347878,2024-12-20 23:43:10,Add Product: Hotel Stay - Sydney Central Ascott Li
8314,2347878,2024-12-20 23:46:24,Add Product: Coach for 12 Hrs - Full Day Blue Moun
8315,2347878,2024-12-20 23:46:24,Add Product: Scenic World - Ultimate Discovery Pas
8316,2347878,2024-12-20 23:46:24,Add Product: Lunch at Eats270
8317,2347878,2024-12-20 23:46:24,Add Product: Sydney Zoo Entry Tickets
8318,2347878,2024-12-20 23:46:24,Add Product: Dinner at Indian Restaurant 
8319,2347878,2024-12-20 23:46:24,Add Product: Hotel Stay - Sydney Central Ascott Li
8320,2347878,2024-12-20 23:50:44,Add Product: Depart Sydney - Transfer from Sydney 
8321,2347878,2024-12-20 23:50:44,Add Product: Arrive Cairns - Coach for 06 Hrs - Ai
8322,2347878,2024-12-20 23:50:44,Add Product: One Way Skyrail Experience (No Transf
8323,2347878,2024-12-20 23:50:44,Add Product: Lunch at Kuranda
8324,2347878,2024-12-20 23:50:44,Add Product: Dinner at Indian Restaurant 
8325,2347878,2024-12-20 23:50:44,Add Product: Hotel Stay - Harbourside cairns or Si
8326,2347878,2024-12-20 23:53:54,Add Product: Return Transfer to Reef Fleet Transfe
8327,2347878,2024-12-20 23:53:54,Add Product: FULL DAY GREEN ISLAND REEF CRUISE - F
8328,2347878,2024-12-20 23:53:54,Add Product: Dinner at Indian Restaurant 
8329,2347878,2024-12-20 23:53:54,Add Product: Hotel Stay - Harbourside cairns or Si
8330,2347878,2024-12-20 23:56:56,Add Product: Depart Cairns - Transfer from Cairnd 
8331,2347878,2024-12-20 23:56:56,Add Product: Arrive Melbourne - Transfer from Melb
8332,2347878,2024-12-20 23:56:56,Add Product: Lunch at Indian Restaurant 
8333,2347878,2024-12-20 23:56:56,Add Product: Dinner at Indian Restaurant 
8334,2347878,2024-12-20 23:56:56,Add Product: Hotel Stay - Mercure Melbourne Southb
8335,2347878,2024-12-21 00:01:21,Add Product: Coach for 12 Hrs - Full Day Philip is
8336,2347878,2024-12-21 00:01:21,Add Product: Penguin Parade - Standard Viewing Ent
8337,2347878,2024-12-21 00:01:21,Add Product: Lunch at Indian Restaurant 
8338,2347878,2024-12-21 00:01:21,Add Product: Dinner at Indian Restaurant 
8339,2347878,2024-12-21 00:01:21,Add Product: Hotel Stay - Mercure Melbourne Southb
8340,2347878,2024-12-21 00:01:21,Add Product: Coach for 12 Hrs - Full Day Great Oce
8341,2347878,2024-12-21 00:01:21,Add Product: Lunch at Apollo bay 
8342,2347878,2024-12-21 00:01:21,Add Product: Dinner at Indian Restaurant 
8343,2347878,2024-12-21 00:01:21,Add Product: Hotel Stay - Mercure Melbourne Southb
8344,2347878,2024-12-21 00:01:21,Add Product: Depart Melbourne - Transfer from Melb
8425,2347880,2024-12-21 01:49:03,New Quote with Stage Created
8426,2347880,2024-12-21 01:55:01,Add Product: Arrive Melbourne - Transfer from Melb
8427,2347880,2024-12-21 01:55:01,Add Product: Lunch at Indian Restaurant
8428,2347880,2024-12-21 01:55:01,Add Product: Melbourne Cricket Ground - MCG Tour (
8429,2347880,2024-12-21 01:55:01,Add Product: Dinner at Indian Restaurant
8430,2347880,2024-12-21 01:55:01,Add Product: Hotel Stay - Melbourne Marriott Hotel
8431,2347880,2024-12-21 01:59:25,Add Product: Coach for 12 Hrs - Full Day Great Oce
8432,2347880,2024-12-21 01:59:25,Add Product: Lunch at Apollo bay
8433,2347880,2024-12-21 01:59:25,Add Product: Dinner at Indian Restaurant 
8434,2347880,2024-12-21 01:59:25,Add Product: Hotel Stay - Melbourne Marriott Hotel
8435,2347880,2024-12-21 02:05:08,Add Product: Coach for 12 Hrs - Full Day Philip is
8436,2347880,2024-12-21 02:05:08,Add Product: Moonlit Sanctuary Admission
8437,2347880,2024-12-21 02:05:08,Add Product: Lunch at Indian Restaurant 
8438,2347880,2024-12-21 02:05:08,Add Product: Penguin Parade - Standard Viewing Ent
8439,2347880,2024-12-21 02:05:08,Add Product: Dinner at Indian Restaurant
8440,2347880,2024-12-21 02:05:08,Add Product: Hotel Stay - Melbourne Marriott Hotel
8441,2347880,2024-12-21 02:16:20,Add Product: Depart Melbourne - Transfer from Melb
8442,2347880,2024-12-21 02:16:20,Add Product: Arrive Cairns - Transfer from Cairns 
8443,2347880,2024-12-21 02:16:20,Add Product: Lunch at Indian Restaurant
8444,2347880,2024-12-21 02:16:20,Add Product: Dinner at Indian Restaurant
8445,2347880,2024-12-21 02:16:20,Add Product: Hotel Stay - Hilton Cairns or Similar
8446,2347880,2024-12-21 02:47:39,Add Product: Return Transfer to Reef Fleet Termina
8447,2347880,2024-12-21 02:47:39,Add Product: FULL DAY GREEN ISLAND REEF CRUISE - F
8448,2347880,2024-12-21 02:47:39,Add Product: Dinner at Indian Restaurant 
8449,2347880,2024-12-21 02:47:39,Add Product: Hotel Stay - Hilton Cairns or Similar
8450,2347880,2024-12-21 02:53:20,Add Product: Coach for 06 Hrs - Kuranda Skyrail + 
8451,2347880,2024-12-21 02:53:20,Add Product: One Way Skyrail Experience & One Way 
8452,2347880,2024-12-21 02:53:20,Add Product: Lunch at Kuranda 
8453,2347880,2024-12-21 02:53:20,Add Product: Package A - Pamagirri Aboriginal Expe
8454,2347880,2024-12-21 02:53:20,Add Product: Australian Butterfly Sanctuary - Admi
8455,2347880,2024-12-21 02:53:20,Add Product: Dinner at Indian Restaurant 
8456,2347880,2024-12-21 02:53:20,Add Product: Hotel Stay - Hilton Cairns or Similar
8457,2347880,2024-12-21 02:59:28,Add Product: Depart Sydney - Transfer from Sydney 
8458,2347880,2024-12-21 02:59:28,Add Product: Arrive Sydney - Transfer from Sydney 
8459,2347880,2024-12-21 02:59:28,Add Product: Lunch at Indian Restaurant 
8460,2347880,2024-12-21 02:59:28,Add Product: Dinner at Indian Restaurant 
8461,2347880,2024-12-21 02:59:28,Add Product: Hotel Stay - Hilton Sydney or Similar
8462,2347880,2024-12-21 03:05:15,Add Product: Coach for 12 Hrs - Full Day Blue Moun
8463,2347880,2024-12-21 03:05:15,Add Product: Scenic World - Ultimate Discovery Pas
8464,2347880,2024-12-21 03:05:15,Add Product: Lunch at Eats270
8465,2347880,2024-12-21 03:05:15,Add Product: Sydney Zoo Entry Tickets
8466,2347880,2024-12-21 03:05:15,Add Product: Dinner at Indian Restaurant 
8467,2347880,2024-12-21 03:05:16,Add Product: Hotel Stay - Hilton Sydney or Similar
8468,2347880,2024-12-21 03:12:36,Add Product: Coach for 12 Hrs - Sydney City Tour (
8469,2347880,2024-12-21 03:12:36,Add Product: Sydney Opera House Tour - 1 hour Entr
8470,2347880,2024-12-21 03:12:36,Add Product: Sydney Tower Eye - General Admission 
8471,2347880,2024-12-21 03:12:36,Add Product: Lunch at Indian Restaurant 
8472,2347880,2024-12-21 03:12:36,Add Product: Sydney Opera House Tour - 1 hour Entr
8473,2347880,2024-12-21 03:12:36,Add Product: SHOWBOAT DINNER CRUISE WITH INDIAN SE
8474,2347880,2024-12-21 03:12:36,Add Product: Hotel Stay - Hilton Sydney or Similar
8475,2347880,2024-12-21 03:12:36,Add Product: Day at Leisure - No Coach Services 
8476,2347880,2024-12-21 03:12:36,Add Product: Return Lunch Transfer 
8477,2347880,2024-12-21 03:12:36,Add Product: Lunch at Indian Restaurant 
8478,2347880,2024-12-21 03:12:36,Add Product: Return Dinner Transfer 
8479,2347880,2024-12-21 03:12:36,Add Product: Dinner at Indian Restaurant 
8480,2347880,2024-12-21 03:12:36,Add Product: Hotel Stay - Hilton Sydney or Similar
8481,2347880,2024-12-21 03:14:00,Add Product: Depart Sydney - Transfer from Sydney 
8482,2347880,2024-12-21 03:19:43,Add Product: Depart Cairns - Transfer from Cairnd 
8483,2347880,2024-12-21 03:20:28,Delete Product: Depart Sydney - Transfer from Sydn
8520,2347882,2024-12-21 06:27:24,New Quote with Stage Created
8521,2347882,2024-12-21 06:34:46,Add Product: Arrive Brisbane - Transfer from Brisb
8522,2347882,2024-12-21 06:34:46,Add Product: Indian dinner 
8523,2347882,2024-12-21 06:34:46,Add Product: Hotel stay - Novotel surfers paradise
8524,2347882,2024-12-21 06:34:46,Add Product: Return Transfer to Movie world 
8525,2347882,2024-12-21 06:34:46,Add Product: Best Of Both Worlds (Movie World + Se
8526,2347882,2024-12-21 06:34:46,Add Product: Movie World - Maxi Meal
8527,2347882,2024-12-21 06:34:47,Add Product: Indian dinner 
8528,2347882,2024-12-21 06:34:47,Add Product: Hotel stay - Novotel surfers paradise
8529,2347882,2024-12-21 06:38:40,Add Product: Return transfer to Sea World 
8530,2347882,2024-12-21 06:38:40,Add Product: Sea World Admission (Ticket)
8531,2347882,2024-12-21 06:38:40,Add Product: Sea World - Maxi Meal
8532,2347882,2024-12-21 06:38:40,Add Product: Indian dinner 
8533,2347882,2024-12-21 06:38:40,Add Product: Hotel stay - Novotel surfers paradise
8534,2347882,2024-12-21 06:43:38,Add Product: Depart gold coast - Transfer from gol
8535,2347882,2024-12-21 06:43:38,Add Product: Arrive Sydney - Transfer from Sydney 
8536,2347882,2024-12-21 06:43:38,Add Product: Indian lunch 
8537,2347882,2024-12-21 06:43:38,Add Product: Indian dinner 
8538,2347882,2024-12-21 06:43:38,Add Product: Hotel stay - Sydney central ascott li
8539,2347882,2024-12-21 06:43:38,Add Product: Coach for 12 hrs - Full day blue moun
8540,2347882,2024-12-21 06:43:38,Add Product: Sydney Zoo Entry Tickets
8541,2347882,2024-12-21 06:43:38,Add Product: Lunch at Eats270
8542,2347882,2024-12-21 06:43:38,Add Product: Scenic World - Ultimate Discovery Pas
8543,2347882,2024-12-21 06:43:39,Add Product: Indian dinner 
8544,2347882,2024-12-21 06:43:39,Add Product: Hotel stay - Sydney central ascott li
8545,2347882,2024-12-21 06:49:29,Add Product: Coach for 12 Hrs - Sydney city tour (
8546,2347882,2024-12-21 06:49:29,Add Product: Cluster 4: 4 Attraction Pass (Only Ti
8547,2347882,2024-12-21 06:49:29,Add Product: Indian lunch 
8548,2347882,2024-12-21 06:49:29,Add Product: Sydney Opera House Tour - 1 hour Entr
8549,2347882,2024-12-21 06:49:29,Add Product: Indian dinner 
8550,2347882,2024-12-21 06:49:29,Add Product: Hotel stay - Sydney central ascott li
8551,2347882,2024-12-21 06:49:29,Add Product: Depart Sydney - Transfer from hotel t
8649,2347886,2024-12-20 10:18:21,New Quote with Stage Created
8650,2347886,2024-12-20 10:19:50,Add Product: Coach for 10 hours city tour includin
8651,2347886,2024-12-20 10:22:31,Add Product: Dinner at local Chinese restaurant
8652,2347886,2024-12-20 10:24:26,Add Product: Coach for Auckland-Waitomo-Rotorua
8653,2347886,2024-12-20 10:25:38,Add Product: Waitomo Glowworm Caves - Admission En
8654,2347886,2024-12-20 10:26:03,Delete Product: Waitomo Glowworm Caves - Admission
8655,2347886,2024-12-20 10:26:41,Add Product: Waitomo Glowworm Caves - Admission En
8656,2347886,2024-12-20 10:27:16,Add Product: Waitomo Homestead - Classic BBQ 3 - L
8657,2347886,2024-12-20 10:28:34,Add Product: Te Pō combo (Guided experience + Indi
8658,2347886,2024-12-20 10:31:48,Add Product: Coach for Rotorua-Matamata-Auckland
8659,2347886,2024-12-20 10:32:35,Add Product: Farm Experience (Farm Show & Tour Com
8660,2347886,2024-12-20 10:33:43,Add Product: BBQ Buffet Lunch at Agrodome
8661,2347886,2024-12-20 10:34:04,Add Product: Hobbiton Movie Set Tours - Admission 
8662,2347886,2024-12-20 10:34:59,Add Product: Auckland Hotel to Auckland Airport Tr
8663,2347886,2024-12-20 10:38:28,Add Product: Coach for 12 hours including Queenstw
8664,2347886,2024-12-20 10:40:42,Add Product: Visit Arrowtown
8665,2347886,2024-12-20 10:47:21,Add Product: Kawaru Bridge - Bungy Jumping
8666,2347886,2024-12-20 10:48:29,Add Product: Dinner at local Thai Restaurant Queen
8667,2347886,2024-12-20 10:48:56,Delete Product: Kawaru Bridge - Bungy Jumping
8668,2347886,2024-12-20 10:49:40,Add Product: Viewing Platform Only - AJ Hackett Bu
8669,2347886,2024-12-20 10:50:46,Add Product: Coach for 12 hours
8670,2347886,2024-12-20 10:54:09,Add Product: LORD OF THE RINGS - Glenorchy (tour B
8671,2347886,2024-12-20 10:54:49,Add Product: Lunch at local Chinese Restaurant
8672,2347886,2024-12-20 10:55:40,Add Product: Dinner at local western restaurant
8673,2347886,2024-12-20 10:57:27,Add Product: Coach for 12 hours Queenstown-MT Cook
8674,2347886,2024-12-20 10:59:40,Add Product: Distinction Mackenzie Country Hotel
8675,2347886,2024-12-20 11:01:12,Add Product: Dinner at local Chinese Restaurant Ch
8676,2347886,2024-12-20 11:01:56,Add Product: Christchurch Hotel to Christchurch Ai
8677,2347886,2024-12-20 11:05:28,Add Product: Holiday Inn Express Auckland City Cen
8678,2347886,2024-12-20 11:08:25,Add Product: Distinction Rotorua Hotel / Rydges Ro
8679,2347886,2024-12-22 22:21:32,Add Product: Holiday Inn Express Auckland City Cen
8680,2347886,2024-12-22 22:26:45,Add Product: Holiday Inn Express & Suites Queensto
8681,2347886,2024-12-22 22:27:38,Add Product: Holiday Inn Express & Suites Queensto
8682,2347886,2024-12-22 22:28:52,Add Product: Distinction Mackenzie Country Hotel T
8733,2347888,2024-12-23 06:41:27,New Quote with Stage Created
8734,2347888,2024-12-23 06:46:16,Delete Product: 08 Hours Coach - Melbourne Tullama
8735,2347888,2024-12-23 06:47:34,Add Product: Melbourne Airport transfer including 
8736,2347888,2024-12-23 06:49:07,Add Product: Asian/Western/Chinese 2 Course lunch
8737,2347888,2024-12-23 06:51:07,Add Product: Asian/Western/Chinese 2 course Dinner
8738,2347888,2024-12-23 06:52:31,Add Product: Mercure Melbourne Southbank with Brea
8739,2347888,2024-12-23 06:55:14,Add Product: Coach for 10 hours for Phillip Island
8740,2347888,2024-12-23 06:56:06,Add Product: Penguin Parade - Standard Viewing Ent
8741,2347888,2024-12-23 06:56:34,Add Product: Phillip Island Chocolate Factory - Ad
8742,2347888,2024-12-23 06:58:36,Add Product: Lunch at chocolate factory 
8743,2347888,2024-12-23 06:59:57,Add Product: Koala Conservation Reserve : Entry Ti
8744,2347888,2024-12-23 07:03:24,Add Product: Asian/Western/Chinese Dinner 2 course
8745,2347888,2024-12-23 07:04:28,Add Product: Mercure Melbourne Southbank
8746,2347888,2024-12-23 07:06:42,Add Product: Coach for 12 hours to Great Ocean roa
8747,2347888,2024-12-23 07:08:54,Add Product: Lunch at George's Restaurant
8748,2347888,2024-12-23 07:10:32,Add Product: Gala Dinner
8749,2347888,2024-12-23 07:14:20,Add Product: Mercure Melbourne Southbank
8750,2347888,2024-12-23 07:16:27,Add Product: Melbourne Hotel to Airport transfer
8809,2347890,2024-12-23 06:41:27,New Quote with Stage Created
8810,2347890,2024-12-23 06:46:16,Delete Product: 08 Hours Coach - Melbourne Tullama
8811,2347890,2024-12-23 06:47:34,Add Product: Melbourne Airport transfer including 
8812,2347890,2024-12-23 06:49:07,Add Product: Asian/Western/Chinese 2 Course lunch
8813,2347890,2024-12-23 06:51:07,Add Product: Asian/Western/Chinese 2 course Dinner
8814,2347890,2024-12-23 06:52:31,Add Product: Mercure Melbourne Southbank with Brea
8815,2347890,2024-12-23 06:55:14,Add Product: Coach for 10 hours for Phillip Island
8816,2347890,2024-12-23 06:56:06,Add Product: Penguin Parade - Standard Viewing Ent
8817,2347890,2024-12-23 06:56:34,Add Product: Phillip Island Chocolate Factory - Ad
8818,2347890,2024-12-23 06:58:36,Add Product: Lunch at chocolate factory 
8819,2347890,2024-12-23 06:59:57,Add Product: Koala Conservation Reserve : Entry Ti
8820,2347890,2024-12-23 07:03:24,Add Product: Asian/Western/Chinese Dinner 2 course
8821,2347890,2024-12-23 07:04:28,Add Product: Mercure Melbourne Southbank
8822,2347890,2024-12-23 07:06:42,Add Product: Coach for 12 hours to Great Ocean roa
8823,2347890,2024-12-23 07:08:54,Add Product: Lunch at George's Restaurant
8824,2347890,2024-12-23 07:10:32,Add Product: Gala Dinner
8825,2347890,2024-12-23 07:14:20,Add Product: Mercure Melbourne Southbank
8826,2347890,2024-12-23 07:16:27,Add Product: Melbourne Hotel to Airport transfer
8827,2347890,2024-12-23 07:51:34,Delete Product: Coach for 12 hours to Great Ocean 
8828,2347890,2024-12-23 07:52:18,Delete Product: Gala Dinner
8829,2347890,2024-12-23 07:52:38,Delete Product: Mercure Melbourne Southbank
8830,2347890,2024-12-23 07:57:21,Delete Product: Sydney Opera House Tour - 1 hour E
8831,2347890,2024-12-23 07:57:35,Delete Product: Cluster 2: 2 Attraction Pass - (wi
8832,2347890,2024-12-23 07:58:54,Add Product: Asian/Western/Chinese Lunch
8833,2347890,2024-12-23 08:00:09,Add Product: Asian/Western/Chinese dinner
8834,2347890,2024-12-23 08:00:59,Add Product: Furama Darling Harbour with Breakfast
8835,2347890,2024-12-23 08:03:45,Add Product: Lunch at Eats270 
8836,2347890,2024-12-23 08:05:11,Add Product: Asian/Western/Chinese Dinner
8837,2347890,2024-12-23 08:09:12,Delete Product: Furama Darling Harbour with Breakf
8838,2347890,2024-12-23 08:15:10,Delete Product: Furama Darling Harbour with Breakf
8839,2347890,2024-12-23 08:19:23,Add Product: lunch at George's Restaurant
8840,2347890,2024-12-23 08:27:57,Add Product: FOC for TM
8908,2347892,2024-10-05 22:35:48,Accepted - Groups
8909,2347892,2024-12-02 19:31:47,Delete Product: Holiday inn Potts Point Sydney
8910,2347892,2024-12-10 16:29:47,Change Stage to Accepted - Groups
8911,2347892,2024-12-10 16:50:29,Change Stage to Accepted - Groups
8912,2347892,2024-12-10 17:22:03,Change Stage to Accepted - Groups
8913,2347892,2024-12-13 13:15:37,Change Stage to Accepted - Groups
8914,2347892,2024-12-13 13:28:25,Change Stage to Final QA
8915,2347892,2024-12-19 19:45:03,Change Stage to Delivered
8916,2347892,2024-12-22 16:57:37,Add Product: Full Day Sydey Tour Guide - 10  Hrs 
8917,2347892,2024-12-22 16:57:37,Add Product: Full Day Sydey Tour Guide - 10  Hrs 
8918,2347892,2024-12-22 16:57:37,Add Product: Full Day Sydey Tour Guide - 10  Hrs 
8919,2347892,2024-12-22 16:57:38,Add Product: Full Day Sydey Tour Guide - 10  Hrs 
8920,2347892,2024-12-22 16:57:38,Add Product: Full Day Sydey Tour Guide - 10  Hrs 
8921,2347892,2024-12-23 10:16:50,Change Stage to Created
8922,2347892,2024-12-23 10:36:19,Add Product: Tour Guide for the day
8923,2347892,2024-12-23 10:37:49,Add Product: Tour Guide for the day
8924,2347892,2024-12-23 10:38:48,Add Product: Tour Guide for the day
8925,2347892,2024-12-23 10:39:31,Add Product: Guide for the day 
8926,2347892,2024-12-23 10:40:43,Add Product: Guide for the day 
8927,2347892,2024-12-23 10:41:42,Add Product: Guide for the day 
8928,2347892,2024-12-23 10:43:16,Add Product: Guide for Airport Transfer
8929,2347892,2024-12-23 10:44:11,Add Product: Guide for Airport transfer
8930,2347892,2024-12-23 10:44:31,Delete Product: Tour Guide for the day
8931,2347892,2024-12-23 10:44:50,Delete Product: Day free
8932,2347892,2024-12-23 10:47:00,Delete Product: Full Day Sydey Tour Guide - 10  Hr
8933,2347892,2024-12-23 10:47:21,Delete Product: Full Day Sydey Tour Guide - 10  Hr
8934,2347892,2024-12-23 10:47:49,Delete Product: Full Day Sydey Tour Guide - 10  Hr
8935,2347892,2024-12-23 10:50:42,Delete Product: Full Day Sydey Tour Guide - 10  Hr
8936,2347892,2024-12-23 10:51:30,Delete Product: Full Day Sydey Tour Guide - 10  Hr
8937,2347892,2024-12-23 11:25:36,Delete Product: 01 Land only (FOC)
8938,2347892,2024-12-23 11:28:48,Add Product: 1 FOC for TM
9074,2347894,2024-12-23 15:55:01,New Quote with Stage Created
9076,2347895,2024-12-23 16:52:51,New Quote with Stage Created
9077,2347896,2024-12-23 17:13:47,New Quote with Stage Created
9081,2347897,2024-12-22 01:38:16,New Quote with Stage Created
9082,2347897,2024-12-22 01:58:07,Add Product: Arrive Melbourne - Full Day Philip is
9083,2347897,2024-12-22 01:58:07,Add Product: Penguin Parade - Standard Viewing Ent
9084,2347897,2024-12-22 01:58:07,Add Product: Indian / Local Lunch 
9085,2347897,2024-12-22 01:58:07,Add Product: Indian / Local Dinner 
9086,2347897,2024-12-22 01:58:07,Add Product: Hotel Stay - Mercure Melbourne Southb
9087,2347897,2024-12-22 02:11:20,Add Product: Coach for 12 Hrs - Full Day Great Oce
9088,2347897,2024-12-22 02:11:20,Add Product: Lunch at Apollo bay 
9089,2347897,2024-12-22 02:11:21,Add Product: Indian Dinner 
9090,2347897,2024-12-22 02:11:21,Add Product: Hotel Stay - Mercure Melbourne Southb
9091,2347897,2024-12-22 02:17:02,Add Product: Depart Melbourne - Transfer from Melb
9092,2347897,2024-12-22 02:17:02,Add Product: Arrive Brisbane - Transfer from Brisb
9093,2347897,2024-12-22 02:17:02,Add Product: Indian Lunch 
9094,2347897,2024-12-22 02:17:03,Add Product: Indian Dinner 
9095,2347897,2024-12-22 02:17:03,Add Product: Hotel Stay - Novotel Surfers paradise
9096,2347897,2024-12-22 02:17:03,Add Product: Return transfer to Currumbin Wildlife
9097,2347897,2024-12-22 02:17:03,Add Product: Currumbin Wildlife Sanctuary -  Gener
9098,2347897,2024-12-22 02:17:03,Add Product: Lunch at Currumbin
9099,2347897,2024-12-22 02:17:03,Add Product: Indian Dinner 
9100,2347897,2024-12-22 02:17:03,Add Product: Hotel Stay - Novotel Surfers paradise
9101,2347897,2024-12-22 02:20:29,Add Product: Depart Gold Coast - Transfer from Gol
9102,2347897,2024-12-22 02:20:29,Add Product: Arrive Cairns - Airport Transfers + K
9103,2347897,2024-12-22 02:20:29,Add Product: One Way Skyrail Experience (No Transf
9104,2347897,2024-12-22 02:20:29,Add Product: Australian Butterfly Sanctuary - Admi
9105,2347897,2024-12-22 02:20:29,Add Product: Lunch at Kuranda
9106,2347897,2024-12-22 02:20:29,Add Product: Indian Dinner 
9107,2347897,2024-12-22 02:20:29,Add Product: Hotel Stay - Harbourside cairns or Si
9108,2347897,2024-12-22 02:26:19,Add Product: Return Transfer to Reef Fleet Termina
9109,2347897,2024-12-22 02:26:19,Add Product: FULL DAY GREEN ISLAND REEF CRUISE - F
9110,2347897,2024-12-22 02:26:19,Add Product: Indian Dinner 
9111,2347897,2024-12-22 02:26:19,Add Product: Hotel Stay - Harbourside cairns or Si
9112,2347897,2024-12-22 02:29:35,Add Product: Depart Cairns - Transfer from Cairns 
9113,2347897,2024-12-22 02:29:35,Add Product: Arrive Sydney - Transfer from Sydney 
9114,2347897,2024-12-22 02:29:35,Add Product: Indian Lunch
9115,2347897,2024-12-22 02:29:35,Add Product: SHOWBOAT DINNER CRUISE WITH INDIAN SE
9116,2347897,2024-12-22 02:29:35,Add Product: Hotel Stay - Furama Darling Harbor or
9117,2347897,2024-12-22 02:39:30,Add Product: Coach for 10 Hrs - Opera House + Towe
9118,2347897,2024-12-22 02:39:30,Add Product: Sydney Opera House Tour - 1 hour Entr
9119,2347897,2024-12-22 02:39:30,Add Product: Indian Lunch 
9120,2347897,2024-12-22 02:39:30,Add Product: Sydney Tower Eye - General Admission 
9121,2347897,2024-12-22 02:39:30,Add Product: Hotel Stay - Furama Darling Harbor or
9122,2347897,2024-12-22 02:39:30,Add Product: Depart Sydney - Transfer from Sydney 
9123,2347897,2024-12-23 18:37:10,Add Product: Transfer - Surfers Paradise Hotel to 
9124,2347897,2024-12-23 18:39:30,Delete Product: Return transfer to Currumbin Wildl
9125,2347897,2024-12-23 18:41:13,Add Product: Movie World Admission Ticket
9149,2347899,2024-12-23 20:05:33,New Quote with Stage Created
9150,2347899,2024-12-23 20:10:25,Add Product: Coach for 06 Hrs
9152,2347900,2024-12-23 20:05:33,New Quote with Stage Created
9153,2347900,2024-12-23 20:10:25,Add Product: Coach for 06 Hrs
9156,2347901,2024-12-23 21:45:42,New Quote with Stage Created
9157,2347901,2024-12-23 21:49:59,Delete Product: SIC - Transfer from Melbourne Airp
9158,2347901,2024-12-23 21:50:10,Delete Product: GOR - Great Ocean Road Small Group
9159,2347901,2024-12-23 21:50:21,Delete Product: PI - Phillip Island Penguin Parade
9160,2347901,2024-12-23 21:50:32,Delete Product: SIC - Transfer from CBD Hotel to M
9161,2347902,2024-12-23 21:53:21,New Quote with Stage Created
9162,2347901,2024-12-23 22:02:50,Import CSV - Products
9163,2347903,2024-12-23 22:23:57,New Quote with Stage Created
9165,2347903,2024-12-23 22:35:36,Import CSV - Products
9166,2347903,2024-12-23 22:44:35,Delete Product: Port Stephens Experience - Full Da
9169,2347903,2024-12-23 22:50:35,Delete Product: SEA LIFE Sunshine Coast Aquarium
9170,2347903,2024-12-23 22:51:23,Change Stage to Created
9171,2347903,2024-12-23 22:52:31,Change Stage to Created
9172,2347905,2024-12-23 23:03:19,New Quote with Stage Created
9173,2347906,2024-12-23 23:06:11,New Quote with Stage Created
9174,2347907,2024-12-23 23:07:18,New Quote with Stage Created
9175,2347908,2024-12-23 23:08:20,New Quote with Stage Created
9176,2347909,2024-12-23 23:10:59,New Quote with Stage Created
9177,2347910,2024-12-23 23:12:47,New Quote with Stage Created
9178,2347911,2024-12-23 23:13:45,New Quote with Stage Created
9179,2347906,2024-12-23 23:16:56,Import CSV - Products
9182,2347912,2024-12-23 23:24:40,New Quote with Stage Created
9186,2347913,2024-12-23 23:34:21,New Quote with Stage Created
9187,2347908,2024-12-23 23:34:58,Import CSV - Products
9188,2347908,2024-12-23 23:35:48,Change Stage to Created
9190,2347908,2024-12-23 23:36:46,Change Stage to Created
9192,2347911,2024-12-23 23:38:29,Import CSV - Products
9193,2347914,2024-12-23 23:42:12,New Quote with Stage Created
9194,2347905,2024-12-23 23:44:15,Import CSV - Products
9195,2347915,2024-12-23 23:45:36,New Quote with Stage Created
9196,2347916,2024-12-23 23:47:54,New Quote with Stage Created
9197,2347909,2024-12-23 23:50:31,Import CSV - Products
9198,2347915,2024-12-23 23:55:42,Import CSV - Products
9199,2347917,2024-12-23 23:56:32,New Quote with Stage Created
9200,2347918,2024-12-23 23:57:19,New Quote with Stage Created
9201,2347905,2024-12-23 23:57:26,Delete Product: SIC - Cairns Airport to Cairns Hot
9202,2347905,2024-12-23 23:57:44,Delete Product: SIC - Cairns Airport to Cairns Hot
9203,2347905,2024-12-24 00:02:32,Import CSV - Products
9204,2347906,2024-12-24 00:05:09,Import CSV - Products
9205,2347919,2024-12-24 00:07:40,New Quote with Stage Created
9207,2347921,2024-12-24 00:17:07,New Quote with Stage Created
9208,2347917,2024-12-24 00:27:46,Import CSV - Products
9209,2347918,2024-12-24 00:29:18,Import CSV - Products
9210,2347922,2024-12-24 00:29:44,New Quote with Stage Created
9211,2347916,2024-12-24 00:31:33,Import CSV - Products
9212,2347916,2024-12-24 00:32:04,Change Stage to Created
9213,2347916,2024-12-24 00:32:31,Change Stage to Created
9214,2347923,2024-12-24 00:35:45,New Quote with Stage Created
9215,2347924,2024-12-24 00:36:58,New Quote with Stage Created
9216,2347919,2024-12-24 00:38:57,Import CSV - Products
9217,2347925,2024-12-24 00:40:03,New Quote with Stage Created
9218,2347914,2024-12-24 00:40:39,Import CSV - Products
9219,2347922,2024-12-24 00:52:20,Import CSV - Products
9220,2347926,2024-12-24 00:54:51,New Quote with Stage Created
9221,2347925,2024-12-24 00:55:34,Import CSV - Products
9222,2347925,2024-12-24 00:56:08,Delete Product: ROO Pass - Return Brisbane Airport
9223,2347924,2024-12-24 00:56:15,Import CSV - Products
9224,2347927,2024-12-24 00:57:04,New Quote with Stage Created
9225,2347928,2024-12-24 00:58:01,New Quote with Stage Created
9226,2347929,2024-12-24 00:59:37,New Quote with Stage Created
9227,2347926,2024-12-24 01:02:45,Import CSV - Products
9228,2347927,2024-12-24 01:03:02,Import CSV - Products
9229,2347928,2024-12-24 01:03:15,Import CSV - Products
9230,2347929,2024-12-24 01:03:51,Import CSV - Products
9231,2347929,2024-12-24 01:03:53,Import CSV - Products
9232,2347923,2024-12-24 01:06:57,Import CSV - Products
9283,2347931,2024-12-24 09:49:46,New Quote with Stage Created
9284,2347931,2024-12-24 09:55:59,Delete Product: Cluster 2: 2 Attraction Pass - (wi
9285,2347931,2024-12-24 09:56:27,Delete Product: Scenic World - Ultimate Discovery 
9286,2347931,2024-12-24 09:56:42,Delete Product: Sydney Zoo Entry Tickets
9287,2347931,2024-12-24 10:04:57,Delete Product: Holiday Inn Potts Point with Break
9288,2347931,2024-12-24 10:08:30,Add Product: Guide for Airport Transfer
9289,2347931,2024-12-24 10:09:26,Add Product: Guide for the day(10 HRS)
9290,2347931,2024-12-24 10:09:51,Add Product: Guide for the day 
9291,2347931,2024-12-24 10:10:18,Delete Product: Guide for the day 
9292,2347931,2024-12-24 10:10:53,Add Product: Guide for the day(10 HRS)
9293,2347931,2024-12-24 10:11:16,Add Product: Guide for the day(10 HRS)
9294,2347931,2024-12-24 10:12:33,Add Product: Guide for the day
9295,2347931,2024-12-24 10:13:36,Add Product: Guide for the day(10 HRS)
9296,2347931,2024-12-24 10:14:18,Add Product: Guide for Airport Transfer
9297,2347931,2024-12-24 10:15:06,Add Product: Asian/Western/Chinese 2 course lunch
9298,2347931,2024-12-24 10:15:54,Add Product: Lunch at eats270 Scenic World
9299,2347931,2024-12-24 10:17:46,Add Product: Asian/Western/Chinese 2 course lunch
9300,2347931,2024-12-24 10:19:12,Add Product: Asian/Western/Chinese 2 course lunch
9301,2347931,2024-12-24 10:23:23,Delete Product: Guide for the day(10 HRS)
9302,2347931,2024-12-24 10:32:58,Add Product: Asian/Western/Chinese 2 course dinner
9303,2347931,2024-12-24 10:36:59,Add Product: Asian/Western/Chinese 2 course dinner
9304,2347931,2024-12-24 10:37:58,Add Product: Asian/Western/Chinese 2 course dinner
9305,2347931,2024-12-24 10:37:59,Add Product: Asian/Western/Chinese 2 course dinner
9306,2347931,2024-12-24 10:38:57,Add Product: Asian/Western/Chinese 2 course dinner
9307,2347931,2024-12-24 10:39:23,Add Product: Asian/Western/Chinese 2 course dinner
9308,2347931,2024-12-24 10:39:54,Add Product: Asian/Western/Chinese 2 course dinner
9309,2347931,2024-12-24 10:41:09,Delete Product: Asian/Western/Chinese 2 course din
9310,2347931,2024-12-24 10:42:59,Delete Product: Asian/Western/Chinese 2 course din
9320,2347932,2024-12-24 15:03:11,New Quote with Stage Created
9323,2347932,2024-12-24 15:30:52,Import CSV - Products
9324,2347933,2024-12-24 15:40:10,New Quote with Stage Created
9325,2347934,2024-12-24 15:40:19,New Quote with Stage Created
9329,2347935,2024-12-24 15:43:23,New Quote with Stage Created
9330,2347936,2024-12-24 15:43:44,New Quote with Stage Created
9331,2347937,2024-12-24 15:43:46,New Quote with Stage Created
9332,2347938,2024-12-24 15:49:00,New Quote with Stage Created
9333,2347939,2024-12-24 15:51:30,New Quote with Stage Created
9334,2347935,2024-12-24 16:03:11,Import CSV - Products
9335,2347940,2024-12-24 16:06:17,New Quote with Stage Created
9336,2347941,2024-12-24 16:07:05,New Quote with Stage Created
9337,2347934,2024-12-24 16:11:18,Import CSV - Products
9338,2347942,2024-12-24 16:17:28,New Quote with Stage Created
9339,2347943,2024-12-24 16:33:33,New Quote with Stage Created
9340,2347942,2024-12-24 16:44:29,Import CSV - Products
9341,2347944,2024-12-24 16:47:23,New Quote with Stage Created
9342,2347944,2024-12-24 17:21:35,Import CSV - Products
9343,2347945,2024-12-24 17:25:17,New Quote with Stage Created
9344,2347943,2024-12-24 17:26:04,Import CSV - Products
9346,2347943,2024-12-24 17:44:15,Import CSV - Products
9347,2347943,2024-12-24 17:44:43,Delete Product: ROO Pass - Return Brisbane Airport
9348,2347947,2024-12-24 17:45:46,New Quote with Stage Created
9350,2347947,2024-12-24 18:01:29,Import CSV - Products
9351,2347948,2024-12-24 18:17:18,New Quote with Stage Created
9352,2347949,2024-12-24 18:25:32,New Quote with Stage Created
9371,2347945,2024-12-24 19:26:58,Delete Product: Three Island Guided Tour
9372,2347945,2024-12-24 19:33:29,Delete Product: Koala Photo at Currumbin Wildlife
9398,2347951,2024-12-24 17:32:01,New Quote with Stage Created
9399,2347951,2024-12-24 18:47:14,Add Product: Coach for 04 hrs 
9400,2347951,2024-12-24 18:47:14,Add Product: Dinner @ Masala Kitchen
9401,2347951,2024-12-24 18:47:14,Add Product: Holiday Inn Potts Point with Breakfas
9402,2347951,2024-12-24 18:47:14,Add Product: Coach for 10 Hrs - Within City 
9403,2347951,2024-12-24 18:47:14,Add Product: Indian Lunch 
9404,2347951,2024-12-24 18:47:14,Add Product: Indian Dinner
9405,2347951,2024-12-24 18:47:14,Add Product: Holiday Inn Potts Point with Breakfas
9406,2347951,2024-12-24 18:47:14,Add Product: Coach for 10 Hrs- Within City 
9407,2347951,2024-12-24 18:47:14,Add Product: Indian Lunch 
9408,2347951,2024-12-24 18:47:14,Add Product: Indian Dinner
9409,2347951,2024-12-24 18:47:14,Add Product: Holiday Inn Potts Point with Breakfas
9410,2347951,2024-12-24 18:47:14,Add Product: Coach for 10 Hrs- Within City 
9411,2347951,2024-12-24 18:47:14,Add Product: Indian Lunch 
9412,2347951,2024-12-24 18:47:14,Add Product: Indian Dinner
9413,2347951,2024-12-24 18:47:14,Add Product: Holiday Inn Potts Point with Breakfas
9414,2347951,2024-12-24 19:36:00,Add Product: Coach for 06 Hrs - Within City 
9415,2347951,2024-12-24 19:36:00,Add Product: Airport Transfer + Dinner
9416,2347951,2024-12-24 19:36:00,Add Product: Mercure Melbourne Southbank
9417,2347951,2024-12-24 19:36:00,Add Product: Indian Dinner
9418,2347951,2024-12-24 19:36:00,Add Product: Coach for 12 hrs 
9419,2347951,2024-12-24 19:36:00,Add Product: Lunch @ Flora Melbourne
9420,2347951,2024-12-24 19:36:00,Add Product: Penguin Parade - Standard Viewing Ent
9421,2347951,2024-12-24 19:36:00,Add Product: Indian Dinner
9422,2347951,2024-12-24 19:36:00,Add Product: Mercure Melbourne Southbank
9423,2347951,2024-12-24 19:36:00,Add Product: Transfer from Hotel to Melbourne Airp
9424,2347951,2024-12-24 19:36:00,Add Product: Transfer from Airport to Hotel 
9425,2347951,2024-12-24 19:36:00,Add Product: Pacific Hotel Cairns with Breakfast
9426,2347951,2024-12-24 19:36:00,Add Product: Indian Lunch
9427,2347951,2024-12-24 19:36:00,Add Product: Indian Dinner
9428,2347951,2024-12-24 19:36:00,Add Product: Coach for 06 Hrs 
9429,2347951,2024-12-24 19:36:00,Add Product: One Way Skyrail Experience & One Way 
9430,2347951,2024-12-24 19:36:00,Add Product: Lunch at Frogs Kuranda
9431,2347951,2024-12-24 19:36:00,Add Product: Indian Dinner
9432,2347951,2024-12-24 19:36:00,Add Product: Pacific Hotel Cairns with Breakfast
9433,2347951,2024-12-24 19:36:00,Add Product: Return Transfer to Reef Fleet Termina
9434,2347951,2024-12-24 19:36:00,Add Product: FULL DAY GREEN ISLAND REEF CRUISE - F
9435,2347951,2024-12-24 19:36:00,Add Product: Pacific Hotel Cairns with Breakfast
9436,2347951,2024-12-24 19:36:00,Add Product: Indian Dinner
9437,2347951,2024-12-24 19:36:01,Add Product: Transfer from Cairns Hotel to Airport
9438,2347951,2024-12-24 19:37:23,Add Product: 500ML*02 Daily basisi 
9461,2347912,2024-12-24 19:47:03,Delete Product: FDBC PAK 4 with Transfers from Cai
9462,2347912,2024-12-24 19:49:37,Delete Product: Sunlover - Moore Reef Full Day Tou
9463,2347948,2024-12-24 19:54:56,Delete Product: Sydney CBD Hotel to Sydney Airport
9464,2347952,2024-12-24 19:54:58,New Quote with Stage Created
9465,2347953,2024-12-24 19:55:39,New Quote with Stage Created
9466,2347954,2024-12-24 19:57:06,New Quote with Stage Created
9467,2347948,2024-12-24 20:02:06,Delete Product: SIC - Cairns Hotel to Port Douglas
9468,2347916,2024-12-24 20:06:24,Delete Product: Best Of Both Worlds (Movie World +
9469,2347916,2024-12-24 20:09:32,Delete Product: Sydney Harbour Tall Ships - Twilig
9470,2347953,2024-12-24 20:12:56,Import CSV - Products
9471,2347954,2024-12-24 20:17:16,Import CSV - Products
9472,2347916,2024-12-24 20:18:33,Delete Product: SIC - Transfer from Melbourne Airp
9473,2347955,2024-12-24 20:20:05,New Quote with Stage Created
9474,2347954,2024-12-24 20:23:25,Import CSV - Products
9475,2347954,2024-12-24 20:24:34,Delete Product: YVG - Yarra Valley Gourmet tour (S
9476,2347955,2024-12-24 20:25:35,Import CSV - Products
9477,2347954,2024-12-24 20:27:55,Delete Product: SIC - Cairns Hotel to Cairns Airpo
9478,2347954,2024-12-24 20:28:16,Delete Product: SUNLOVER - FITZROY ISLAND FULL DAY
9479,2347952,2024-12-24 20:30:44,Import CSV - Products
9480,2347954,2024-12-24 20:32:22,Delete Product: CKB or 484 - Classic Kuranda ex Ca
9481,2347949,2024-12-24 20:32:38,Import CSV - Products
9482,2347954,2024-12-24 20:32:45,Delete Product: SIC - Cairns Airport to Cairns Hot
9483,2347954,2024-12-24 20:33:42,Delete Product: Return Brisbane Airport Transfers 
9484,2347954,2024-12-24 20:34:00,Delete Product: GW - Evening Rainforest & Glow Wor
9485,2347954,2024-12-24 20:34:17,Delete Product: SIC - Transfer from Melbourne Airp
9486,2347954,2024-12-24 20:34:34,Delete Product: GOR - Great Ocean Road Small Group
9487,2347956,2024-12-24 20:34:47,New Quote with Stage Created
9488,2347954,2024-12-24 20:34:53,Delete Product: 3 Parks pass - Penguin (General Vi
9489,2347954,2024-12-24 20:35:16,Delete Product: SIC - Transfer from CBD Hotel to M
9490,2347954,2024-12-24 20:35:36,Delete Product: SIC - One way Transfer - Sydney Ai
9491,2347954,2024-12-24 20:36:01,Delete Product: Blue Mountain Experience - Full Da
9492,2347955,2024-12-24 20:36:12,Change Stage to Created
9493,2347954,2024-12-24 20:36:27,Delete Product: Port Stephens Experience - Full Da
9494,2347954,2024-12-24 20:36:48,Delete Product: Sydney CBD Hotel to Sydney Airport
9495,2347954,2024-12-24 20:37:08,Delete Product: Best Of Both Worlds (Movie World +
9496,2347954,2024-12-24 20:37:26,Delete Product: ROO Pass - Return Brisbane Airport
9497,2347954,2024-12-24 20:37:41,Delete Product: Best Of Both Worlds (Movie World +
9498,2347954,2024-12-24 20:37:56,Delete Product: GW - Evening Rainforest & Glow Wor
9499,2347954,2024-12-24 20:38:10,Delete Product: Return Brisbane Airport Transfers 
9500,2347954,2024-12-24 20:38:30,Delete Product: SIC - Cairns Airport to Cairns Hot
9501,2347954,2024-12-24 20:38:52,Delete Product: CKB or 484 - Classic Kuranda ex Ca
9502,2347954,2024-12-24 20:39:20,Delete Product: Sunlover - Moore Reef Full Day Tou
9503,2347954,2024-12-24 20:39:37,Delete Product: SIC - Cairns Hotel to Cairns Airpo
9504,2347954,2024-12-24 20:39:53,Delete Product: SIC - Transfer from Melbourne Airp
9505,2347956,2024-12-24 20:39:59,Import CSV - Products
9506,2347954,2024-12-24 20:40:11,Delete Product: GOR - Great Ocean Road Small Group
9507,2347954,2024-12-24 20:40:29,Delete Product: YVG - Yarra Valley Gourmet tour (S
9508,2347954,2024-12-24 20:41:04,Delete Product: Penguin Parade - Standard Viewing 
9509,2347954,2024-12-24 20:41:23,Delete Product: SIC - Transfer from CBD Hotel to M
9510,2347954,2024-12-24 20:41:40,Delete Product: ROO Pass - Return Brisbane Airport
9511,2347954,2024-12-24 20:41:53,Delete Product: SIC - One way Transfer - Sydney Ai
9512,2347954,2024-12-24 20:42:15,Delete Product: Blue Mountain Experience - Full Da
9513,2347954,2024-12-24 20:42:28,Delete Product: Sydney CBD Hotel to Sydney Airport
9514,2347954,2024-12-24 20:42:46,Delete Product: Thunder Thrill Jetboating Ride - 3
9515,2347954,2024-12-24 20:44:19,Import CSV - Products
9516,2347916,2024-12-24 20:44:41,Delete Product: SIC - Cairns Airport to Cairns Hot
9517,2347956,2024-12-24 20:53:43,Delete Product: SIC - Return Transfer to Dream Wor
9518,2347957,2024-12-24 20:57:28,New Quote with Stage Created
9519,2347952,2024-12-24 20:59:54,Delete Product: Big Bus Sydney Essential-  48 hour
9520,2347952,2024-12-24 21:02:10,Delete Product: Big Bus Discover - 24 hour Entry T
9521,2347949,2024-12-24 21:03:31,Delete Product: Big Bus Discover - 24 hour Entry T
9522,2347957,2024-12-24 21:06:34,Import CSV - Products
9523,2347957,2024-12-24 21:12:12,Delete Product: Return Brisbane Airport Transfers 
9524,2347952,2024-12-24 21:12:42,Delete Product: Best Of Both Worlds (Movie World +
9525,2347958,2024-12-24 21:15:56,New Quote with Stage Created
9526,2347959,2024-12-24 21:16:24,New Quote with Stage Created
9527,2347949,2024-12-24 21:17:40,Delete Product: Sydney CBD Hotel to Sydney Airport
9528,2347958,2024-12-24 21:17:42,Import CSV - Products
9529,2347957,2024-12-24 21:18:57,Delete Product: SIC - 1Way Transfers from Gold Coa
9530,2347958,2024-12-24 21:19:11,Delete Product: HTI - Package - Transfer from Hote
9531,2347957,2024-12-24 21:19:30,Delete Product: Combo Jet Ski Safaris Gold Coast -
9532,2347960,2024-12-24 21:23:22,New Quote with Stage Created
9533,2347957,2024-12-24 21:29:13,Delete Product: SIC - Cairns Airport to Cairns Hot
9534,2347957,2024-12-24 21:32:56,Delete Product: SIC - 1Way Transfers from Gold Coa
9535,2347959,2024-12-24 21:36:04,Import CSV - Products
9536,2347961,2024-12-24 21:37:38,New Quote with Stage Created
9537,2347962,2024-12-24 21:39:56,New Quote with Stage Created
9538,2347959,2024-12-24 21:43:43,Delete Product: Gold Coast Hot Air Balloon Flight 
9539,2347963,2024-12-24 21:46:45,New Quote with Stage Created
9540,2347964,2024-12-24 21:53:41,New Quote with Stage Created
9541,2347965,2024-12-24 21:53:41,New Quote with Stage Created
9542,2347962,2024-12-24 21:56:50,Import CSV - Products
9543,2347963,2024-12-24 21:59:50,Import CSV - Products
9544,2347944,2024-12-24 22:02:11,Delete Product: SIC - Cairns Airport to Port Dougl
9545,2347944,2024-12-24 22:04:07,Delete Product: Return Transfer from Brisbane Airp
9546,2347965,2024-12-24 22:06:04,Delete Product: Whitehaven Beach & Daydream Island
9547,2347965,2024-12-24 22:07:30,Delete Product: Whitehaven Beach & Jetski Adventur
9548,2347966,2024-12-24 22:08:59,New Quote with Stage Created
9549,2347963,2024-12-24 22:09:40,Delete Product: Sydney Cricket Ground
9550,2347961,2024-12-24 22:19:11,Import CSV - Products
9551,2347967,2024-12-24 22:19:59,New Quote with Stage Created
9552,2347961,2024-12-24 22:21:32,Delete Product: Penguin Parade - Standard Viewing 
9554,2347967,2024-12-24 22:23:46,Import CSV - Products
9556,2347968,2024-12-24 22:24:57,New Quote with Stage Created
9557,2347969,2024-12-24 22:28:01,New Quote with Stage Created
9558,2347961,2024-12-24 22:28:55,Delete Product: Coach for 12 hours for Hunter Vall
9559,2347968,2024-12-24 22:29:59,Import CSV - Products
9562,2347969,2024-12-24 22:35:35,Import CSV - Products
9568,2347966,2024-12-24 22:56:34,Import CSV - Products
9569,2347940,2024-12-24 23:11:45,Import CSV - Products
9570,2347970,2024-12-24 23:12:16,New Quote with Stage Created
9571,2347940,2024-12-24 23:14:59,Delete Product: Currumbin Wildlife Sanctuary -  Ge
9572,2347940,2024-12-24 23:17:06,Delete Product: Return Brisbane Airport Transfers 
9573,2347940,2024-12-24 23:17:27,Delete Product: Private Return Transfers from Gold
9574,2347940,2024-12-24 23:18:55,Delete Product: Currumbin Wildlife Sanctuary -  Ge
9575,2347970,2024-12-24 23:19:57,Import CSV - Products
9576,2347970,2024-12-24 23:21:20,Delete Product: Private Transfer from Gold Coast H
9577,2347970,2024-12-24 23:21:50,Delete Product: Currumbin Wildlife Sanctuary -  Ge
9578,2347966,2024-12-24 23:22:31,Delete Product: Currumbin Wildlife Sanctuary -  Ge
9579,2347970,2024-12-24 23:23:01,Change Stage to Created
9580,2347961,2024-12-24 23:23:54,Delete Product: Currumbin Wildlife Sanctuary -  Ge
9581,2347944,2024-12-24 23:24:16,Delete Product: Private Return Transfers from Gold
9582,2347944,2024-12-24 23:24:34,Delete Product: Currumbin Wildlife Sanctuary -  Ge
9583,2347944,2024-12-24 23:24:54,Delete Product: Currumbin Wildlife Sanctuary -  Ge
9584,2347966,2024-12-24 23:26:01,Delete Product: Currumbin Wildlife Sanctuary -  Ge
9585,2347971,2024-12-24 23:27:54,New Quote with Stage Created
9586,2347972,2024-12-24 23:29:24,New Quote with Stage Created
9587,2347973,2024-12-24 23:29:29,New Quote with Stage Created
9588,2347974,2024-12-24 23:29:51,New Quote with Stage Created
9589,2347972,2024-12-24 23:38:40,Import CSV - Products
9590,2347972,2024-12-24 23:40:21,Delete Product: Opera Australia
9591,2347974,2024-12-24 23:42:21,Change Stage to Created
9592,2347973,2024-12-24 23:42:37,Change Stage to Created
9593,2347975,2024-12-24 23:43:29,New Quote with Stage Created
9594,2347976,2024-12-24 23:44:20,New Quote with Stage Created
9595,2347977,2024-12-24 23:49:09,New Quote with Stage Created
9597,2347975,2024-12-24 23:52:34,Import CSV - Products
9598,2347978,2024-12-24 23:53:57,New Quote with Stage Created
9600,2347977,2024-12-24 23:57:43,Import CSV - Products
9601,2347976,2024-12-25 00:00:18,Delete Product: SIC - Cairns Airport to Port Dougl
9602,2347974,2024-12-25 00:00:55,Import CSV - Products
9603,2347978,2024-12-25 00:02:04,Import CSV - Products
9604,2347974,2024-12-25 00:02:08,Delete Product: Thunder Thrill Jetboating Ride - 3
9605,2347973,2024-12-25 00:04:22,Import CSV - Products
9606,2347976,2024-12-25 00:05:24,Delete Product: SIC - Transfer from  St. Kilda / S
9607,2347979,2024-12-25 00:08:13,New Quote with Stage Created
9609,2347980,2024-12-25 00:09:07,New Quote with Stage Created
9610,2347981,2024-12-25 00:10:05,New Quote with Stage Created
9611,2347982,2024-12-25 00:10:11,New Quote with Stage Created
9612,2347983,2024-12-25 00:11:04,New Quote with Stage Created
9613,2347984,2024-12-25 00:15:52,New Quote with Stage Created
9614,2347979,2024-12-25 00:16:23,Import CSV - Products
9615,2347983,2024-12-25 00:16:32,Import CSV - Products
9616,2347982,2024-12-25 00:16:42,Import CSV - Products
9617,2347980,2024-12-25 00:17:17,Delete Product: Movie World Admission Ticket
9618,2347980,2024-12-25 00:18:12,Delete Product: Private Return Transfer from Gold 
9619,2347980,2024-12-25 00:18:25,Delete Product: Dreamworld Admission | Dreamworld 
9620,2347980,2024-12-25 00:18:43,Delete Product: Gold Coast Hot Air Balloon Flight 
9622,2347984,2024-12-25 00:20:46,Import CSV - Products
9624,2347980,2024-12-25 00:23:00,Delete Product: Private Return Transfer from Gold 
9625,2347982,2024-12-25 00:26:54,Delete Product: ROO Pass - Return Brisbane Airport
9626,2347980,2024-12-25 00:28:23,Delete Product: Private Transfer from Melbourne Ai
9627,2347980,2024-12-25 00:30:47,Delete Product: Private Transfer from Gold Coast H
9634,2347985,2024-12-25 15:45:32,New Quote with Stage Created
9635,2347986,2024-12-25 15:46:16,New Quote with Stage Created
9636,2347986,2024-12-25 15:48:31,Change Stage to Created
9637,2347987,2024-12-25 15:48:36,New Quote with Stage Created
9638,2347987,2024-12-25 15:51:07,Delete Product: Private Transfer from Sydney CBD H
9639,2347988,2024-12-25 15:51:16,New Quote with Stage Created
9641,2347988,2024-12-25 15:54:58,Import CSV - Products
9642,2347990,2024-12-25 15:55:14,New Quote with Stage Created
9643,2347991,2024-12-25 15:57:35,New Quote with Stage Created
9649,2347986,2024-12-25 15:59:27,Import CSV - Products
9650,2347986,2024-12-25 15:59:27,Import CSV - Products
9651,2347992,2024-12-25 15:59:34,New Quote with Stage Created
9652,2347987,2024-12-25 15:59:54,Import CSV - Products
9653,2347991,2024-12-25 16:00:57,Import CSV - Products
9654,2347992,2024-12-25 16:04:36,Import CSV - Products
9655,2347986,2024-12-25 16:04:36,Delete Product: Currumbin Wildlife Sanctuary -  Ge
9656,2347993,2024-12-25 16:06:13,New Quote with Stage Created
9657,2347994,2024-12-25 16:06:26,New Quote with Stage Created
9658,2347986,2024-12-25 16:06:29,Delete Product: Private Transfer from Cairns Airpo
9659,2347986,2024-12-25 16:07:57,Delete Product: Private Transfer from Melbourne Ai
9660,2347986,2024-12-25 16:08:47,Delete Product: Eureka Skydeck 88 - with Edge Expe
9661,2347986,2024-12-25 16:09:51,Delete Product: Private Transfer from Cairns Hotel
9662,2347986,2024-12-25 16:10:09,Delete Product: One Way Skyrail Experience & One W
9663,2347986,2024-12-25 16:10:30,Delete Product: Gold Coast Hot Air Balloon Flight 
9664,2347986,2024-12-25 16:10:52,Delete Product: Currumbin Wildlife Sanctuary -  Ge
9665,2347986,2024-12-25 16:11:07,Delete Product: GW - Evening Rainforest & Glow Wor
9666,2347986,2024-12-25 16:11:30,Delete Product: PI - Phillip Island Penguin Parade
9667,2347986,2024-12-25 16:11:46,Delete Product: Private Transfer from Melbourne CB
9668,2347990,2024-12-25 16:11:51,Import CSV - Products
9669,2347986,2024-12-25 16:12:05,Delete Product: Private Transfer from CBD Hotel to
9670,2347986,2024-12-25 16:12:22,Delete Product: Autopia BHVC - Hunter Valley Full 
9671,2347986,2024-12-25 16:12:38,Delete Product: Blue Mountain Experience - Full Da
9672,2347986,2024-12-25 16:12:54,Delete Product: SHOWBOAT DINNER CRUISE WITH INDIAN
9673,2347986,2024-12-25 16:13:09,Delete Product: Private Transfer from Sydney Intl 
9674,2347995,2024-12-25 16:14:22,New Quote with Stage Created
9675,2347995,2024-12-25 16:18:10,Import CSV - Products
9676,2347995,2024-12-25 16:18:52,Change Stage to Created
9677,2347993,2024-12-25 16:20:11,Import CSV - Products
9678,2347987,2024-12-25 16:22:57,Delete Product: Private Return Transfer from Gold 
9684,2347986,2024-12-25 16:23:10,Delete Product: Private Transfer from Gold Coast H
9685,2347995,2024-12-25 16:23:42,Delete Product: Private Transfer from Avalon Airpo
9686,2347995,2024-12-25 16:24:18,Delete Product: Private Transfer from Melbourne Ai
9687,2347987,2024-12-25 16:24:23,Delete Product: SIC - Return Transfer to Sea World
9688,2347995,2024-12-25 16:24:54,Delete Product: Private Transfer from Melbourne CB
9689,2347992,2024-12-25 16:24:56,Delete Product: SIC - Return Transfer to Sea World
9690,2347995,2024-12-25 16:26:11,Delete Product: Private Transfer from Cairns Airpo
9691,2347996,2024-12-25 16:26:36,New Quote with Stage Created
9692,2347995,2024-12-25 16:26:37,Delete Product: Private Transfer from Cairns Hotel
9693,2347994,2024-12-25 16:26:48,Delete Product: Private Return Transfer from Gold 
9694,2347995,2024-12-25 16:28:15,Delete Product: Private Transfer from Brisbane Air
9695,2347996,2024-12-25 16:28:32,Import CSV - Products
9696,2347993,2024-12-25 16:28:48,Delete Product: SIC - Return Transfer to Sea World
9697,2347995,2024-12-25 16:28:59,Delete Product: Private Transfer from Gold Coast H
9704,2347996,2024-12-25 16:44:34,Delete Product: Currumbin Wildlife Sanctuary -  Ge
9705,2347997,2024-12-25 16:50:44,New Quote with Stage Created
9713,2347998,2024-12-25 15:52:14,New Quote with Stage Created
9714,2347998,2024-12-25 15:58:04,Add Product: Private Transfer from Brisbane Airpor
9715,2347998,2024-12-25 15:58:04,Add Product: Best of Both Worlds Packages (Movie +
9716,2347998,2024-12-25 15:58:04,Add Product: Private Return Transfer from Gold Coa
9717,2347998,2024-12-25 15:58:04,Add Product: Private Return Transfer from Gold Coa
9718,2347998,2024-12-25 15:58:04,Add Product: Private Transfer from Gold Coast Hote
9719,2347998,2024-12-25 16:23:09,Add Product: Private Transfer from Cairns Airport 
9720,2347998,2024-12-25 16:23:09,Add Product: Coach for 8 hours (20 Pax)
9721,2347998,2024-12-25 16:23:09,Add Product: One Way Skyrail & One Way Kuranda Sce
9722,2347998,2024-12-25 16:23:09,Add Product: Private Return transfers from Hotel t
9723,2347998,2024-12-25 16:23:09,Add Product: Sunlover - Moore Reef Full Day Tour
9724,2347998,2024-12-25 16:31:53,Add Product: Private Transfer from Cairns Hotel to
9725,2347998,2024-12-25 16:31:53,Add Product: Transfer from Airport-Hotel (21 Pax)
9726,2347998,2024-12-25 16:31:53,Add Product: Coach for 10 hours Sydney City Tour (
9727,2347998,2024-12-25 16:31:53,Add Product: Coach for 10 hours for Blue Mountains
9728,2347998,2024-12-25 16:31:53,Add Product: Scenic World - Ultimate Discovery Pas
9729,2347998,2024-12-25 16:31:53,Add Product: Sydney Zoo Entry Tickets
9730,2347998,2024-12-25 17:08:25,Add Product: Transfer from Hotel-Airport (21 Pax)
9731,2347998,2024-12-25 17:08:25,Add Product: Private Transfer from Melbourne Airpo
9732,2347998,2024-12-25 17:08:25,Add Product: Coach for 10 hours City tour (21-25 P
9733,2347998,2024-12-25 17:08:25,Add Product: Eureka Skydeck 88 - with Edge Experie
9734,2347998,2024-12-25 17:08:25,Add Product: Philip Island Tour 10 Hour Upto 25 Se
9735,2347998,2024-12-25 17:08:25,Add Product: Penguin Parade - Standard Viewing Ent
9736,2347998,2024-12-25 17:08:25,Add Product: Private Transfer from Hotel to Melbou
9746,2347999,2024-12-25 18:03:13,New Quote with Stage Created
9747,2348000,2024-12-25 18:03:25,New Quote with Stage Created
9748,2348001,2024-12-25 18:03:31,New Quote with Stage Created
9749,2348002,2024-12-25 18:03:32,New Quote with Stage Created
9750,2348003,2024-12-25 18:03:32,New Quote with Stage Created
9751,2348004,2024-12-25 18:03:48,New Quote with Stage Created
9752,2348001,2024-12-25 18:10:32,Delete Product: Private Transfer from Melbourne CB
9753,2348004,2024-12-25 18:11:06,Delete Product: Lunch @ Great Ocean Road
9754,2348004,2024-12-25 18:23:12,Delete Product: City Tour & Phillip Island (12 Hou
9755,2348004,2024-12-25 18:23:30,Delete Product: Penguin Parade - Standard Viewing 
9756,2348000,2024-12-25 18:24:40,Delete Product: Private Transfer from Gold Coast A
9757,2348001,2024-12-25 18:24:52,Delete Product: Private Transfer from Cairns Hotel
9758,2348004,2024-12-25 18:25:51,Delete Product: Private Transfer from Melbourne CB
9759,2348002,2024-12-25 18:26:41,Delete Product: Private Transfer from Freshwater t
9760,2348002,2024-12-25 18:26:58,Delete Product: Private Transfer from Cairns Hotel
9761,2348002,2024-12-25 18:27:21,Delete Product: Private Transfer from Cairns Airpo
9762,2348004,2024-12-25 18:28:59,Delete Product: Private Transfer from Cairns Hotel
9763,2348001,2024-12-25 18:29:05,Delete Product: Sea World Admission (Ticket)
9764,2348004,2024-12-25 18:29:26,Delete Product: Private Transfer from Cairns Airpo
9765,2348001,2024-12-25 18:29:29,Delete Product: Movie World Admission Ticket
9766,2348001,2024-12-25 18:32:17,Delete Product: Private Transfer from Brisbane Air
9767,2348001,2024-12-25 18:33:23,Delete Product: Private Return Transfer from Gold 
9768,2348004,2024-12-25 18:34:38,Delete Product: Private Transfer from Cairns Airpo
9769,2348004,2024-12-25 18:34:55,Delete Product: Private Transfer from Cairns Airpo
9770,2348004,2024-12-25 18:35:10,Delete Product: Private Transfer from Cairns Airpo
9772,2348004,2024-12-25 18:35:51,Delete Product: Private Transfer from Cairns Airpo
9774,2348006,2024-12-25 18:42:29,New Quote with Stage Created
9775,2348000,2024-12-25 18:42:46,Delete Product: Kuranda Koala Gardens Entry Ticket
9776,2348000,2024-12-25 18:43:50,Delete Product: Private Transfers from Cairns Airp
9777,2348004,2024-12-25 18:44:27,Delete Product: De Bortoli - Gourmet Wine & Cheese
9778,2348004,2024-12-25 18:44:45,Delete Product: De Bortoli - Gourmet Wine & Cheese
9779,2348004,2024-12-25 18:48:19,Delete Product: Healsville Sanctuary
9780,2348006,2024-12-25 18:48:28,Import CSV - Products
9781,2348004,2024-12-25 18:50:28,Delete Product: Private Transfer from Cairns Hotel
9782,2348002,2024-12-25 18:56:33,Delete Product: 12 Apostles Helicopters LB - Londo
9783,2348003,2024-12-25 18:56:40,Delete Product: 12 Apostles Helicopters LB - Londo
9784,2348003,2024-12-25 18:56:45,Delete Product: 12 Apostles Helicopters LB - Londo
9785,2348000,2024-12-25 18:56:52,Delete Product: Sunlover - 1 Day Fitzroy Island + 
9786,2348002,2024-12-25 18:57:04,Delete Product: Penguin Parade - Penguin Plus Entr
9787,2348003,2024-12-25 18:58:10,Delete Product: Penguin Parade - Penguin Plus Entr
9788,2348006,2024-12-25 19:00:07,Delete Product: One Way Skyrail & One Way Kuranda 
9789,2348004,2024-12-25 19:01:31,Delete Product: Melbourne Cricket Ground - MCG Tou
9790,2348003,2024-12-25 19:01:45,Change Stage to Created
9791,2348006,2024-12-25 19:01:54,Delete Product: Private Transfer from Gold Coast H
9860,2348010,2024-12-25 23:03:31,New Quote with Stage Created
9861,2348011,2024-12-25 23:03:41,New Quote with Stage Created
9863,2348013,2024-12-25 21:16:10,New Quote with Stage Created
9864,2348013,2024-12-25 21:21:09,Add Product: Arrive Brisbane - Transfer from Brisb
9865,2348013,2024-12-25 21:21:09,Add Product: Brisbane City Orientation Tour - 03 H
9866,2348013,2024-12-25 21:21:09,Add Product: Lunch at Indian Restaurant
9867,2348013,2024-12-25 21:21:09,Add Product: Dinner at Indian Restaurant 
9868,2348013,2024-12-25 21:21:09,Add Product: Hotel Stay - Novotel Surfers Paradise
9869,2348013,2024-12-25 21:52:41,Add Product: Return Transfer to Movie World
9870,2348013,2024-12-25 21:52:41,Add Product: Movie World Admission Ticket
9871,2348013,2024-12-25 21:52:41,Add Product: Movie World - Maxi Meal
9872,2348013,2024-12-25 21:52:41,Add Product: Dinner at Indian Restaurant 
9873,2348013,2024-12-25 21:52:41,Add Product: Hotel Stay - Novotel Surfers Paradise
9874,2348013,2024-12-25 22:15:13,Add Product: Return Transfer to Holt Street Warf 
9875,2348013,2024-12-25 22:15:13,Add Product: Holt St Wharf to Tangalooma Island Re
9876,2348013,2024-12-25 22:15:13,Add Product: Indian / Local Lunch
9877,2348013,2024-12-25 22:15:13,Add Product: DW4W - 1 hr Sandboarding & 1.5 hr Dol
9878,2348013,2024-12-25 22:15:13,Add Product: Dinner at Indian Restaurant
9879,2348013,2024-12-25 22:15:13,Add Product: Hotel Stay - Novotel Surfers Paradise
9880,2348013,2024-12-25 22:18:08,Add Product: Return Transfer to Sea World 
9881,2348013,2024-12-25 22:18:08,Add Product: Best Of Both Worlds (Movie World + Se
9882,2348013,2024-12-25 22:18:08,Add Product: Sea World - Maxi Meal
9883,2348013,2024-12-25 22:18:08,Add Product: Dinner at Indian Restaurant 
9884,2348013,2024-12-25 22:18:08,Add Product: Hotel Stay - Novotel Surfers Paradise
9885,2348013,2024-12-25 22:34:34,Add Product: Depart Gold Coast - Transfer from Gol
9886,2348013,2024-12-25 22:34:34,Add Product: Arrive Sydney - Transfer from Sydney 
9887,2348013,2024-12-25 22:34:34,Add Product: Lunch at Indian Restaurant
9888,2348013,2024-12-25 22:34:34,Add Product: Sydney Opera House Tour - 1 hour Entr
9889,2348013,2024-12-25 22:34:34,Add Product: Dinner at Indian Restaurant 
9890,2348013,2024-12-25 22:34:34,Add Product: Hotel Stay - Sydney Central Ascott Li
9891,2348013,2024-12-25 22:38:03,Add Product: Coach for 12 Hrs - Full Day Blue Moun
9892,2348013,2024-12-25 22:38:03,Add Product: Scenic World - Ultimate Discovery Pas
9893,2348013,2024-12-25 22:38:03,Add Product: Lunct at Eats270
9894,2348013,2024-12-25 22:38:03,Add Product: Sydney Zoo Entry Tickets
9895,2348013,2024-12-25 22:38:03,Add Product: Dinner at Indian Restaurant 
9896,2348013,2024-12-25 22:38:03,Add Product: Hotel Stay - Sydney Central Ascott Li
9897,2348013,2024-12-25 22:45:50,Add Product: Coach for 10 Hrs - Shopping + merlin 
9898,2348013,2024-12-25 22:45:50,Add Product: Cluster 4: 4 Attraction Pass (Only Ti
9899,2348013,2024-12-25 22:45:50,Add Product: Lunch at Indian Restaurant 
9900,2348013,2024-12-25 22:45:50,Add Product: Gala Dinner at Venue /Restaurant
9901,2348013,2024-12-25 22:45:50,Add Product: Hotel Stay - Sydney Central Ascott Li
9902,2348013,2024-12-25 22:47:37,Add Product: Depart Sydney - Transfer from Sydney 
9903,2348013,2024-12-25 22:50:17,Add Product: Water Bottle 
9928,2348010,2024-12-25 23:20:01,Delete Product: Currumbin Wildlife Sanctuary -  Ge
9929,2348010,2024-12-25 23:20:46,Delete Product: Movie World Admission Ticket
9930,2348010,2024-12-25 23:21:12,Delete Product: Best Of Both Worlds (Movie World +
9931,2348010,2024-12-25 23:22:29,Delete Product: Movie World Admission Ticket
9932,2348010,2024-12-25 23:23:16,Delete Product: Private Transfer from Cairns Airpo
9934,2348011,2024-12-25 23:24:35,Delete Product: Private Transfer from Cairns Airpo
9936,2348011,2024-12-25 23:26:12,Delete Product: Private Transfer from Cairns Airpo
9941,2348011,2024-12-25 23:29:36,Delete Product: Sunlover - Moore Reef Full Day Tou
9942,2348011,2024-12-25 23:31:23,Delete Product: Currumbin Wildlife Sanctuary -  Ge
9944,2348011,2024-12-25 23:52:26,Delete Product: Full Day Charter  (Luxury Sedan-BM
9945,2348010,2024-12-25 23:54:16,Delete Product: Private Transfer from Cairns Hotel
10001,2348018,2024-12-26 02:11:05,New Quote with Stage Created
10002,2348018,2024-12-26 02:17:22,Add Product: Arrive Sydney - Transfer from Sydney 
10003,2348018,2024-12-26 02:17:22,Add Product: Return Lunch Transfers 
10004,2348018,2024-12-26 02:17:22,Add Product: Lunch at Indian restaurant
10005,2348018,2024-12-26 02:17:22,Add Product: Gala Dinner 
10006,2348018,2024-12-26 02:17:22,Add Product: Hotel Stay - Sydney Central Ascott Li
10007,2348018,2024-12-26 02:19:00,Add Product: Half day conference 
10008,2348018,2024-12-26 02:24:39,Add Product: Coach for 10 Hrs - Sydney City Toyr (
10009,2348018,2024-12-26 02:24:39,Add Product: Cluster 2: 2 Attraction Pass - (with 
10010,2348018,2024-12-26 02:24:39,Add Product: Lunch at Indian restaurant 
10011,2348018,2024-12-26 02:24:39,Add Product: Sydney Opera House Tour - 1 hour Entr
10012,2348018,2024-12-26 02:24:39,Add Product: Hotel Stay - Sydney Central Ascott Li
10013,2348018,2024-12-26 02:27:23,Add Product: Coach for 12 Hrs - Full Day Blue Moun
10014,2348018,2024-12-26 02:27:23,Add Product: Scenic World - Ultimate Discovery Pas
10015,2348018,2024-12-26 02:27:23,Add Product: Lunch at Eats270
10016,2348018,2024-12-26 02:27:23,Add Product: Sydney Zoo Entry Tickets
10017,2348018,2024-12-26 02:27:23,Add Product: Hotel Stay - Sydney Central Ascott Li
10018,2348018,2024-12-26 02:28:57,Add Product: Coach for 10 Hrs - Lunch at a Indian 
10019,2348018,2024-12-26 02:28:57,Add Product: Lunch at Indian Restaurant 
10020,2348018,2024-12-26 02:32:14,Add Product: Half day conference 
10021,2348018,2024-12-26 02:32:48,Delete Product: Half day conference 
10022,2348018,2024-12-26 02:34:49,Delete Product: Half day conference 
10064,2348021,2024-12-25 21:44:17,New Quote with Stage Created
10065,2348021,2024-12-25 21:47:44,Add Product: Arrive Brisbane - Transfer from Brisb
10066,2348021,2024-12-25 21:47:44,Add Product: Lunch at Indian Restaurant
10067,2348021,2024-12-25 21:47:44,Add Product: Brisbane City Tour - 04 Hrs 
10068,2348021,2024-12-25 21:49:58,Add Product: Dinner at local Indian Restaurant
10069,2348021,2024-12-25 21:49:58,Add Product: Hotel Stay - Novotel Surfers paradise
10070,2348021,2024-12-25 21:53:25,Add Product: Return Transfers to Sea World
10071,2348021,2024-12-25 21:53:25,Add Product: Sea World Admission (Ticket)
10072,2348021,2024-12-25 21:53:25,Add Product: Sea World - Maxi Meal
10073,2348021,2024-12-25 21:53:25,Add Product: Dinner at local Indian Restaurant
10074,2348021,2024-12-25 21:53:25,Add Product: Hotel Stay - Novotel Surfers paradise
10075,2348021,2024-12-25 21:58:15,Add Product: Depart Gold Coast - Transfer from Gol
10076,2348021,2024-12-25 21:58:15,Add Product: Arrive Melbourne - Transfer from Melb
10077,2348021,2024-12-25 21:58:15,Add Product: Melbourne Guided City Tour - 4 hrs
10078,2348021,2024-12-25 21:58:15,Add Product: Lunch at Indian Restaurant
10079,2348021,2024-12-25 21:58:15,Add Product: Dinner at local Indian Restaurant
10080,2348021,2024-12-25 21:58:15,Add Product: Hotel Stay - Mercure Melbourne Southb
10081,2348021,2024-12-25 22:01:51,Add Product: Coch for 12 hrs // Philip island Day 
10082,2348021,2024-12-25 22:01:51,Add Product: Lunch at  Restaurant / local lunch `
10083,2348021,2024-12-25 22:01:51,Add Product: Dinner at local Indian Restaurant
10084,2348021,2024-12-25 22:01:51,Add Product: Mercure Melbourne Southbank with Brea
10085,2348021,2024-12-25 22:05:29,Add Product: coach for 12 hrs // Great Ocean road
10086,2348021,2024-12-25 22:05:29,Add Product: Lunch at Appollo Bay - Pizza / Burger
10087,2348021,2024-12-25 22:05:29,Add Product: Dinner at local Indian Restaurant
10088,2348021,2024-12-25 22:05:29,Add Product: Mercure Southbank
10089,2348021,2024-12-25 22:05:29,Add Product: Depart Melbourne - Transfer from Melb
10095,2348022,2024-12-26 02:51:20,New Quote with Stage Created
10096,2348022,2024-12-26 02:58:17,Add Product: Arrive Brisbane - Transfer from Brisb
10097,2348022,2024-12-26 02:58:17,Add Product: Lunch at Indian Restaurant 
10098,2348022,2024-12-26 02:58:17,Add Product: Dinner at local Indian Restaurant
10099,2348022,2024-12-26 02:58:17,Add Product: Hotel Stay - Novotel Surfers Paradise
10100,2348022,2024-12-26 03:25:00,Add Product: Brisbane City Tour - 04 Hrs 
10101,2348022,2024-12-26 03:31:45,Add Product: Return Transfers to Sea World 
10102,2348022,2024-12-26 03:31:45,Add Product: Sea World Admission (Ticket)
10103,2348022,2024-12-26 03:31:45,Add Product: Sea World - Maxi Meal
10104,2348022,2024-12-26 03:31:45,Add Product: Dinner at local Indian Restaurant 
10105,2348022,2024-12-26 03:31:45,Add Product: Hotel Stay - Novotel Surfers paradise
10106,2348022,2024-12-26 03:31:45,Add Product: Depart Gold Coast - Transfer from Gol
10107,2348022,2024-12-26 03:44:24,Add Product: Arrive Sydney - Transfer from Sydney 
10108,2348022,2024-12-26 03:44:24,Add Product: Lunch at Indian Restaurant 
10109,2348022,2024-12-26 03:44:25,Add Product: Dinner at local Indian Restaurant 
10110,2348022,2024-12-26 03:44:25,Add Product: Hotel Stay - Sydney Central Ascott Li
10111,2348022,2024-12-26 03:44:25,Add Product: Coach for 12 Hrs - Sydney City Tour +
10112,2348022,2024-12-26 03:44:25,Add Product: Sydney City Tour - Guide for 4 Hrs 
10113,2348022,2024-12-26 03:44:25,Add Product: Cluster 4: 4 Attraction Pass (Only Ti
10114,2348022,2024-12-26 03:44:25,Add Product: Lunch at Indian Restaurant 
10115,2348022,2024-12-26 03:44:25,Add Product: SHOWBOAT DINNER CRUISE WITH INDIAN SE
10116,2348022,2024-12-26 03:44:25,Add Product: Hotel Stay - Sydney Central Ascott Li
10117,2348022,2024-12-26 04:09:54,Add Product: Coach for 12 Hrs - Full Day Blue Moun
10118,2348022,2024-12-26 04:09:54,Add Product: Scenic World - Ultimate Discovery Pas
10119,2348022,2024-12-26 04:09:54,Add Product: Lunch at Eats 270
10120,2348022,2024-12-26 04:09:54,Add Product: Hotel Stay - Sydney Central Ascott Li
10121,2348022,2024-12-26 04:09:54,Add Product: Depart Sydney - Transfer from Sydney 
10122,2348022,2024-12-26 04:15:54,Add Product: Gala Dinner 
10123,2348022,2024-12-26 04:19:07,Add Product: Water Bottle 500 Ml x 02 per person p
10305,2348049,2024-12-26 15:27:47,New Quote with Stage Created
10306,2348049,2024-12-26 15:37:17,Add Product: Charter for 10 Hrs 
10307,2348049,2024-12-26 15:37:17,Add Product: Sky Tower Observation Deck Ticket
10308,2348049,2024-12-26 15:37:17,Add Product: Indian Lunch 
10309,2348049,2024-12-26 15:37:17,Add Product: Mercure Auckland Queen Street with Br
10310,2348049,2024-12-26 15:37:17,Add Product: Mercure Auckland Queen Street with Br
10311,2348049,2024-12-26 15:37:17,Add Product: Indian Dinner 
10312,2348049,2024-12-26 15:37:17,Add Product: Travel from AKL - Waitomo - Arrive in
10313,2348049,2024-12-26 15:37:17,Add Product: Waitomo Glowworm Caves - Admission En
10314,2348049,2024-12-26 15:37:17,Add Product: Indian Lunch 
10315,2348049,2024-12-26 15:37:17,Add Product: Indian Dinner 
10316,2348049,2024-12-26 15:51:53,Add Product: Coach for 12 Hrs
10317,2348049,2024-12-26 15:51:53,Add Product: Thermal Park & Lady Knox Geyser - Wai
10318,2348049,2024-12-26 15:51:53,Add Product: Redwood - Nightlights (Fast Pass)
10319,2348049,2024-12-26 15:51:53,Add Product: Lunch 
10320,2348049,2024-12-26 15:51:53,Add Product: Dinner
10321,2348049,2024-12-26 15:51:53,Add Product: Sudima Lake Rotorua Hotel with Breakf
10322,2348049,2024-12-26 15:51:53,Add Product: Transfer from Hotel to Airport 
10323,2348049,2024-12-26 15:51:53,Add Product: Coach for 10 Hrs
10324,2348049,2024-12-26 21:11:09,Delete Product: Charter for 10 Hrs 
10325,2348049,2024-12-26 21:11:23,Delete Product: Sky Tower Observation Deck Ticket
10326,2348049,2024-12-26 21:11:36,Delete Product: Indian Lunch 
10327,2348049,2024-12-26 21:11:56,Delete Product: Mercure Auckland Queen Street with
10328,2348049,2024-12-26 21:13:38,Delete Product: Mercure Auckland Queen Street with
10329,2348049,2024-12-26 21:13:52,Delete Product: Indian Dinner 
10330,2348049,2024-12-26 21:14:05,Delete Product: Travel from AKL - Waitomo - Arrive
10331,2348049,2024-12-26 21:14:18,Delete Product: Waitomo Glowworm Caves - Admission
10332,2348049,2024-12-26 21:14:45,Delete Product: Indian Lunch 
10333,2348049,2024-12-26 21:14:59,Delete Product: Indian Dinner 
10334,2348049,2024-12-26 21:15:54,Delete Product: Coach for 12 Hrs
10335,2348049,2024-12-26 21:16:13,Delete Product: Thermal Park & Lady Knox Geyser - 
10336,2348049,2024-12-26 21:16:40,Delete Product: Redwood - Nightlights (Fast Pass)
10337,2348049,2024-12-26 21:16:56,Delete Product: Lunch 
10338,2348049,2024-12-26 21:17:10,Delete Product: Dinner
10339,2348049,2024-12-26 21:17:22,Delete Product: Sudima Lake Rotorua Hotel with Bre
10340,2348049,2024-12-26 21:17:35,Delete Product: Transfer from Hotel to Airport 
10341,2348049,2024-12-26 21:17:46,Delete Product: Coach for 10 Hrs
10342,2348049,2024-12-26 21:20:48,Add Product: Arrive Auckland - Transfer from Auckl
10343,2348049,2024-12-26 21:20:48,Add Product: Sky Tower Observation Deck Ticket
10344,2348049,2024-12-26 21:20:48,Add Product: Indian Dinner 
10345,2348049,2024-12-26 21:20:48,Add Product: Hotel Stay - Mercure Hotel Auckland o
10346,2348049,2024-12-26 21:27:07,Add Product: Coach for 12 Hrs - Auckland to Rotoru
10347,2348049,2024-12-26 21:27:07,Add Product: Waitomo GlowWorm Caves - Admission Ti
10348,2348049,2024-12-26 21:27:07,Add Product: Local Lunch 
10349,2348049,2024-12-26 21:27:07,Add Product: Indian DInner 
10350,2348049,2024-12-26 21:27:08,Add Product: Hotel Stay - Sudima Lake Rotorua or S
10351,2348049,2024-12-26 21:36:08,Add Product: Coach for 10 Hrs - Wai o Tapu + Whaka
10352,2348049,2024-12-26 21:36:08,Add Product: Thermal Park & Lady Knox Geyser - Wai
10353,2348049,2024-12-26 21:36:08,Add Product: Indian Lunch 
10354,2348049,2024-12-26 21:38:14,Add Product: Indian Dinner 
10355,2348049,2024-12-26 21:38:14,Add Product: Hotel Stay - Sudima Lake Rotorua or S
10356,2348049,2024-12-26 21:41:46,Add Product: Hotel Stay - Mercure Hotel Auckland o
10357,2348049,2024-12-26 21:47:13,Add Product: Depart Rotorua - Transfer from Rotoru
10358,2348049,2024-12-26 21:47:13,Add Product: Arrive Christchurch - Transfer from C
10359,2348049,2024-12-26 21:47:13,Add Product: Indian Lunch 
10360,2348049,2024-12-26 21:47:13,Add Product: Indian Dinner 
10361,2348049,2024-12-26 21:47:13,Add Product: Hotel Stay - Distinction Hotel Christ
10362,2348049,2024-12-26 21:50:33,Add Product: Coach for 12 Hrs - Transfer from Chri
10363,2348049,2024-12-26 21:50:33,Add Product: Local Lunch 
10364,2348049,2024-12-26 21:50:33,Add Product: Indian Dinner 
10365,2348049,2024-12-26 21:50:33,Add Product: Hotel Stay - Holiday inn Express and 
10366,2348049,2024-12-26 21:53:49,Add Product: Coach for 12 Hrs - Arrowtown + Wanaka
10367,2348049,2024-12-26 21:53:49,Add Product: Skyline Queenstown - Gondola Ticket o
10368,2348049,2024-12-26 21:53:49,Add Product: Local Lunch 
10369,2348049,2024-12-26 21:53:49,Add Product: Puzzling World | Entry Tickets - illu
10370,2348049,2024-12-26 21:53:50,Add Product: Indian Dinner 
10371,2348049,2024-12-26 21:53:50,Add Product: Hotel Stay - Holiday inn Express and 
10372,2348049,2024-12-26 22:01:50,Add Product: Coach for 12 Hrs - Full Day Milford S
10373,2348049,2024-12-26 22:01:50,Add Product: Milford Sound Nature Cruise Ticket & 
10374,2348049,2024-12-26 22:01:50,Add Product: Indian Dinner 
10375,2348049,2024-12-26 22:01:50,Add Product: Hotel Stay - Holiday inn Express and 
10376,2348049,2024-12-26 22:05:43,Add Product: Coach for 10 Hrs - - Lake Wakatipu + 
10377,2348049,2024-12-26 22:05:43,Add Product: Indian Lunch 
10523,2348065,2024-12-27 02:52:27,New Quote with Stage Created
10524,2348065,2024-12-27 02:55:53,Add Product: Arrive Melbourne - Transfer from Melb
10525,2348065,2024-12-27 02:55:53,Add Product: Gala Dinner at Venue / Restaurant 
10526,2348065,2024-12-27 02:55:54,Add Product: Award ceremony 
10527,2348065,2024-12-27 02:55:54,Add Product: Hotel Stay - Mercure Melbourne Southb
10528,2348065,2024-12-27 02:59:03,Add Product: Coach for 12 Hrs - Full Day Philip is
10529,2348065,2024-12-27 02:59:03,Add Product: Indian / Local Lunch 
10530,2348065,2024-12-27 02:59:03,Add Product: Penguin Parade - Standard Viewing Ent
10531,2348065,2024-12-27 02:59:03,Add Product: Indian / Local Dinner 
10532,2348065,2024-12-27 02:59:03,Add Product: Hotel Stay - Mercure Melbourne Southb
10533,2348065,2024-12-27 03:00:45,Add Product: Coach for 12 Hrs - Full Day Great Oce
10534,2348065,2024-12-27 03:00:45,Add Product: Lunch at Apollo bay 
10535,2348065,2024-12-27 03:00:45,Add Product: Indian Dinner 
10536,2348065,2024-12-27 03:00:45,Add Product: Hotel Stay - Mercure Melbourne Southb
10537,2348065,2024-12-27 03:00:45,Add Product: Depart Melbourne - Transfer from Melb
10538,2348065,2024-12-27 03:10:16,Delete Product: Award ceremony 
10539,2348065,2024-12-27 03:12:14,Add Product: Indian Lunch 
10540,2348065,2024-12-27 03:13:41,Add Product: Indian Lunch 
10541,2348065,2024-12-27 03:13:41,Add Product: Indian Dinner 
10578,2348067,2024-12-27 03:44:26,New Quote with Stage Created
10579,2348067,2024-12-27 03:49:10,Add Product: Arrive Cairns - Transfer from Cairns 
10580,2348067,2024-12-27 03:49:10,Add Product: Hotel Stay - Pacific Hotel Cairns or 
10581,2348067,2024-12-27 03:49:10,Add Product: Transfer from Hotel to Cairns Coventi
10582,2348067,2024-12-27 03:49:10,Add Product: Transfer from Cairns Covention Centre
10583,2348067,2024-12-27 03:49:10,Add Product: Transfer from Hotel to Cairns Coventi
10584,2348067,2024-12-27 03:49:10,Add Product: Transfer from Cairns Covention Centre
10585,2348067,2024-12-27 03:49:11,Add Product: Return Transfer to Reef Fleet Termina
10586,2348067,2024-12-27 03:49:11,Add Product: FULL DAY GREEN ISLAND REEF CRUISE - F
10587,2348067,2024-12-27 03:50:11,Add Product: Hotel Stay - Pacific Hotel Cairns or 
10588,2348067,2024-12-27 03:50:11,Add Product: Hotel Stay - Pacific Hotel Cairns or 
10589,2348067,2024-12-27 03:50:12,Add Product: Hotel Stay - Pacific Hotel Cairns or 
10590,2348067,2024-12-27 04:02:01,Add Product: Oneway Transfer to Skyrail from Hotel
10591,2348067,2024-12-27 04:02:01,Add Product: One Way Skyrail Experience & One Way 
10592,2348067,2024-12-27 04:02:01,Add Product: Oneway Transfer to Hotel from Skyrail
10593,2348067,2024-12-27 04:02:01,Add Product: Hotel Stay - Pacific Hotel Cairns or 
10594,2348067,2024-12-27 04:09:05,Add Product: Depart Cairns - Transfer from Cairns 
10595,2348067,2024-12-27 04:09:05,Add Product: Arrive Sydney - Transfer from Sydney 
10596,2348067,2024-12-27 04:09:05,Add Product: Hotel Stay - Sydney Central Ascott Li
10597,2348067,2024-12-27 04:09:05,Add Product: Coach for 10 hrs - City Tour ( NO GUI
10598,2348067,2024-12-27 04:09:05,Add Product: Cluster 4: 4 Attraction Pass (Only Ti
10599,2348067,2024-12-27 04:09:05,Add Product: Sydney Opera House Tour - 1 hour Entr
10600,2348067,2024-12-27 04:09:05,Add Product: Hotel Stay - Sydney Central Ascott Li
10601,2348067,2024-12-27 04:09:05,Add Product: Depart Sydney - Transfer from Sydney 
10674,2348069,2024-12-27 04:40:25,New Quote with Stage Created
10675,2348069,2024-12-27 04:50:25,Add Product: Arrive Auckland - Transfer from Auckl
10676,2348069,2024-12-27 04:50:25,Add Product: Indian Dinner 
10677,2348069,2024-12-27 04:50:25,Add Product: Hotel Stay - Holiday inn Express Auck
10678,2348069,2024-12-27 04:52:23,Add Product: Coach for 10 Hrs - Auckland City Tour
10679,2348069,2024-12-27 04:52:23,Add Product: Sky Tower Observation Deck Ticket
10680,2348069,2024-12-27 04:52:23,Add Product: Indian Lunch 
10681,2348069,2024-12-27 04:52:23,Add Product: Indian Dinner 
10682,2348069,2024-12-27 04:52:23,Add Product: Hotel Stay - Holiday inn Express Auck
10683,2348069,2024-12-27 04:56:32,Add Product: Coach for 12 Hrs - Auckland to Paihia
10684,2348069,2024-12-27 04:56:32,Add Product: Fullers GreatSights - Hole in the Roc
10685,2348069,2024-12-27 04:56:32,Add Product: Indian Lunch 
10686,2348069,2024-12-27 04:56:32,Add Product: Indian Dinner 
10687,2348069,2024-12-27 04:56:33,Add Product: Hotel Stay - Scenic Hotel Bay of Isla
10688,2348069,2024-12-27 04:56:33,Add Product: Coach for 10 Hrs - Within City Limits
10689,2348069,2024-12-27 04:56:33,Add Product: Indian Lunch 
10690,2348069,2024-12-27 04:56:33,Add Product: Indian Dinner 
10691,2348069,2024-12-27 04:56:33,Add Product: Hotel Stay - Scenic Hotel Bay of Isla
10692,2348069,2024-12-27 04:59:05,Add Product: Coach for 12 Hrs - Paihia to Auckland
10693,2348069,2024-12-27 04:59:05,Add Product: Indian Lunch 
10694,2348069,2024-12-27 04:59:05,Add Product: Indian Dinner 
10695,2348069,2024-12-27 04:59:05,Add Product: Hotel Stay - Holiday inn Express Auck
10696,2348069,2024-12-27 05:05:08,Add Product: Coach for 12 Hrs - Auckland to Rotoru
10697,2348069,2024-12-27 05:05:08,Add Product: Waitomo GlowWorm Caves - Admission Ti
10698,2348069,2024-12-27 05:05:09,Add Product: Lunch at Roseland 
10699,2348069,2024-12-27 05:05:09,Add Product: Indian Dinner 
10700,2348069,2024-12-27 05:05:09,Add Product: Hotel Stay - Sudima Lake Rotorua or S
10701,2348069,2024-12-27 05:05:09,Add Product: Coach for 12 Hrs - Hobbiton Movie Set
10702,2348069,2024-12-27 05:05:09,Add Product: Hobbiton Movie Set Tour - Admission T
10703,2348069,2024-12-27 05:05:09,Add Product: Indian Lunch 
10704,2348069,2024-12-27 05:05:09,Add Product: Te Ra Guided Experience Ticket
10705,2348069,2024-12-27 05:05:09,Add Product: Indian Dinner 
10706,2348069,2024-12-27 05:05:09,Add Product: Hotel Stay - Sudima Lake Rotorua or S
10707,2348069,2024-12-27 05:08:44,Add Product: Depart Rotorua - Transfer from Rotoru
10708,2348069,2024-12-27 05:08:44,Add Product: Arrive Queenstown - Transfer from Que
10709,2348069,2024-12-27 05:08:44,Add Product: Indian Lunch 
10710,2348069,2024-12-27 05:08:44,Add Product: Indian Dinner 
10711,2348069,2024-12-27 05:08:44,Add Product: Hotel Stay - Holiday inn Express and 
10712,2348069,2024-12-27 05:14:30,Add Product: Coach for 10 Hrs - Queenstown City To
10713,2348069,2024-12-27 05:14:30,Add Product: K JET | JET BOAT RIDE QUEENSTOWN
10714,2348069,2024-12-27 05:14:30,Add Product: Indian Lunch 
10715,2348069,2024-12-27 05:14:30,Add Product: Skyline Queenstown - Gondola Ticket o
10716,2348069,2024-12-27 05:14:30,Add Product: Indian Dinner 
10717,2348069,2024-12-27 05:14:30,Add Product: Hotel Stay - Holiday inn Express and 
10718,2348069,2024-12-27 05:20:34,Add Product: Coach for 12 Hrs - Full Day Milford S
10719,2348069,2024-12-27 05:20:34,Add Product: Milford Sound Nature Cruise Ticket & 
10720,2348069,2024-12-27 05:20:34,Add Product: Indian Dinner 
10721,2348069,2024-12-27 05:20:34,Add Product: Hotel Stay - Holiday inn Express and 
10722,2348069,2024-12-27 05:20:34,Add Product: Coach for 10 Hrs - Transfer from Quee
10723,2348069,2024-12-27 05:20:34,Add Product: Indian / Local Lunch 
10724,2348069,2024-12-27 05:20:34,Add Product: Puzzling World | Entry Tickets - illu
10725,2348069,2024-12-27 05:20:34,Add Product: Indian / Local Dinner 
10726,2348069,2024-12-27 05:20:34,Add Product: Hotel Stay - Scenic Hotel Franz Josef
10727,2348069,2024-12-27 05:25:20,Add Product: Day at Leisure - No Coach Services 
10728,2348069,2024-12-27 05:25:20,Add Product: Hotel Stay - Scenic Hotel Franz Josef
10729,2348069,2024-12-27 05:25:20,Add Product: Coach for 10 Hrs - Transfer from Fran
10730,2348069,2024-12-27 05:25:20,Add Product: Indian Lunch 
10731,2348069,2024-12-27 05:25:20,Add Product: Indian Dinner 
10732,2348069,2024-12-27 05:25:20,Add Product: Hotel Stay - Distinction Hotel Christ
10733,2348069,2024-12-27 05:28:20,Add Product: Coach for 10 Hrs - City Tour ( NO GUI
10734,2348069,2024-12-27 05:28:20,Add Product: General Admission to International An
10735,2348069,2024-12-27 05:28:20,Add Product: Indian Lunch 
10736,2348069,2024-12-27 05:28:20,Add Product: Indian Dinner 
10737,2348069,2024-12-27 05:28:20,Add Product: Hotel Stay - Distinction Hotel Christ
10738,2348069,2024-12-27 05:28:20,Add Product: Depart Christchurch - Transfer from C
11106,2348095,2024-12-27 04:40:25,New Quote with Stage Created
11107,2348095,2024-12-27 04:50:25,Add Product: Arrive Auckland - Transfer from Auckl
11108,2348095,2024-12-27 04:50:25,Add Product: Indian Dinner 
11109,2348095,2024-12-27 04:50:25,Add Product: Hotel Stay - Holiday inn Express Auck
11110,2348095,2024-12-27 04:52:23,Add Product: Coach for 10 Hrs - Auckland City Tour
11111,2348095,2024-12-27 04:52:23,Add Product: Sky Tower Observation Deck Ticket
11112,2348095,2024-12-27 04:52:23,Add Product: Indian Lunch 
11113,2348095,2024-12-27 04:52:23,Add Product: Indian Dinner 
11114,2348095,2024-12-27 04:52:23,Add Product: Hotel Stay - Holiday inn Express Auck
11115,2348095,2024-12-27 04:56:32,Add Product: Coach for 12 Hrs - Auckland to Paihia
11116,2348095,2024-12-27 04:56:32,Add Product: Fullers GreatSights - Hole in the Roc
11117,2348095,2024-12-27 04:56:32,Add Product: Indian Lunch 
11118,2348095,2024-12-27 04:56:32,Add Product: Indian Dinner 
11119,2348095,2024-12-27 04:56:33,Add Product: Hotel Stay - Scenic Hotel Bay of Isla
11120,2348095,2024-12-27 04:56:33,Add Product: Coach for 10 Hrs - Within City Limits
11121,2348095,2024-12-27 04:56:33,Add Product: Indian Lunch 
11122,2348095,2024-12-27 04:56:33,Add Product: Indian Dinner 
11123,2348095,2024-12-27 04:56:33,Add Product: Hotel Stay - Scenic Hotel Bay of Isla
11124,2348095,2024-12-27 04:59:05,Add Product: Coach for 12 Hrs - Paihia to Auckland
11125,2348095,2024-12-27 04:59:05,Add Product: Indian Lunch 
11126,2348095,2024-12-27 04:59:05,Add Product: Indian Dinner 
11127,2348095,2024-12-27 04:59:05,Add Product: Hotel Stay - Holiday inn Express Auck
11128,2348095,2024-12-27 05:05:08,Add Product: Coach for 12 Hrs - Auckland to Rotoru
11129,2348095,2024-12-27 05:05:08,Add Product: Waitomo GlowWorm Caves - Admission Ti
11130,2348095,2024-12-27 05:05:09,Add Product: Lunch at Roseland 
11131,2348095,2024-12-27 05:05:09,Add Product: Indian Dinner 
11132,2348095,2024-12-27 05:05:09,Add Product: Hotel Stay - Sudima Lake Rotorua or S
11133,2348095,2024-12-27 05:05:09,Add Product: Coach for 12 Hrs - Hobbiton Movie Set
11134,2348095,2024-12-27 05:05:09,Add Product: Hobbiton Movie Set Tour - Admission T
11135,2348095,2024-12-27 05:05:09,Add Product: Indian Lunch 
11136,2348095,2024-12-27 05:05:09,Add Product: Te Ra Guided Experience Ticket
11137,2348095,2024-12-27 05:05:09,Add Product: Indian Dinner 
11138,2348095,2024-12-27 05:05:09,Add Product: Hotel Stay - Sudima Lake Rotorua or S
11139,2348095,2024-12-27 05:08:44,Add Product: Depart Rotorua - Transfer from Rotoru
11140,2348095,2024-12-27 05:08:44,Add Product: Arrive Queenstown - Transfer from Que
11141,2348095,2024-12-27 05:08:44,Add Product: Indian Lunch 
11142,2348095,2024-12-27 05:08:44,Add Product: Indian Dinner 
11143,2348095,2024-12-27 05:08:44,Add Product: Hotel Stay - Holiday inn Express and 
11144,2348095,2024-12-27 05:14:30,Add Product: Coach for 10 Hrs - Queenstown City To
11145,2348095,2024-12-27 05:14:30,Add Product: K JET | JET BOAT RIDE QUEENSTOWN
11146,2348095,2024-12-27 05:14:30,Add Product: Indian Lunch 
11147,2348095,2024-12-27 05:14:30,Add Product: Skyline Queenstown - Gondola Ticket o
11148,2348095,2024-12-27 05:14:30,Add Product: Indian Dinner 
11149,2348095,2024-12-27 05:14:30,Add Product: Hotel Stay - Holiday inn Express and 
11150,2348095,2024-12-27 05:20:34,Add Product: Coach for 12 Hrs - Full Day Milford S
11151,2348095,2024-12-27 05:20:34,Add Product: Milford Sound Nature Cruise Ticket & 
11152,2348095,2024-12-27 05:20:34,Add Product: Indian Dinner 
11153,2348095,2024-12-27 05:20:34,Add Product: Hotel Stay - Holiday inn Express and 
11154,2348095,2024-12-27 05:20:34,Add Product: Coach for 10 Hrs - Transfer from Quee
11155,2348095,2024-12-27 05:20:34,Add Product: Indian / Local Lunch 
11156,2348095,2024-12-27 05:20:34,Add Product: Puzzling World | Entry Tickets - illu
11157,2348095,2024-12-27 05:20:34,Add Product: Indian / Local Dinner 
11158,2348095,2024-12-27 05:20:34,Add Product: Hotel Stay - Scenic Hotel Franz Josef
11159,2348095,2024-12-27 05:25:20,Add Product: Day at Leisure - No Coach Services 
11160,2348095,2024-12-27 05:25:20,Add Product: Hotel Stay - Scenic Hotel Franz Josef
11161,2348095,2024-12-27 05:25:20,Add Product: Coach for 10 Hrs - Transfer from Fran
11162,2348095,2024-12-27 05:25:20,Add Product: Indian Lunch 
11163,2348095,2024-12-27 05:25:20,Add Product: Indian Dinner 
11164,2348095,2024-12-27 05:25:20,Add Product: Hotel Stay - Distinction Hotel Christ
11165,2348095,2024-12-27 05:28:20,Add Product: Coach for 10 Hrs - City Tour ( NO GUI
11166,2348095,2024-12-27 05:28:20,Add Product: General Admission to International An
11167,2348095,2024-12-27 05:28:20,Add Product: Indian Lunch 
11168,2348095,2024-12-27 05:28:20,Add Product: Indian Dinner 
11169,2348095,2024-12-27 05:28:20,Add Product: Hotel Stay - Distinction Hotel Christ
11170,2348095,2024-12-27 05:28:20,Add Product: Depart Christchurch - Transfer from C
11171,2348095,2024-12-27 21:21:02,Change Stage to Created
11396,2348107,2024-12-26 22:26:16,New Quote with Stage Created
11397,2348107,2024-12-27 21:55:28,Change Stage to Created
11398,2348107,2024-12-27 21:57:16,Add Product: Arrive Melbourne - Transfer from Melb
11399,2348107,2024-12-27 21:57:16,Add Product: Dinner at local Indian Restaurant
11400,2348107,2024-12-27 21:57:16,Add Product: Hotel Stay - Mercure Melbourne Southb
11401,2348107,2024-12-27 22:00:40,Add Product: Coach for 10 Hrs - City Tour ( Driver
11402,2348107,2024-12-27 22:00:40,Add Product: Melbourne City Tour 
11403,2348107,2024-12-27 22:00:40,Add Product: Melbourne Cricket Ground - MCG Tour (
11404,2348107,2024-12-27 22:00:40,Add Product: Lunch at Indian Restaurant
11405,2348107,2024-12-27 22:00:40,Add Product: Dinner at Indian Restaurant
11406,2348107,2024-12-27 22:00:40,Add Product: Hotel Stay - Mercure Melbourne Southb
11407,2348107,2024-12-27 22:04:13,Add Product: Coach for 12 hours to Great Ocean Roa
11408,2348107,2024-12-27 22:31:47,Delete Product: Coach for 12 hours to Great Ocean 
11409,2348107,2024-12-27 22:59:24,Add Product: Coach for 12 Hours - Full Day Great O
11410,2348107,2024-12-27 22:59:24,Add Product: Great Ocean Road - Driver cum Guide 
11411,2348107,2024-12-27 22:59:24,Add Product: Lunch at Apollo bay 
11412,2348107,2024-12-27 22:59:24,Add Product: Dinner at Indian Restaurant
11413,2348107,2024-12-27 22:59:24,Add Product: Hotel Stay - Mercure Melbourne Southb
11414,2348107,2024-12-28 00:01:25,Add Product: Depart Melbourne - Transfer from Melb
11415,2348107,2024-12-28 00:01:25,Add Product: Arrive Sydney - Transfer from Sydney 
11416,2348107,2024-12-28 00:01:25,Add Product: Lunch at the Indian restaurant
11417,2348107,2024-12-28 00:01:25,Add Product: Thunder Thrill Jetboating Ride - 30 M
11418,2348107,2024-12-28 00:01:25,Add Product: Dinner at the Indian restaurant
11419,2348107,2024-12-28 00:01:25,Add Product: Hotel Stay - Sydney Central Ascott Li
11420,2348107,2024-12-28 00:10:26,Add Product: Coach for 12 Hrs - Full Day Blue Moun
11421,2348107,2024-12-28 00:10:26,Add Product: Scenic World - Ultimate Discovery Pas
11422,2348107,2024-12-28 00:10:26,Add Product: Lunch at Eats 270 - Burger Meal
11423,2348107,2024-12-28 00:10:26,Add Product: Sydney Zoo Entry Tickets
11424,2348107,2024-12-28 00:10:26,Add Product: Dinner at the Indian restaurant
11425,2348107,2024-12-28 00:10:26,Add Product: Hotel Stay - Sydney Central Ascott Li
11426,2348107,2024-12-28 00:12:37,Add Product: Depart Sydney - Transfer from Sydney 
11427,2348107,2024-12-28 00:12:37,Add Product: Water Bottle - 500ml x 02 per person 
11505,2348109,2024-12-26 02:11:05,New Quote with Stage Created
11506,2348109,2024-12-26 02:17:22,Add Product: Arrive Sydney - Transfer from Sydney 
11507,2348109,2024-12-26 02:17:22,Add Product: Return Lunch Transfers 
11508,2348109,2024-12-26 02:17:22,Add Product: Lunch at Indian restaurant
11509,2348109,2024-12-26 02:17:22,Add Product: Gala Dinner 
11510,2348109,2024-12-26 02:17:22,Add Product: Hotel Stay - Sydney Central Ascott Li
11511,2348109,2024-12-26 02:19:00,Add Product: Half day conference 
11512,2348109,2024-12-26 02:24:39,Add Product: Coach for 10 Hrs - Sydney City Toyr (
11513,2348109,2024-12-26 02:24:39,Add Product: Cluster 2: 2 Attraction Pass - (with 
11514,2348109,2024-12-26 02:24:39,Add Product: Lunch at Indian restaurant 
11515,2348109,2024-12-26 02:24:39,Add Product: Sydney Opera House Tour - 1 hour Entr
11516,2348109,2024-12-26 02:24:39,Add Product: Hotel Stay - Sydney Central Ascott Li
11517,2348109,2024-12-26 02:27:23,Add Product: Coach for 12 Hrs - Full Day Blue Moun
11518,2348109,2024-12-26 02:27:23,Add Product: Scenic World - Ultimate Discovery Pas
11519,2348109,2024-12-26 02:27:23,Add Product: Lunch at Eats270
11520,2348109,2024-12-26 02:27:23,Add Product: Sydney Zoo Entry Tickets
11521,2348109,2024-12-26 02:27:23,Add Product: Hotel Stay - Sydney Central Ascott Li
11522,2348109,2024-12-26 02:28:57,Add Product: Coach for 10 Hrs - Lunch at a Indian 
11523,2348109,2024-12-26 02:28:57,Add Product: Lunch at Indian Restaurant 
11524,2348109,2024-12-26 02:32:14,Add Product: Half day conference 
11525,2348109,2024-12-26 02:32:48,Delete Product: Half day conference 
11526,2348109,2024-12-26 02:34:49,Delete Product: Half day conference 
11527,2348109,2024-12-26 02:41:44,Add Product: Water Bottle 500 Ml x 02 per person p
11528,2348109,2024-12-28 01:19:15,Add Product: Sydney Harbour Marriott Hotel at Circ
11529,2348109,2024-12-28 01:19:15,Add Product: Sydney Harbour Marriott Hotel at Circ
11530,2348109,2024-12-28 01:19:15,Add Product: Sydney Harbour Marriott Hotel at Circ
11531,2348109,2024-12-28 01:22:19,Delete Product: Hotel Stay - Sydney Central Ascott
11532,2348109,2024-12-28 01:23:10,Delete Product: Hotel Stay - Sydney Central Ascott
11533,2348109,2024-12-28 01:23:51,Delete Product: Hotel Stay - Sydney Central Ascott
11534,2348109,2024-12-28 01:36:28,Add Product: Hotel Stay - Holiday inn potts point 
11535,2348109,2024-12-28 01:36:28,Add Product: Hotel Stay - Holiday inn potts point 
11536,2348109,2024-12-28 01:36:28,Add Product: Hotel Stay - Holiday inn potts point 
11537,2348109,2024-12-28 01:43:09,Delete Product: Sydney Harbour Marriott Hotel at C
11538,2348109,2024-12-28 01:45:05,Delete Product: Sydney Harbour Marriott Hotel at C
11539,2348109,2024-12-28 01:46:16,Delete Product: Sydney Harbour Marriott Hotel at C
11696,2348121,2024-12-26 22:26:16,New Quote with Stage Created
11697,2348121,2024-12-27 21:55:28,Change Stage to Created
11698,2348121,2024-12-27 21:57:16,Add Product: Arrive Melbourne - Transfer from Melb
11699,2348121,2024-12-27 21:57:16,Add Product: Dinner at local Indian Restaurant
11700,2348121,2024-12-27 21:57:16,Add Product: Hotel Stay - Mercure Melbourne Southb
11701,2348121,2024-12-27 22:00:40,Add Product: Coach for 10 Hrs - City Tour ( Driver
11702,2348121,2024-12-27 22:00:40,Add Product: Melbourne City Tour 
11703,2348121,2024-12-27 22:00:40,Add Product: Melbourne Cricket Ground - MCG Tour (
11704,2348121,2024-12-27 22:00:40,Add Product: Lunch at Indian Restaurant
11705,2348121,2024-12-27 22:00:40,Add Product: Dinner at Indian Restaurant
11706,2348121,2024-12-27 22:00:40,Add Product: Hotel Stay - Mercure Melbourne Southb
11707,2348121,2024-12-27 22:04:13,Add Product: Coach for 12 hours to Great Ocean Roa
11708,2348121,2024-12-27 22:31:47,Delete Product: Coach for 12 hours to Great Ocean 
11709,2348121,2024-12-27 22:59:24,Add Product: Coach for 12 Hours - Full Day Great O
11710,2348121,2024-12-27 22:59:24,Add Product: Great Ocean Road - Driver cum Guide 
11711,2348121,2024-12-27 22:59:24,Add Product: Lunch at Apollo bay 
11712,2348121,2024-12-27 22:59:24,Add Product: Dinner at Indian Restaurant
11713,2348121,2024-12-27 22:59:24,Add Product: Hotel Stay - Mercure Melbourne Southb
11714,2348121,2024-12-28 00:01:25,Add Product: Depart Melbourne - Transfer from Melb
11715,2348121,2024-12-28 00:01:25,Add Product: Arrive Sydney - Transfer from Sydney 
11716,2348121,2024-12-28 00:01:25,Add Product: Lunch at the Indian restaurant
11717,2348121,2024-12-28 00:01:25,Add Product: Thunder Thrill Jetboating Ride - 30 M
11718,2348121,2024-12-28 00:01:25,Add Product: Dinner at the Indian restaurant
11719,2348121,2024-12-28 00:01:25,Add Product: Hotel Stay - Sydney Central Ascott Li
11720,2348121,2024-12-28 00:10:26,Add Product: Coach for 12 Hrs - Full Day Blue Moun
11721,2348121,2024-12-28 00:10:26,Add Product: Scenic World - Ultimate Discovery Pas
11722,2348121,2024-12-28 00:10:26,Add Product: Lunch at Eats 270 - Burger Meal
11723,2348121,2024-12-28 00:10:26,Add Product: Sydney Zoo Entry Tickets
11724,2348121,2024-12-28 00:10:26,Add Product: Dinner at the Indian restaurant
11725,2348121,2024-12-28 00:10:26,Add Product: Hotel Stay - Sydney Central Ascott Li
11726,2348121,2024-12-28 00:12:37,Add Product: Depart Sydney - Transfer from Sydney 
11727,2348121,2024-12-28 00:12:37,Add Product: Water Bottle - 500ml x 02 per person 
11728,2348121,2024-12-28 00:48:34,Change Stage to Created
11729,2348121,2024-12-28 22:47:39,Add Product: Hotel Stay - Crowne Plaza Melbourne o
11730,2348121,2024-12-28 22:47:39,Add Product: Hotel Stay - Crowne Plaza Melbourne o
11731,2348121,2024-12-28 22:47:39,Add Product: Hotel Stay - Crowne Plaza Melbourne o
11732,2348121,2024-12-28 22:47:39,Add Product: Hotel Stay - Novotel Sydney Darling H
11733,2348121,2024-12-28 22:47:39,Add Product: Hotel Stay - Novotel Sydney Darling H
11734,2348121,2024-12-28 22:51:12,Delete Product: Hotel Stay - Mercure Melbourne Sou
11735,2348121,2024-12-28 22:53:07,Delete Product: Hotel Stay - Mercure Melbourne Sou
11736,2348121,2024-12-28 22:53:34,Delete Product: Hotel Stay - Mercure Melbourne Sou
11737,2348121,2024-12-28 22:54:12,Delete Product: Hotel Stay - Sydney Central Ascott
11738,2348121,2024-12-28 22:57:04,Delete Product: Hotel Stay - Sydney Central Ascott
11739,2348121,2024-12-28 23:08:36,Add Product: Hotel Stay - Courtyard By Marriott Me
11740,2348121,2024-12-28 23:08:36,Add Product: Hotel Stay - Courtyard By Marriott Me
11741,2348121,2024-12-28 23:08:36,Add Product: Hotel Stay - Courtyard By Marriott Me
11742,2348121,2024-12-28 23:08:36,Add Product: Hotel Stay - Four Points by Sheraton 
11743,2348121,2024-12-28 23:08:36,Add Product: Hotel Stay - Four Points by Sheraton 
11744,2348121,2024-12-28 23:09:49,Delete Product: Hotel Stay - Crowne Plaza Melbourn
11745,2348121,2024-12-28 23:11:01,Delete Product: Hotel Stay - Crowne Plaza Melbourn
11746,2348121,2024-12-28 23:12:33,Delete Product: Hotel Stay - Crowne Plaza Melbourn
11747,2348121,2024-12-28 23:12:55,Delete Product: Hotel Stay - Novotel Sydney Darlin
11748,2348121,2024-12-28 23:13:13,Delete Product: Hotel Stay - Novotel Sydney Darlin
11795,2348128,2024-12-29 02:09:06,New Quote with Stage Created
11796,2348128,2024-12-29 02:13:04,Add Product: Arrive Auckland - Transfer from Auckl
11797,2348128,2024-12-29 02:13:04,Add Product: Dinner at Indian Restaurant
11798,2348128,2024-12-29 02:13:04,Add Product: Hotel Stay - Holiday inn Express Auck
11799,2348128,2024-12-29 02:18:07,Add Product: Coach for 10 Hrs - Auckland City Cent
11800,2348128,2024-12-29 02:18:07,Add Product: Lunch at Indian Restaurant
11801,2348128,2024-12-29 02:18:07,Add Product: Sky Tower Observation Deck Ticket
11802,2348128,2024-12-29 02:18:08,Add Product: Dinner at Indian Restaurant
11803,2348128,2024-12-29 02:18:08,Add Product: Hotel Stay - Holiday inn Express Auck
11804,2348128,2024-12-29 02:28:45,Add Product: Coach for 12 Hrs - Auckland to Rotoru
11805,2348128,2024-12-29 02:28:45,Add Product: Waitomo GlowWorm Caves - Admission Ti
11806,2348128,2024-12-29 02:28:45,Add Product: Lunch at Roseland 
11807,2348128,2024-12-29 02:28:45,Add Product: Dinner at Indian Restaurant 
11808,2348128,2024-12-29 02:28:45,Add Product: Hotel Stay - Sudima LakeRotorua or Si
11809,2348128,2024-12-29 02:28:45,Add Product: Coach for 12 Hrs - Hobbiton and te pu
11810,2348128,2024-12-29 02:28:45,Add Product: Hobbiton Movie Set Tour - Admission T
11811,2348128,2024-12-29 02:28:45,Add Product: Lunch at Indian Restaurant 
11812,2348128,2024-12-29 02:28:45,Add Product: Te Ra Guided Experience Ticket
11813,2348128,2024-12-29 02:28:45,Add Product: Dinner at Indian Restaurant 
11814,2348128,2024-12-29 02:28:45,Add Product: Hotel Stay - Sudima LakeRotorua or Si
11815,2348128,2024-12-29 02:28:45,Add Product: Depart Rotorua - Transfer from Rotoru
11828,2348129,2024-12-12 02:44:27,New Quote with Stage Created
11829,2348129,2024-12-12 02:45:36,Add Product: Hotel Stay - Double Tree by Hilton Qu
11830,2348129,2024-12-25 00:46:40,Change Stage to Accepted - Groups
11831,2348129,2024-12-25 00:53:37,Add Product: Hotel Stay - Double Tree by Hilton Qu
11832,2348129,2024-12-25 00:53:37,Add Product: Hotel Stay - Double Tree by Hilton Qu
11833,2348129,2024-12-25 00:53:37,Add Product: Hotel Stay - Double Tree by Hilton Qu
11834,2348129,2024-12-25 00:54:28,Add Product: Hotel Stay - Double Tree by Hilton Qu
11835,2348129,2024-12-27 22:13:36,Add Product: Skyline Gondola & 3 Luge Rides Ticket
11836,2348129,2024-12-27 22:21:15,Add Product: Shotover Jet - 25 Minutes (Ticket)
11837,2348129,2024-12-27 22:26:05,Add Product: Arrowtown Museum Entry
11838,2348129,2024-12-27 22:26:36,Delete Product: Arrowtown Museum Entry
11839,2348129,2024-12-27 22:27:06,Add Product: Arrowtown Museum Entry
11840,2348129,2024-12-27 22:44:12,Add Product: Kawaru Bridge - Zipride
11841,2348129,2024-12-27 22:49:32,Add Product: Admission to Minus 5 Ice Bar with 01 
11842,2348129,2024-12-27 22:56:23,Add Product: Nomad safari - Quad safari
11843,2348129,2024-12-27 23:25:48,Add Product: Milford Sound Nature Cruise - 1.15 PM
11844,2348129,2024-12-27 23:38:43,Delete Product: Hotel Stay - Double Tree by Hilton
11845,2348129,2024-12-27 23:54:10,Add Product: Puzzling World | Entry Tickets - illu
11846,2348129,2024-12-27 23:56:54,Add Product: Distinction Mackenzie Country Hotel w
11847,2348129,2024-12-28 00:03:50,Add Product: Mantra Legends with Breakfast
11848,2348129,2024-12-28 00:08:17,Add Product: HCL5 -Alpine Vista
11849,2348129,2024-12-28 00:11:29,Add Product: General Admission to International An
11850,2348129,2024-12-28 00:13:51,Add Product: Parkview on Hagley with Breakfast
11851,2348129,2024-12-28 00:16:21,Add Product: Whale Watch Kaikoura
11852,2348129,2024-12-28 00:20:11,Add Product: Parkview on Hagley with Breakfast
11853,2348129,2024-12-28 00:31:29,Add Product: Private Transfer from Queenstown Airp
11854,2348129,2024-12-28 00:33:20,Add Product: Inner City Transfer - Point to Point 
11855,2348129,2024-12-28 00:34:01,Add Product: South Island Coach on Disposal (Upto 
11856,2348129,2024-12-28 16:11:50,Add Product: Car Hire - South Island
11944,2348162,2024-12-12 02:44:27,New Quote with Stage Created
11945,2348162,2024-12-12 02:45:36,Add Product: Hotel Stay - Double Tree by Hilton Qu
11946,2348162,2024-12-25 00:46:40,Change Stage to Accepted - Groups
11947,2348162,2024-12-25 00:53:37,Add Product: Hotel Stay - Double Tree by Hilton Qu
11948,2348162,2024-12-25 00:53:37,Add Product: Hotel Stay - Double Tree by Hilton Qu
11949,2348162,2024-12-25 00:53:37,Add Product: Hotel Stay - Double Tree by Hilton Qu
11950,2348162,2024-12-25 00:54:28,Add Product: Hotel Stay - Double Tree by Hilton Qu
11951,2348162,2024-12-27 22:13:36,Add Product: Skyline Gondola & 3 Luge Rides Ticket
11952,2348162,2024-12-27 22:21:15,Add Product: Shotover Jet - 25 Minutes (Ticket)
11953,2348162,2024-12-27 22:26:05,Add Product: Arrowtown Museum Entry
11954,2348162,2024-12-27 22:26:36,Delete Product: Arrowtown Museum Entry
11955,2348162,2024-12-27 22:27:06,Add Product: Arrowtown Museum Entry
11956,2348162,2024-12-27 22:44:12,Add Product: Kawaru Bridge - Zipride
11957,2348162,2024-12-27 22:49:32,Add Product: Admission to Minus 5 Ice Bar with 01 
11958,2348162,2024-12-27 22:56:23,Add Product: Nomad safari - Quad safari
11959,2348162,2024-12-27 23:25:48,Add Product: Milford Sound Nature Cruise - 1.15 PM
11960,2348162,2024-12-27 23:38:43,Delete Product: Hotel Stay - Double Tree by Hilton
11961,2348162,2024-12-27 23:54:10,Add Product: Puzzling World | Entry Tickets - illu
11962,2348162,2024-12-27 23:56:54,Add Product: Distinction Mackenzie Country Hotel w
11963,2348162,2024-12-28 00:03:50,Add Product: Mantra Legends with Breakfast
11964,2348162,2024-12-28 00:08:17,Add Product: HCL5 -Alpine Vista
11965,2348162,2024-12-28 00:11:29,Add Product: General Admission to International An
11966,2348162,2024-12-28 00:13:51,Add Product: Parkview on Hagley with Breakfast
11967,2348162,2024-12-28 00:16:21,Add Product: Whale Watch Kaikoura
11968,2348162,2024-12-28 00:20:11,Add Product: Parkview on Hagley with Breakfast
11969,2348162,2024-12-28 00:31:29,Add Product: Private Transfer from Queenstown Airp
11970,2348162,2024-12-28 00:33:20,Add Product: Inner City Transfer - Point to Point 
11971,2348162,2024-12-28 00:34:01,Add Product: South Island Coach on Disposal (Upto 
11972,2348162,2024-12-28 16:11:50,Add Product: Car Hire - South Island
12089,2348174,2024-12-30 17:20:42,New Quote with Stage Created
12090,2348174,2024-12-30 17:26:49,Import CSV - Products
12091,2348174,2024-12-30 17:29:55,Import CSV - Products
12092,2348174,2024-12-30 17:31:52,Delete Product: Eureka Skydeck 88 - with Edge Expe
12093,2348174,2024-12-30 17:32:27,Delete Product: Coach for 10 hours Puffing Billy &
12094,2348174,2024-12-30 17:33:18,Delete Product: Eureka Skydeck 88 Entry Ticket
12095,2348174,2024-12-30 17:35:23,Delete Product: Eureka Skydeck 88 Entry Ticket
12096,2348174,2024-12-30 17:40:36,Delete Product: Coach for 12 hours to Great Ocean 
12097,2348174,2024-12-30 17:41:09,Delete Product: Melbourne Magic: City Discovery + 
12098,2348174,2024-12-30 17:49:13,Delete Product: Penguin Parade - Standard Viewing 
12099,2348174,2024-12-30 17:49:41,Delete Product: Coach for 12 hours to Phillip Isla
12100,2348174,2024-12-30 17:56:35,Delete Product: Coach for 10 hours Puffing Billy &
12101,2348174,2024-12-30 17:58:27,Delete Product: Penguin Parade - Standard Viewing 
12102,2348174,2024-12-30 17:59:16,Delete Product: Melbourne Cricket Ground - Austral
12103,2348174,2024-12-30 18:00:26,Delete Product: Hotel Grand Chancellor / Mercure S
12104,2348174,2024-12-30 18:00:51,Delete Product: Haldi Indian Restaurant - Lunch
12105,2348174,2024-12-30 18:01:16,Delete Product: GOR-B - Great Ocean Road Experienc
12106,2348174,2024-12-30 18:01:46,Delete Product: Hotel Grand Chancellor / Mercure S
12107,2348174,2024-12-30 18:02:11,Delete Product: Mebourne Hotel to Airport Transfer
12108,2348174,2024-12-30 18:04:34,Delete Product: Best Of Both Worlds (Movie World +
12109,2348174,2024-12-30 18:08:10,Delete Product: Vibe Hotel Gold Coast with Breakfa
12110,2348174,2024-12-30 18:16:24,Delete Product: Vibe Hotel Gold Coast with Breakfa
12111,2348174,2024-12-30 18:20:22,Delete Product: Asian/Western/Chinese 2 course lun
12112,2348174,2024-12-30 18:21:06,Delete Product: Sfrs Htl to Movie World/Dreamworld
12113,2348174,2024-12-30 18:25:07,Delete Product: Vibe Hotel Gold Coast with Breakfa
12114,2348174,2024-12-30 18:26:04,Delete Product: Sfrs Htl to Sea World return & Din
12115,2348174,2024-12-30 18:27:05,Delete Product: Coach for 4 hours for shopping inc
12116,2348174,2024-12-30 18:59:41,Delete Product: Asian/Western/Chinese 2 course lun
12117,2348174,2024-12-30 19:06:52,Delete Product: Transfer from Airport-Hotel (25 Pa
12118,2348174,2024-12-30 19:08:10,Delete Product: Blue Mountain Express - Full Day T
12119,2348174,2024-12-30 19:08:44,Delete Product: Cluster 4: 4 Attraction Pass (Only
12120,2348174,2024-12-30 19:12:41,Delete Product: Thunder Thrill Jetboating Ride - 3
12121,2348174,2024-12-30 19:16:55,Delete Product: Blue Mountain Express - Full Day T
12122,2348174,2024-12-30 19:19:59,Delete Product: Sydney Opera House Tour - 1 hour E
12123,2348174,2024-12-30 19:22:06,Delete Product: Thunder Thrill Jetboating Ride - 3
12124,2348174,2024-12-30 19:22:49,Delete Product: Cluster 4: 4 Attraction Pass (Only
12125,2348174,2024-12-30 19:23:20,Delete Product: Sydney Opera House Tour - 1 hour E
12126,2348174,2024-12-30 19:25:17,Delete Product: Sydney Opera House Tour - 1 hour E
12127,2348174,2024-12-30 19:25:41,Delete Product: Cluster 2: 2 Attraction Pass - (wi
12128,2348174,2024-12-30 19:27:09,Delete Product: Private transfer from Airport to H
12129,2348174,2024-12-30 19:29:54,Delete Product: Furama Darling Harbour with Breakf
12130,2348174,2024-12-30 19:33:03,Delete Product: Furama Darling Harbour with Breakf
12131,2348174,2024-12-30 19:35:18,Delete Product: GOR-B - Great Ocean Road Experienc
12132,2348174,2024-12-30 20:35:20,Add Product: Hotel Stay - Mercure Melbourne Southb
12133,2348174,2024-12-30 20:35:20,Add Product: Hotel Stay - Mercure Melbourne Southb
12134,2348174,2024-12-30 20:35:20,Add Product: Hotel Stay - Mercure Melbourne Southb
12135,2348174,2024-12-30 20:36:24,Delete Product: Hotel Grand Chancellor Melbourne w
12136,2348174,2024-12-30 20:37:40,Delete Product: Hotel Grand Chancellor / Mercure S
12137,2348174,2024-12-30 20:38:26,Change Stage to Created
12138,2348174,2024-12-30 20:39:26,Delete Product: Hotel Grand Chancellor / Mercure S
12139,2348174,2024-12-30 20:40:29,Delete Product: Melbourne Magic: City Discovery + 
12140,2348174,2024-12-30 20:41:05,Add Product: Penguin Parade - Standard Viewing Ent
12141,2348174,2024-12-30 20:42:36,Delete Product: Melbourne Cricket Ground - Austral
12142,2348174,2024-12-30 21:05:28,Add Product: Lunch at Indian Restaurant
12143,2348174,2024-12-30 21:05:28,Add Product: Dinner at local Indian Restaurant
12144,2348174,2024-12-30 21:05:28,Add Product: Dinner at local Indian Restaurant
12145,2348174,2024-12-30 21:05:28,Add Product: Dinner at local Indian Restaurant
12146,2348174,2024-12-30 21:05:28,Add Product: Lunch at local Indian Restaurant
12147,2348174,2024-12-30 21:06:08,Add Product: Cluster 3: 3 Attraction Pass  (with S
12148,2348174,2024-12-30 21:14:16,Add Product: Lunch @Eats 270
12149,2348174,2024-12-30 21:18:07,Add Product: Dinner at Indian Restaurant
12150,2348174,2024-12-30 21:23:22,Add Product: Depart Gold Coast - Transfer from Gol
12151,2348174,2024-12-30 21:24:16,Delete Product: Asian/Western/Chinese 2 course din
12280,2348182,2024-10-06 00:27:05,Accepted - Groups
12281,2348182,2024-12-06 12:54:51,Add Product: Sudima Lake Rotorua Hotel with Breakf
12282,2348182,2024-12-06 12:54:51,Add Product: Sudima Lake Rotorua Hotel with Breakf
12283,2348182,2024-12-06 12:56:14,Delete Product: Rydges Rotorua
12284,2348182,2024-12-06 12:59:26,Add Product: Kingsgate Hotel Autolodge Paihia with
12285,2348182,2024-12-06 12:59:26,Add Product: Kingsgate Hotel Autolodge Paihia with
12286,2348182,2024-12-06 13:00:38,Delete Product:  Scenic Hotel BOI 
12287,2348182,2024-12-06 13:01:15,Delete Product: Scenic Hotel BOI
12288,2348182,2024-12-06 13:04:30,Add Product: Helicopter Ride with Snow Landing - 2
12289,2348182,2024-12-06 13:05:08,Delete Product: Helicopter Ride with Snow Landing 
12290,2348182,2024-12-06 13:06:34,Delete Product: Rydges Rotorua
12291,2348182,2024-12-06 22:52:02,Change Stage to Accepted - Groups
12292,2348182,2024-12-07 03:47:22,Add Product: Hotel Stay - Holiday inn Frankton or 
12293,2348182,2024-12-07 03:47:22,Add Product: Hotel Stay - Holiday inn Frankton or 
12294,2348182,2024-12-07 03:47:22,Add Product: Hotel Stay - Holiday inn Frankton or 
12295,2348182,2024-12-07 03:47:23,Add Product: Hotel Stay - Fable Hotel Christchurch
12296,2348182,2024-12-07 03:47:23,Add Product: Hotel Stay - Copthorne Hotel Bay of I
12297,2348182,2024-12-07 03:47:23,Add Product: Hotel Stay - Copthorne Hotel Bay of I
12298,2348182,2024-12-07 03:47:23,Add Product: Hotel Stay - Sudima Lake Rotorua or S
12299,2348182,2024-12-07 03:47:23,Add Product: Hotel Stay - Sudima Lake Rotorua or S
12300,2348182,2024-12-07 03:48:36,Delete Product:  Holiday Inn Remarkable Queenstown
12301,2348182,2024-12-07 03:49:43,Delete Product: Holiday Inn Remarkable Queenstown
12302,2348182,2024-12-07 03:50:31,Delete Product: Holiday Inn Remarkable Queenstown
12303,2348182,2024-12-07 03:52:11,Delete Product:  Fable Christchurch
12304,2348182,2024-12-07 03:53:21,Delete Product: Kingsgate Hotel Autolodge Paihia w
12305,2348182,2024-12-07 03:55:59,Delete Product: Kingsgate Hotel Autolodge Paihia w
12306,2348182,2024-12-07 03:56:52,Delete Product: Sudima Lake Rotorua Hotel with Bre
12307,2348182,2024-12-07 03:57:28,Delete Product: Sudima Lake Rotorua Hotel with Bre
12308,2348182,2024-12-11 22:33:44,Change Stage to Accepted - Groups
12309,2348182,2024-12-11 22:45:06,Add Product: FoC for TM
12310,2348182,2024-12-11 22:46:38,Change Stage to Accepted - Groups
12311,2348182,2024-12-11 22:48:12,Change Stage to Accepted - Groups
12312,2348182,2024-12-30 20:04:36,Change Stage to Accepted - Groups
12313,2348182,2024-12-30 22:56:35,Add Product: Dinner at Indian Restaurant 
12314,2348182,2024-12-30 22:56:35,Add Product: Lunch at Indian Restaurant 
12315,2348182,2024-12-30 22:56:35,Add Product: Dinner at Indian Restaurant
12316,2348182,2024-12-30 23:00:11,Add Product: Skyline Gondola & 3 Luge Rides Ticket
12317,2348182,2024-12-30 23:01:39,Delete Product: Orientation tour of Queenstown wit
12318,2348182,2024-12-30 23:25:49,Add Product: Dinner at Indian restaurant
12319,2348182,2024-12-30 23:28:47,Add Product: Lunch at Indian Restaurant
12320,2348182,2024-12-30 23:28:47,Add Product: Dinner at Indian Restaurant
12321,2348182,2024-12-30 23:28:47,Add Product: Lunch at Indian Restaurant
12322,2348182,2024-12-30 23:28:47,Add Product: Dinner at Indian Restaurant
12323,2348182,2024-12-30 23:33:36,Add Product: Lunch at Indian Restaurant or Packed 
12324,2348182,2024-12-30 23:33:36,Add Product: Dinner at Indian Restaurant
12325,2348182,2024-12-30 23:38:43,Add Product: Lunch at Indian Restaurant 
12326,2348182,2024-12-30 23:38:43,Add Product: Dinner at Indian Restaurant
12327,2348182,2024-12-30 23:38:43,Add Product: Lunch at Indian Restaurant
12328,2348182,2024-12-30 23:38:43,Add Product: Dinner at Indian Restaurant 
12329,2348182,2024-12-30 23:38:43,Add Product: Lunch at Indian Restaurant 
12330,2348182,2024-12-30 23:38:43,Add Product: Dinner at Indian Restaurant
12331,2348182,2024-12-30 23:43:05,Change Stage to Accepted - Groups
12412,2348186,2024-12-31 01:45:30,New Quote with Stage Created
12413,2348186,2024-12-31 01:59:54,Add Product: Arrive Melbourne - Transfer from Melb
12414,2348186,2024-12-31 01:59:54,Add Product: Hotel Stay - Mercure Melbourne Southb
12415,2348186,2024-12-31 02:21:01,Add Product: Coach for 12 hrs - Philip Island Tour
12416,2348186,2024-12-31 02:21:01,Add Product: Penguin Parade - Standard Viewing Ent
12417,2348186,2024-12-31 02:21:01,Add Product: Indian Lunch
12418,2348186,2024-12-31 02:21:01,Add Product: Indian Dinner 
12419,2348186,2024-12-31 02:21:01,Add Product: Hotel Stay - Mercure Melbourne Southb
12420,2348186,2024-12-31 02:24:54,Add Product: Phillip Island Chocolate Factory - Ad
12421,2348186,2024-12-31 02:24:54,Add Product: Melbourne Cricket Ground - MCG Tour (
12422,2348186,2024-12-31 02:47:08,Add Product: Depart Melbourne - Transfer from Melb
12423,2348186,2024-12-31 02:47:08,Add Product: Arrive Brisbane - Transfer from Brisb
12424,2348186,2024-12-31 02:47:08,Add Product: Brisbane City Tour - Guide for 02 Hr
12425,2348186,2024-12-31 02:47:08,Add Product: Best Of Both Worlds (Movie World + Se
12426,2348186,2024-12-31 02:47:08,Add Product: Movie World - Maxi Meal
12427,2348186,2024-12-31 02:47:08,Add Product: Indian Dinner 
12428,2348186,2024-12-31 02:47:08,Add Product: Hotel Stay - Novotel surfers paradise
12429,2348186,2024-12-31 03:17:20,Add Product: Coach for 08 Hrs - University Visit +
12430,2348186,2024-12-31 03:17:20,Add Product: Movie World Admission Ticket
12431,2348186,2024-12-31 03:17:20,Add Product: Sea World - Maxi Meal
12432,2348186,2024-12-31 03:17:20,Add Product: Indian Dinner 
12433,2348186,2024-12-31 03:17:20,Add Product: Hotel Stay - Novotel surfers paradise
12434,2348186,2024-12-31 03:30:37,Add Product: Depart Gold Coast - Transfer from Gol
12435,2348186,2024-12-31 03:30:37,Add Product: Arrive Sydney - Airport Transfer + Ci
12436,2348186,2024-12-31 03:30:37,Add Product: Sydney City Tour - 04 Hrs 
12437,2348186,2024-12-31 03:30:37,Add Product: Sydney Opera House Tour - 1 hour Entr
12438,2348186,2024-12-31 03:30:37,Add Product: Indian Lunch 
12439,2348186,2024-12-31 03:30:37,Add Product: Indian Dinner 
12440,2348186,2024-12-31 03:30:37,Add Product: Hotel Stay - Sydney Central Ascott Li
12441,2348186,2024-12-31 03:37:04,Add Product: Coach for 12 Hrs - Full Day Blue moun
12442,2348186,2024-12-31 03:37:04,Add Product: Scenic World - Ultimate Discovery Pas
12443,2348186,2024-12-31 03:37:04,Add Product: Lunch at Eats270
12444,2348186,2024-12-31 03:37:04,Add Product: Sydney Zoo Entry Tickets
12445,2348186,2024-12-31 03:37:04,Add Product: Indian Dinner 
12446,2348186,2024-12-31 03:37:04,Add Product: Hotel Stay - Sydney Central Ascott Li
12447,2348186,2024-12-31 03:43:51,Add Product: Coach for 10 Hrs - Factory Visit + Po
12448,2348186,2024-12-31 03:43:51,Add Product: Taronga Zoo  -  General Zoo Entry Tic
12449,2348186,2024-12-31 03:43:51,Add Product: Indian lunch 
12450,2348186,2024-12-31 03:43:51,Add Product: Indian Dinner 
12451,2348186,2024-12-31 03:43:51,Add Product: Hotel Stay - Sydney Central Ascott Li
12452,2348186,2024-12-31 03:43:51,Add Product: Depart Sydney - Transfer from Sydney 
12506,2348192,2024-12-30 22:01:47,New Quote with Stage Created
12507,2348192,2024-12-30 22:03:16,Add Product: Arrive Melbourne - Transfer from Melb
12508,2348192,2024-12-30 22:03:34,Change Stage to Created
12509,2348192,2024-12-30 22:05:05,Add Product: Dinner at Indian Restaurant
12510,2348192,2024-12-30 22:05:05,Add Product: Hotel Stay - Mercure Melbourne Southb
12511,2348192,2024-12-30 22:14:47,Add Product: Coach for 12 hours full day Great Oce
12512,2348192,2024-12-30 22:14:47,Add Product: Lunch at Appollo bay
12513,2348192,2024-12-30 22:14:47,Add Product: Dinner at Indian Restaurant
12514,2348192,2024-12-30 22:14:47,Add Product: Hotel Stay - Mercure Melbourne Southb
12515,2348192,2024-12-30 22:14:47,Add Product: City Tour + Philip Island Tour (12 Ho
12516,2348192,2024-12-30 22:14:47,Add Product: Penguin Parade - Standard Viewing Ent
12517,2348192,2024-12-30 22:14:47,Add Product: Lunch at Indian Restaurant
12518,2348192,2024-12-30 22:16:30,Add Product: Dinner at local Indian Restaurant
12519,2348192,2024-12-30 22:16:30,Add Product: Hotel stay - Mercure Melbourne or sim
12520,2348192,2024-12-30 22:19:05,Add Product: Depart Melbourne - Transfer from Melb
12521,2348192,2024-12-30 22:19:05,Add Product: Cairns Airport to Cairns Hotel Transf
12522,2348192,2024-12-30 22:19:05,Add Product: Dinner at local Indian Restaurant
12523,2348192,2024-12-30 22:53:00,Delete Product: Coach for 12 hours full day Great 
12524,2348192,2024-12-30 23:00:08,Delete Product: Cairns Harbourside Hotel with brea
12525,2348192,2024-12-30 23:01:09,Delete Product: Cairns Harbourside Hotel with brea
12526,2348192,2024-12-30 23:04:02,Delete Product: Cairns Harbourside Hotel with brea
12527,2348192,2024-12-30 23:08:49,Delete Product: Cairns Harbourside Hotel with brea
12528,2348192,2024-12-30 23:45:56,Delete Product: Dinner
12529,2348192,2024-12-31 00:04:42,Delete Product: Best of Both Worlds Packages (Movi
12530,2348192,2024-12-31 00:09:31,Delete Product: Cluster 2: 2 Attraction Pass - (wi
12531,2348192,2024-12-31 00:10:10,Delete Product: Thunder Thrill Jetboating Ride - 3
12532,2348192,2024-12-31 00:10:35,Delete Product: Sydney Opera House Tour - 1 hour E
12533,2348192,2024-12-31 00:10:56,Delete Product: 12 Hours Vehicle - Opera House +  
12534,2348192,2024-12-31 00:16:43,Add Product: Hotel Stay - Sydney Central Ascott Li
12535,2348192,2024-12-31 00:17:21,Add Product: Hotel Stay with breakfast 
12536,2348192,2024-12-31 00:18:32,Add Product: Hotel Stay - Sydney Central Ascott Li
12537,2348192,2024-12-31 00:21:10,Delete Product: Lunch
12538,2348192,2024-12-31 00:24:42,Add Product: lunch at Blue mountain
12539,2348192,2024-12-31 00:26:56,Delete Product: DD4WL - 1 hr Sandboarding & 1.5 hr
12540,2348192,2024-12-31 00:36:59,Delete Product: I009 - BOT - Pass :Dream world + S
12541,2348192,2024-12-31 00:42:24,Add Product: Mercure Melbourne Southbank with Brea
12542,2348192,2024-12-31 00:46:09,Add Product: Hotel Stay - Harbourside cairns or Si
12543,2348192,2024-12-31 00:46:09,Add Product: Hotel Stay - Harbourside cairns or Si
12544,2348192,2024-12-31 00:46:09,Add Product: Hotel Stay - Harbourside cairns or Si
12545,2348192,2024-12-31 00:50:50,Delete Product: Hotel Stay - Harbourside cairns or
12546,2348192,2024-12-31 16:27:11,Delete Product: De Bortoli - Gourmet Wine & Cheese
12547,2348192,2024-12-31 16:28:14,Delete Product: Puffing Billy Train & Yarra Valley
12548,2348192,2024-12-31 16:46:54,Delete Product: SUNLOVER - FITZROY ISLAND FULL DAY
12549,2348192,2024-12-31 16:52:39,Add Product:  Coach for Cairns Inner City return t
12550,2348192,2024-12-31 16:57:37,Delete Product: Movie World Admission Ticket
12551,2348192,2024-12-31 17:09:43,Delete Product: Lunch @ Nine dragon
12552,2348192,2024-12-31 17:13:30,Add Product: water bottle per day per person 2 
12576,2348194,2024-12-30 22:01:47,New Quote with Stage Created
12577,2348194,2024-12-30 22:03:16,Add Product: Arrive Melbourne - Transfer from Melb
12578,2348194,2024-12-30 22:03:34,Change Stage to Created
12579,2348194,2024-12-30 22:05:05,Add Product: Dinner at Indian Restaurant
12580,2348194,2024-12-30 22:05:05,Add Product: Hotel Stay - Mercure Melbourne Southb
12581,2348194,2024-12-30 22:14:47,Add Product: Coach for 12 hours full day Great Oce
12582,2348194,2024-12-30 22:14:47,Add Product: Lunch at Appollo bay
12583,2348194,2024-12-30 22:14:47,Add Product: Dinner at Indian Restaurant
12584,2348194,2024-12-30 22:14:47,Add Product: Hotel Stay - Mercure Melbourne Southb
12585,2348194,2024-12-30 22:14:47,Add Product: City Tour + Philip Island Tour (12 Ho
12586,2348194,2024-12-30 22:14:47,Add Product: Penguin Parade - Standard Viewing Ent
12587,2348194,2024-12-30 22:14:47,Add Product: Lunch at Indian Restaurant
12588,2348194,2024-12-30 22:16:30,Add Product: Dinner at local Indian Restaurant
12589,2348194,2024-12-30 22:16:30,Add Product: Hotel stay - Mercure Melbourne or sim
12590,2348194,2024-12-30 22:19:05,Add Product: Depart Melbourne - Transfer from Melb
12591,2348194,2024-12-30 22:19:05,Add Product: Cairns Airport to Cairns Hotel Transf
12592,2348194,2024-12-30 22:19:05,Add Product: Dinner at local Indian Restaurant
12593,2348194,2024-12-30 22:53:00,Delete Product: Coach for 12 hours full day Great 
12594,2348194,2024-12-30 23:00:08,Delete Product: Cairns Harbourside Hotel with brea
12595,2348194,2024-12-30 23:01:09,Delete Product: Cairns Harbourside Hotel with brea
12596,2348194,2024-12-30 23:04:02,Delete Product: Cairns Harbourside Hotel with brea
12597,2348194,2024-12-30 23:08:49,Delete Product: Cairns Harbourside Hotel with brea
12598,2348194,2024-12-30 23:45:56,Delete Product: Dinner
12599,2348194,2024-12-31 00:04:42,Delete Product: Best of Both Worlds Packages (Movi
12600,2348194,2024-12-31 00:09:31,Delete Product: Cluster 2: 2 Attraction Pass - (wi
12601,2348194,2024-12-31 00:10:10,Delete Product: Thunder Thrill Jetboating Ride - 3
12602,2348194,2024-12-31 00:10:35,Delete Product: Sydney Opera House Tour - 1 hour E
12603,2348194,2024-12-31 00:10:56,Delete Product: 12 Hours Vehicle - Opera House +  
12604,2348194,2024-12-31 00:16:43,Add Product: Hotel Stay - Sydney Central Ascott Li
12605,2348194,2024-12-31 00:17:21,Add Product: Hotel Stay with breakfast 
12606,2348194,2024-12-31 00:18:32,Add Product: Hotel Stay - Sydney Central Ascott Li
12607,2348194,2024-12-31 00:21:10,Delete Product: Lunch
12608,2348194,2024-12-31 00:24:42,Add Product: lunch at Blue mountain
12609,2348194,2024-12-31 00:26:56,Delete Product: DD4WL - 1 hr Sandboarding & 1.5 hr
12610,2348194,2024-12-31 00:36:59,Delete Product: I009 - BOT - Pass :Dream world + S
12611,2348194,2024-12-31 00:42:24,Add Product: Mercure Melbourne Southbank with Brea
12612,2348194,2024-12-31 00:46:09,Add Product: Hotel Stay - Harbourside cairns or Si
12613,2348194,2024-12-31 00:46:09,Add Product: Hotel Stay - Harbourside cairns or Si
12614,2348194,2024-12-31 00:46:09,Add Product: Hotel Stay - Harbourside cairns or Si
12615,2348194,2024-12-31 00:50:50,Delete Product: Hotel Stay - Harbourside cairns or
12616,2348194,2024-12-31 16:27:11,Delete Product: De Bortoli - Gourmet Wine & Cheese
12617,2348194,2024-12-31 16:28:14,Delete Product: Puffing Billy Train & Yarra Valley
12618,2348194,2024-12-31 16:46:54,Delete Product: SUNLOVER - FITZROY ISLAND FULL DAY
12619,2348194,2024-12-31 16:52:39,Add Product:  Coach for Cairns Inner City return t
12620,2348194,2024-12-31 16:57:37,Delete Product: Movie World Admission Ticket
12621,2348194,2024-12-31 17:09:43,Delete Product: Lunch @ Nine dragon
12622,2348194,2024-12-31 17:13:30,Add Product: water bottle per day per person 2 
12674,2348200,2024-12-31 18:47:04,New Quote with Stage Created
12675,2348200,2024-12-31 19:33:09,Import CSV - Products
12676,2348200,2024-12-31 19:44:51,Delete Product: Coach for 10 hours City tour (21-2
12677,2348200,2024-12-31 19:49:18,Add Product: Charter - City Tour 10 Hour Upto 25 S
12678,2348200,2024-12-31 19:52:17,Add Product: water bottle per day per person 2 
12679,2348200,2024-12-31 19:56:48,Delete Product: Phillip Island Chocolate Factory -
12680,2348200,2024-12-31 19:58:03,Delete Product: Penguin Parade - Standard Viewing 
12681,2348200,2024-12-31 20:01:18,Add Product: Charter - City Tour 4 Hours Upto 25 S
12682,2348200,2024-12-31 20:03:32,Delete Product: Melbourne Hotel to Airport Transfe
12683,2348200,2024-12-31 20:08:28,Delete Product: Dinner
12684,2348200,2024-12-31 20:20:41,Add Product: Inner Cairns City Transfer (One Way) 
12685,2348200,2024-12-31 20:29:09,Add Product: Brisbane Airport to Half Day Sightsee
12686,2348200,2024-12-31 20:32:34,Add Product: Airport Transfer - Hotel to Cairns Ai
12687,2348200,2024-12-31 21:23:42,Delete Product: Asian/Western/Chinese 2 course lun
12688,2348200,2024-12-31 21:26:42,Add Product: Surfers Paradise Hotel to Brisbane Ai
12709,2348204,2024-12-31 18:47:04,New Quote with Stage Created
12710,2348204,2024-12-31 19:33:09,Import CSV - Products
12711,2348204,2024-12-31 19:44:51,Delete Product: Coach for 10 hours City tour (21-2
12712,2348204,2024-12-31 19:49:18,Add Product: Charter - City Tour 10 Hour Upto 25 S
12713,2348204,2024-12-31 19:52:17,Add Product: water bottle per day per person 2 
12714,2348204,2024-12-31 19:56:48,Delete Product: Phillip Island Chocolate Factory -
12715,2348204,2024-12-31 19:58:03,Delete Product: Penguin Parade - Standard Viewing 
12716,2348204,2024-12-31 20:01:18,Add Product: Charter - City Tour 4 Hours Upto 25 S
12717,2348204,2024-12-31 20:03:32,Delete Product: Melbourne Hotel to Airport Transfe
12718,2348204,2024-12-31 20:08:28,Delete Product: Dinner
12719,2348204,2024-12-31 20:20:41,Add Product: Inner Cairns City Transfer (One Way) 
12720,2348204,2024-12-31 20:29:09,Add Product: Brisbane Airport to Half Day Sightsee
12721,2348204,2024-12-31 20:32:34,Add Product: Airport Transfer - Hotel to Cairns Ai
12722,2348204,2024-12-31 21:23:42,Delete Product: Asian/Western/Chinese 2 course lun
12723,2348204,2024-12-31 21:26:42,Add Product: Surfers Paradise Hotel to Brisbane Ai
12724,2348204,2024-12-31 22:54:24,Delete Product: Melbourne Cricket Ground - MCG Tou
12725,2348204,2024-12-31 23:22:02,Add Product: Hotel Stay - Sydney Central Ascott Li
12749,2348207,2024-12-31 22:01:35,New Quote with Stage Created
12750,2348207,2024-12-31 22:02:02,Change Stage to Created
12751,2348207,2024-12-31 22:13:00,Import CSV - Products
12752,2348207,2024-12-31 22:18:47,Delete Product: Gaylord Indian Restaurant - Dinner
12753,2348207,2024-12-31 22:27:58,Add Product: City Tour + Philip Island Tour (12 Ho
12754,2348207,2024-12-31 22:33:45,Delete Product: Private Transfer from Hotel to Fre
12755,2348207,2024-12-31 22:35:43,Add Product: Hotel to Freshwater Station(One Way) 
12756,2348207,2024-12-31 22:38:59,Delete Product: Hotel to Freshwater Station(One Wa
12757,2348207,2024-12-31 22:44:19,Add Product: coach for 6 hrs
12758,2348207,2024-12-31 22:51:49,Add Product: Coach for Cairns Inner City return tr
12759,2348207,2024-12-31 22:54:56,Delete Product: FULL DAY GREEN ISLAND REEF CRUISE 
12760,2348207,2024-12-31 23:01:07,Delete Product: Sea World - Maxi Meal
12761,2348207,2024-12-31 23:17:22,Add Product: Vehicle for 10 hrs
12762,2348207,2024-12-31 23:29:18,Add Product: Blue  mountain coach for 12 hrs 
12763,2348207,2024-12-31 23:33:48,Add Product: Airport drop 
12764,2348207,2024-12-31 23:38:31,Add Product: vehicle for 4 hrs 
12951,2348210,2024-12-30 22:38:51,New Quote with Stage Created
12952,2348210,2024-12-30 22:40:04,Add Product: Arrive Auckland  - Transfer to Hotel 
12953,2348210,2025-01-01 03:05:41,Add Product: Indian Lunch
12954,2348210,2025-01-01 03:05:41,Add Product: Indian Dinner
12955,2348210,2025-01-01 03:05:41,Add Product: Hotel Stay - Holiday Inn Express Auck
12956,2348210,2025-01-01 03:09:52,Add Product: Coach for 10 Hrs - Auckland City Tour
12957,2348210,2025-01-01 03:09:52,Add Product: Sky Tower Observation Deck Ticket
12958,2348210,2025-01-01 03:09:52,Add Product: Lunch at Indian Restaurant
12959,2348210,2025-01-01 03:09:52,Add Product: Dinner at Dinner Restaurant 
12960,2348210,2025-01-01 03:09:52,Add Product: Holiday Inn Express Auckland City Cen
12961,2348210,2025-01-01 03:14:09,Add Product: Coach for 10 Hrs - Auckland To Rotoru
12962,2348210,2025-01-01 03:14:09,Add Product: Waitomo GlowWorm Caves - Admission Ti
12963,2348210,2025-01-01 03:14:09,Add Product: Te Ra Guided Experience Ticket
12964,2348210,2025-01-01 03:14:09,Add Product: Distinction Hotel Rotorua or Similar 
12965,2348210,2025-01-01 03:25:07,Add Product: Transfer from Rotorua Hotel to Rotoru
12966,2348210,2025-01-01 03:25:07,Add Product: Transfer from Queenstown Airport to Q
12967,2348210,2025-01-01 03:25:07,Add Product: Lunch at Indian Restaurant
12968,2348210,2025-01-01 03:25:07,Add Product: Dinner at Indian Restaurant 
12969,2348210,2025-01-01 03:25:08,Add Product: Hotel Stay - Holiday Inn Express & Su
12970,2348210,2025-01-01 03:30:35,Add Product: Coach for 12 Hrs - Full Day Milford S
12971,2348210,2025-01-01 03:30:35,Add Product: Milford Sound Nature Cruise Ticket & 
12972,2348210,2025-01-01 03:30:35,Add Product: Dinner at Indian Restaurant 
12973,2348210,2025-01-01 03:30:35,Add Product: Hotel Stay - Holiday Inn Express & Su
12974,2348210,2025-01-01 03:32:36,Add Product: Coach for 10 Hrs - Queenstown to Twiz
12975,2348210,2025-01-01 03:32:36,Add Product: Hotel Stay - Distinction Mackenzie Co
12976,2348210,2025-01-01 03:34:34,Add Product: Coach for 10 Hrs - Twizel to Christch
12977,2348210,2025-01-01 03:34:34,Add Product: Distinction Hotel Christchurch or Sim
12978,2348210,2025-01-01 03:35:48,Add Product: Depart Christchurch - Transfer from C
12979,2348210,2025-01-01 03:39:02,Add Product: Lunch at Indian Restaurant
12980,2348210,2025-01-01 03:39:02,Add Product: Dinner at Indian Restaruant 
12981,2348210,2025-01-01 03:39:02,Add Product: Lunch at Indian Restaurant
12982,2348210,2025-01-01 03:39:02,Add Product: Dinner at Indian Restaruant 
12983,2348210,2025-01-01 03:39:02,Add Product: Lunch at Indian Restaurant
12984,2348210,2025-01-01 03:39:02,Add Product: Dinner at Indian Restaruant 
13025,2348213,2025-01-02 15:48:31,New Quote with Stage Created
13026,2348213,2025-01-02 15:53:02,Import CSV - Products
13027,2348213,2025-01-02 15:59:04,Add Product: Arrival + lunch and transfer to hotel
13028,2348213,2025-01-02 15:59:04,Add Product: Gala dinner transfer + back to hotel 
13029,2348213,2025-01-02 16:09:27,Add Product: Lunch @ Great Ocean Road
13030,2348213,2025-01-02 16:11:30,Delete Product: Lunch
13031,2348213,2025-01-02 16:14:22,Add Product: Gala dinner 
13032,2348213,2025-01-02 16:15:23,Add Product: water bottle per day per person 2 
13033,2348213,2025-01-02 16:18:37,Delete Product: Gaylord Indian Restaurant - Dinner
13041,2348215,2025-01-02 15:48:31,New Quote with Stage Created
13042,2348215,2025-01-02 15:53:02,Import CSV - Products
13043,2348215,2025-01-02 15:59:04,Add Product: Arrival + lunch and transfer to hotel
13044,2348215,2025-01-02 15:59:04,Add Product: Gala dinner transfer + back to hotel 
13045,2348215,2025-01-02 16:09:27,Add Product: Lunch @ Great Ocean Road
13046,2348215,2025-01-02 16:11:30,Delete Product: Lunch
13047,2348215,2025-01-02 16:14:22,Add Product: Gala dinner 
13048,2348215,2025-01-02 16:15:23,Add Product: water bottle per day per person 2 
13049,2348215,2025-01-02 16:18:37,Delete Product: Gaylord Indian Restaurant - Dinner
13060,2348216,2025-01-02 15:48:31,New Quote with Stage Created
13061,2348216,2025-01-02 15:53:02,Import CSV - Products
13062,2348216,2025-01-02 15:59:04,Add Product: Arrival + lunch and transfer to hotel
13063,2348216,2025-01-02 15:59:04,Add Product: Gala dinner transfer + back to hotel 
13064,2348216,2025-01-02 16:09:27,Add Product: Lunch @ Great Ocean Road
13065,2348216,2025-01-02 16:11:30,Delete Product: Lunch
13066,2348216,2025-01-02 16:14:22,Add Product: Gala dinner 
13067,2348216,2025-01-02 16:15:23,Add Product: water bottle per day per person 2 
13068,2348216,2025-01-02 16:18:37,Delete Product: Gaylord Indian Restaurant - Dinner
13069,2348216,2025-01-02 16:32:37,Add Product: Coach for 12 hours - MCG and Free tim
13075,2348217,2025-01-02 15:48:31,New Quote with Stage Created
13076,2348217,2025-01-02 15:53:02,Import CSV - Products
13077,2348217,2025-01-02 15:59:04,Add Product: Arrival + lunch and transfer to hotel
13078,2348217,2025-01-02 15:59:04,Add Product: Gala dinner transfer + back to hotel 
13079,2348217,2025-01-02 16:09:27,Add Product: Lunch @ Great Ocean Road
13080,2348217,2025-01-02 16:11:30,Delete Product: Lunch
13081,2348217,2025-01-02 16:14:22,Add Product: Gala dinner 
13082,2348217,2025-01-02 16:15:23,Add Product: water bottle per day per person 2 
13083,2348217,2025-01-02 16:18:37,Delete Product: Gaylord Indian Restaurant - Dinner
13084,2348217,2025-01-02 16:32:37,Add Product: Coach for 12 hours - MCG and Free tim
13304,2348229,2025-01-02 21:59:53,New Quote with Stage Created
13305,2348229,2025-01-02 22:11:20,Add Product: Arrive Auckland - Transfer from Auckl
13306,2348229,2025-01-02 22:11:20,Add Product: Admission to Auckland War Museum
13307,2348229,2025-01-02 22:11:20,Add Product: Sky Tower Observation Deck Ticket
13308,2348229,2025-01-02 22:11:20,Add Product: Indian Dinner
13309,2348229,2025-01-02 22:11:20,Add Product: Hotel Stay - Holiday inn Express Auck
13310,2348229,2025-01-02 22:19:43,Add Product: Coach for 12 Hrs - Auckland to Rotoru
13311,2348229,2025-01-02 22:19:44,Add Product: Waitomo GlowWorm Caves - Admission Ti
13312,2348229,2025-01-02 22:19:44,Add Product: Te Ra Guided Experience Ticket
13313,2348229,2025-01-02 22:19:44,Add Product: Indian Dinner 
13314,2348229,2025-01-02 22:19:44,Add Product: Hotel Stay - Arawa park Rotorua or Si
13315,2348229,2025-01-02 22:36:35,Add Product: Depart Rotorua - Transfer from Rotoru
13316,2348229,2025-01-02 22:36:35,Add Product: Arrive Queenstown - Transfer from Que
13317,2348229,2025-01-02 22:36:35,Add Product: Skyline Queenstown - Gondola Ticket o
13318,2348229,2025-01-02 22:36:35,Add Product: Hotel Stay - Holiday inn Queenstown R
13319,2348229,2025-01-02 22:36:35,Add Product: Coach for 12 Hrs - Full Day Mlford So
13320,2348229,2025-01-02 22:36:35,Add Product: Milford Sound Nature Cruise Ticket & 
13321,2348229,2025-01-02 22:36:35,Add Product: Indian Dinner 
13322,2348229,2025-01-02 22:36:35,Add Product: Indian Dinner 
13323,2348229,2025-01-02 22:36:35,Add Product: Hotel Stay - Holiday inn Queenstown R
13324,2348229,2025-01-02 22:46:56,Add Product: Coach for 10 Hrs - Transfer from Quee
13325,2348229,2025-01-02 22:46:56,Add Product: Indian Dinner
13326,2348229,2025-01-02 22:46:56,Add Product: Hotel Stay - Scenic Hotel Franz Josef
13327,2348229,2025-01-02 22:46:56,Add Product: Transfer from franz Josef to Grey mou
13328,2348229,2025-01-02 22:46:56,Add Product: Kiwirailways - TranzAlpine Train : Sc
13329,2348229,2025-01-02 22:46:56,Add Product: Transfer from Christchurch Train Stat
13330,2348229,2025-01-02 22:46:56,Add Product: Indian Dinner
13331,2348229,2025-01-02 22:46:56,Add Product: Hotel Stay - Pavilion Hotel Christchu
13332,2348229,2025-01-02 22:51:14,Add Product: Depart Christchurch - Transfer from C
13333,2348229,2025-01-02 22:53:24,Change Stage to Created
13342,2348230,2024-12-31 22:01:35,New Quote with Stage Created
13343,2348230,2024-12-31 22:02:02,Change Stage to Created
13344,2348230,2024-12-31 22:13:00,Import CSV - Products
13345,2348230,2024-12-31 22:18:47,Delete Product: Gaylord Indian Restaurant - Dinner
13346,2348230,2024-12-31 22:27:58,Add Product: City Tour + Philip Island Tour (12 Ho
13347,2348230,2024-12-31 22:33:45,Delete Product: Private Transfer from Hotel to Fre
13348,2348230,2024-12-31 22:35:43,Add Product: Hotel to Freshwater Station(One Way) 
13349,2348230,2024-12-31 22:38:59,Delete Product: Hotel to Freshwater Station(One Wa
13350,2348230,2024-12-31 22:44:19,Add Product: coach for 6 hrs
13351,2348230,2024-12-31 22:51:49,Add Product: Coach for Cairns Inner City return tr
13352,2348230,2024-12-31 22:54:56,Delete Product: FULL DAY GREEN ISLAND REEF CRUISE 
13353,2348230,2024-12-31 23:01:07,Delete Product: Sea World - Maxi Meal
13354,2348230,2024-12-31 23:17:22,Add Product: Vehicle for 10 hrs
13355,2348230,2024-12-31 23:29:18,Add Product: Blue  mountain coach for 12 hrs 
13356,2348230,2024-12-31 23:33:48,Add Product: Airport drop 
13357,2348230,2024-12-31 23:38:31,Add Product: vehicle for 4 hrs 
13358,2348230,2024-12-31 23:58:22,Delete Product: 12 Apostles Helicopters LB - Londo
13359,2348230,2025-01-01 00:31:01,Add Product: Sydney Central Hotel by Ascott with B
13360,2348230,2025-01-01 00:31:03,Add Product: Sydney Central Hotel by Ascott with B
13361,2348230,2025-01-01 00:31:59,Delete Product: Sydney Central Hotel by Ascott wit
13362,2348230,2025-01-01 00:34:02,Add Product: Blue mountain coach for 12 hrs 
13363,2348230,2025-01-01 00:34:39,Delete Product: Blue  mountain coach for 12 hrs 
13364,2348230,2025-01-01 01:00:21,Add Product: Penguin Parade - Standard Viewing Ent
13365,2348230,2025-01-01 01:01:16,Delete Product: 3 Parks pass - Penguin (General Vi
13366,2348230,2025-01-01 01:09:08,Add Product: Melbourne Cricket Ground - MCG Tour (
13367,2348230,2025-01-01 01:11:27,Delete Product: Melbourne Cricket Ground - Austral
13368,2348230,2025-01-02 22:02:40,Delete Product: Melbourne Cricket Ground - MCG Tou
13369,2348230,2025-01-02 22:12:20,Change Stage to Created
13370,2348230,2025-01-02 22:13:03,Delete Product: One Way Skyrail Experience & One W
13371,2348230,2025-01-02 22:13:33,Delete Product: coach for 6 hrs
13372,2348230,2025-01-02 22:14:06,Delete Product: Lunch at Frogs Kuranda
13373,2348230,2025-01-02 22:14:41,Delete Product: Dinner @ Spicy Bite Restaurant
13374,2348230,2025-01-02 22:20:43,Delete Product: Cairns Harbourside Hotel with brea
13375,2348230,2025-01-02 22:37:58,Add Product: Currumbin Wildlife Sanctuary -  Gener
13376,2348230,2025-01-02 22:37:58,Add Product: Sfrs Htl to Currumbin Sanctuary retur
13377,2348230,2025-01-02 22:50:28,Add Product: GROUP MEAL OPTIONS - Indian Lunch
13515,2348236,2025-01-02 23:53:09,New Quote with Stage Created
13516,2348236,2025-01-02 23:55:51,Import CSV - Products
13517,2348236,2025-01-03 00:02:29,Add Product: 3 Coaches of 53-57 seater for 10 hrs 
13518,2348236,2025-01-03 00:02:29,Add Product: Novotel Sydney Darling Harbour
13519,2348236,2025-01-03 00:02:29,Add Product: Novotel Sydney Darling Harbour
13520,2348236,2025-01-03 00:02:29,Add Product: Novotel Sydney Darling Harbour
13521,2348236,2025-01-03 00:02:29,Add Product: 3 Coaches of 53-57 seater  for 12 hrs
13522,2348236,2025-01-03 00:10:01,Add Product: Guide for 4 hrs
13523,2348236,2025-01-03 00:18:09,Add Product: Coach for Blue mountain for 12 hrs 
13524,2348236,2025-01-03 00:26:17,Delete Product: Sydney Zoo Entry Tickets
13525,2348236,2025-01-03 00:30:08,Add Product: Coach for 6 hrs for Lunch and drop at
13526,2348236,2025-01-03 00:30:09,Add Product: Lunch at Indian restaurant 
13527,2348236,2025-01-03 00:34:21,Add Product: water bottle per day per person 2 
13528,2348236,2025-01-03 00:34:22,Add Product: water bottle per day per person 2 
13529,2348236,2025-01-03 00:37:17,Delete Product: water bottle per day per person 2 
13602,2348238,2024-11-25 14:54:09,Created
13603,2348238,2024-11-28 20:11:19,Accepted - Groups
13635,2348239,2025-01-02 19:42:15,New Quote with Stage Created
13636,2348239,2025-01-03 14:48:49,Import CSV - Products
13637,2348239,2025-01-03 14:52:38,Add Product: Vehicle for 12 hrs with airport pick 
13638,2348239,2025-01-03 14:52:38,Add Product: Vehicle for Philip Island
13639,2348239,2025-01-03 14:57:56,Delete Product: Coach for Cairns Airport to Hotel(
13640,2348239,2025-01-03 14:58:51,Add Product: Airport pick up
13641,2348239,2025-01-03 15:01:23,Add Product: Inner city transfers
13642,2348239,2025-01-03 15:04:54,Add Product: Airport drop
13643,2348239,2025-01-03 15:07:32,Delete Product: Coach for 3 hours for Dinner inclu
13644,2348239,2025-01-03 15:09:04,Add Product: Coach for 12 hrs
13717,2348244,2025-01-03 16:27:04,New Quote with Stage Created
13718,2348244,2025-01-03 16:30:38,Add Product: Airport pick up 
13719,2348244,2025-01-03 16:31:36,Add Product: Lunch 
13720,2348244,2025-01-03 16:34:49,Delete Product: Exclusive Discounted Group Extras 
13721,2348244,2025-01-03 16:39:43,Add Product: Arro Jet Experience
13722,2348244,2025-01-03 16:46:03,Delete Product: Novotel Surfers Paradise with Brea
13723,2348244,2025-01-03 16:46:58,Delete Product: Novotel Surfers Paradise with Brea
13724,2348244,2025-01-03 16:47:33,Delete Product: Novotel Surfers Paradise with Brea
13725,2348244,2025-01-03 16:49:05,Add Product: Novotel surfers Paradise with breakfa
13726,2348244,2025-01-03 16:49:05,Add Product: Novotel surfers Paradise with breakfa
13727,2348244,2025-01-03 16:54:03,Add Product: Depart from Gold coast
13728,2348244,2025-01-03 16:58:14,Add Product: Lunch at Indian restaurant
13729,2348244,2025-01-03 16:58:14,Add Product: Coach for 8 hrs
13730,2348244,2025-01-03 17:03:22,Add Product: Cocktail dinner at Indian restaurant
13731,2348244,2025-01-03 17:03:22,Add Product: Drop at the airport 
13732,2348244,2025-01-03 17:10:09,Add Product: Melbourne Pullman Mariott
13733,2348244,2025-01-03 17:11:53,Add Product: Melbourne Pullman Mariott
13734,2348244,2025-01-03 17:18:05,Add Product: Coach for 10 hrs with airport pick up
13735,2348244,2025-01-03 17:21:21,Add Product: Hilton Sydey
13736,2348244,2025-01-03 17:31:27,Add Product: Dinner with 2 + 2 Snacks 
13737,2348244,2025-01-03 17:32:46,Add Product: Hilton Sydney
13738,2348244,2025-01-03 17:38:23,Delete Product: Sydney Zoo Entry Tickets
13739,2348244,2025-01-03 17:38:46,Delete Product: Scenic World - Ultimate Discovery 
13740,2348244,2025-01-03 17:42:05,Add Product: 2 hrs extra for Blue Mountain trip
13741,2348244,2025-01-03 17:42:05,Add Product: Cocktail dinner 2+2 
13742,2348244,2025-01-03 17:42:05,Add Product: Coach for 6 hrs for Lunch and drop at
13743,2348244,2025-01-03 17:42:05,Add Product: Lunch at Indian restaurant
13744,2348244,2025-01-03 17:44:13,Add Product: Hilton Sydney with breakfast
13745,2348244,2025-01-03 17:54:42,Add Product: water bottle per day per person 2 
13771,2348246,2024-12-26 22:26:16,New Quote with Stage Created
13772,2348246,2024-12-27 21:55:28,Change Stage to Created
13773,2348246,2024-12-27 21:57:16,Add Product: Arrive Melbourne - Transfer from Melb
13774,2348246,2024-12-27 21:57:16,Add Product: Dinner at local Indian Restaurant
13775,2348246,2024-12-27 21:57:16,Add Product: Hotel Stay - Mercure Melbourne Southb
13776,2348246,2024-12-27 22:00:40,Add Product: Coach for 10 Hrs - City Tour ( Driver
13777,2348246,2024-12-27 22:00:40,Add Product: Melbourne City Tour 
13778,2348246,2024-12-27 22:00:40,Add Product: Melbourne Cricket Ground - MCG Tour (
13779,2348246,2024-12-27 22:00:40,Add Product: Lunch at Indian Restaurant
13780,2348246,2024-12-27 22:00:40,Add Product: Dinner at Indian Restaurant
13781,2348246,2024-12-27 22:00:40,Add Product: Hotel Stay - Mercure Melbourne Southb
13782,2348246,2024-12-27 22:04:13,Add Product: Coach for 12 hours to Great Ocean Roa
13783,2348246,2024-12-27 22:31:47,Delete Product: Coach for 12 hours to Great Ocean 
13784,2348246,2024-12-27 22:59:24,Add Product: Coach for 12 Hours - Full Day Great O
13785,2348246,2024-12-27 22:59:24,Add Product: Great Ocean Road - Driver cum Guide 
13786,2348246,2024-12-27 22:59:24,Add Product: Lunch at Apollo bay 
13787,2348246,2024-12-27 22:59:24,Add Product: Dinner at Indian Restaurant
13788,2348246,2024-12-27 22:59:24,Add Product: Hotel Stay - Mercure Melbourne Southb
13789,2348246,2024-12-28 00:01:25,Add Product: Depart Melbourne - Transfer from Melb
13790,2348246,2024-12-28 00:01:25,Add Product: Arrive Sydney - Transfer from Sydney 
13791,2348246,2024-12-28 00:01:25,Add Product: Lunch at the Indian restaurant
13792,2348246,2024-12-28 00:01:25,Add Product: Thunder Thrill Jetboating Ride - 30 M
13793,2348246,2024-12-28 00:01:25,Add Product: Dinner at the Indian restaurant
13794,2348246,2024-12-28 00:01:25,Add Product: Hotel Stay - Sydney Central Ascott Li
13795,2348246,2024-12-28 00:10:26,Add Product: Coach for 12 Hrs - Full Day Blue Moun
13796,2348246,2024-12-28 00:10:26,Add Product: Scenic World - Ultimate Discovery Pas
13797,2348246,2024-12-28 00:10:26,Add Product: Lunch at Eats 270 - Burger Meal
13798,2348246,2024-12-28 00:10:26,Add Product: Sydney Zoo Entry Tickets
13799,2348246,2024-12-28 00:10:26,Add Product: Dinner at the Indian restaurant
13800,2348246,2024-12-28 00:10:26,Add Product: Hotel Stay - Sydney Central Ascott Li
13801,2348246,2024-12-28 00:12:37,Add Product: Depart Sydney - Transfer from Sydney 
13802,2348246,2024-12-28 00:12:37,Add Product: Water Bottle - 500ml x 02 per person 
13803,2348246,2024-12-28 00:48:34,Change Stage to Created
13804,2348246,2024-12-28 22:47:39,Add Product: Hotel Stay - Crowne Plaza Melbourne o
13805,2348246,2024-12-28 22:47:39,Add Product: Hotel Stay - Crowne Plaza Melbourne o
13806,2348246,2024-12-28 22:47:39,Add Product: Hotel Stay - Crowne Plaza Melbourne o
13807,2348246,2024-12-28 22:47:39,Add Product: Hotel Stay - Novotel Sydney Darling H
13808,2348246,2024-12-28 22:47:39,Add Product: Hotel Stay - Novotel Sydney Darling H
13809,2348246,2024-12-28 22:51:12,Delete Product: Hotel Stay - Mercure Melbourne Sou
13810,2348246,2024-12-28 22:53:07,Delete Product: Hotel Stay - Mercure Melbourne Sou
13811,2348246,2024-12-28 22:53:34,Delete Product: Hotel Stay - Mercure Melbourne Sou
13812,2348246,2024-12-28 22:54:12,Delete Product: Hotel Stay - Sydney Central Ascott
13813,2348246,2024-12-28 22:57:04,Delete Product: Hotel Stay - Sydney Central Ascott
13814,2348246,2024-12-28 23:35:25,Add Product: FoC for TM
13815,2348246,2025-01-03 18:47:07,Delete Product: Great Ocean Road - Driver cum Guid
13816,2348246,2025-01-03 18:49:47,Add Product: 12 Apostles Helicopters LB - London B
13890,2348250,2025-01-03 19:24:56,New Quote with Stage Created
13891,2348250,2025-01-03 19:33:43,Add Product: Airport transfer + meal 
13892,2348250,2025-01-03 19:33:43,Add Product: Lunch at Indian restaurant
13893,2348250,2025-01-03 19:39:37,Add Product: Mercure Melbourne Southbanks with bre
13894,2348250,2025-01-03 19:39:37,Add Product: Mercure Melbourne Southbanks with bre
13895,2348250,2025-01-03 19:39:37,Add Product: Mercure Melbourne Southbanks with bre
13896,2348250,2025-01-03 19:41:45,Delete Product: SHOWBOAT DINNER CRUISE WITH INDIAN
13897,2348250,2025-01-03 19:42:57,Add Product: Dinner at Indian restaurant
13898,2348250,2025-01-03 19:46:16,Add Product: Lunch at Indian restaurant 
13899,2348250,2025-01-03 19:46:16,Add Product: Dinner  at Indian restaurant 
13900,2348250,2025-01-03 19:51:24,Add Product: Airport drop
13901,2348250,2025-01-03 19:58:38,Add Product: Airport pick up and drop
13902,2348250,2025-01-03 19:58:38,Add Product: Lunch at Indian restaurant 
13903,2348250,2025-01-03 19:58:38,Add Product: Dinner at Indian restaurant
13904,2348250,2025-01-03 19:58:38,Add Product: Novotel Surfers Paradise with breakfa
13905,2348250,2025-01-03 20:03:41,Add Product: Hotel to Sea world return transfers
13906,2348250,2025-01-03 20:03:41,Add Product: Maxi Meal at Sea world
13907,2348250,2025-01-03 20:03:41,Add Product: Dinner at Indian restaurant
13908,2348250,2025-01-03 20:03:41,Add Product: Novotel Surfers Paradise with breakfa
13909,2348250,2025-01-03 20:03:41,Add Product: Hotel to Movie world return transfers
13910,2348250,2025-01-03 20:06:36,Add Product: Maxi meal
13911,2348250,2025-01-03 20:06:36,Add Product: Dinner at Indian restaurant
13912,2348250,2025-01-03 20:06:36,Add Product: Novotel Surfers Paradise with breakfa
13913,2348250,2025-01-03 20:06:36,Add Product: Airport drop
13914,2348250,2025-01-03 20:11:40,Add Product: Airport pick up and coach for 10 hrs
13915,2348250,2025-01-03 20:11:40,Add Product: Lunch at Indian restaurant 
13916,2348250,2025-01-03 20:11:40,Add Product: The Ascot Hotel Sydney Central with b
13917,2348250,2025-01-03 20:15:17,Add Product: City tour 
13918,2348250,2025-01-03 20:19:20,Add Product: Lunch at Indian restaurant 
13919,2348250,2025-01-03 20:19:20,Add Product: Dinner at Indian restaurant
13920,2348250,2025-01-03 20:19:20,Add Product: The Ascot Ltd Sydney Central with bre
13921,2348250,2025-01-03 20:21:33,Add Product: Coach for Blue mountain 
13922,2348250,2025-01-03 20:21:33,Add Product: Lunch at Blue mountain
13923,2348250,2025-01-03 20:24:35,Add Product: The Ascot Ltd Sydney Central with bre
13924,2348250,2025-01-03 20:24:35,Add Product: Airport drop
14078,2348261,2025-01-03 22:24:33,New Quote with Stage Created
14079,2348261,2025-01-03 22:31:31,Add Product: Arrive Cairns 
14080,2348261,2025-01-03 22:31:31,Add Product: Coach for 6 hrs
14081,2348261,2025-01-03 22:55:44,Add Product: Inner city transfer 
14082,2348261,2025-01-03 23:01:38,Add Product: Airport Drop 
14083,2348261,2025-01-03 23:04:09,Add Product: BNE Airport to Surfers Paradise Hotel
14084,2348261,2025-01-03 23:11:57,Add Product: Hotel to Sea World return transfers 
14085,2348261,2025-01-03 23:11:57,Add Product: Maxi meal Sea World 
14086,2348261,2025-01-03 23:16:32,Add Product: Arro Jet Experience (45 Minutes)
14087,2348261,2025-01-03 23:19:57,Add Product: Return Dream world transfers 
14088,2348261,2025-01-03 23:26:37,Add Product: Airport pick up and drop at hotel 
14089,2348261,2025-01-03 23:29:36,Add Product: Mercure Melbourne Southbanks with bre
14090,2348261,2025-01-03 23:29:36,Add Product: Mercure Melbourne Southbanks with bre
14091,2348261,2025-01-03 23:29:36,Add Product: Mercure Melbourne Southbanks with bre
14092,2348261,2025-01-03 23:31:35,Add Product: City tour for 10 hrs 
14093,2348261,2025-01-03 23:40:24,Add Product: Self drive vehicle for GOR 
14094,2348261,2025-01-03 23:44:08,Add Product: Airport drop
14095,2348261,2025-01-03 23:48:25,Add Product: Airport pick up and drop at hotel 
14096,2348261,2025-01-03 23:48:26,Add Product: City tour for 10 hrs 
14097,2348261,2025-01-03 23:54:05,Add Product: Coach for 2 hrs extra for Blue Mt.
14098,2348261,2025-01-03 23:54:05,Add Product: Airport drop
14099,2348261,2025-01-04 00:47:08,Delete Product: Mercure Melbourne Southbanks with 
14100,2348261,2025-01-04 00:48:31,Add Product: Mercure Melbourne Southbanks with bre
14101,2348261,2025-01-04 00:54:48,Add Product: Airport pick up
14102,2348261,2025-01-04 00:57:39,Delete Product: Airport pick up and drop at hotel 
14320,2348278,2025-01-02 19:42:15,New Quote with Stage Created
14321,2348278,2025-01-03 14:48:49,Import CSV - Products
14322,2348278,2025-01-03 14:52:38,Add Product: Vehicle for 12 hrs with airport pick 
14323,2348278,2025-01-03 14:52:38,Add Product: Vehicle for Philip Island
14324,2348278,2025-01-03 14:57:56,Delete Product: Coach for Cairns Airport to Hotel(
14325,2348278,2025-01-03 14:58:51,Add Product: Airport pick up
14326,2348278,2025-01-03 15:01:23,Add Product: Inner city transfers
14327,2348278,2025-01-03 15:04:54,Add Product: Airport drop
14328,2348278,2025-01-03 15:07:32,Delete Product: Coach for 3 hours for Dinner inclu
14329,2348278,2025-01-03 15:09:04,Add Product: Coach for 12 hrs
14330,2348278,2025-01-03 15:32:47,Add Product: Vehicle for 12 hrs 
14331,2348278,2025-01-03 15:35:32,Delete Product: Vehicle for 12 hrs 
14332,2348278,2025-01-05 20:12:49,Add Product: Arrive Melbourne - Transfer from Melb
14333,2348278,2025-01-05 20:14:25,Delete Product: Vehicle for 12 hrs with airport pi
14334,2348278,2025-01-05 20:18:00,Add Product: Hotel Stay - Sydney Central Ascott Li
14335,2348278,2025-01-05 20:18:00,Add Product: Hotel Stay - Sydney Central Ascott Li
14336,2348278,2025-01-05 20:22:58,Delete Product: Ibis Styles Sydney Central with Br
14337,2348278,2025-01-05 20:23:23,Delete Product: Ibis Styles Sydney Central with Br
14338,2348278,2025-01-05 20:25:06,Add Product: Coach for 10 Hrs - Opera House + Show
14339,2348278,2025-01-05 20:25:40,Change Stage to Created
14340,2348278,2025-01-05 20:27:17,Add Product: One Way Skyrail Experience & One Way 
14341,2348278,2025-01-05 20:38:41,Add Product: FULL DAY GREEN ISLAND REEF CRUISE - F
14342,2348278,2025-01-05 20:42:26,Delete Product: FDBC PAK 2 no Transfers - FULL DAY
14392,2348280,2025-01-05 20:56:28,New Quote with Stage Created
14393,2348280,2025-01-05 21:00:58,Add Product: Arrive Christchurch - Transfer from C
14394,2348280,2025-01-05 21:00:58,Add Product: General Admission to International An
14395,2348280,2025-01-05 21:00:58,Add Product: Indian Lunch 
14396,2348280,2025-01-05 21:00:58,Add Product: Indian Dinner 
14397,2348280,2025-01-05 21:00:58,Add Product: Hotel Stay - Distinction Hotel Christ
14398,2348280,2025-01-05 21:01:31,Delete Product: Indian Lunch 
14399,2348280,2025-01-05 21:13:03,Add Product: Transfer from Christchurch Hotel to C
14400,2348280,2025-01-05 21:13:03,Add Product: Kiwirailways - TranzAlpine Train : Sc
14401,2348280,2025-01-05 21:13:03,Add Product: Indian Lunch 
14402,2348280,2025-01-05 21:13:03,Add Product: Transfer from Greymouth to Franz Jose
14403,2348280,2025-01-05 21:13:03,Add Product: Indian Dinner
14404,2348280,2025-01-05 21:13:03,Add Product: Hotel Stay - Scenic Hotel Franz Josef
14405,2348280,2025-01-05 21:13:03,Add Product: Coach for 10 Hrs - Franz Josef to Que
14406,2348280,2025-01-05 21:13:03,Add Product: Indian Dinner 
14407,2348280,2025-01-05 21:13:03,Add Product: Hotel Stay - Holiday inn Express and 
14408,2348280,2025-01-05 21:39:56,Add Product: Coach for 12 Hrs - Full Day Milford S
14409,2348280,2025-01-05 21:39:56,Add Product: Milford Sound Nature Cruise Ticket & 
14410,2348280,2025-01-05 21:39:56,Add Product: Indian Dinner 
14411,2348280,2025-01-05 21:39:56,Add Product: Hotel Stay - Holiday inn Express and 
14412,2348280,2025-01-05 21:39:56,Add Product: Coach for 10 Hrs - Skyline Gondola Ri
14413,2348280,2025-01-05 21:39:56,Add Product: Skyline Queenstown - Gondola Ticket o
14414,2348280,2025-01-05 21:39:56,Add Product: Indian Lunch 
14415,2348280,2025-01-05 21:39:56,Add Product: Indian Dinner 
14416,2348280,2025-01-05 21:39:56,Add Product: Hotel Stay - Holiday inn Express and 
14417,2348280,2025-01-05 21:49:18,Add Product: Depart Queenstown - Transfer from Que
14418,2348280,2025-01-05 21:49:18,Add Product: Arrive Auckland - Transfer from Auckl
14419,2348280,2025-01-05 21:49:18,Add Product: Indian Lunch 
14420,2348280,2025-01-05 21:49:18,Add Product: Agrodome | Farm Show
14421,2348280,2025-01-05 21:49:18,Add Product: Indian Dinner 
14422,2348280,2025-01-05 21:49:18,Add Product: Hotel Stay - Distinction Hotel Rotoru
14423,2348280,2025-01-05 21:49:18,Add Product: Coach for 12 Hrs - Transfer from Roto
14424,2348280,2025-01-05 21:49:18,Add Product: Waitomo GlowWorm Caves - Admission Ti
14425,2348280,2025-01-05 21:49:18,Add Product: Lunch at Roseland 
14426,2348280,2025-01-05 21:49:18,Add Product: Indian Dinner 
14427,2348280,2025-01-05 21:49:18,Add Product: Hotel Stay - Holiday inn Express Auck
14428,2348280,2025-01-05 21:57:30,Add Product: Coach for 10 Hrs - Auckland City Tour
14429,2348280,2025-01-05 21:59:20,Add Product: Indian Lunch 
14430,2348280,2025-01-05 21:59:20,Add Product: Indian DInner
14431,2348280,2025-01-05 21:59:20,Add Product: Hotel Stay - Holiday inn Express Auck
14432,2348280,2025-01-05 21:59:20,Add Product: Depart Auckland - Transfer from Auckl
14464,2348282,2024-11-25 19:03:40,Created
14465,2348282,2024-11-26 21:12:25,Accepted - Groups
14466,2348282,2025-01-05 22:26:29,Change Stage to Created
14467,2348282,2025-01-05 22:26:48,Change Stage to Created
14468,2348282,2025-01-05 22:30:24,Add Product: Indian Lunch 
14469,2348282,2025-01-05 22:31:03,Delete Product: Dinner at Indian Restaurant
14475,2348284,2024-11-25 18:16:43,Created
14476,2348284,2024-11-26 21:15:10,Accepted - Groups
14477,2348284,2025-01-05 22:40:50,Change Stage to Created
14531,2348285,2024-10-03 18:31:34,Create Project
14532,2348285,2025-01-06 10:24:43,Change Stage to Created
14533,2348285,2025-01-06 10:26:24,Delete Product: Furama Darling Harbour with Breakf
14534,2348285,2025-01-06 10:27:00,Delete Product: Asian / Chinese Lunch- 1 course me
14535,2348285,2025-01-06 10:27:14,Delete Product: Asian / Chinese Dinner - 1 course 
14536,2348285,2025-01-06 10:27:32,Delete Product: Furama Darling Harbour (Holiday In
14537,2348285,2025-01-06 10:28:04,Delete Product: Admission to Featherdale Wildlife 
14538,2348285,2025-01-06 10:28:23,Delete Product: Personal Koala Encounter with Souv
14539,2348285,2025-01-06 10:28:41,Delete Product: Lunch at Eats270
14540,2348285,2025-01-06 10:29:19,Delete Product: Scenic World guided tour of the Va
14541,2348285,2025-01-06 10:29:40,Delete Product: Asian / Chinese Dinner - 1 course 
14542,2348285,2025-01-06 10:29:56,Delete Product: Furama Darling Harbour (Holiday In
14543,2348285,2025-01-06 10:30:22,Delete Product: Coach for 10 hrs
14544,2348285,2025-01-06 10:31:29,Delete Product: Australian Museum
14545,2348285,2025-01-06 10:31:55,Delete Product: Admission to Taronga Zoo
14546,2348285,2025-01-06 10:32:10,Delete Product: Asian / Chinese Lunch- 1 course me
14547,2348285,2025-01-06 10:32:27,Delete Product: Personal Koala Encounter with Souv
14548,2348285,2025-01-06 10:32:41,Delete Product: Furama Darling Harbour (Holiday In
14549,2348285,2025-01-06 10:32:55,Delete Product: Asian / Chinese Dinner - 1 course 
14550,2348285,2025-01-06 10:33:21,Delete Product: My Fast Ferry - VIVID Sydney – 1hr
14551,2348285,2025-01-06 10:33:43,Delete Product: Visit Sydney Harbour Bridge
14552,2348285,2025-01-06 10:34:15,Delete Product: Asian / Chinese Lunch- 1 course me
14553,2348285,2025-01-06 10:34:34,Delete Product: Visit Centennial Parklands
14554,2348285,2025-01-06 10:35:09,Delete Product: Admission to Sydney Sea Life Aquar
14555,2348285,2025-01-06 10:35:23,Delete Product: Asian / Chinese Dinner - 1 course 
14556,2348285,2025-01-06 10:35:39,Delete Product: Furama Darling Harbour (Holiday In
14557,2348285,2025-01-06 10:35:52,Delete Product: Furama Darling Harbour (Holiday In
14558,2348285,2025-01-06 10:36:04,Delete Product: Furama Darling Harbour (Holiday In
14559,2348285,2025-01-06 10:36:53,Add Product: Airport Transfer to Katoomba
14560,2348285,2025-01-06 10:39:00,Add Product: Driver Accommodation 
14561,2348285,2025-01-06 10:39:39,Delete Product: Coach for 06 hrs
14562,2348286,2024-11-25 14:54:09,Created
14563,2348286,2024-11-28 20:11:19,Accepted - Groups
14583,2348288,2025-01-06 12:25:30,New Quote with Stage Created
14584,2348288,2025-01-06 12:32:33,Delete Product: Cluster 2: 2 Attraction Pass - (wi
14585,2348288,2025-01-06 12:33:45,Add Product: Breakfast at China Town
14586,2348288,2025-01-06 12:36:32,Add Product: Furama Darling Harbour with Breakfast
14587,2348288,2025-01-06 12:37:32,Add Product: Lunch at eats270 Scenic World
14588,2348288,2025-01-06 12:38:34,Add Product: Furama Darling Harbour with Breakfast
14589,2348288,2025-01-06 12:39:32,Add Product: Asian/Western/Chinese 2 course dinner
14590,2348288,2025-01-06 12:41:57,Delete Product: Cluster 2: 2 Attraction Pass - (wi
14591,2348288,2025-01-06 12:42:13,Delete Product: Thunder Thrill Jetboating Ride - 3
14592,2348288,2025-01-06 12:43:33,Delete Product: Coach for 10 hours Sydney City Tou
14593,2348288,2025-01-06 12:43:52,Delete Product: Airport to Hotel including City to
14594,2348288,2025-01-06 12:45:44,Delete Product: Sydney Opera House Tour - 1 hour E
14595,2348288,2025-01-06 12:58:27,Add Product: Thunder Thrill Jetboating Ride - 30 M
14596,2348288,2025-01-06 12:59:19,Add Product: Furama Darling Harbour with Breakfast
14597,2348288,2025-01-06 13:01:00,Add Product:  Lunch at Bistro Molines located in M
14598,2348288,2025-01-06 13:02:01,Add Product: Special Dinner
14599,2348288,2025-01-06 13:03:33,Add Product: Furama Darling Harbour with Breakfast
14600,2348288,2025-01-06 13:04:40,Change Stage to Created
14619,2348291,2025-01-06 14:16:08,Change Stage to Created
14620,2348291,2025-01-06 14:32:59,Delete Product: Melbourne Half Day City Tour
14621,2348291,2025-01-06 14:33:17,Delete Product: Full Day Phillip Island Tour
14622,2348291,2025-01-06 14:33:36,Delete Product: Full Day Blue Mountains Tour 
14720,2348302,2025-01-02 23:53:09,New Quote with Stage Created
14721,2348302,2025-01-02 23:55:51,Import CSV - Products
14722,2348302,2025-01-03 00:02:29,Add Product: 3 Coaches of 53-57 seater for 10 hrs 
14723,2348302,2025-01-03 00:02:29,Add Product: Novotel Sydney Darling Harbour
14724,2348302,2025-01-03 00:02:29,Add Product: Novotel Sydney Darling Harbour
14725,2348302,2025-01-03 00:02:29,Add Product: Novotel Sydney Darling Harbour
14726,2348302,2025-01-03 00:02:29,Add Product: 3 Coaches of 53-57 seater  for 12 hrs
14727,2348302,2025-01-03 00:10:01,Add Product: Guide for 4 hrs
14728,2348302,2025-01-03 00:18:09,Add Product: Coach for Blue mountain for 12 hrs 
14729,2348302,2025-01-03 00:26:17,Delete Product: Sydney Zoo Entry Tickets
14730,2348302,2025-01-03 00:30:08,Add Product: Coach for 6 hrs for Lunch and drop at
14731,2348302,2025-01-03 00:30:09,Add Product: Lunch at Indian restaurant 
14732,2348302,2025-01-03 00:34:21,Add Product: water bottle per day per person 2 
14733,2348302,2025-01-03 00:34:22,Add Product: water bottle per day per person 2 
14734,2348302,2025-01-03 00:37:17,Delete Product: water bottle per day per person 2 
14735,2348302,2025-01-06 21:10:34,Delete Product: Novotel Sydney Darling Harbour
14736,2348302,2025-01-06 21:11:00,Delete Product: Novotel Sydney Darling Harbour
14737,2348302,2025-01-06 21:11:23,Delete Product: Novotel Sydney Darling Harbour
14738,2348302,2025-01-06 21:14:33,Add Product: Furama Darling Harbour with breakfast
14739,2348302,2025-01-06 21:14:33,Add Product: Furama Darling Harbour with breakfast
14740,2348302,2025-01-06 21:14:33,Add Product: Furama Darling Harbour with breakfast
14796,2348306,2025-01-04 22:43:18,New Quote with Stage Created
14797,2348306,2025-01-05 22:23:27,Change Stage to Rejected
14798,2348306,2025-01-05 23:43:09,Change Stage to Created
14799,2348306,2025-01-06 22:47:02,Add Product: Melbourne Tullamarine Airport to CBD 
14800,2348306,2025-01-06 22:47:02,Add Product: Lunch at Indian restaurant 
14801,2348306,2025-01-06 22:47:02,Add Product: Dinner at Indian restaurant
14802,2348306,2025-01-06 22:47:02,Add Product: Mercure Melbourne Southbank or Simila
14803,2348306,2025-01-06 22:47:02,Add Product: Full Orientation Tour of Melbourne - 
14804,2348306,2025-01-06 22:47:02,Add Product: Lunch at Indian restaurant 
14805,2348306,2025-01-06 22:50:14,Add Product: Moonlit Sanctuary Admission
14806,2348306,2025-01-06 22:50:14,Add Product: Moonlit Sanctuary - Feeding Kangaroos
14807,2348306,2025-01-06 22:50:14,Add Product: Penguin Parade - Standard Viewing Ent
14808,2348306,2025-01-06 22:50:14,Add Product: Mercure Melbourne Southbank or Simila
14809,2348306,2025-01-06 22:54:43,Add Product: Melbourne CBD Hotel to Tullamarine Me
14810,2348306,2025-01-06 22:54:43,Add Product: Cairns Airport to Hotel Transfer - En
14811,2348306,2025-01-06 22:54:43,Add Product: Dinner at Indian restaurant
14812,2348306,2025-01-06 22:54:43,Add Product: Ramada By Wyndham Cairns City Centre 
14813,2348306,2025-01-06 22:54:43,Add Product: Return Transfers to Reef Fleet Termin
14814,2348306,2025-01-06 22:54:43,Add Product: FULL DAY GREEN ISLAND REEF CRUISE - F
14815,2348306,2025-01-06 23:04:06,Add Product: Dinner at Indian restaurant
14816,2348306,2025-01-06 23:04:06,Add Product: Ramada By Wyndham Cairns City Centre 
14817,2348306,2025-01-06 23:04:06,Add Product: Coach for 6 hrs - Kuranda Visit 
14818,2348306,2025-01-06 23:04:06,Add Product: One Way Skyrail Experience & One Way 
14819,2348306,2025-01-06 23:04:06,Add Product: Lunch at Frogs Kuranda
14820,2348306,2025-01-06 23:04:06,Add Product: Drop at Airport 
14821,2348306,2025-01-06 23:09:11,Add Product: Arrival Transfer - Sydney Airport to 
14822,2348306,2025-01-06 23:09:12,Add Product: Adge Hotel
14823,2348306,2025-01-06 23:16:06,Add Product: Coach for 10 hrs - City Tour + 4 Attr
14824,2348306,2025-01-06 23:16:06,Add Product: Cluster 4: 4 Attraction Pass (Only Ti
14825,2348306,2025-01-06 23:16:06,Add Product: Lunch at Indian restaurant 
14826,2348306,2025-01-06 23:16:06,Add Product: SHOWBOAT DINNER CRUISE WITH INDIAN SE
14827,2348306,2025-01-06 23:16:06,Add Product: Adge Hotel Sydney
14828,2348306,2025-01-06 23:18:21,Add Product: Sydney Opera House Tour - 1 hour Entr
14829,2348306,2025-01-06 23:18:21,Add Product: 6 Hours Coach - Opera House + Departu
14947,2348309,2024-11-25 14:54:09,Created
14948,2348309,2024-11-28 20:12:39,Accepted - Groups
14949,2348309,2025-01-03 20:41:25,Add Product: Hotel Stay - Mercure Hotel Auckland o
14950,2348309,2025-01-03 20:48:00,Delete Product: Holiday Inn Express Auckland City 
14951,2348309,2025-01-07 10:13:45,Add Product: Hotel Stay - Mercure Hotel Auckland o
14952,2348309,2025-01-07 10:14:34,Delete Product: Hotel Stay - Mercure Hotel Aucklan
14968,2348310,2024-11-25 14:54:09,Created
14969,2348310,2024-11-28 20:11:19,Accepted - Groups
15141,2348323,2025-01-07 22:31:37,New Quote with Stage Created
15142,2348323,2025-01-07 22:32:15,Change Stage to Created
15143,2348323,2025-01-07 22:33:17,Add Product: BSB Airportto Hotel
15144,2348323,2025-01-07 22:35:17,Add Product: Dinner at Indian restaurant
15145,2348323,2025-01-07 22:36:42,Add Product: Hotel Grand Chancellor
15146,2348323,2025-01-07 22:39:30,Add Product: Brisbane city tour
15147,2348323,2025-01-07 22:42:39,Add Product: Lunch at Indian restaurant 
15148,2348323,2025-01-07 22:45:57,Add Product: Brisbane wheel
15149,2348323,2025-01-07 22:50:15,Add Product: Sunset river cruise 
15150,2348323,2025-01-07 22:50:15,Add Product: Dinner at Indian restaurant
15151,2348323,2025-01-07 22:50:15,Add Product: Grand Chancellor with breakfast or si
15152,2348323,2025-01-07 22:51:10,Add Product: Coach for 10 hrs
15153,2348323,2025-01-07 22:55:48,Add Product: Brisbane - Australia Zoo
15154,2348323,2025-01-07 22:58:07,Add Product: Lunch at Indian restaurant 
15155,2348323,2025-01-07 22:58:07,Add Product: Dinner at Indian restaurant
15156,2348323,2025-01-07 22:58:07,Add Product: Hotel Grand Chancellor with breakfast
15157,2348323,2025-01-07 23:03:00,Delete Product: 2 Day Dreamworld + WhiteWater Worl
15158,2348323,2025-01-07 23:07:10,Add Product: Dream world to hotel transfers 
15159,2348323,2025-01-07 23:07:10,Add Product: Novotel Surfers Paradise with breakfa
15160,2348323,2025-01-07 23:15:32,Add Product: Hotel to Sea world - Sea World to Mov
15161,2348323,2025-01-07 23:15:32,Add Product: Novotel Surfers Paradise with breakfa
15162,2348323,2025-01-07 23:20:50,Add Product: Drop to Gold coast hotel
15163,2348323,2025-01-07 23:20:50,Add Product: Coach for 10 hrs
15164,2348323,2025-01-07 23:26:28,Delete Product: Sydney Opera House Tour - 1 hour E
15165,2348323,2025-01-07 23:27:32,Add Product: The Ascot Ltd Sydney Central with bre
15166,2348323,2025-01-07 23:32:55,Add Product: City tour + Coach for 12 hrs
15167,2348323,2025-01-07 23:36:30,Add Product: The Ascot Ltd Sydney Central with bre
15168,2348323,2025-01-07 23:41:05,Add Product: Coach for 12 hrs for Blue Mountains 
15169,2348323,2025-01-07 23:52:13,Add Product: Sydney Zoo Entry Tickets
15170,2348323,2025-01-07 23:54:14,Add Product: Lunch
15171,2348323,2025-01-07 23:56:53,Add Product: The Ascot Ltd Sydney Central with bre
15172,2348323,2025-01-08 00:01:03,Add Product: Coach for 12 hrs 
15173,2348323,2025-01-08 00:05:46,Add Product: Hotel to Airport drop
15174,2348323,2025-01-08 00:05:46,Add Product: Airport pick up and City tour
15175,2348323,2025-01-08 00:08:08,Add Product: Mercure Melbourne Southbanks with bre
15176,2348323,2025-01-08 00:11:49,Add Product: Great ocean road for 12 hrs
15177,2348323,2025-01-08 00:14:05,Add Product: Mercure Melbourne Southbanks with bre
15178,2348323,2025-01-08 00:15:01,Add Product: Phillip Island for 12 hrs
15179,2348323,2025-01-08 00:21:26,Add Product: Maru Koala and Animal Park - MARUPKG 
15180,2348323,2025-01-08 00:21:54,Delete Product: 3 Parks pass - Penguin (General Vi
15181,2348323,2025-01-08 00:23:41,Delete Product: Penguin Parade - Guided Penguin To
15182,2348323,2025-01-08 00:24:03,Delete Product: Penguin Parade - Penguin Plus Entr
15183,2348323,2025-01-08 00:26:00,Add Product: Penguin Parade - Standard Viewing Ent
15184,2348323,2025-01-08 00:34:47,Add Product: Mercure Melbourne Southbanks with bre
15185,2348323,2025-01-08 00:34:47,Add Product: Melbourne Airport drop
15186,2348323,2025-01-08 00:34:47,Add Product: Caoch for 10 hrs
15187,2348323,2025-01-08 00:36:21,Add Product: Mercure on hay with breakfast
15188,2348323,2025-01-08 00:44:22,Add Product: Airport pick up and coach for 12 hrs 
15189,2348323,2025-01-08 00:44:22,Add Product: Grand chancellor Adelaide with breakf
15190,2348323,2025-01-08 00:47:49,Add Product: Coach for 6 hrs 
15191,2348323,2025-01-08 00:47:49,Add Product: Grand chancellor Adelaide with breakf
15192,2348323,2025-01-08 00:47:49,Add Product: drop to airport 
15193,2348323,2025-01-08 00:57:12,Add Product: Rottnest Island Full day 
15194,2348323,2025-01-08 01:08:12,Add Product: Lunch
15195,2348323,2025-01-08 01:08:12,Add Product: Lunch
15196,2348323,2025-01-08 01:08:12,Add Product: Mercure on hay with breakfast
15197,2348323,2025-01-08 01:08:13,Add Product: Coach for 10 hrs
15198,2348323,2025-01-08 01:08:13,Add Product: Mercure on hay with breakfast
15199,2348323,2025-01-08 01:08:13,Add Product: Drop to Airport
15200,2348323,2025-01-08 01:09:21,Add Product: water bottles 
15201,2348323,2025-01-08 01:11:16,Delete Product: Mercure on hay with breakfast
15202,2348323,2025-01-08 01:11:54,Delete Product: Caoch for 10 hrs
15284,2348326,2024-10-03 18:31:34,Create Project
15285,2348326,2025-01-06 10:24:43,Change Stage to Created
15286,2348326,2025-01-06 10:26:24,Delete Product: Furama Darling Harbour with Breakf
15287,2348326,2025-01-06 10:27:00,Delete Product: Asian / Chinese Lunch- 1 course me
15288,2348326,2025-01-06 10:27:14,Delete Product: Asian / Chinese Dinner - 1 course 
15289,2348326,2025-01-06 10:27:32,Delete Product: Furama Darling Harbour (Holiday In
15290,2348326,2025-01-06 10:28:04,Delete Product: Admission to Featherdale Wildlife 
15291,2348326,2025-01-06 10:28:23,Delete Product: Personal Koala Encounter with Souv
15292,2348326,2025-01-06 10:28:41,Delete Product: Lunch at Eats270
15293,2348326,2025-01-06 10:29:19,Delete Product: Scenic World guided tour of the Va
15294,2348326,2025-01-06 10:29:40,Delete Product: Asian / Chinese Dinner - 1 course 
15295,2348326,2025-01-06 10:29:56,Delete Product: Furama Darling Harbour (Holiday In
15296,2348326,2025-01-06 10:30:22,Delete Product: Coach for 10 hrs
15297,2348326,2025-01-06 10:31:29,Delete Product: Australian Museum
15298,2348326,2025-01-06 10:31:55,Delete Product: Admission to Taronga Zoo
15299,2348326,2025-01-06 10:32:10,Delete Product: Asian / Chinese Lunch- 1 course me
15300,2348326,2025-01-06 10:32:27,Delete Product: Personal Koala Encounter with Souv
15301,2348326,2025-01-06 10:32:41,Delete Product: Furama Darling Harbour (Holiday In
15302,2348326,2025-01-06 10:32:55,Delete Product: Asian / Chinese Dinner - 1 course 
15303,2348326,2025-01-06 10:33:21,Delete Product: My Fast Ferry - VIVID Sydney – 1hr
15304,2348326,2025-01-06 10:33:43,Delete Product: Visit Sydney Harbour Bridge
15305,2348326,2025-01-06 10:34:15,Delete Product: Asian / Chinese Lunch- 1 course me
15306,2348326,2025-01-06 10:34:34,Delete Product: Visit Centennial Parklands
15307,2348326,2025-01-06 10:35:09,Delete Product: Admission to Sydney Sea Life Aquar
15308,2348326,2025-01-06 10:35:23,Delete Product: Asian / Chinese Dinner - 1 course 
15309,2348326,2025-01-06 10:35:39,Delete Product: Furama Darling Harbour (Holiday In
15310,2348326,2025-01-06 10:35:52,Delete Product: Furama Darling Harbour (Holiday In
15311,2348326,2025-01-06 10:36:04,Delete Product: Furama Darling Harbour (Holiday In
15312,2348326,2025-01-06 10:36:53,Add Product: Airport Transfer to Katoomba
15313,2348326,2025-01-06 10:39:00,Add Product: Driver Accommodation 
15314,2348326,2025-01-06 10:39:39,Delete Product: Coach for 06 hrs
15315,2348326,2025-01-07 11:10:19,Add Product: Furama Darling Harbour with Breakfast
15316,2348326,2025-01-07 11:10:43,Add Product: Furama Darling Harbour with Breakfast
15317,2348326,2025-01-07 11:11:13,Add Product: Furama Darling Harbour with Breakfast
15318,2348326,2025-01-07 11:18:54,Add Product: Guide for the day 
15319,2348326,2025-01-07 11:19:26,Add Product: Guide for the day 
15320,2348326,2025-01-07 11:20:14,Add Product: Guide for the day 
15321,2348326,2025-01-07 11:20:59,Add Product: Lunch at eats270 Scenic World
15322,2348326,2025-01-07 11:21:48,Add Product: Asian/Western/Chinese 2 course dinner
15323,2348326,2025-01-07 11:22:45,Add Product: Asian/Western/Chinese 2 course lunch
15324,2348326,2025-01-07 11:23:29,Add Product: Asian/Western/Chinese 2 course dinner
15325,2348326,2025-01-07 11:27:35,Add Product: Sydney Opera House Tour - 1 hour Entr
15326,2348326,2025-01-07 11:28:25,Add Product: Cluster 2: 2 Attraction Pass - (with 
15327,2348326,2025-01-07 11:40:29,"Add Product: Water Bottle for day 6,9 & 10"
15328,2348326,2025-01-08 13:13:19,Delete Product: Driver Accommodation 
15329,2348326,2025-01-08 13:17:09,Add Product: Furama Darling Harbour with Breakfast
15379,2348329,2024-10-11 21:28:19,Create Project
15380,2348329,2025-01-08 13:43:20,Change Stage to Created
15381,2348329,2025-01-08 13:43:38,Change Stage to Created
15382,2348329,2025-01-08 13:45:46,Add Product: Agent Commission
15383,2348329,2025-01-08 13:50:55,Add Product: Asian/Western/Chinese 2 course lunch
15384,2348329,2025-01-08 13:51:26,Add Product: Asian/Western/Chinese 2 course dinner
15385,2348329,2025-01-08 14:01:11,Add Product: Lunch at eats270 Scenic World
15386,2348329,2025-01-08 14:01:53,Add Product: Asian/Western/Chinese 2 course dinner
15387,2348329,2025-01-08 14:03:13,Add Product: lunch at port stephens
15388,2348329,2025-01-08 14:03:56,Add Product: Asian/Western/Chinese 2 course dinner
15394,2348330,2024-10-11 21:28:19,Create Project
15395,2348330,2025-01-08 13:43:20,Change Stage to Created
15396,2348330,2025-01-08 13:43:38,Change Stage to Created
15397,2348330,2025-01-08 13:45:46,Add Product: Agent Commission
15398,2348330,2025-01-08 13:50:55,Add Product: Asian/Western/Chinese 2 course lunch
15399,2348330,2025-01-08 13:51:26,Add Product: Asian/Western/Chinese 2 course dinner
15400,2348330,2025-01-08 14:01:11,Add Product: Lunch at eats270 Scenic World
15401,2348330,2025-01-08 14:01:53,Add Product: Asian/Western/Chinese 2 course dinner
15402,2348330,2025-01-08 14:03:13,Add Product: lunch at port stephens
15403,2348330,2025-01-08 14:03:56,Add Product: Asian/Western/Chinese 2 course dinner
15638,2348350,2025-01-09 10:04:05,New Quote with Stage Created
15639,2348350,2025-01-09 10:15:54,Delete Product: Cluster 2: 2 Attraction Pass - (wi
15640,2348350,2025-01-09 10:16:09,Delete Product: Sydney Opera House Tour - 1 hour E
15641,2348350,2025-01-09 10:18:20,Delete Product: Sydney Zoo Entry Tickets
15642,2348350,2025-01-09 11:04:53,Add Product: Parramatta River Cruise
15643,2348350,2025-01-09 11:06:21,Add Product: Tour Guide for the day
15645,2348351,2025-01-09 10:04:05,New Quote with Stage Created
15646,2348351,2025-01-09 10:15:54,Delete Product: Cluster 2: 2 Attraction Pass - (wi
15647,2348351,2025-01-09 10:16:09,Delete Product: Sydney Opera House Tour - 1 hour E
15648,2348351,2025-01-09 10:18:20,Delete Product: Sydney Zoo Entry Tickets
15649,2348351,2025-01-09 11:04:53,Add Product: Parramatta River Cruise
15650,2348351,2025-01-09 11:06:21,Add Product: Tour Guide for the day
15656,2348353,2025-01-09 11:22:56,New Quote with Stage Created
15657,2348353,2025-01-09 11:24:12,Add Product: Coach for 12 hours
15658,2348353,2025-01-09 11:26:17,Add Product: Hobbiton Movie Set Tours - Admission 
15659,2348353,2025-01-09 11:27:22,Add Product: Mercure Auckland Hotel to Airport Tra
15731,2348355,2024-11-11 17:39:48,Requote
15732,2348355,2024-11-28 22:03:58,Accepted - Groups
15733,2348355,2024-12-02 16:55:02,Add Product: Puffing Billy Railway |Belgrave to Me
15734,2348355,2024-12-02 16:55:42,Delete Product: Puffing Billy Railway | Belgrave -
15735,2348355,2024-12-03 13:00:27,Add Product: The Waves Phillip Island - Beachside 
15736,2348355,2024-12-03 13:01:41,Delete Product: Ramada Resort by Wyndham Phillip I
15737,2348355,2024-12-05 11:42:48,Change Stage to Created
15738,2348355,2024-12-13 11:45:38,Delete Product: Puffing Billy Railway |Belgrave to
15739,2348355,2024-12-13 11:48:10,Delete Product: Coach for 10 hrs
15740,2348355,2024-12-13 11:48:21,Delete Product: Asian/Western/Chinese Lunch 1 Cour
15741,2348355,2024-12-13 11:48:31,Delete Product: Asian/Western/Chinese Dinner 1 Cou
15742,2348355,2024-12-13 11:48:43,Delete Product: Hotel Stay - Mercure Melbourne Sou
15743,2348355,2024-12-13 11:56:31,Delete Product: Coach for 12 hrs
15744,2348355,2024-12-13 11:56:43,Delete Product: Maru Koala & Animal Park
15745,2348355,2024-12-13 11:56:54,Delete Product: Asian/Western/Chinese Lunch 1 Cour
15746,2348355,2024-12-13 11:57:07,Delete Product: Admission to Peninsula Hot Water S
15747,2348355,2024-12-13 11:57:21,Delete Product: Hotel Stay - Mercure Melbourne Sou
15748,2348355,2024-12-13 12:00:55,Add Product: Coach for 10 Hours - City tour + Lunc
15749,2348355,2024-12-13 12:02:06,Add Product: Asian/Western/Chinese 1 course Lunch
15750,2348355,2024-12-13 12:03:46,Add Product: Holiday Inn Express Melbourne Little 
15751,2348355,2024-12-13 12:05:27,Delete Product: Day Free
15752,2348355,2024-12-13 12:06:34,Add Product: Holiday Inn Express Melbourne Little 
15753,2348355,2024-12-13 12:07:46,Delete Product: Hotel Stay at Mercure Southbank wi
15754,2348355,2024-12-13 12:08:28,Add Product: Holiday Inn Express Melbourne Little 
15755,2348355,2024-12-13 12:13:01,Add Product: Holiday Inn Express Melbourne Little 
15756,2348355,2024-12-13 12:38:46,Delete Product: Hotel Stay - Mercure Melbourne Sou
15757,2348355,2024-12-17 13:06:33,Change Stage to Created
15758,2348355,2024-12-17 13:14:11,Add Product: City tour Including Airport transfers
15759,2348355,2024-12-17 13:15:07,Add Product: Holiday Inn Express Melbourne Little 
15760,2348355,2024-12-17 13:15:53,Delete Product: The Waves Phillip Island - Beachsi
15761,2348355,2024-12-17 13:16:06,Delete Product: Driver Accommodation 
15762,2348355,2024-12-17 13:17:00,Add Product: Asian/Western/Chinese 2 course meal
15763,2348355,2024-12-17 13:18:12,Add Product: Asian/Western/Chinese 2 course dinner
15764,2348355,2024-12-17 13:19:14,Delete Product: Antarctic Journey at the Nobbies E
15765,2348355,2024-12-17 13:20:14,Delete Product: Holiday Inn Express Melbourne Litt
15766,2348355,2024-12-17 13:20:38,Delete Product: Holiday Inn Express Melbourne Litt
15767,2348355,2024-12-17 13:20:53,Delete Product: Asian/Western/Chinese 1 course Lun
15768,2348355,2024-12-17 13:21:10,Delete Product: Coach for 10 Hours - City tour + L
15769,2348355,2024-12-17 13:23:07,Add Product: School University Visit
15770,2348355,2024-12-17 13:23:46,Delete Product: Proceed to DFO South Wharf Shoppin
15771,2348355,2024-12-17 13:24:00,Delete Product: Plated 2 course Lunch at Rochford
15772,2348355,2024-12-17 13:24:46,Delete Product: Admission to Rayner’s Orchard
15773,2348355,2024-12-17 13:24:58,Delete Product: Coach for 10 hrs-Full Day Yarra Va
15774,2348355,2024-12-17 13:29:52,Delete Product: Phillip Island Chocolate Factory -
15775,2348355,2024-12-17 13:30:46,Add Product: Coach for 10 hours - City tour includ
15776,2348355,2024-12-17 13:31:16,Delete Product: City tour Including Airport transf
15777,2348355,2024-12-18 13:10:03,Add Product: Holiday Inn Express Melbourne Little 
15778,2348355,2024-12-18 13:12:42,Add Product: Asian/Western/Chinese 2 course Dinner
15779,2348355,2024-12-18 13:14:17,Add Product: Asian/Western/Chinese 2 course lunch
15780,2348355,2024-12-18 13:15:49,Add Product: Asian/Western/Chinese 2 course dinner
15781,2348355,2024-12-18 13:17:20,Add Product: Guide for City tour
15782,2348355,2024-12-18 13:18:39,Add Product: Guide for Philip Island
15783,2348355,2024-12-19 10:16:53,Add Product: Guide for School/University Visit
15784,2348355,2024-12-19 10:19:01,Add Product: Maru Koala and Animal Park - COMBINED
15785,2348355,2025-01-09 11:36:45,Change Stage to Created
15786,2348355,2025-01-09 11:40:23,Delete Product: Maru Koala and Animal Park - COMBI
15787,2348355,2025-01-09 11:42:12,Add Product: Asian/Western/Chinese 2 course lunch
15788,2348355,2025-01-09 11:43:40,Delete Product: Asian/Chinese/Western Dinner 1 Cou
15789,2348355,2025-01-09 11:45:09,Change Stage to Created
15850,2348365,2025-01-06 14:48:43,New Quote with Stage Created
15851,2348365,2025-01-09 17:30:43,Add Product: Lamington National Park
15852,2348365,2025-01-09 17:31:24,Delete Product: Coach for Brisbane Airport to Bris
15853,2348365,2025-01-09 17:33:30,Delete Product: I009 - BOT - Pass :Dream world + S
15854,2348365,2025-01-09 17:43:13,Delete Product: Asian/Western/Chinese 2 course lun
15855,2348365,2025-01-09 17:43:30,Delete Product: Sfrs Htl to Movie World/Dreamworld
15856,2348365,2025-01-09 17:50:26,Delete Product: Sfrs Htl to Movie World/Dreamworld
15857,2348365,2025-01-09 17:55:34,Add Product: Asian/Western/Chinese 2 course Lunch
15858,2348365,2025-01-09 17:56:19,Add Product: Asian/Western/Chinese 2 course dinner
15859,2348365,2025-01-09 17:57:01,Add Product: Lunch at eats270 Scenic World
15860,2348365,2025-01-09 17:57:42,Add Product: Asian/Western/Chinese 2 course dinner
15861,2348365,2025-01-09 17:58:24,Add Product: Asian/Western/Chinese 2 course dinner
15862,2348365,2025-01-09 17:59:07,Add Product: Asian/Western/Chinese 2 course lunch
15863,2348365,2025-01-09 18:00:39,Add Product: Asian/Western/Chinese 2 course dinner
15864,2348365,2025-01-09 18:01:23,Add Product: Asian/Western/Chinese 2 course lunch
15865,2348365,2025-01-09 18:01:53,Add Product: Asian/Western/Chinese 2 course dinner
15866,2348365,2025-01-09 18:02:32,Add Product: Maxi Meal
15867,2348365,2025-01-09 18:04:55,Add Product: Asian/Western/Chinese 2 course dinner
15868,2348365,2025-01-09 18:13:53,Delete Product: Asian/Western/Chinese 2 course lun
15869,2348365,2025-01-09 18:15:50,Delete Product: Asian/Western/Chinese 2 course lun
15870,2348365,2025-01-09 18:16:55,Add Product: Surfers Paradise Hotel to Brisbane ai
15871,2348365,2025-01-09 18:18:56,Delete Product: Hotel Grand Chancellor Brisbane wi
15872,2348365,2025-01-09 18:19:58,Delete Product: Hotel Grand Chancellor Brisbane wi
15931,2348369,2025-01-08 14:40:27,New Quote with Stage Created
15932,2348369,2025-01-08 14:41:06,Change Stage to Created
15933,2348369,2025-01-08 19:27:28,Add Product: Coach for 2 hrs extra
15934,2348369,2025-01-08 19:41:09,Delete Product: Lunch @ Flora Melbourne
15935,2348369,2025-01-08 19:55:27,Delete Product: Dinner
15936,2348369,2025-01-08 20:00:26,Add Product: Great ocean road for 12 hrs
15937,2348369,2025-01-08 20:00:26,Add Product: Lunch
15938,2348369,2025-01-08 20:03:05,Add Product: Mercure Melbourne South bank with bre
15939,2348369,2025-01-08 20:06:54,Add Product: Drop at airport 
15940,2348369,2025-01-08 20:06:54,Add Product: coach for 8 hrs for city tour
15941,2348369,2025-01-08 20:18:23,Add Product: Sydney Zoo Entry Tickets
15942,2348369,2025-01-08 20:23:40,Add Product: Holiday Inn Sydney Pots Point with br
15943,2348369,2025-01-08 20:25:41,Add Product: Coach for 10 hrs
15944,2348369,2025-01-08 20:29:20,Add Product: Holiday Inn Sydney Pots Point with br
15945,2348369,2025-01-08 20:31:02,Add Product: Drop at th eairport
15946,2348369,2025-01-08 20:38:08,Add Product: Coach for Blue Mountain for 12 hrs 
15947,2348369,2025-01-09 19:59:39,Delete Product: Blue Mountain Express - Full Day T
15948,2348369,2025-01-09 20:01:27,Delete Product: Coach for 10 hours for Blue Mounta
15949,2348369,2025-01-09 20:03:28,Delete Product: Coach for 10 hours Sydney City Tou
15950,2348369,2025-01-09 20:03:50,Delete Product: Sydney Zoo Entry Tickets
15951,2348369,2025-01-09 20:04:10,Delete Product: Scenic World - Ultimate Discovery 
16015,2348374,2025-01-08 15:45:19,New Quote with Stage Created
16016,2348374,2025-01-09 20:39:06,Add Product: Arrival and transfer to hotel
16017,2348374,2025-01-09 20:43:00,Add Product: Mercure Melbourne Southbanks with bre
16018,2348374,2025-01-09 20:51:41,Add Product: coach for 2 hrs for lunch
16019,2348374,2025-01-09 20:51:41,Add Product: Half day conference with Hi tea and d
16020,2348374,2025-01-09 20:51:41,Add Product: Mercure Melbourne Southbanks with bre
16021,2348374,2025-01-09 20:53:16,Add Product: City tour for 10 hrs 
16022,2348374,2025-01-09 20:58:11,Delete Product: Dinner @ Dosa Hut
16023,2348374,2025-01-09 20:59:39,Add Product: Cocktail dinner at private venue / ho
16024,2348374,2025-01-09 20:59:39,Add Product: Mercure Melbourne Southbanks with bre
16025,2348374,2025-01-09 21:02:04,Add Product: Great ocean road
16026,2348374,2025-01-09 21:07:26,Add Product: Mercure Melbourne Southbanks with bre
16027,2348374,2025-01-09 21:07:26,Add Product: Drop at airport 
16062,2348380,2025-01-09 21:23:52,New Quote with Stage Created
16063,2348380,2025-01-09 21:25:17,Add Product: Coach for 8 hrs
16064,2348380,2025-01-09 21:29:06,Add Product: The Ascot Sydney with breakfast or si
16065,2348380,2025-01-09 21:32:30,Add Product: Half day conference with Hi Tea and D
16066,2348380,2025-01-09 21:32:30,Add Product: Coach for 2 hrs for Lunch
16067,2348380,2025-01-09 21:32:30,Add Product: The Ascot Ltd Sydney Central with bre
16068,2348380,2025-01-09 21:35:06,Add Product: coach for 12 hours
16069,2348380,2025-01-09 21:38:10,Add Product: Cocktail dinner at private venue / ho
16070,2348380,2025-01-09 21:38:10,Add Product: The Ascot Ltd Sydney Central with bre
16071,2348380,2025-01-09 21:44:21,Add Product: coach for 12 hours for Blue Mountain 
16072,2348380,2025-01-09 21:47:43,Add Product: Sydney Zoo Entry Tickets
16073,2348380,2025-01-09 21:52:18,Add Product: The Ascot Ltd Sydney Central with bre
16074,2348380,2025-01-09 21:52:18,Add Product: Dropt at the airport
16135,2348383,2025-01-09 22:11:56,New Quote with Stage Created
16136,2348383,2025-01-09 22:18:35,Add Product: Arrive Sydney - Transfer from Sydney 
16137,2348383,2025-01-09 22:18:35,Add Product: Sydney Tower Eye - General Admission 
16138,2348383,2025-01-09 22:18:35,Add Product: SHOWBOAT DINNER CRUISE WITH INDIAN SE
16139,2348383,2025-01-09 22:18:35,Add Product: Coach for 12 Hrs - Full Day Blue Moun
16140,2348383,2025-01-09 22:18:35,Add Product: Scenic World - Ultimate Discovery Pas
16141,2348383,2025-01-09 22:18:35,Add Product: Depart Sydney - Transfer from Sydney 
16142,2348383,2025-01-09 22:18:35,Add Product: Arrive Brisbane - Coach for 08 Hrs + 
16143,2348383,2025-01-09 22:18:35,Add Product: Return Transfer to Movie World 
16144,2348383,2025-01-09 22:18:35,Add Product: Movie World Admission Ticket
16145,2348383,2025-01-09 22:18:36,Add Product: Depart Gold Coast - Transfer from Gol
16146,2348383,2025-01-09 22:19:30,Add Product: Water Bottle 
16170,2348385,2025-01-09 22:11:56,New Quote with Stage Created
16171,2348385,2025-01-09 22:18:35,Add Product: Arrive Sydney - Transfer from Sydney 
16172,2348385,2025-01-09 22:18:35,Add Product: Sydney Tower Eye - General Admission 
16173,2348385,2025-01-09 22:18:35,Add Product: SHOWBOAT DINNER CRUISE WITH INDIAN SE
16174,2348385,2025-01-09 22:18:35,Add Product: Coach for 12 Hrs - Full Day Blue Moun
16175,2348385,2025-01-09 22:18:35,Add Product: Scenic World - Ultimate Discovery Pas
16176,2348385,2025-01-09 22:18:35,Add Product: Depart Sydney - Transfer from Sydney 
16177,2348385,2025-01-09 22:18:35,Add Product: Arrive Brisbane - Coach for 08 Hrs + 
16178,2348385,2025-01-09 22:18:35,Add Product: Return Transfer to Movie World 
16179,2348385,2025-01-09 22:18:35,Add Product: Movie World Admission Ticket
16180,2348385,2025-01-09 22:18:36,Add Product: Depart Gold Coast - Transfer from Gol
16181,2348385,2025-01-09 22:19:30,Add Product: Water Bottle 
16262,2348391,2025-01-10 12:29:28,New Quote with Stage Created
16263,2348391,2025-01-10 13:15:49,Change Stage to Created
16264,2348391,2025-01-10 13:20:11,Change Stage to Created
16265,2348391,2025-01-10 14:13:55,Import CSV - Products
16266,2348391,2025-01-10 14:26:06,Delete Product: Mercure Cairns with Breakfast
16267,2348391,2025-01-10 14:26:30,Delete Product: Mercure Cairns with Breakfast
16268,2348391,2025-01-10 14:26:47,Delete Product: Mercure Cairns with Breakfast
16352,2348401,2025-01-09 14:58:53,New Quote with Stage Created
16353,2348401,2025-01-09 23:09:48,Add Product: Airport  pick up and drop 
16354,2348401,2025-01-09 23:09:48,Add Product: Mercure Melbourne Southbanks with bre
16355,2348401,2025-01-09 23:09:48,Add Product: Phillip Island for 12 hrs with city t
16356,2348401,2025-01-09 23:15:13,Add Product: Mercure Melbourne Southbanks with bre
16357,2348401,2025-01-09 23:18:25,Add Product: Great ocean road for 12 hours 
16358,2348401,2025-01-09 23:18:25,Add Product: Pizza lunch 
16359,2348401,2025-01-09 23:18:25,Add Product: Dinner at Indian restaurant
16360,2348401,2025-01-09 23:18:25,Add Product: Mercure Melbourne Southbanks with bre
16361,2348401,2025-01-09 23:21:41,Add Product: Drop at the airport
16362,2348401,2025-01-09 23:21:41,Add Product: packed lunch 
16363,2348401,2025-01-09 23:21:41,Add Product: Dinner at Indian restaurant by walk 
16364,2348401,2025-01-09 23:21:41,Add Product: Harbourside cairns with breakfast 
16365,2348401,2025-01-09 23:23:28,Add Product: Innercity transfers two way
16366,2348401,2025-01-09 23:28:56,Add Product: Dinner at Indian restaurant by walk 
16367,2348401,2025-01-09 23:28:56,Add Product: Harbourside cairns with breakfast
16368,2348401,2025-01-09 23:30:10,Add Product: Coach for 6 hrs
16369,2348401,2025-01-09 23:31:51,Delete Product: Coach for 6 hrs
16370,2348401,2025-01-09 23:32:41,Add Product: Coach for 6 hrs 
16371,2348401,2025-01-10 16:50:59,Delete Product: Coach for 6 hrs 
16372,2348401,2025-01-10 16:52:09,Add Product: coach for 6 hrs
16373,2348401,2025-01-10 17:03:54,Add Product: Harbourside Cairns with breakfast 
16374,2348401,2025-01-10 17:06:04,Add Product: Hotel to Airport drop
16375,2348401,2025-01-10 17:09:47,Add Product: packd lunch
16376,2348401,2025-01-10 17:09:47,Add Product: BNE Airport to Surfers Paradise Hotel
16377,2348401,2025-01-10 17:12:23,Add Product: Novotel Surfers Paradise 
16378,2348401,2025-01-10 17:16:28,Add Product: Movie world return transfers
16379,2348401,2025-01-10 17:16:28,Add Product: Maxi meal Movie world
16380,2348401,2025-01-10 17:16:28,Add Product: Dinner at Indian restaurant
16381,2348401,2025-01-10 17:16:28,Add Product: Novotel Surfers Paradise with breakfa
16382,2348401,2025-01-10 17:19:45,Add Product: Sea world return transfers
16383,2348401,2025-01-10 17:19:45,Add Product: Sea world
16384,2348401,2025-01-10 17:19:45,Add Product: Maxi meal Sea world
16385,2348401,2025-01-10 17:19:45,Add Product: Novotel Surfers Paradise with breakfa
16386,2348401,2025-01-10 17:21:45,Add Product: Drop at the airport
16387,2348401,2025-01-10 17:25:50,Add Product: Airport to hotel
16388,2348401,2025-01-10 17:25:50,Add Product: Packed lunch
16389,2348401,2025-01-10 17:25:50,Add Product: Dinner at Indian restaurant
16390,2348401,2025-01-10 17:25:50,Add Product: The Ascot Sydney with breakfast or si
16391,2348401,2025-01-10 17:29:58,Add Product: Sydney city tour
16392,2348401,2025-01-10 17:32:10,Delete Product: Cluster 4: 4 Attraction Pass (Only
16393,2348401,2025-01-10 17:34:29,Add Product: The Ascot Ltd Sydney Central with bre
16394,2348401,2025-01-10 17:36:48,Add Product: coach for 12 hours for Blue Mountain 
16395,2348401,2025-01-10 17:43:44,Add Product: Sydney Zoo Entry Tickets
16396,2348401,2025-01-10 17:47:08,Add Product: The Ascot Sydney with breakfast or si
16397,2348401,2025-01-10 17:48:55,Add Product: Hotel to airport drop
16448,2348403,2025-01-10 15:05:24,New Quote with Stage Created
16449,2348403,2025-01-10 18:41:18,Change Stage to Created
16450,2348403,2025-01-10 20:09:35,Delete Product: Hotel Grand Chancellor / Mercure S
16458,2348405,2025-01-09 15:24:14,New Quote with Stage Created
16459,2348405,2025-01-10 19:30:33,Import CSV - Products
16460,2348405,2025-01-10 19:37:38,Add Product: Airport to hotel transfesr
16461,2348405,2025-01-10 19:37:38,Add Product: Mercure Melbourne Southbanks with bre
16462,2348405,2025-01-10 19:37:38,Add Product: Coach for 12 hrs Great Ocean road
16463,2348405,2025-01-10 19:37:38,Add Product: Mercure Melbourne Southbanks with bre
16464,2348405,2025-01-10 19:37:38,Add Product: Mercure Melbourne Southbanks with bre
16465,2348405,2025-01-10 20:08:12,Add Product: Drop to Airport 
16466,2348405,2025-01-10 20:13:00,Add Product: Packed lunch
16467,2348405,2025-01-10 20:26:11,Delete Product: Mercure Sydney/ Rydges World Squar
16468,2348405,2025-01-10 20:26:43,Delete Product: Mercure Sydney/ Rydges World Squar
16483,2348407,2025-01-10 15:05:24,New Quote with Stage Created
16484,2348407,2025-01-10 18:41:18,Change Stage to Created
16485,2348407,2025-01-10 20:09:35,Delete Product: Hotel Grand Chancellor / Mercure S
16486,2348407,2025-01-10 20:14:32,Delete Product: Hotel Grand Chancellor / Mercure S
16487,2348407,2025-01-10 20:15:38,Delete Product: Hotel Grand Chancellor / Mercure S
16488,2348407,2025-01-10 20:15:56,Delete Product: Hotel Grand Chancellor / Mercure S
16489,2348407,2025-01-10 20:53:19,Add Product: Taronga Zoo  -  General Zoo Entry Tic
16528,2348414,2025-01-10 22:09:51,New Quote with Stage Created
16529,2348414,2025-01-10 22:11:42,Add Product: Coach for 12 hrs
16530,2348414,2025-01-10 22:11:42,Add Product: Mercure Melbourne Southbanks with bre
16531,2348414,2025-01-10 22:11:48,Add Product: Coach for 12 hrs
16532,2348414,2025-01-10 22:11:48,Add Product: Mercure Melbourne Southbanks with bre
16533,2348414,2025-01-10 22:13:30,Delete Product: Coach for 12 hrs
16534,2348414,2025-01-10 22:13:45,Delete Product: Mercure Melbourne Southbanks with 
16535,2348414,2025-01-10 22:19:43,Add Product: Coach for 12 hours for Great ocean ro
16536,2348414,2025-01-10 22:19:44,Add Product: Mercure Melbourne Southbanks with bre
16537,2348414,2025-01-10 22:19:44,Add Product: Phillip Island for 12 hrs
16538,2348414,2025-01-10 22:19:44,Add Product: Penguine parade general viewing
16539,2348414,2025-01-10 22:19:44,Add Product: Drop to airport 
16540,2348414,2025-01-10 22:19:44,Add Product: Airport pick up and  drop to hotel
16541,2348414,2025-01-10 22:22:26,Add Product: Harbourside Cairns with breakfast 
16542,2348414,2025-01-10 22:22:26,Add Product: Innercity transfers two way
16543,2348414,2025-01-10 22:30:17,Add Product: Harbourside Cairns with breakfast 
16544,2348414,2025-01-10 22:30:17,Add Product: Drop to airport
16545,2348414,2025-01-10 22:32:28,Add Product: Coach for 10 hrs 
16546,2348414,2025-01-10 22:45:34,Add Product: The Ascot Sydney with breakfast or si
16547,2348414,2025-01-10 22:45:34,Add Product: Blue mountain for 12 hours 
16548,2348414,2025-01-10 22:47:28,Add Product: Sydney Zoo Entry Tickets
16549,2348414,2025-01-10 22:50:28,Add Product: The Ascot Sydney with breakfast or si
16550,2348414,2025-01-10 22:50:28,Add Product: Drop to Airport 
16588,2348415,2025-01-10 22:40:49,New Quote with Stage Created
16589,2348415,2025-01-10 22:52:31,Add Product: Arrive Auckland - Transfer from Auckl
16590,2348415,2025-01-10 22:52:31,Add Product: Sky Tower Observation Deck Ticket
16591,2348415,2025-01-10 22:52:31,Add Product: Indian Dinner 
16592,2348415,2025-01-10 22:52:31,Add Product: Hotel Stay - Holiday Inn Express Auck
16593,2348415,2025-01-10 22:56:46,Add Product: Coach for 12 Hrs - Auckland to Rotoru
16594,2348415,2025-01-10 22:56:46,Add Product: Waitomo GlowWorm Caves - Admission Ti
16595,2348415,2025-01-10 22:56:46,Add Product: Te Ra Guided Experience Ticket
16596,2348415,2025-01-10 22:56:46,Add Product: Indian Dinner 
16597,2348415,2025-01-10 22:56:46,Add Product: Hotel Stay - Sudima Lake Rotorua or S
16598,2348415,2025-01-10 23:05:11,Add Product: Depart Rotorua - Shopping + Airport T
16599,2348415,2025-01-10 23:05:11,Add Product: Arrive Christchurch - Transfer from C
16600,2348415,2025-01-10 23:05:11,Add Product: Indian Dinner 
16601,2348415,2025-01-10 23:05:11,Add Product: Hotel Stay - Distinction Hotel Christ
16602,2348415,2025-01-10 23:05:11,Add Product: Coach for 12 Hrs - Christchurch to Qu
16603,2348415,2025-01-10 23:05:11,Add Product: Indian Dinner 
16604,2348415,2025-01-10 23:05:11,Add Product: Hotel Stay - Holiday inn Express and 
16605,2348415,2025-01-10 23:27:49,Add Product: Coach for 12 Hrs - Full Day Milford S
16606,2348415,2025-01-10 23:27:49,Add Product: Milford Sound Nature Cruise Ticket & 
16607,2348415,2025-01-10 23:27:49,Add Product: Indian DInner 
16608,2348415,2025-01-10 23:27:49,Add Product: Hotel Stay - Holiday inn Express and 
16609,2348415,2025-01-10 23:36:34,Add Product: Coach for 10 Hrs - Transfer from Quee
16610,2348415,2025-01-10 23:36:34,Add Product: Indian Dinner 
16611,2348415,2025-01-10 23:36:34,Add Product: Hotel Stay - Scenic Hotel Franz Josef
16612,2348415,2025-01-10 23:36:34,Add Product: Transfer from Franz Josef to Greymout
16613,2348415,2025-01-10 23:36:34,Add Product: Kiwirailways - TranzAlpine Train Tick
16614,2348415,2025-01-10 23:36:34,Add Product: Transfer from Christchurch Train stat
16615,2348415,2025-01-10 23:36:34,Add Product: Indian Dinner 
16616,2348415,2025-01-10 23:36:34,Add Product: Hotel Stay - Distinction Hotel Christ
16617,2348415,2025-01-10 23:36:34,Add Product: Depart Christchurch - Transfer from C
16618,2348415,2025-01-10 23:39:07,Add Product: FoC for TM
16778,2348425,2025-01-11 01:32:42,New Quote with Stage Created
16779,2348425,2025-01-11 01:38:50,Add Product: Arrive Auckland - Transfer from Auckl
16780,2348425,2025-01-11 01:38:50,Add Product: Indian Dinner 
16781,2348425,2025-01-11 01:38:50,Add Product: Hotel Stay - Holiday Inn Express Auck
16782,2348425,2025-01-11 01:39:19,Change Stage to Created
16783,2348425,2025-01-11 01:45:36,Add Product: Coach for 12 Hrs - Auckland to Paihia
16784,2348425,2025-01-11 01:45:36,Add Product: Fullers GreatSights - Hole in the Roc
16785,2348425,2025-01-11 01:45:36,Add Product: Indian Lunch 
16786,2348425,2025-01-11 01:45:36,Add Product: Indian Dinner 
16787,2348425,2025-01-11 01:45:36,Add Product: Hotel Stay - Scenic Hotel Bay of isla
16788,2348425,2025-01-11 01:45:37,Add Product: Coach for 12 Hrs - Paihia to Auckland
16789,2348425,2025-01-11 01:45:37,Add Product: Waitomo GlowWorm Caves - Admission Ti
16790,2348425,2025-01-11 01:45:37,Add Product: Indian Lunch 
16791,2348425,2025-01-11 01:45:37,Add Product: Indian Dinner 
16792,2348425,2025-01-11 01:45:37,Add Product: Hotel Stay - Distinction Hotel Rotoru
16793,2348425,2025-01-11 03:28:02,Add Product: Coach for 10 Hrs - Rotorua to Aucklan
16794,2348425,2025-01-11 03:28:02,Add Product: Sky Tower Observation Deck Ticket
16795,2348425,2025-01-11 03:28:02,Add Product: Indian Lunch 
16796,2348425,2025-01-11 03:28:02,Add Product: Indian Dinner 
16797,2348425,2025-01-11 03:28:02,Add Product: Hotel Stay - Holiday Inn Express Auck
16798,2348425,2025-01-11 03:57:17,Add Product: Depart Auckland - Transfer from Auckl
16799,2348425,2025-01-11 03:57:17,Add Product: Arrive Queenstown - Transfer from Que
16800,2348425,2025-01-11 03:57:17,Add Product: Indian Lunch 
16801,2348425,2025-01-11 03:57:17,Add Product: Indian Dinner 
16802,2348425,2025-01-11 03:57:17,Add Product: Hotel Stay - Holiday inn Express and 
16803,2348425,2025-01-11 04:16:28,Add Product: Coach for 12 Hrs - Full Day Milford S
16804,2348425,2025-01-11 04:16:28,Add Product: Gem of the Sound cruise + Picnic Lunc
16805,2348425,2025-01-11 04:16:28,Add Product: Indian Dinner 
16806,2348425,2025-01-11 04:16:28,Add Product: Hotel Stay - Holiday inn Express and 
16807,2348425,2025-01-11 16:22:12,Add Product: Coach for 10 Hrs - Queenstown City To
16808,2348425,2025-01-11 16:22:12,Add Product: Skyline Queenstown - Gondola Ticket o
16809,2348425,2025-01-11 16:22:12,Add Product: Indian Lunch 
16810,2348425,2025-01-11 16:22:12,Add Product: Indian Dinner 
16811,2348425,2025-01-11 16:22:12,Add Product: Hotel Stay - Holiday inn Express and 
16812,2348425,2025-01-11 16:27:59,Add Product: Coach for 10 Hrs - Queenstown to Chri
16813,2348425,2025-01-11 16:27:59,Add Product: Local Lunch 
16814,2348425,2025-01-11 16:27:59,Add Product: Indian Dinner 
16815,2348425,2025-01-11 16:27:59,Add Product: Hotel Stay - Distinction Hotel Christ
16816,2348425,2025-01-11 16:41:03,Add Product: Transfer from Christchurch Hotel to C
16817,2348425,2025-01-11 16:41:03,Add Product: TranzAlpine : Christchurch to Arthur'
16818,2348425,2025-01-11 16:55:55,Add Product: Indian Lunch 
16819,2348425,2025-01-11 17:01:55,Add Product: TranzAlpine : Arthur's Pass to Christ
16820,2348425,2025-01-11 17:01:55,Add Product: Transfer from Christchurch Train stat
16821,2348425,2025-01-11 17:01:55,Add Product: Indian Dinner 
16822,2348425,2025-01-11 17:05:17,Add Product: Hotel Stay - Distinction Hotel Christ
16823,2348425,2025-01-11 17:05:17,Add Product: Depart Christchurch - Transfer from C
16824,2348425,2025-01-11 17:05:17,Add Product: Arrive Auckland - Transfer from Auckl
16825,2348425,2025-01-11 17:05:17,Add Product: Hotel Stay - Holiday Inn Express Auck
16826,2348425,2025-01-11 17:05:17,Add Product: Indian Lunch 
16827,2348425,2025-01-11 17:05:17,Add Product: Indian Dinner 
16828,2348425,2025-01-11 17:05:17,Add Product: Depart Auckland - Transfer from Auckl
16829,2348425,2025-01-11 17:07:27,Add Product: Depart Auckland - Transfer from Auckl
16908,2348429,2025-01-11 14:42:29,New Quote with Stage Created
16909,2348429,2025-01-11 17:51:01,Add Product: Coach for 12 hrs including airport pi
16910,2348429,2025-01-11 17:51:01,Add Product: Oriental meals dinner
16911,2348429,2025-01-11 17:53:40,Add Product: Mercure Melbourne Southbanks with bre
16912,2348429,2025-01-11 17:53:40,Add Product: Coach for 12 hours for Phillip Island
16913,2348429,2025-01-11 18:01:16,Add Product: Penguin Parade - Standard Viewing Ent
16914,2348429,2025-01-11 18:02:35,Add Product: Chinese / Thai Meal
16915,2348429,2025-01-11 18:02:35,Add Product: Mercure Melbourne Southbanks with bre
16916,2348429,2025-01-11 18:07:02,Add Product: Coach for 12 hours for Great ocean ro
16917,2348429,2025-01-11 18:07:02,Add Product: Chinese / Thai Meal
16918,2348429,2025-01-11 18:07:02,Add Product: Mercure Melbourne Southbanks with bre
16919,2348429,2025-01-11 18:07:02,Add Product: Drop to airport
16920,2348429,2025-01-11 18:07:02,Add Product: Pick up from Brisbane and drop to hot
16921,2348429,2025-01-11 18:07:02,Add Product: Chinese / Thai Meal
16922,2348429,2025-01-11 18:12:08,Add Product: Novotel Surfers Paradise with breakfa
16923,2348429,2025-01-11 18:12:08,Add Product: Movie world return transfers
16924,2348429,2025-01-11 18:12:08,Add Product: Movie world
16925,2348429,2025-01-11 18:12:08,Add Product: Chinese / Thai Meal
16926,2348429,2025-01-11 18:12:08,Add Product: Novotel Surfers Paradise with breakfa
16927,2348429,2025-01-11 18:12:08,Add Product: Drop at the airport
16928,2348429,2025-01-11 18:17:21,Add Product: Coach for 10 hrs
16929,2348429,2025-01-11 18:20:46,Add Product: Showboat dinner with western meals
16930,2348429,2025-01-11 18:20:46,Add Product: The Ascot Ltd Sydney Central with bre
16931,2348429,2025-01-11 18:20:46,Add Product: Coach for 12 hours for city tour
16932,2348429,2025-01-11 18:23:19,Add Product: The Ascot Ltd Sydney Central with bre
16933,2348429,2025-01-11 18:23:19,Add Product: Hotel to Airport drop
16934,2348429,2025-01-11 18:25:26,Add Product: Chinese / Thai Meal
16970,2348432,2025-01-08 21:24:41,New Quote with Stage Created
16971,2348432,2025-01-11 19:43:29,Add Product: Coach for 12 hrs for Keil Mountain
16972,2348432,2025-01-11 19:57:04,Add Product: Grand Chancellor with breakfast  or s
16973,2348432,2025-01-11 19:58:30,Add Product: Sunshine coast Motor lodge or similar
16974,2348432,2025-01-11 20:00:18,Add Product: Local dinner
16975,2348432,2025-01-11 20:04:04,Add Product: Transfer from Woobye to Sea world Gol
16976,2348432,2025-01-11 20:07:38,Add Product: Novotel Surfers Paradise with breakfa
16977,2348432,2025-01-11 20:08:21,Delete Product: Transfer from Woobye to Sea world 
16978,2348432,2025-01-11 20:09:38,Add Product: Coach for 12 hrs and pick up and drop
16979,2348432,2025-01-11 20:09:46,Add Product: Coach for 12 hrs and pick up and drop
16980,2348432,2025-01-11 20:12:10,Delete Product: Coach for 12 hrs and pick up and d
16981,2348432,2025-01-11 20:19:36,Add Product: Coach for 4 hours
16982,2348432,2025-01-11 20:23:12,Add Product: The Ascot Ltd Sydney Central with bre
16983,2348432,2025-01-11 20:24:55,Add Product: Coach for 12 hrs 
16984,2348432,2025-01-11 20:30:53,Add Product: The Ascot Sydney with breakfast or si
16985,2348432,2025-01-11 20:33:24,Add Product: coach for 12 hours
16986,2348432,2025-01-11 21:03:01,Add Product: The Ascot Sydney with breakfast or si
16987,2348432,2025-01-11 21:07:14,Add Product: Coach for 12 hrs including airport pi
16988,2348432,2025-01-11 21:07:14,Add Product: Drop to Airport 
16989,2348432,2025-01-11 21:11:41,Add Product: Penguin Parade - Standard Viewing Ent
16990,2348432,2025-01-11 21:18:06,Add Product: Coach for 12 hrs for Great Ocean road
16991,2348432,2025-01-11 21:20:37,Add Product: Dinner at Indian restaurant
16992,2348432,2025-01-11 21:20:37,Add Product: Mercure Melbourne Southbanks with bre
16993,2348432,2025-01-11 21:23:38,Delete Product: Lunch @ Flora Melbourne
16994,2348432,2025-01-11 21:30:44,Add Product: Mercure Melbourne Southbanks with bre
16995,2348432,2025-01-11 21:30:44,Add Product: Coach for 6 hrs 
17028,2348435,2025-01-11 14:46:35,New Quote with Stage Created
17029,2348435,2025-01-11 22:04:00,Add Product: Airport to hotel  pick up and drop
17030,2348435,2025-01-11 22:04:00,Add Product: Mercure Melbourne Southbanks with bre
17031,2348435,2025-01-11 22:04:00,Add Product: Dinner at Indian restaurant
17032,2348435,2025-01-11 22:07:04,Add Product: Coach for 12 hours for Philip Island
17033,2348435,2025-01-11 22:13:11,Add Product: Mercure Melbourne Southbanks with bre
17034,2348435,2025-01-11 22:13:11,Add Product: Penguin Parade - Standard Viewing Ent
17035,2348435,2025-01-11 22:17:28,Add Product: Day leisure or Optional trip to Great
17036,2348435,2025-01-11 22:30:40,Add Product: coach for 12 hours for Blue Mountain 
17071,2348437,2025-01-11 22:11:52,New Quote with Stage Created
17072,2348437,2025-01-11 22:23:31,Add Product: Arrive Queenstown - Transfer from Que
17073,2348437,2025-01-11 22:23:31,Add Product: Local lunch 
17074,2348437,2025-01-11 22:23:31,Add Product: Local dinner 
17075,2348437,2025-01-11 22:23:31,Add Product: Hotel stay - Holiday inn express and 
17076,2348437,2025-01-11 22:37:47,Add Product: Coach for 12 hrs - Full day Milford s
17077,2348437,2025-01-11 22:37:47,Add Product: Milford Sound Nature Cruise Ticket & 
17078,2348437,2025-01-11 22:37:47,Add Product: Local Dinner 
17079,2348437,2025-01-11 22:37:47,Add Product: Hotel stay - Holiday inn express and 
17080,2348437,2025-01-11 22:37:47,Add Product: Coach for 10 hrs - Arrowtown city tou
17081,2348437,2025-01-11 22:37:47,Add Product: K JET | JET BOAT RIDE QUEENSTOWN
17082,2348437,2025-01-11 22:37:47,Add Product: Local lunch 
17083,2348437,2025-01-11 22:37:47,Add Product: Skyline Queenstown - Gondola Ticket o
17084,2348437,2025-01-11 22:37:47,Add Product: Local dinner 
17085,2348437,2025-01-11 22:37:47,Add Product: Hotel stay - Holiday inn express and 
17086,2348437,2025-01-11 22:47:11,Add Product: Coach for 12 hrs - Transfer from Quee
17087,2348437,2025-01-11 22:47:11,Add Product: Local lunch 
17088,2348437,2025-01-11 22:47:11,Add Product: Local dinner 
17089,2348437,2025-01-11 22:47:11,Add Product: Hotel stay - Distinction Hotel Christ
17090,2348437,2025-01-11 22:47:11,Add Product: Coach for 10 hrs - Christchurch city 
17091,2348437,2025-01-11 22:47:11,Add Product: Local lunch 
17092,2348437,2025-01-11 22:47:11,Add Product: General Admission to International An
17093,2348437,2025-01-11 22:47:11,Add Product: Local dinner 
17094,2348437,2025-01-11 22:47:11,Add Product: Hotel stay - Distinction Hotel Christ
17095,2348437,2025-01-11 22:55:19,Add Product: Depart Christchurch - Transfer from C
17096,2348437,2025-01-11 22:55:19,Add Product: Arrive Rotorua - Transfer from Rotoru
17097,2348437,2025-01-11 22:55:19,Add Product: Local lunch 
17098,2348437,2025-01-11 22:55:19,Add Product: Local dinner 
17099,2348437,2025-01-11 22:55:19,Add Product: Hotel stay - Sudima lake Rotorua or S
17100,2348437,2025-01-11 23:06:13,Add Product: Coach for 12 hrs - Hobbiton+ Te puia 
17101,2348437,2025-01-11 23:06:13,Add Product: Hobbiton Movie Set Tour - Admission T
17102,2348437,2025-01-11 23:06:13,Add Product: Local lunch 
17103,2348437,2025-01-11 23:06:13,Add Product: Te Ra Guided Experience Ticket
17104,2348437,2025-01-11 23:06:13,Add Product: Local dinner 
17105,2348437,2025-01-11 23:06:13,Add Product: Hotel stay - Sudima lake Rotorua or s
17106,2348437,2025-01-11 23:13:38,Add Product: Coach for 12 hrs - Rotorua to Aucklan
17107,2348437,2025-01-11 23:13:38,Add Product: Waitomo GlowWorm Caves - Admission Ti
17108,2348437,2025-01-11 23:13:38,Add Product: Local lunch 
17109,2348437,2025-01-11 23:13:38,Add Product: Local dinner 
17110,2348437,2025-01-11 23:13:38,Add Product: Hotel stay - Holiday inn express Auck
17111,2348437,2025-01-11 23:13:38,Add Product: Depart Auckland - Transfer from Auckl
17405,2348461,2025-01-07 14:59:24,New Quote with Stage Created
17406,2348461,2025-01-13 20:40:25,Add Product: Arrival and city tour
17407,2348461,2025-01-13 20:49:05,Add Product: Lunch at Indian restaurant 
17408,2348461,2025-01-13 20:52:45,Add Product: Dinner at Indian restaurant
17409,2348461,2025-01-13 21:03:48,Add Product: Grand Chancellor with breakfast  or s
17410,2348461,2025-01-13 21:03:48,Add Product: Grand Chancellor with breakfast  or s
17411,2348461,2025-01-13 21:03:48,Add Product: Drop at the airport
17412,2348461,2025-01-13 21:08:51,Add Product: Airport transfer + meal 
17413,2348461,2025-01-13 21:35:08,Add Product: Desert Garden with Breakfast  -  - ga
17414,2348461,2025-01-13 21:35:08,Add Product: Desert Garden with Breakfast -  garde
17415,2348461,2025-01-13 21:35:08,Add Product: Uluru Sacred Sites & Sunset Tour
17416,2348461,2025-01-13 21:44:36,Add Product: Coach for10  hrs
17417,2348461,2025-01-13 22:05:54,Add Product: Coach for 12 hrs 
17418,2348461,2025-01-13 22:10:08,Add Product: Furama Darling Harbour with breakfast
17419,2348461,2025-01-13 22:10:08,Add Product: Furama Darling Harbour with breakfast
17420,2348461,2025-01-13 22:14:36,Add Product: Coach for 12 hours 
17421,2348461,2025-01-13 22:21:35,Add Product: Coach for 12 hrs for Kangaroo Island 
17478,2348469,2025-01-14 16:40:42,New Quote with Stage Created
17479,2348469,2025-01-14 16:45:01,Add Product: 6 Dish Soup Lunch
17480,2348469,2025-01-14 16:45:40,Add Product: 6 Dish Soup Lunch
17515,2348471,2025-01-14 15:16:15,New Quote with Stage Created
17516,2348471,2025-01-14 17:04:49,Import CSV - Products
17517,2348471,2025-01-14 17:09:17,Add Product: Coach for extra 2 hours 
17518,2348471,2025-01-14 17:15:39,Delete Product: Scenic World - Ultimate Discovery Pass Entry Ticket
17519,2348471,2025-01-14 17:16:15,Delete Product: Sydney Zoo Entry Tickets
17520,2348471,2025-01-14 17:24:20,Delete Product: Sydney Opera House Tour - 1 hour Entry Ticket
17521,2348471,2025-01-14 17:24:38,Delete Product: Cluster 2: 2 Attraction Pass - (with SEALIFE Aquarium) (Ticket)
17522,2348471,2025-01-14 17:27:49,Delete Product: Coach for 10 hours Sydney City Tour (53 Pax)
17523,2348471,2025-01-14 17:29:09,Delete Product: Cluster 2: 2 Attraction Pass - (with SEALIFE Aquarium) (Ticket)
17524,2348471,2025-01-14 17:29:29,Delete Product: Sydney Opera House Tour - 1 hour Entry Ticket
17525,2348471,2025-01-14 17:31:51,Delete Product: Dinner at Masala Kitchen Penrith
17526,2348471,2025-01-14 17:32:56,Add Product: Gala night in the hotel
17527,2348471,2025-01-14 17:42:01,Add Product: Coaches for extra 2 hours
17528,2348471,2025-01-14 17:42:03,Add Product: Coaches for extra 2 hours
17529,2348471,2025-01-14 17:43:48,Delete Product: Coaches for extra 2 hours
17598,2348483,2024-12-26 22:26:16,New Quote with Stage Created
17599,2348483,2024-12-27 21:55:28,Change Stage to Created
17600,2348483,2024-12-27 21:57:16,Add Product: Arrive Melbourne - Transfer from Melb
17601,2348483,2024-12-27 21:57:16,Add Product: Dinner at local Indian Restaurant
17602,2348483,2024-12-27 21:57:16,Add Product: Hotel Stay - Mercure Melbourne Southb
17603,2348483,2024-12-27 22:00:40,Add Product: Coach for 10 Hrs - City Tour ( Driver
17604,2348483,2024-12-27 22:00:40,Add Product: Melbourne City Tour 
17605,2348483,2024-12-27 22:00:40,Add Product: Melbourne Cricket Ground - MCG Tour (
17606,2348483,2024-12-27 22:00:40,Add Product: Lunch at Indian Restaurant
17607,2348483,2024-12-27 22:00:40,Add Product: Dinner at Indian Restaurant
17608,2348483,2024-12-27 22:00:40,Add Product: Hotel Stay - Mercure Melbourne Southb
17609,2348483,2024-12-27 22:04:13,Add Product: Coach for 12 hours to Great Ocean Roa
17610,2348483,2024-12-27 22:31:47,Delete Product: Coach for 12 hours to Great Ocean 
17611,2348483,2024-12-27 22:59:24,Add Product: Coach for 12 Hours - Full Day Great O
17612,2348483,2024-12-27 22:59:24,Add Product: Great Ocean Road - Driver cum Guide 
17613,2348483,2024-12-27 22:59:24,Add Product: Lunch at Apollo bay 
17614,2348483,2024-12-27 22:59:24,Add Product: Dinner at Indian Restaurant
17615,2348483,2024-12-27 22:59:24,Add Product: Hotel Stay - Mercure Melbourne Southb
17616,2348483,2024-12-28 00:01:25,Add Product: Depart Melbourne - Transfer from Melb
17617,2348483,2024-12-28 00:01:25,Add Product: Arrive Sydney - Transfer from Sydney 
17618,2348483,2024-12-28 00:01:25,Add Product: Lunch at the Indian restaurant
17619,2348483,2024-12-28 00:01:25,Add Product: Thunder Thrill Jetboating Ride - 30 M
17620,2348483,2024-12-28 00:01:25,Add Product: Dinner at the Indian restaurant
17621,2348483,2024-12-28 00:01:25,Add Product: Hotel Stay - Sydney Central Ascott Li
17622,2348483,2024-12-28 00:10:26,Add Product: Coach for 12 Hrs - Full Day Blue Moun
17623,2348483,2024-12-28 00:10:26,Add Product: Scenic World - Ultimate Discovery Pas
17624,2348483,2024-12-28 00:10:26,Add Product: Lunch at Eats 270 - Burger Meal
17625,2348483,2024-12-28 00:10:26,Add Product: Sydney Zoo Entry Tickets
17626,2348483,2024-12-28 00:10:26,Add Product: Dinner at the Indian restaurant
17627,2348483,2024-12-28 00:10:26,Add Product: Hotel Stay - Sydney Central Ascott Li
17628,2348483,2024-12-28 00:12:37,Add Product: Depart Sydney - Transfer from Sydney 
17629,2348483,2024-12-28 00:12:37,Add Product: Water Bottle - 500ml x 02 per person 
17630,2348483,2024-12-28 00:48:34,Change Stage to Created
17631,2348483,2024-12-28 22:47:39,Add Product: Hotel Stay - Crowne Plaza Melbourne o
17632,2348483,2024-12-28 22:47:39,Add Product: Hotel Stay - Crowne Plaza Melbourne o
17633,2348483,2024-12-28 22:47:39,Add Product: Hotel Stay - Crowne Plaza Melbourne o
17634,2348483,2024-12-28 22:47:39,Add Product: Hotel Stay - Novotel Sydney Darling H
17635,2348483,2024-12-28 22:47:39,Add Product: Hotel Stay - Novotel Sydney Darling H
17636,2348483,2024-12-28 22:51:12,Delete Product: Hotel Stay - Mercure Melbourne Sou
17637,2348483,2024-12-28 22:53:07,Delete Product: Hotel Stay - Mercure Melbourne Sou
17638,2348483,2024-12-28 22:53:34,Delete Product: Hotel Stay - Mercure Melbourne Sou
17639,2348483,2024-12-28 22:54:12,Delete Product: Hotel Stay - Sydney Central Ascott
17640,2348483,2024-12-28 22:57:04,Delete Product: Hotel Stay - Sydney Central Ascott
17641,2348483,2024-12-28 23:08:36,Add Product: Hotel Stay - Courtyard By Marriott Me
17642,2348483,2024-12-28 23:08:36,Add Product: Hotel Stay - Courtyard By Marriott Me
17643,2348483,2024-12-28 23:08:36,Add Product: Hotel Stay - Courtyard By Marriott Me
17644,2348483,2024-12-28 23:08:36,Add Product: Hotel Stay - Four Points by Sheraton 
17645,2348483,2024-12-28 23:08:36,Add Product: Hotel Stay - Four Points by Sheraton 
17646,2348483,2024-12-28 23:09:49,Delete Product: Hotel Stay - Crowne Plaza Melbourn
17647,2348483,2024-12-28 23:11:01,Delete Product: Hotel Stay - Crowne Plaza Melbourn
17648,2348483,2024-12-28 23:12:33,Delete Product: Hotel Stay - Crowne Plaza Melbourn
17649,2348483,2024-12-28 23:12:55,Delete Product: Hotel Stay - Novotel Sydney Darlin
17650,2348483,2024-12-28 23:13:13,Delete Product: Hotel Stay - Novotel Sydney Darlin
17651,2348483,2025-01-14 20:39:07,Add Product: Melbourne City Tour - Guide for 04 Hrs 
17652,2348483,2025-01-14 20:39:07,Add Product: Sydney City Tour - Guide for 04 Hrs 
17653,2348483,2025-01-14 20:40:17,Delete Product: Melbourne City Tour 
17654,2348483,2025-01-14 20:42:09,Add Product: 12 Apostles Helicopters LB - London Bridge - 16 mins - Heli Ride (Min 2Pax) (Ticket)
17655,2348483,2025-01-14 20:43:44,Delete Product: Great Ocean Road - Driver cum Guide 
17656,2348483,2025-01-14 20:46:45,Add Product: Coach for 10 Hrs - Thunder Thrill Jetboating and Shopping 
17657,2348483,2025-01-14 20:46:45,Add Product: Lunch at Indian Restaurant 
17658,2348483,2025-01-14 20:46:45,Add Product: Dinner at Indian Restaurant 
17659,2348483,2025-01-14 20:46:45,"Add Product: Hotel Stay - Four Points by Sheraton Sydney, Central Park or Similar "
17660,2348483,2025-01-14 20:51:57,Add Product: FOC for TM 
17707,2348485,2025-01-02 23:53:09,New Quote with Stage Created
17708,2348485,2025-01-02 23:55:51,Import CSV - Products
17709,2348485,2025-01-03 00:02:29,Add Product: 3 Coaches of 53-57 seater for 10 hrs 
17710,2348485,2025-01-03 00:02:29,Add Product: Novotel Sydney Darling Harbour
17711,2348485,2025-01-03 00:02:29,Add Product: Novotel Sydney Darling Harbour
17712,2348485,2025-01-03 00:02:29,Add Product: Novotel Sydney Darling Harbour
17713,2348485,2025-01-03 00:02:29,Add Product: 3 Coaches of 53-57 seater  for 12 hrs
17714,2348485,2025-01-03 00:10:01,Add Product: Guide for 4 hrs
17715,2348485,2025-01-03 00:18:09,Add Product: Coach for Blue mountain for 12 hrs 
17716,2348485,2025-01-03 00:26:17,Delete Product: Sydney Zoo Entry Tickets
17717,2348485,2025-01-03 00:30:08,Add Product: Coach for 6 hrs for Lunch and drop at
17718,2348485,2025-01-03 00:30:09,Add Product: Lunch at Indian restaurant 
17719,2348485,2025-01-03 00:34:21,Add Product: water bottle per day per person 2 
17720,2348485,2025-01-03 00:34:22,Add Product: water bottle per day per person 2 
17721,2348485,2025-01-03 00:37:17,Delete Product: water bottle per day per person 2 
17722,2348485,2025-01-06 21:10:34,Delete Product: Novotel Sydney Darling Harbour
17723,2348485,2025-01-06 21:11:00,Delete Product: Novotel Sydney Darling Harbour
17724,2348485,2025-01-06 21:11:23,Delete Product: Novotel Sydney Darling Harbour
17725,2348485,2025-01-06 21:14:33,Add Product: Furama Darling Harbour with breakfast
17726,2348485,2025-01-06 21:14:33,Add Product: Furama Darling Harbour with breakfast
17727,2348485,2025-01-06 21:14:33,Add Product: Furama Darling Harbour with breakfast
17728,2348485,2025-01-14 22:20:39,Add Product: Hotel Stay - Novotel Sydney Centre or Similar 
17729,2348485,2025-01-14 22:20:39,Add Product: Hotel Stay - Novotel Sydney Centre or Similar 
17730,2348485,2025-01-14 22:20:39,Add Product: Hotel Stay - Novotel Sydney Centre or Similar 
17731,2348485,2025-01-14 22:23:56,Delete Product: Furama Darling Harbour with breakfast or Similar
17732,2348485,2025-01-14 22:24:45,Delete Product: Furama Darling Harbour with breakfast or Similar
17733,2348485,2025-01-14 22:25:04,Delete Product: Furama Darling Harbour with breakfast or Similar
17749,2348487,2024-11-27 19:08:18,Created
17750,2348487,2024-12-28 02:57:42,Add Product: Coach for 08 Hrs - Within City Limits
17751,2348487,2024-12-28 02:57:42,Add Product: 06-Seater Vehicle for 04 VIP Guests –
17752,2348487,2024-12-28 02:57:42,Add Product: 09-Seater Van for 6 pax – Advice the 
17753,2348487,2024-12-28 02:57:42,Add Product: 26 -30Th April:  Self Drive Vehicle f
17754,2348487,2024-12-28 02:57:42,Add Product: Hotel Stay - Sydney Harbor Mariott or
17755,2348487,2024-12-28 03:00:04,Add Product: Hotel Stay - Sydney Harbour Marriot o
17756,2348487,2024-12-28 03:00:04,Add Product: Hotel Stay - Sydney Harbour Marriot o
17757,2348487,2024-12-28 03:00:04,Add Product: Hotel Stay - Sydney Harbour Marriot o
17758,2348487,2024-12-28 03:04:30,Delete Product: Hotel Stay - Sydney Central Ascott
17759,2348487,2024-12-28 03:05:16,Delete Product: Hotel Stay - Sydney Central Ascott
17760,2348487,2024-12-28 03:07:39,Delete Product: Hotel Stay - Sydney Central Ascott
17761,2348487,2024-12-31 04:56:55,Delete Product: Coach for 08 Hrs - Within City Lim
17762,2348487,2024-12-31 04:57:21,Delete Product: 06-Seater Vehicle for 04 VIP Guest
17763,2348487,2024-12-31 04:57:40,Delete Product: 09-Seater Van for 6 pax – Advice t
17764,2348487,2024-12-31 05:01:56,Delete Product: 26 -30Th April:  Self Drive Vehicl
17765,2348487,2024-12-31 05:02:18,Delete Product: Hotel Stay - Sydney Harbour Marrio
17766,2348487,2025-01-12 19:56:44,Change Stage to Created
17767,2348487,2025-01-12 20:04:04,Add Product: Lunch at Indian Restaurant 
17768,2348487,2025-01-12 20:22:49,Add Product: Sydney City Tour (Up to 10 hrs) - Min
17769,2348487,2025-01-12 20:22:49,Add Product: Sydney City Tour (Up to 12 hrs) - Min
17770,2348487,2025-01-12 20:22:49,Add Product: Blue Mountains Tour (Up to 12 hrs) - 
17771,2348487,2025-01-12 20:22:49,Add Product: Sydney City Tour (Up to 04 hrs) - Min
17772,2348487,2025-01-14 23:50:48,Change Stage to Created
17860,2348488,2024-10-18 19:34:24,Create Project
17861,2348488,2024-11-10 00:03:48,Created
17862,2348488,2025-01-15 02:02:24,Delete Product: Buffet breakfast
17863,2348488,2025-01-15 02:02:55,Delete Product: Auckland city tour
17864,2348488,2025-01-15 02:03:40,Change Stage to Created
17865,2348488,2025-01-15 02:04:47,Delete Product: Visit sky tower
17866,2348488,2025-01-15 02:05:18,Delete Product: Coach for 12 hrs
17867,2348488,2025-01-15 02:06:02,Delete Product: Lunch at Indian restaurant
17868,2348488,2025-01-15 02:06:06,Delete Product: Hotel Stay - Four Points by Sheraton Auckland or Similar 
17869,2348488,2025-01-15 02:06:08,Delete Product: Breakfast 
17870,2348488,2025-01-15 02:06:10,Delete Product: Check out and proceed for Rotorua by Coach
17871,2348488,2025-01-15 02:06:12,Delete Product: Enroute visit Waitamo glow worm caves
17872,2348488,2025-01-15 02:06:14,Delete Product: Lunch at Roseland farm
17873,2348488,2025-01-15 02:06:18,Delete Product: Dinner at local Indian Restaurant
17874,2348488,2025-01-15 02:06:20,Delete Product: Breakfast in hotel
17875,2348488,2025-01-15 02:06:21,Delete Product: Lunch at local Indian restaurant
17876,2348488,2025-01-15 02:06:47,Delete Product: Auckland Harbour Dinner Cruise
17877,2348488,2025-01-15 02:06:49,Delete Product: Admission to Waitomo Glowworm Caves 
17878,2348488,2025-01-15 02:06:51,Delete Product: Hotel Stay - Distinction Hotel Rotorua or Similar 
17879,2348488,2025-01-15 02:06:52,Delete Product: Proceed for Rotorua tour including velocity with 04 adventure rides
17880,2348488,2025-01-15 02:06:56,Delete Product: Te ra guided tour with Polynesian adult pools and priest spa 
17881,2348488,2025-01-15 02:06:57,"Delete Product: Cocktail Dinner at Indian restaurants with 2+2 Starters, Main Course, Mixtures and Liquor (Black Lab"
17882,2348488,2025-01-15 02:06:59,Delete Product: Hotel Stay - Distinction Hotel Rotorua or Similar 
17883,2348488,2025-01-15 02:07:01,Delete Product: Post breakfast checkout from hotel and transfer to Auckland
17884,2348488,2025-01-15 02:07:04,Delete Product: Board your flight from Auckland to Queenstown
17885,2348488,2025-01-15 02:07:07,Delete Product: Arrive and check in at hotel in Queenstown
17886,2348488,2025-01-15 02:07:09,Delete Product: Dinner at Indian restaurant and overnight at a hotel in Queenstown
17887,2348488,2025-01-15 02:07:12,Delete Product: Hotel Stay - Holiday Inn Express & Suites Queenstown or Similar 
17888,2348488,2025-01-15 02:07:14,Delete Product: Breakfast in hotel
17889,2348488,2025-01-15 02:07:17,Delete Product: Coach for 12 Hours
17890,2348488,2025-01-15 02:07:20,Delete Product: Half day city tour of Queenstown with photo stop at kiwi park lake moke ben lamond track ivan Clarke
17891,2348488,2025-01-15 02:08:56,Delete Product: Breakfast in hotel
17892,2348488,2025-01-15 02:08:57,Delete Product: Early lunch at an Indian restaurant in Auckland and proceed to the domestic airport
17893,2348488,2025-01-15 02:08:59,Delete Product: Later proceed on a night tour of Queenstown
17894,2348488,2025-01-15 02:09:00,Delete Product: Lunch at Indian restaurant
17895,2348488,2025-01-15 02:09:01,Delete Product: Gondola Ride
17896,2348488,2025-01-15 02:09:03,Delete Product: Admission to Shotover Jet 
17897,2348488,2025-01-15 02:09:04,"Delete Product: Cocktail Dinner at Indian restaurants with 2+2 Starters, Main Course, Mixtures and Liquor (Black Lab"
17898,2348488,2025-01-15 02:09:05,Delete Product: Hotel Stay - Holiday Inn Express & Suites Queenstown or Similar 
17899,2348488,2025-01-15 02:09:07,Delete Product: Breakfast at hotel
17900,2348488,2025-01-15 02:09:08,Delete Product: Checkout from hotel  / Shopping Drop
17901,2348488,2025-01-15 02:09:09,Delete Product: lunch at Indian restaurant
17902,2348488,2025-01-15 02:09:10,Delete Product: Drop at Queenstown airport for the flight to Auckland
17903,2348488,2025-01-15 02:09:11,Delete Product: Arrive Auckland / Check in into the hotel in Auckland
17904,2348488,2025-01-15 02:09:12,Delete Product: Dinner at Indian restaurant
17905,2348488,2025-01-15 02:09:14,Delete Product: Hotel Stay - Mercure Auckland or Similar 
17906,2348488,2025-01-15 02:09:15,Delete Product: Breakfast at the hotel
17907,2348488,2025-01-15 02:09:16,Delete Product: Check out and Drop at Airport to board your flight and fly back
17908,2348488,2025-01-15 02:12:38,Add Product: Coach for 12 Hrs - Auckland city tour ( NO GUIDE)  + Sky Tower 
17909,2348488,2025-01-15 02:12:38,Add Product: Sky Tower Observation Deck Ticket
17910,2348488,2025-01-15 02:12:38,Add Product: Indian Lunch 
17911,2348488,2025-01-15 02:12:38,Add Product: Auckland Harbour Dinner Cruise
17912,2348488,2025-01-15 02:12:38,Add Product: Hotel Stay - Four Points by Sheraton Auckland or Similar
17913,2348488,2025-01-15 02:16:13,Add Product: Coach for 10 Hrs - Auckland To Rotorua via Waitomo 
17914,2348488,2025-01-15 02:16:13,Add Product: Waitomo GlowWorm Caves - Admission Ticket
17915,2348488,2025-01-15 02:16:13,Add Product: Lunch at Roseland 
17916,2348488,2025-01-15 02:16:13,Add Product: Dinner at local Indian Restaurant
17917,2348488,2025-01-15 02:16:13,Add Product: Hotel Stay - Distinction Hotel Rotorua or Similar
17918,2348488,2025-01-15 02:25:42,Add Product: Coach for 10 Hrs - Te puia and Family pool from Rotorua 
17919,2348488,2025-01-15 02:25:42,Add Product: Te Ra Guided Experience Ticket
17920,2348488,2025-01-15 02:25:42,Add Product: Indian Lunch 
17921,2348488,2025-01-15 02:25:42,Add Product: Polynesian Spa - Family Pools -
17922,2348488,2025-01-15 02:25:42,Add Product: Cocktail Dinner at Indian restaurant
17923,2348488,2025-01-15 02:25:42,Add Product: Hotel Stay - Distinction Hotel Rotorua or Similar
17924,2348488,2025-01-15 02:28:25,Add Product: Depart Rotorua - Transfer from Rotorua Hotel to Auckland Airport 
17925,2348488,2025-01-15 02:28:25,Add Product: Indian Lunch 
17926,2348488,2025-01-15 02:28:25,Add Product: Arrive Queenstown - Transfer from Queenstown Airport to Queenstown Hotel
17927,2348488,2025-01-15 02:28:25,Add Product: Indian DInner 
17928,2348488,2025-01-15 02:28:25,Add Product: Hotel Stay - Holiday Inn Express and Suites Queenstown or Similar
17929,2348488,2025-01-15 02:38:22,Add Product: Coach for 12 Hrs - Queenstown City Toue ( No GUIDE ) + Gondola Ride + Shotover Jet 
17930,2348488,2025-01-15 02:38:22,Add Product: Skyline Queenstown - Gondola Ticket only
17931,2348488,2025-01-15 02:38:22,Add Product: Indian Lunch 
17932,2348488,2025-01-15 02:38:22,Add Product: Shotover Jet - 25 Minutes (Ticket)
17933,2348488,2025-01-15 02:38:22,Add Product: Cocktail Dinner at Indian restaurant 
17934,2348488,2025-01-15 02:38:22,Add Product: Hotel Stay - Holiday Inn Express and Suites Queenstown or Similar 
17935,2348488,2025-01-15 02:44:35,Add Product: Coach for 10 Hrs - Queenstown to Christchurch via Mount Cook 
17936,2348488,2025-01-15 02:44:35,Add Product: Local Lunch 
17937,2348488,2025-01-15 02:44:35,Add Product: Indian Dinner 
17938,2348488,2025-01-15 02:44:35,Add Product: Hotel Stay - Distinction Hotel Christchurch or Similar 
17939,2348488,2025-01-15 02:44:35,Add Product: Depart Christchurch - Transfer from Christchurch Hotel to Christchrch Airport 
17940,2348488,2025-01-15 02:49:37,Change Stage to Created
18000,2348490,2025-01-15 10:46:26,New Quote with Stage Created
18001,2348490,2025-01-15 10:54:58,Import CSV - Products
18002,2348490,2025-01-15 10:58:17,Add Product: Asian/Western/Chinese 2 course lunch
18003,2348490,2025-01-15 10:58:48,Add Product: Asian/Western/Chinese 2 course dinner
18004,2348490,2025-01-15 10:59:52,Add Product: Asian/Western/Chinese 2 course lunch
18005,2348490,2025-01-15 11:00:21,Add Product: Asian/Western/Chinese 2 course dinner
18006,2348490,2025-01-15 11:00:58,Add Product: Asian/Western/Chinese 2 course lunch
18007,2348490,2025-01-15 11:01:32,Add Product: Asian/Western/Chinese 2 course dinner
18008,2348490,2025-01-15 11:02:16,Add Product: Asian/Western/Chinese 2 course lunch
18009,2348490,2025-01-15 11:03:04,Add Product: Asian/Western/Chinese 2 course dinner
18010,2348490,2025-01-15 11:03:46,Add Product: Lunch at eats270 Scenic World
18011,2348490,2025-01-15 11:04:29,Add Product: Asian/Western/Chinese 2 course dinner
18058,2348495,2025-01-11 14:46:35,New Quote with Stage Created
18059,2348495,2025-01-11 22:04:00,Add Product: Airport to hotel  pick up and drop
18060,2348495,2025-01-11 22:04:00,Add Product: Mercure Melbourne Southbanks with bre
18061,2348495,2025-01-11 22:04:00,Add Product: Dinner at Indian restaurant
18062,2348495,2025-01-11 22:07:04,Add Product: Coach for 12 hours for Philip Island
18063,2348495,2025-01-11 22:13:11,Add Product: Mercure Melbourne Southbanks with bre
18064,2348495,2025-01-11 22:13:11,Add Product: Penguin Parade - Standard Viewing Ent
18065,2348495,2025-01-11 22:17:28,Add Product: Day leisure or Optional trip to Great
18066,2348495,2025-01-11 22:30:40,Add Product: coach for 12 hours for Blue Mountain 
18067,2348495,2025-01-15 15:02:38,Delete Product: Dinner at Indian restaurant
18068,2348495,2025-01-15 15:08:17,Delete Product: Lunch @ Flora Melbourne
18069,2348495,2025-01-15 15:08:41,Delete Product: Dinner
18070,2348495,2025-01-15 15:09:19,Delete Product: Lunch
18071,2348495,2025-01-15 15:11:45,Delete Product: Lunch @ Vrindavan Sydney
18072,2348495,2025-01-15 15:12:10,Delete Product: Dinner @ The Grand Palace
18073,2348495,2025-01-15 15:12:35,Delete Product: Lunch @Eats 270
18074,2348495,2025-01-15 15:12:57,Delete Product: Dinner @ The Spice Central
18075,2348495,2025-01-15 15:16:19,Delete Product: SHOWBOAT DINNER CRUISE WITH INDIAN SET MENU & SHOW (STANDARD SEATING)
18076,2348495,2025-01-15 15:20:08,Delete Product: Coach for 10 hours Sydney City Tour (40 Pax)
18151,2348499,2024-11-25 19:03:40,Created
18152,2348499,2024-11-26 21:12:25,Accepted - Groups
18153,2348499,2025-01-15 23:56:08,Add Product: Lunch @ Tandoori Nights Cairns
18154,2348499,2025-01-16 00:07:32,Add Product: Dinner at The Spice Lounge Indian Cuisine
18155,2348499,2025-01-16 00:09:56,Add Product: Lunch at The Spice Lounge Indian Cuisine
18160,2348501,2024-11-25 19:03:40,Created
18161,2348501,2024-11-26 21:12:25,Accepted - Groups
18162,2348501,2025-01-15 23:56:08,Add Product: Lunch @ Tandoori Nights Cairns
18163,2348501,2025-01-16 00:07:32,Add Product: Dinner at The Spice Lounge Indian Cuisine
18164,2348501,2025-01-16 00:09:56,Add Product: Lunch at The Spice Lounge Indian Cuisine
18165,2348501,2025-01-16 00:21:31,Change Stage to Accepted - Groups
18167,2348502,2024-11-25 18:16:43,Created
18168,2348502,2024-11-26 21:15:10,Accepted - Groups
18170,2348503,2024-11-25 18:16:43,Created
18171,2348503,2024-11-26 21:15:10,Accepted - Groups
18173,2348504,2024-11-25 18:16:43,Created
18174,2348504,2024-11-26 21:15:10,Accepted - Groups
18176,2348505,2024-11-25 18:16:43,Created
18177,2348505,2024-11-26 21:15:10,Accepted - Groups
18192,2348507,2025-01-16 09:44:40,New Quote with Stage Created
18193,2348507,2025-01-16 10:20:35,Import CSV - Products
18194,2348507,2025-01-16 10:24:37,Add Product: I'm Angus
18195,2348507,2025-01-16 10:25:20,Add Product: Eats 270
18196,2348507,2025-01-16 10:26:01,Add Product: Chinese Dinner
18197,2348507,2025-01-16 10:26:32,Add Product: Asian/Western/Chinese 2 course lunch
18198,2348507,2025-01-16 10:26:58,Add Product: Asian/Western/Chinese 2 course dinner
18199,2348507,2025-01-16 10:27:42,Add Product: Guide for the day 
18200,2348507,2025-01-16 10:28:09,Add Product: Guide for the day 
18201,2348507,2025-01-16 10:28:38,Add Product: Tour Guide for the day
18202,2348507,2025-01-16 10:30:20,Add Product: 2 water bottle per day
18203,2348507,2025-01-16 10:30:35,Change Stage to Created
18204,2348507,2025-01-16 10:38:12,Add Product: FOC for TM
18340,2348518,2025-01-16 19:49:27,New Quote with Stage Created
18341,2348518,2025-01-16 19:54:16,Add Product: Arrive Auckland - Transfer from Auckland Airport to Auckland Hotel
18342,2348518,2025-01-16 19:54:16,Add Product: Packed Dinner
18343,2348518,2025-01-16 20:07:01,Add Product: Coach for 12 Hrs - Auckland City Tour (NO GUIDE) + Sky Tower + All black experience
18344,2348518,2025-01-16 20:07:01,Add Product: Sky Tower Observation Deck Ticket
18345,2348518,2025-01-16 20:07:01,Add Product: All Blacks Experience | Guided Tour (45mins + Interactive zone 15mins)
18346,2348518,2025-01-16 20:07:01,Add Product: Lunch at Indian Restaurant
18347,2348518,2025-01-16 20:07:01,Add Product: Gala dinner with event at Hotel (On OWN)
18348,2348518,2025-01-16 20:09:39,"Add Product: Tea coffee break (Menu: tea, coffee + Biscuits)."
18349,2348518,2025-01-16 20:19:32,Add Product: Coach for 12 Hrs - Full day Waiheke Iland Tour + Shopping 
18350,2348518,2025-01-16 20:19:32,Add Product: Waiheke Wine and Dine Island ferry - (40 mins)
18351,2348518,2025-01-16 20:19:32,"Add Product: Tea coffee break (Menu: tea, coffee + 02veg hot snacks)"
18352,2348518,2025-01-16 20:19:32,Add Product: Dinner at Indian restaurant 
18353,2348518,2025-01-16 20:28:57,Add Product: Coach for 12 Hrs - Auckland to Rototua via Waitomo Glowworm Caves 
18354,2348518,2025-01-16 20:28:57,"Add Product: Tea coffee break (Menu: tea, coffee + Biscuits)"
18355,2348518,2025-01-16 20:28:57,Add Product: Waitomo GlowWorm Caves - Admission Ticket
18356,2348518,2025-01-16 20:28:57,Add Product: Lunch at Roselands
18357,2348518,2025-01-16 20:28:57,"Add Product: Enroute High Tea coffee break  (Menu: tea, coffee + 02veg snacks)"
18358,2348518,2025-01-16 20:28:57,Add Product: Redwood - Nightlights (Fast Pass)
18359,2348518,2025-01-16 20:28:57,Add Product: Dinner at Indian restaurant 
18360,2348518,2025-01-16 20:36:57,Add Product: Coach for 10 Hrs - Jetboating +  Skyline Gondola and Te puia from Rotorua
18361,2348518,2025-01-16 20:36:57,Add Product: Kaituna Whitewater Raft - Grade 5 - Rotorua
18362,2348518,2025-01-16 20:36:57,Add Product: Skyline Rotorua - Gondola & Buffet Lunch
18363,2348518,2025-01-16 20:36:57,Add Product: Te Ra + Haka (Guided Experience & Cultural performance)
18364,2348518,2025-01-16 20:36:57,Add Product: Dinner at Indian Restaurant
18365,2348518,2025-01-16 20:40:46,Add Product: Coach for 12 Hrs - Rotorua to Auckland via Hobbiton 
18366,2348518,2025-01-16 20:40:46,Add Product: Hobbiton Movie Set Tour - Admission Ticket
18367,2348518,2025-01-16 20:40:46,Add Product: Local Lunch 
18368,2348518,2025-01-16 20:40:46,Add Product: Dinner at Indian Restaurant
18369,2348518,2025-01-16 20:40:46,Add Product: Transfer to Auckland Airport 
18370,2348518,2025-01-16 20:59:45,Add Product: Arrive Auckland - Transfer from Auckland Airport to Auckland Hotel (Van)
18371,2348518,2025-01-16 20:59:45,Add Product: Van for 12 Hrs - Auckland City Tour (NO GUIDE) + Sky Tower + All black experience 
18372,2348518,2025-01-16 20:59:45,Add Product: Van for 12 Hrs - Full day Waiheke isand Tour + Shopping 
18373,2348518,2025-01-16 20:59:45,Add Product: Van for 12 Hrs - Auckland to Rototua via Waitomo Glowworm Caves 
18374,2348518,2025-01-16 20:59:45,Add Product: Van for 10 Hrs - Jetboating + Skyline Gondola and Te puia from Rotorua 
18375,2348518,2025-01-16 20:59:45,Add Product: Van for 12 Hrs - Rotorua to Auckland via Hobbiton + Airport Transfers 
18437,2348521,2024-11-07 23:00:20,Created
18438,2348521,2024-11-07 23:09:16,Accepted - Groups
18439,2348521,2024-12-07 16:49:09,Add Product: Hotel Stay - Mercure Auckland or Simi
18440,2348521,2024-12-07 16:49:09,Add Product: Hotel Stay - Mercure Auckland or Simi
18441,2348521,2024-12-07 16:49:09,Add Product: Hotel Stay - Arawa park Rotorua or Si
18442,2348521,2024-12-07 16:49:09,Add Product: Hotel Stay - Arawa park Rotorua or Si
18443,2348521,2024-12-07 16:49:09,Add Product: Hotel Stay - Holiday inn Remarkable Q
18444,2348521,2024-12-07 16:49:09,Add Product: Hotel Stay - Holiday inn Remarkable Q
18445,2348521,2024-12-07 16:49:09,Add Product: Hotel Stay - Heartland Hotel Haast or
18446,2348521,2024-12-07 16:49:09,Add Product: Hotel Stay - Heartland Hotel Haast or
18447,2348521,2024-12-07 16:49:10,Add Product: Hotel Stay - Novotel Christchurch Air
18448,2348521,2024-12-07 16:58:28,Delete Product: Mercure Auckland 
18449,2348521,2024-12-07 16:59:53,Delete Product: Mercure Auckland
18450,2348521,2024-12-07 17:01:33,Delete Product: Distinction Hotel Rotorua
18451,2348521,2024-12-07 17:01:50,Delete Product: Distinction Hotel Rotorua
18452,2348521,2024-12-07 17:03:02,Delete Product: Holiday Inn Express & Suites Queen
18453,2348521,2024-12-07 17:04:21,Delete Product: Holiday Inn Express & Suites Queen
18454,2348521,2024-12-07 17:05:15,Delete Product: Distinction Hotel Christchurch
18455,2348521,2024-12-07 17:07:57,Delete Product: Scenic Hotel Franz Josef 
18456,2348521,2024-12-07 17:08:12,Delete Product: Scenic Hotel Franz Josef
18457,2348521,2024-12-10 16:02:11,Change Stage to Accepted - Groups
18469,2348522,2024-11-07 22:04:45,Created
18470,2348522,2024-11-07 22:26:54,Accepted - Groups
18471,2348522,2024-12-07 15:26:05,Add Product: Hotel Stay -  Pacific Cairns or Simil
18472,2348522,2024-12-07 15:26:05,Add Product: Hotel Stay -  Pacific Cairns or Simil
18473,2348522,2024-12-07 15:26:05,Add Product: Hotel Stay - Element Melbourne or Sim
18474,2348522,2024-12-07 15:26:05,Add Product: Hotel Stay - Element Melbourne or Sim
18475,2348522,2024-12-07 15:26:05,Add Product: Hotel Stay - Sydney Central Ascott Li
18476,2348522,2024-12-07 15:26:05,Add Product: Hotel Stay - Sydney Central Ascott Li
18477,2348522,2024-12-07 15:26:53,Delete Product: Harbourside Cairns or Similar
18478,2348522,2024-12-07 15:27:30,Delete Product: Harbourside Cairns or Similar
18479,2348522,2024-12-07 15:28:06,Delete Product: Sydney Central Ascott Limited or S
18480,2348522,2024-12-07 15:28:32,Delete Product: Mercure Melbourne Southbank or Sim
18481,2348522,2024-12-07 15:28:48,Delete Product: Mercure Melbourne Southbank or Sim
18482,2348522,2024-12-07 15:29:41,Delete Product: Sydney Central Ascott Limited or S
18483,2348522,2024-12-30 20:13:08,Change Stage to Accepted - Groups
18491,2348523,2024-11-07 22:04:45,Created
18492,2348523,2024-11-07 22:26:54,Accepted - Groups
18493,2348523,2024-12-07 15:26:05,Add Product: Hotel Stay -  Pacific Cairns or Simil
18494,2348523,2024-12-07 15:26:05,Add Product: Hotel Stay -  Pacific Cairns or Simil
18495,2348523,2024-12-07 15:26:05,Add Product: Hotel Stay - Element Melbourne or Sim
18496,2348523,2024-12-07 15:26:05,Add Product: Hotel Stay - Element Melbourne or Sim
18497,2348523,2024-12-07 15:26:05,Add Product: Hotel Stay - Sydney Central Ascott Li
18498,2348523,2024-12-07 15:26:05,Add Product: Hotel Stay - Sydney Central Ascott Li
18499,2348523,2024-12-07 15:26:53,Delete Product: Harbourside Cairns or Similar
18500,2348523,2024-12-07 15:27:30,Delete Product: Harbourside Cairns or Similar
18501,2348523,2024-12-07 15:28:06,Delete Product: Sydney Central Ascott Limited or S
18502,2348523,2024-12-07 15:28:32,Delete Product: Mercure Melbourne Southbank or Sim
18503,2348523,2024-12-07 15:28:48,Delete Product: Mercure Melbourne Southbank or Sim
18504,2348523,2024-12-07 15:29:41,Delete Product: Sydney Central Ascott Limited or S
18505,2348523,2024-12-30 20:13:08,Change Stage to Accepted - Groups
18506,2348523,2025-01-16 22:44:49,Change Stage to Accepted - Groups
18507,2348523,2025-01-16 22:54:41,Change Stage to Accepted - Groups
18532,2348526,2025-01-15 23:55:33,New Quote with Stage Created
18533,2348526,2025-01-16 23:49:37,Add Product: The Windsor - Winston Room 
18534,2348526,2025-01-17 00:01:23,Add Product: Lunch at Indian restaurant 
18535,2348526,2025-01-17 00:01:23,Add Product: Western / Local Lunch
18536,2348526,2025-01-17 00:03:36,Delete Product: Western / Local Lunch
18643,2348533,2025-01-17 20:54:16,New Quote with Stage Created
18644,2348533,2025-01-17 21:21:16,Import CSV - Products
18645,2348533,2025-01-17 21:25:45,Delete Product: Penguin Parade - Standard Viewing Entry Ticket
18646,2348533,2025-01-17 21:37:42,Add Product: Coach for extra 2 hours
18651,2348534,2024-10-26 17:52:35,Create Project
18652,2348534,2024-11-26 16:35:52,Created
18653,2348534,2024-12-09 22:13:40,Add Product: Arrive Sydney - Transfer from Sydney 
18654,2348534,2024-12-09 22:14:40,Add Product: Arrive Sydney - Transfer from Sydney 
18655,2348534,2024-12-09 22:17:27,Add Product: Private Transfer from Gold Coast Hote
18656,2348534,2024-12-13 00:46:56,Change Stage to Created
18657,2348534,2024-12-13 00:48:17,Change Stage to Accepted - Groups
18658,2348534,2024-12-14 18:37:33,Change Stage to Accepted - Groups
18659,2348534,2024-12-14 23:48:38,Add Product: Hotel for Early check in with breakfa
18660,2348534,2024-12-14 23:51:16,Add Product: Dinner at Indian restaurant
18661,2348534,2024-12-14 23:52:59,Delete Product: Dinner at Indian restaurant
18662,2348534,2024-12-15 00:31:00,Add Product: Indian Dinner 
18663,2348534,2024-12-15 00:34:19,Add Product: Dj for evening
18664,2348534,2024-12-15 00:36:53,Add Product: FOC for Sydney Hotel Room (02 Nights 
18665,2348534,2024-12-30 20:13:58,Change Stage to Accepted - Groups
18666,2348534,2025-01-17 23:24:52,Change Stage to Accepted - Groups
18682,2347515,2025-01-18 00:00:02,Change Stage to Auto Rejected Automatically
18683,2348535,2024-10-26 17:52:35,Create Project
18684,2348535,2024-11-26 16:35:52,Created
18685,2348535,2024-12-09 22:13:40,Add Product: Arrive Sydney - Transfer from Sydney 
18686,2348535,2024-12-09 22:14:40,Add Product: Arrive Sydney - Transfer from Sydney 
18687,2348535,2024-12-09 22:17:27,Add Product: Private Transfer from Gold Coast Hote
18688,2348535,2024-12-13 00:46:56,Change Stage to Created
18689,2348535,2024-12-13 00:48:17,Change Stage to Accepted - Groups
18690,2348535,2024-12-14 18:37:33,Change Stage to Accepted - Groups
18691,2348535,2024-12-14 23:48:38,Add Product: Hotel for Early check in with breakfa
18692,2348535,2024-12-14 23:51:16,Add Product: Dinner at Indian restaurant
18693,2348535,2024-12-14 23:52:59,Delete Product: Dinner at Indian restaurant
18694,2348535,2024-12-15 00:31:00,Add Product: Indian Dinner 
18695,2348535,2024-12-15 00:34:19,Add Product: Dj for evening
18696,2348535,2024-12-15 00:36:53,Add Product: FOC for Sydney Hotel Room (02 Nights 
18697,2348535,2024-12-30 20:13:58,Change Stage to Accepted - Groups
18698,2348535,2025-01-17 23:24:52,Change Stage to Accepted - Groups
18714,2348536,2024-10-26 17:52:35,Create Project
18715,2348536,2024-11-26 16:35:52,Created
18716,2348536,2024-12-09 22:13:40,Add Product: Arrive Sydney - Transfer from Sydney 
18717,2348536,2024-12-09 22:14:40,Add Product: Arrive Sydney - Transfer from Sydney 
18718,2348536,2024-12-09 22:17:27,Add Product: Private Transfer from Gold Coast Hote
18719,2348536,2024-12-13 00:46:56,Change Stage to Created
18720,2348536,2024-12-13 00:48:17,Change Stage to Accepted - Groups
18721,2348536,2024-12-14 18:37:33,Change Stage to Accepted - Groups
18722,2348536,2024-12-14 23:48:38,Add Product: Hotel for Early check in with breakfa
18723,2348536,2024-12-14 23:51:16,Add Product: Dinner at Indian restaurant
18724,2348536,2024-12-14 23:52:59,Delete Product: Dinner at Indian restaurant
18725,2348536,2024-12-15 00:31:00,Add Product: Indian Dinner 
18726,2348536,2024-12-15 00:34:19,Add Product: Dj for evening
18727,2348536,2024-12-15 00:36:53,Add Product: FOC for Sydney Hotel Room (02 Nights 
18728,2348536,2024-12-30 20:13:58,Change Stage to Accepted - Groups
18729,2348536,2025-01-17 23:24:52,Change Stage to Accepted - Groups
18768,2348541,2024-10-28 23:24:23,Created
18769,2348542,2024-10-28 23:24:23,Created
18876,2347346,2025-01-19 00:00:02,Change Stage to Auto Rejected Automatically
18879,2348553,2025-01-02 23:53:09,New Quote with Stage Created
18880,2348553,2025-01-02 23:55:51,Import CSV - Products
18881,2348553,2025-01-03 00:02:29,Add Product: 3 Coaches of 53-57 seater for 10 hrs 
18882,2348553,2025-01-03 00:02:29,Add Product: Novotel Sydney Darling Harbour
18883,2348553,2025-01-03 00:02:29,Add Product: Novotel Sydney Darling Harbour
18884,2348553,2025-01-03 00:02:29,Add Product: Novotel Sydney Darling Harbour
18885,2348553,2025-01-03 00:02:29,Add Product: 3 Coaches of 53-57 seater  for 12 hrs
18886,2348553,2025-01-03 00:10:01,Add Product: Guide for 4 hrs
18887,2348553,2025-01-03 00:18:09,Add Product: Coach for Blue mountain for 12 hrs 
18888,2348553,2025-01-03 00:26:17,Delete Product: Sydney Zoo Entry Tickets
18889,2348553,2025-01-03 00:30:08,Add Product: Coach for 6 hrs for Lunch and drop at
18890,2348553,2025-01-03 00:30:09,Add Product: Lunch at Indian restaurant 
18891,2348553,2025-01-03 00:34:21,Add Product: water bottle per day per person 2 
18892,2348553,2025-01-03 00:34:22,Add Product: water bottle per day per person 2 
18893,2348553,2025-01-03 00:37:17,Delete Product: water bottle per day per person 2 
18894,2348553,2025-01-06 21:10:34,Delete Product: Novotel Sydney Darling Harbour
18895,2348553,2025-01-06 21:11:00,Delete Product: Novotel Sydney Darling Harbour
18896,2348553,2025-01-06 21:11:23,Delete Product: Novotel Sydney Darling Harbour
18897,2348553,2025-01-06 21:14:33,Add Product: Furama Darling Harbour with breakfast
18898,2348553,2025-01-06 21:14:33,Add Product: Furama Darling Harbour with breakfast
18899,2348553,2025-01-06 21:14:33,Add Product: Furama Darling Harbour with breakfast
18900,2348553,2025-01-14 22:20:39,Add Product: Hotel Stay - Novotel Sydney Centre or Similar 
18901,2348553,2025-01-14 22:20:39,Add Product: Hotel Stay - Novotel Sydney Centre or Similar 
18902,2348553,2025-01-14 22:20:39,Add Product: Hotel Stay - Novotel Sydney Centre or Similar 
18903,2348553,2025-01-14 22:23:56,Delete Product: Furama Darling Harbour with breakfast or Similar
18904,2348553,2025-01-14 22:24:45,Delete Product: Furama Darling Harbour with breakfast or Similar
18905,2348553,2025-01-14 22:25:04,Delete Product: Furama Darling Harbour with breakfast or Similar
18906,2348553,2025-01-17 18:10:32,Delete Product: Sydney Opera House Tour - 1 hour Entry Ticket
19063,2348560,2024-12-26 22:26:16,New Quote with Stage Created
19064,2348560,2024-12-27 21:55:28,Change Stage to Created
19065,2348560,2024-12-27 21:57:16,Add Product: Arrive Melbourne - Transfer from Melb
19066,2348560,2024-12-27 21:57:16,Add Product: Dinner at local Indian Restaurant
19067,2348560,2024-12-27 21:57:16,Add Product: Hotel Stay - Mercure Melbourne Southb
19068,2348560,2024-12-27 22:00:40,Add Product: Coach for 10 Hrs - City Tour ( Driver
19069,2348560,2024-12-27 22:00:40,Add Product: Melbourne City Tour 
19070,2348560,2024-12-27 22:00:40,Add Product: Melbourne Cricket Ground - MCG Tour (
19071,2348560,2024-12-27 22:00:40,Add Product: Lunch at Indian Restaurant
19072,2348560,2024-12-27 22:00:40,Add Product: Dinner at Indian Restaurant
19073,2348560,2024-12-27 22:00:40,Add Product: Hotel Stay - Mercure Melbourne Southb
19074,2348560,2024-12-27 22:04:13,Add Product: Coach for 12 hours to Great Ocean Roa
19075,2348560,2024-12-27 22:31:47,Delete Product: Coach for 12 hours to Great Ocean 
19076,2348560,2024-12-27 22:59:24,Add Product: Coach for 12 Hours - Full Day Great O
19077,2348560,2024-12-27 22:59:24,Add Product: Great Ocean Road - Driver cum Guide 
19078,2348560,2024-12-27 22:59:24,Add Product: Lunch at Apollo bay 
19079,2348560,2024-12-27 22:59:24,Add Product: Dinner at Indian Restaurant
19080,2348560,2024-12-27 22:59:24,Add Product: Hotel Stay - Mercure Melbourne Southb
19081,2348560,2024-12-28 00:01:25,Add Product: Depart Melbourne - Transfer from Melb
19082,2348560,2024-12-28 00:01:25,Add Product: Arrive Sydney - Transfer from Sydney 
19083,2348560,2024-12-28 00:01:25,Add Product: Lunch at the Indian restaurant
19084,2348560,2024-12-28 00:01:25,Add Product: Thunder Thrill Jetboating Ride - 30 M
19085,2348560,2024-12-28 00:01:25,Add Product: Dinner at the Indian restaurant
19086,2348560,2024-12-28 00:01:25,Add Product: Hotel Stay - Sydney Central Ascott Li
19087,2348560,2024-12-28 00:10:26,Add Product: Coach for 12 Hrs - Full Day Blue Moun
19088,2348560,2024-12-28 00:10:26,Add Product: Scenic World - Ultimate Discovery Pas
19089,2348560,2024-12-28 00:10:26,Add Product: Lunch at Eats 270 - Burger Meal
19090,2348560,2024-12-28 00:10:26,Add Product: Sydney Zoo Entry Tickets
19091,2348560,2024-12-28 00:10:26,Add Product: Dinner at the Indian restaurant
19092,2348560,2024-12-28 00:10:26,Add Product: Hotel Stay - Sydney Central Ascott Li
19093,2348560,2024-12-28 00:12:37,Add Product: Depart Sydney - Transfer from Sydney 
19094,2348560,2024-12-28 00:12:37,Add Product: Water Bottle - 500ml x 02 per person 
19095,2348560,2024-12-28 00:48:34,Change Stage to Created
19096,2348560,2024-12-28 22:47:39,Add Product: Hotel Stay - Crowne Plaza Melbourne o
19097,2348560,2024-12-28 22:47:39,Add Product: Hotel Stay - Crowne Plaza Melbourne o
19098,2348560,2024-12-28 22:47:39,Add Product: Hotel Stay - Crowne Plaza Melbourne o
19099,2348560,2024-12-28 22:47:39,Add Product: Hotel Stay - Novotel Sydney Darling H
19100,2348560,2024-12-28 22:47:39,Add Product: Hotel Stay - Novotel Sydney Darling H
19101,2348560,2024-12-28 22:51:12,Delete Product: Hotel Stay - Mercure Melbourne Sou
19102,2348560,2024-12-28 22:53:07,Delete Product: Hotel Stay - Mercure Melbourne Sou
19103,2348560,2024-12-28 22:53:34,Delete Product: Hotel Stay - Mercure Melbourne Sou
19104,2348560,2024-12-28 22:54:12,Delete Product: Hotel Stay - Sydney Central Ascott
19105,2348560,2024-12-28 22:57:04,Delete Product: Hotel Stay - Sydney Central Ascott
19106,2348560,2024-12-28 23:35:25,Add Product: FoC for TM
19107,2348560,2025-01-03 18:47:07,Delete Product: Great Ocean Road - Driver cum Guid
19108,2348560,2025-01-03 18:49:47,Add Product: 12 Apostles Helicopters LB - London B
19109,2348560,2025-01-07 22:55:18,Add Product: Coach for 10 Hrs - Thunder Thrill Jet
19110,2348560,2025-01-07 22:55:18,Add Product: Lunch at Indian Restaurant 
19111,2348560,2025-01-07 22:55:18,Add Product: Dinner at Indian Restaurant 
19112,2348560,2025-01-07 22:55:18,Add Product: Hotel Stay - Novotel Sydney Darling H
19113,2348560,2025-01-07 23:09:18,Change Stage to Created
19114,2348560,2025-01-07 23:18:14,Delete Product: Melbourne City Tour 
19115,2348560,2025-01-13 20:31:11,Change Stage to Created
19116,2348560,2025-01-14 19:56:07,Add Product: Courtyard By Marriott Melbourne Flagstaff Gardens 
19117,2348560,2025-01-14 19:56:07,Add Product: Courtyard By Marriott Melbourne Flagstaff Gardens 
19118,2348560,2025-01-14 19:56:07,Add Product: Courtyard By Marriott Melbourne Flagstaff Gardens 
19119,2348560,2025-01-14 20:04:33,Delete Product: Hotel Stay - Crowne Plaza Melbourne or Similar 
19120,2348560,2025-01-14 20:05:51,Delete Product: Hotel Stay - Crowne Plaza Melbourne or Similar 
19121,2348560,2025-01-14 20:06:50,Delete Product: Hotel Stay - Crowne Plaza Melbourne or Similar 
19122,2348560,2025-01-14 20:16:11,Add Product: Melbourne City Tour - Guide for 04 Hrs 
19123,2348560,2025-01-14 20:23:01,Add Product: Sydney City Tour - Guide for 04 Hrs 
19124,2348560,2025-01-14 20:26:19,Add Product: Indian Lunch 
19125,2348560,2025-01-14 20:27:41,Delete Product: Lunch at Eats 270 - Burger Meal
19126,2348560,2025-01-14 21:43:18,Delete Product: FoC for TM
19127,2348560,2025-01-16 19:00:20,Delete Product: Hotel Stay - Novotel Sydney Darling Harbour
19128,2348560,2025-01-16 19:00:51,Delete Product: Hotel Stay - Novotel Sydney Darling Harbour 
19129,2348560,2025-01-16 19:01:20,Delete Product: Hotel Stay - Novotel Sydney Darling Harbour
19130,2348560,2025-01-16 19:02:36,Add Product: Sydney Harbour Marriott Hotel at Circular Quay
19131,2348560,2025-01-16 19:02:36,Add Product: Sydney Harbour Marriott Hotel at Circular Quay
19132,2348560,2025-01-16 19:02:36,Add Product: Sydney Harbour Marriott Hotel at Circular Quay
19133,2348560,2025-01-19 22:37:50,Change Stage to Created
19134,2348560,2025-01-19 22:55:31,Delete Product: Melbourne City Tour - Guide for 04 Hrs 
19135,2348560,2025-01-19 23:09:25,Delete Product: Sydney City Tour - Guide for 04 Hrs 
19136,2348560,2025-01-19 23:12:26,Add Product: Sydney Opera House Tour - 1 hour Entry Ticket
19137,2348560,2025-01-19 23:12:26,Add Product: Sydney Tower Eye + SKYWALK - General Entry Tickets & SKYWALK
19211,2347443,2025-01-20 00:00:01,Change Stage to Auto Rejected Automatically
19212,2347445,2025-01-20 00:00:01,Change Stage to Auto Rejected Automatically
19213,2347631,2025-01-20 00:00:01,Change Stage to Auto Rejected Automatically
19214,2347780,2025-01-20 00:00:01,Change Stage to Auto Rejected Automatically
19246,2348562,2025-01-19 23:40:37,New Quote with Stage Created
19247,2348562,2025-01-19 23:45:06,Add Product: Arrive Auckland - Transfer from Auckland Airport to Auckland Hotel
19248,2348562,2025-01-19 23:45:06,Add Product: Hotel Stay - Holiday Inn Express Auckland City Centre or similar 
19249,2348562,2025-01-19 23:49:31,Add Product: Coach for 10 Hrs - Auckland To Rotorua via Waitomo 
19250,2348562,2025-01-19 23:49:31,Add Product: Waitomo GlowWorm Caves - Admission Ticket
19251,2348562,2025-01-19 23:49:31,Add Product: Indian Lunch 
19252,2348562,2025-01-19 23:49:31,Add Product: Indian Dinner 
19253,2348562,2025-01-19 23:49:31,Add Product: Indian Dinner 
19254,2348562,2025-01-19 23:49:31,Add Product: Hotel Stay - Sudima lake rotorua or Similar 
19255,2348562,2025-01-19 23:50:42,Delete Product: Indian Lunch 
19256,2348562,2025-01-19 23:51:10,Add Product: Lunch at Roseland 
19257,2348562,2025-01-19 23:54:13,Add Product: Coach for 12 Hrs - Te puia + Redwood + Polyneisan Spa from Rotorua 
19258,2348562,2025-01-19 23:54:13,Add Product: Te Ra Guided Experience Ticket
19259,2348562,2025-01-19 23:54:13,Add Product: Indian Lunch 
19260,2348562,2025-01-19 23:54:13,Add Product: Redwood - Nightlights (Fast Pass)
19261,2348562,2025-01-19 23:54:13,Add Product: Polynesian Spa - Family Pools -
19262,2348562,2025-01-19 23:54:13,Add Product: Indian Dinner 
19263,2348562,2025-01-19 23:54:13,Add Product: Hotel Stay - Sudima lake rotorua or Similar 
19264,2348562,2025-01-19 23:55:58,Add Product: Te Ra + Haka (Guided Experience & Cultural performance)
19265,2348562,2025-01-19 23:57:36,Delete Product: Te Ra Guided Experience Ticket
19266,2348562,2025-01-20 00:06:55,Add Product: Coach for 10 Hrs - Rototua to Auckland + Sky Tower 
19267,2348562,2025-01-20 00:06:55,Add Product: Sky Tower Observation Deck Ticket
19268,2348562,2025-01-20 00:06:55,Add Product: Indian Lunch 
19269,2348562,2025-01-20 00:06:55,Add Product: Indian Dinner 
19270,2348562,2025-01-20 00:06:55,Add Product: Hotel Stay - Holiday Inn Express Auckland City Centre or similar 
19271,2348562,2025-01-20 00:10:52,Add Product: Depart Auckland - Transfer from Auckland Hotel to Auckland Airport
19272,2348562,2025-01-20 00:10:52,Add Product: Arrive Queenstown - Transfer from Queenstown Airport to Queenstown Hotel
19273,2348562,2025-01-20 00:10:52,Add Product: Indian Lunch 
19274,2348562,2025-01-20 00:10:52,Add Product: Indian Dinner 
19275,2348562,2025-01-20 00:10:52,Add Product: Hotel Stay - Holiday inn Express and Suites Queenstown or Similar 
19276,2348562,2025-01-20 00:13:26,Add Product: Coach for 12 Hrs - Full Day Milford Sound Cruise 
19277,2348562,2025-01-20 00:13:26,Add Product: Milford Sound Nature Cruise Ticket & Lunch (No Transfers)
19278,2348562,2025-01-20 00:13:26,Add Product: Indian Dinner 
19279,2348562,2025-01-20 00:13:26,Add Product: Hotel Stay - Holiday inn Express and Suites Queenstown or Similar 
19280,2348562,2025-01-20 00:16:37,Add Product: Coach for 10 Hrs - Queenstown City Tour (NO GUIDE) + Shotover Jet + Gondola & Luge
19281,2348562,2025-01-20 00:16:37,Add Product: Shotover Jet - 25 Minutes (Ticket)
19282,2348562,2025-01-20 00:16:37,Add Product: Indian Lunch 
19283,2348562,2025-01-20 00:16:37,Add Product: Skyline Gondola & 3 Luge Rides Ticket
19284,2348562,2025-01-20 00:16:37,Add Product: Indian Dinner
19285,2348562,2025-01-20 00:16:37,Add Product: Hotel Stay - Holiday inn Express and Suites Queenstown or Similar 
19286,2348562,2025-01-20 00:18:56,Add Product: Coach for 10 Hrs - Queenstown to Christchurch
19287,2348562,2025-01-20 00:18:56,Add Product: Local Lunch 
19288,2348562,2025-01-20 00:18:56,Add Product: Indian Dinner 
19289,2348562,2025-01-20 00:18:56,Add Product: Hotel Stay - Distinction Hotel Christchurch or Similar 
19290,2348562,2025-01-20 00:21:51,Add Product: Coach for 10 Hrs - Christchurch City Tour ( No GUIDE ) + Antartic Centre 
19291,2348562,2025-01-20 00:21:51,Add Product: General Admission to International Antarctic Centre
19292,2348562,2025-01-20 00:21:51,Add Product: Indian Lunch 
19293,2348562,2025-01-20 00:21:51,Add Product: Indian Dinner
19294,2348562,2025-01-20 00:21:51,Add Product: Hotel Stay - Distinction Hotel Christchurch or Similar 
19295,2348562,2025-01-20 00:22:32,Add Product: Depart Christchurch - Transfer from Christchurch Hotel to Christchrch Airport 
19339,2348564,2025-01-20 00:43:47,New Quote with Stage Created
19340,2348564,2025-01-20 00:45:38,Add Product: Arrive Christchurch - Transfer from Christchurch Airport to Christchruch Hotel
19341,2348564,2025-01-20 00:45:38,Add Product: Indian Dinner 
19342,2348564,2025-01-20 00:45:38,Add Product: Hotel Stay - Distinction Hotel Christchurch or Similar 
19343,2348564,2025-01-20 01:07:58,Add Product: Coach for 10 Hrs - Christchurch City Tour (Driver cum guide) + International Antartic Centre 
19344,2348564,2025-01-20 01:07:58,Add Product: General Admission to International Antarctic Centre
19345,2348564,2025-01-20 01:07:58,Add Product: Indian Lunch 
19346,2348564,2025-01-20 01:07:58,Add Product: Indian Dinner 
19347,2348564,2025-01-20 01:07:58,Add Product: Hotel Stay - Distinction Hotel Christchurch or Similar 
19348,2348564,2025-01-20 01:08:33,Add Product: Driver Cum Guide 
19349,2348564,2025-01-20 01:19:05,Add Product: Coach for 10 Hrs - Christchurch to Twizel 
19350,2348564,2025-01-20 01:19:05,Add Product: Local Lunch 
19351,2348564,2025-01-20 01:19:05,Add Product: Local Dinner 
19352,2348564,2025-01-20 01:19:05,Add Product: Hotel Stay - Distinction Mackenzie Country Hotel Twizel or Similar 
19353,2348564,2025-01-20 01:19:05,Add Product: Coach for 10 Hrs - Twizel to Queenstown via Puzzling World Wanaka 
19354,2348564,2025-01-20 01:19:05,Add Product: Indian Lunch 
19355,2348564,2025-01-20 01:19:05,Add Product: Puzzling World | Entry Tickets - illusion Room+ The Great Maze
19356,2348564,2025-01-20 01:19:05,Add Product: Local Dinner 
19357,2348564,2025-01-20 01:19:05,Add Product: Hotel Stay - Holiday inn Express and Suites Queenstown or Similar 
19358,2348564,2025-01-20 01:21:42,Add Product: Coach for 12 Hrs - Full Day Milford Sound Cruise 
19359,2348564,2025-01-20 01:21:42,Add Product: Milford Sound Nature Cruise Ticket & Lunch (No Transfers)
19360,2348564,2025-01-20 01:21:42,Add Product: Indian Dinner 
19361,2348564,2025-01-20 01:21:42,Add Product: Hotel Stay - Holiday inn Express and Suites Queenstown or Similar 
19362,2348564,2025-01-20 01:27:49,Add Product: Coach for 10 Hrs - Queenstown City Tour ( Driver Cum Guide ) + Jet Boating
19363,2348564,2025-01-20 01:27:49,Add Product: Driver Cum Guide 
19364,2348564,2025-01-20 01:27:49,Add Product: Indian Lunch 
19365,2348564,2025-01-20 01:27:49,Add Product: K JET | JET BOAT RIDE QUEENSTOWN
19366,2348564,2025-01-20 01:27:49,Add Product: Indian Dinner 
19367,2348564,2025-01-20 01:27:49,Add Product: Hotel Stay - Holiday inn Express and Suites Queenstown or Similar 
19368,2348564,2025-01-20 01:27:49,Add Product: Depart Queenstown - Transfer from Queenstown Hotel to Queenstown Airport
19389,2348570,2025-01-20 13:11:15,New Quote with Stage Created
19390,2348570,2025-01-20 13:11:25,Change Stage to Created
19391,2348570,2025-01-20 13:11:58,Import CSV - Products
19392,2348570,2025-01-20 13:13:39,Add Product: Asian/Western/Chinese 2 course lunch
19393,2348570,2025-01-20 13:14:12,Add Product: Asian/Western/Chinese 2 course dinner
19394,2348570,2025-01-20 13:14:44,Add Product: Asian/Western/Chinese 2 course lunch
19395,2348570,2025-01-20 13:15:07,Add Product: Asian/Western/Chinese 2 course dinner
19396,2348570,2025-01-20 13:15:33,Add Product: Eats 270
19397,2348570,2025-01-20 13:16:02,Add Product: Asian/Western/Chinese 2 course lunch
19398,2348570,2025-01-20 13:16:32,Add Product: Asian/Western/Chinese 2 course dinner
19399,2348570,2025-01-20 13:17:05,Delete Product: Asian/Western/Chinese 2 course lunch
19410,2348571,2024-10-23 16:11:00,Create Project
19411,2348571,2025-01-15 09:49:48,Change Stage to Created
19412,2348571,2025-01-20 13:53:37,Add Product: Single/Double (Standard - Incl Cont B/fast)
19418,2348573,2025-01-20 14:22:58,New Quote with Stage Created
19419,2348573,2025-01-20 14:49:51,Import CSV - Products
19420,2348573,2025-01-20 15:09:05,Delete Product: Coach for Cairns City hotel to Skyrail/Freshwater (48-53 Pax)
19421,2348573,2025-01-20 15:21:59,Add Product: Coach for extra 2 hours for blue mountain
19462,2348576,2025-01-20 15:53:26,New Quote with Stage Created
19463,2348576,2025-01-20 16:14:24,Import CSV - Products
19464,2348576,2025-01-20 16:24:31,Add Product: Moxy Marriott  with breakfast 
19465,2348576,2025-01-20 16:24:31,Add Product: Moxy Marriott   with breakfast 
19498,2348578,2025-01-20 04:12:04,New Quote with Stage Created
19499,2348578,2025-01-20 17:31:48,Import CSV - Products
19500,2348578,2025-01-20 17:32:57,Delete Product: Coach for Cairns City hotel to Skyrail/Freshwater (37 Pax)
19501,2348578,2025-01-20 17:35:37,Delete Product: Coach for Cairns Airport to Hotel(48-53 Pax)
19531,2348580,2025-01-09 22:11:56,New Quote with Stage Created
19532,2348580,2025-01-09 22:18:35,Add Product: Arrive Sydney - Transfer from Sydney 
19533,2348580,2025-01-09 22:18:35,Add Product: Sydney Tower Eye - General Admission 
19534,2348580,2025-01-09 22:18:35,Add Product: SHOWBOAT DINNER CRUISE WITH INDIAN SE
19535,2348580,2025-01-09 22:18:35,Add Product: Coach for 12 Hrs - Full Day Blue Moun
19536,2348580,2025-01-09 22:18:35,Add Product: Scenic World - Ultimate Discovery Pas
19537,2348580,2025-01-09 22:18:35,Add Product: Depart Sydney - Transfer from Sydney 
19538,2348580,2025-01-09 22:18:35,Add Product: Arrive Brisbane - Coach for 08 Hrs + 
19539,2348580,2025-01-09 22:18:35,Add Product: Return Transfer to Movie World 
19540,2348580,2025-01-09 22:18:35,Add Product: Movie World Admission Ticket
19541,2348580,2025-01-09 22:18:36,Add Product: Depart Gold Coast - Transfer from Gol
19542,2348580,2025-01-09 22:19:30,Add Product: Water Bottle 
19550,2348581,2025-01-20 17:57:49,New Quote with Stage Created
19551,2348581,2025-01-20 18:04:52,Import CSV - Products
19552,2348581,2025-01-20 18:15:33,Add Product: Sea world 
19587,2348584,2025-01-20 19:16:42,New Quote with Stage Created
19588,2348584,2025-01-20 19:43:29,Import CSV - Products
19589,2348584,2025-01-20 19:51:50,Add Product: Coach for 2 hrs
19590,2348584,2025-01-20 19:53:22,Delete Product: SHOWBOAT DINNER CRUISE WITH INDIAN SET MENU & SHOW (VIP SEATING)
19591,2348584,2025-01-20 19:59:59,Add Product: AUD 20 meal allowance 
19592,2348584,2025-01-20 20:04:34,Add Product: Coach for 12 hrs 
19593,2348584,2025-01-20 20:08:14,Change Stage to Created
19607,2348585,2024-12-26 22:26:16,New Quote with Stage Created
19608,2348585,2024-12-27 21:55:28,Change Stage to Created
19609,2348585,2024-12-27 21:57:16,Add Product: Arrive Melbourne - Transfer from Melb
19610,2348585,2024-12-27 21:57:16,Add Product: Dinner at local Indian Restaurant
19611,2348585,2024-12-27 21:57:16,Add Product: Hotel Stay - Mercure Melbourne Southb
19612,2348585,2024-12-27 22:00:40,Add Product: Coach for 10 Hrs - City Tour ( Driver
19613,2348585,2024-12-27 22:00:40,Add Product: Melbourne City Tour 
19614,2348585,2024-12-27 22:00:40,Add Product: Melbourne Cricket Ground - MCG Tour (
19615,2348585,2024-12-27 22:00:40,Add Product: Lunch at Indian Restaurant
19616,2348585,2024-12-27 22:00:40,Add Product: Dinner at Indian Restaurant
19617,2348585,2024-12-27 22:00:40,Add Product: Hotel Stay - Mercure Melbourne Southb
19618,2348585,2024-12-27 22:04:13,Add Product: Coach for 12 hours to Great Ocean Roa
19619,2348585,2024-12-27 22:31:47,Delete Product: Coach for 12 hours to Great Ocean 
19620,2348585,2024-12-27 22:59:24,Add Product: Coach for 12 Hours - Full Day Great O
19621,2348585,2024-12-27 22:59:24,Add Product: Great Ocean Road - Driver cum Guide 
19622,2348585,2024-12-27 22:59:24,Add Product: Lunch at Apollo bay 
19623,2348585,2024-12-27 22:59:24,Add Product: Dinner at Indian Restaurant
19624,2348585,2024-12-27 22:59:24,Add Product: Hotel Stay - Mercure Melbourne Southb
19625,2348585,2024-12-28 00:01:25,Add Product: Depart Melbourne - Transfer from Melb
19626,2348585,2024-12-28 00:01:25,Add Product: Arrive Sydney - Transfer from Sydney 
19627,2348585,2024-12-28 00:01:25,Add Product: Lunch at the Indian restaurant
19628,2348585,2024-12-28 00:01:25,Add Product: Thunder Thrill Jetboating Ride - 30 M
19629,2348585,2024-12-28 00:01:25,Add Product: Dinner at the Indian restaurant
19630,2348585,2024-12-28 00:01:25,Add Product: Hotel Stay - Sydney Central Ascott Li
19631,2348585,2024-12-28 00:10:26,Add Product: Coach for 12 Hrs - Full Day Blue Moun
19632,2348585,2024-12-28 00:10:26,Add Product: Scenic World - Ultimate Discovery Pas
19633,2348585,2024-12-28 00:10:26,Add Product: Lunch at Eats 270 - Burger Meal
19634,2348585,2024-12-28 00:10:26,Add Product: Sydney Zoo Entry Tickets
19635,2348585,2024-12-28 00:10:26,Add Product: Dinner at the Indian restaurant
19636,2348585,2024-12-28 00:10:26,Add Product: Hotel Stay - Sydney Central Ascott Li
19637,2348585,2024-12-28 00:12:37,Add Product: Depart Sydney - Transfer from Sydney 
19638,2348585,2024-12-28 00:12:37,Add Product: Water Bottle - 500ml x 02 per person 
19639,2348585,2024-12-28 00:48:34,Change Stage to Created
19640,2348585,2024-12-28 22:47:39,Add Product: Hotel Stay - Crowne Plaza Melbourne o
19641,2348585,2024-12-28 22:47:39,Add Product: Hotel Stay - Crowne Plaza Melbourne o
19642,2348585,2024-12-28 22:47:39,Add Product: Hotel Stay - Crowne Plaza Melbourne o
19643,2348585,2024-12-28 22:47:39,Add Product: Hotel Stay - Novotel Sydney Darling H
19644,2348585,2024-12-28 22:47:39,Add Product: Hotel Stay - Novotel Sydney Darling H
19645,2348585,2024-12-28 22:51:12,Delete Product: Hotel Stay - Mercure Melbourne Sou
19646,2348585,2024-12-28 22:53:07,Delete Product: Hotel Stay - Mercure Melbourne Sou
19647,2348585,2024-12-28 22:53:34,Delete Product: Hotel Stay - Mercure Melbourne Sou
19648,2348585,2024-12-28 22:54:12,Delete Product: Hotel Stay - Sydney Central Ascott
19649,2348585,2024-12-28 22:57:04,Delete Product: Hotel Stay - Sydney Central Ascott
19650,2348585,2024-12-28 23:35:25,Add Product: FoC for TM
19651,2348585,2025-01-03 18:47:07,Delete Product: Great Ocean Road - Driver cum Guid
19652,2348585,2025-01-03 18:49:47,Add Product: 12 Apostles Helicopters LB - London B
19653,2348585,2025-01-07 22:55:18,Add Product: Coach for 10 Hrs - Thunder Thrill Jet
19654,2348585,2025-01-07 22:55:18,Add Product: Lunch at Indian Restaurant 
19655,2348585,2025-01-07 22:55:18,Add Product: Dinner at Indian Restaurant 
19656,2348585,2025-01-07 22:55:18,Add Product: Hotel Stay - Novotel Sydney Darling H
19657,2348585,2025-01-07 23:09:18,Change Stage to Created
19658,2348585,2025-01-07 23:18:14,Delete Product: Melbourne City Tour 
19659,2348585,2025-01-13 20:31:11,Change Stage to Created
19660,2348585,2025-01-14 19:56:07,Add Product: Courtyard By Marriott Melbourne Flagstaff Gardens 
19661,2348585,2025-01-14 19:56:07,Add Product: Courtyard By Marriott Melbourne Flagstaff Gardens 
19662,2348585,2025-01-14 19:56:07,Add Product: Courtyard By Marriott Melbourne Flagstaff Gardens 
19663,2348585,2025-01-14 20:04:33,Delete Product: Hotel Stay - Crowne Plaza Melbourne or Similar 
19664,2348585,2025-01-14 20:05:51,Delete Product: Hotel Stay - Crowne Plaza Melbourne or Similar 
19665,2348585,2025-01-14 20:06:50,Delete Product: Hotel Stay - Crowne Plaza Melbourne or Similar 
19666,2348585,2025-01-14 20:16:11,Add Product: Melbourne City Tour - Guide for 04 Hrs 
19667,2348585,2025-01-14 20:23:01,Add Product: Sydney City Tour - Guide for 04 Hrs 
19668,2348585,2025-01-14 20:26:19,Add Product: Indian Lunch 
19669,2348585,2025-01-14 20:27:41,Delete Product: Lunch at Eats 270 - Burger Meal
19670,2348585,2025-01-14 21:43:18,Delete Product: FoC for TM
19671,2348585,2025-01-16 19:00:20,Delete Product: Hotel Stay - Novotel Sydney Darling Harbour
19672,2348585,2025-01-16 19:00:51,Delete Product: Hotel Stay - Novotel Sydney Darling Harbour 
19673,2348585,2025-01-16 19:01:20,Delete Product: Hotel Stay - Novotel Sydney Darling Harbour
19674,2348585,2025-01-16 19:02:36,Add Product: Sydney Harbour Marriott Hotel at Circular Quay
19675,2348585,2025-01-16 19:02:36,Add Product: Sydney Harbour Marriott Hotel at Circular Quay
19676,2348585,2025-01-16 19:02:36,Add Product: Sydney Harbour Marriott Hotel at Circular Quay
19677,2348585,2025-01-20 20:19:17,Add Product: FOC for Sydney Harbour Marriott 
19678,2348585,2025-01-20 20:22:17,Change Stage to Created
19679,2348585,2025-01-20 20:22:34,Change Stage to Created
19739,2348586,2024-12-26 22:26:16,New Quote with Stage Created
19740,2348586,2024-12-27 21:55:28,Change Stage to Created
19741,2348586,2024-12-27 21:57:16,Add Product: Arrive Melbourne - Transfer from Melb
19742,2348586,2024-12-27 21:57:16,Add Product: Dinner at local Indian Restaurant
19743,2348586,2024-12-27 21:57:16,Add Product: Hotel Stay - Mercure Melbourne Southb
19744,2348586,2024-12-27 22:00:40,Add Product: Coach for 10 Hrs - City Tour ( Driver
19745,2348586,2024-12-27 22:00:40,Add Product: Melbourne City Tour 
19746,2348586,2024-12-27 22:00:40,Add Product: Melbourne Cricket Ground - MCG Tour (
19747,2348586,2024-12-27 22:00:40,Add Product: Lunch at Indian Restaurant
19748,2348586,2024-12-27 22:00:40,Add Product: Dinner at Indian Restaurant
19749,2348586,2024-12-27 22:00:40,Add Product: Hotel Stay - Mercure Melbourne Southb
19750,2348586,2024-12-27 22:04:13,Add Product: Coach for 12 hours to Great Ocean Roa
19751,2348586,2024-12-27 22:31:47,Delete Product: Coach for 12 hours to Great Ocean 
19752,2348586,2024-12-27 22:59:24,Add Product: Coach for 12 Hours - Full Day Great O
19753,2348586,2024-12-27 22:59:24,Add Product: Great Ocean Road - Driver cum Guide 
19754,2348586,2024-12-27 22:59:24,Add Product: Lunch at Apollo bay 
19755,2348586,2024-12-27 22:59:24,Add Product: Dinner at Indian Restaurant
19756,2348586,2024-12-27 22:59:24,Add Product: Hotel Stay - Mercure Melbourne Southb
19757,2348586,2024-12-28 00:01:25,Add Product: Depart Melbourne - Transfer from Melb
19758,2348586,2024-12-28 00:01:25,Add Product: Arrive Sydney - Transfer from Sydney 
19759,2348586,2024-12-28 00:01:25,Add Product: Lunch at the Indian restaurant
19760,2348586,2024-12-28 00:01:25,Add Product: Thunder Thrill Jetboating Ride - 30 M
19761,2348586,2024-12-28 00:01:25,Add Product: Dinner at the Indian restaurant
19762,2348586,2024-12-28 00:01:25,Add Product: Hotel Stay - Sydney Central Ascott Li
19763,2348586,2024-12-28 00:10:26,Add Product: Coach for 12 Hrs - Full Day Blue Moun
19764,2348586,2024-12-28 00:10:26,Add Product: Scenic World - Ultimate Discovery Pas
19765,2348586,2024-12-28 00:10:26,Add Product: Lunch at Eats 270 - Burger Meal
19766,2348586,2024-12-28 00:10:26,Add Product: Sydney Zoo Entry Tickets
19767,2348586,2024-12-28 00:10:26,Add Product: Dinner at the Indian restaurant
19768,2348586,2024-12-28 00:10:26,Add Product: Hotel Stay - Sydney Central Ascott Li
19769,2348586,2024-12-28 00:12:37,Add Product: Depart Sydney - Transfer from Sydney 
19770,2348586,2024-12-28 00:12:37,Add Product: Water Bottle - 500ml x 02 per person 
19771,2348586,2024-12-28 00:48:34,Change Stage to Created
19772,2348586,2024-12-28 22:47:39,Add Product: Hotel Stay - Crowne Plaza Melbourne o
19773,2348586,2024-12-28 22:47:39,Add Product: Hotel Stay - Crowne Plaza Melbourne o
19774,2348586,2024-12-28 22:47:39,Add Product: Hotel Stay - Crowne Plaza Melbourne o
19775,2348586,2024-12-28 22:47:39,Add Product: Hotel Stay - Novotel Sydney Darling H
19776,2348586,2024-12-28 22:47:39,Add Product: Hotel Stay - Novotel Sydney Darling H
19777,2348586,2024-12-28 22:51:12,Delete Product: Hotel Stay - Mercure Melbourne Sou
19778,2348586,2024-12-28 22:53:07,Delete Product: Hotel Stay - Mercure Melbourne Sou
19779,2348586,2024-12-28 22:53:34,Delete Product: Hotel Stay - Mercure Melbourne Sou
19780,2348586,2024-12-28 22:54:12,Delete Product: Hotel Stay - Sydney Central Ascott
19781,2348586,2024-12-28 22:57:04,Delete Product: Hotel Stay - Sydney Central Ascott
19782,2348586,2024-12-28 23:35:25,Add Product: FoC for TM
19783,2348586,2025-01-03 18:47:07,Delete Product: Great Ocean Road - Driver cum Guid
19784,2348586,2025-01-03 18:49:47,Add Product: 12 Apostles Helicopters LB - London B
19785,2348586,2025-01-07 22:55:18,Add Product: Coach for 10 Hrs - Thunder Thrill Jet
19786,2348586,2025-01-07 22:55:18,Add Product: Lunch at Indian Restaurant 
19787,2348586,2025-01-07 22:55:18,Add Product: Dinner at Indian Restaurant 
19788,2348586,2025-01-07 22:55:18,Add Product: Hotel Stay - Novotel Sydney Darling H
19789,2348586,2025-01-07 23:09:18,Change Stage to Created
19790,2348586,2025-01-07 23:18:14,Delete Product: Melbourne City Tour 
19791,2348586,2025-01-13 20:31:11,Change Stage to Created
19792,2348586,2025-01-14 19:56:07,Add Product: Courtyard By Marriott Melbourne Flagstaff Gardens 
19793,2348586,2025-01-14 19:56:07,Add Product: Courtyard By Marriott Melbourne Flagstaff Gardens 
19794,2348586,2025-01-14 19:56:07,Add Product: Courtyard By Marriott Melbourne Flagstaff Gardens 
19795,2348586,2025-01-14 20:04:33,Delete Product: Hotel Stay - Crowne Plaza Melbourne or Similar 
19796,2348586,2025-01-14 20:05:51,Delete Product: Hotel Stay - Crowne Plaza Melbourne or Similar 
19797,2348586,2025-01-14 20:06:50,Delete Product: Hotel Stay - Crowne Plaza Melbourne or Similar 
19798,2348586,2025-01-14 20:16:11,Add Product: Melbourne City Tour - Guide for 04 Hrs 
19799,2348586,2025-01-14 20:23:01,Add Product: Sydney City Tour - Guide for 04 Hrs 
19800,2348586,2025-01-14 20:26:19,Add Product: Indian Lunch 
19801,2348586,2025-01-14 20:27:41,Delete Product: Lunch at Eats 270 - Burger Meal
19802,2348586,2025-01-14 21:43:18,Delete Product: FoC for TM
19803,2348586,2025-01-16 19:00:20,Delete Product: Hotel Stay - Novotel Sydney Darling Harbour
19804,2348586,2025-01-16 19:00:51,Delete Product: Hotel Stay - Novotel Sydney Darling Harbour 
19805,2348586,2025-01-16 19:01:20,Delete Product: Hotel Stay - Novotel Sydney Darling Harbour
19806,2348586,2025-01-16 19:02:36,Add Product: Sydney Harbour Marriott Hotel at Circular Quay
19807,2348586,2025-01-16 19:02:36,Add Product: Sydney Harbour Marriott Hotel at Circular Quay
19808,2348586,2025-01-16 19:02:36,Add Product: Sydney Harbour Marriott Hotel at Circular Quay
19809,2348586,2025-01-20 20:19:17,Add Product: FOC for Sydney Harbour Marriott 
19810,2348586,2025-01-20 20:22:17,Change Stage to Created
19811,2348586,2025-01-20 20:22:34,Change Stage to Created
19894,2348588,2025-01-20 04:12:04,New Quote with Stage Created
19895,2348588,2025-01-20 17:31:48,Import CSV - Products
19896,2348588,2025-01-20 17:32:57,Delete Product: Coach for Cairns City hotel to Skyrail/Freshwater (37 Pax)
19897,2348588,2025-01-20 17:35:37,Delete Product: Coach for Cairns Airport to Hotel(48-53 Pax)
19898,2348588,2025-01-20 17:42:27,Delete Product: Mercure Melbourne Southbank with Breakfast
19899,2348588,2025-01-20 17:42:58,Delete Product: Mercure Melbourne Southbank with Breakfast
19900,2348588,2025-01-20 17:43:50,Delete Product: Mercure Melbourne Southbank with Breakfast
19901,2348588,2025-01-20 17:44:22,Delete Product: Dinner at Flora Indian Restaurant
19902,2348588,2025-01-20 17:44:48,Delete Product: Coach for 12 hours to Great Ocean Road(40-48 Pax)
19903,2348588,2025-01-20 17:45:49,Delete Product: Dinner at Chilli India Docklands
19904,2348588,2025-01-20 17:46:14,Delete Product: Airport to Hotel Including City tour 8 hours(40-48 Pax)
19905,2348588,2025-01-20 17:50:16,Add Product: Sea world
19910,2348589,2025-01-20 17:57:49,New Quote with Stage Created
19911,2348589,2025-01-20 18:04:52,Import CSV - Products
19912,2348589,2025-01-20 18:15:33,Add Product: Sea world 
19913,2348589,2025-01-20 21:18:30,Change Stage to Created
19920,2348590,2025-01-20 15:53:26,New Quote with Stage Created
19921,2348590,2025-01-20 16:14:24,Import CSV - Products
19922,2348590,2025-01-20 16:24:31,Add Product: Moxy Marriott  with breakfast 
19923,2348590,2025-01-20 16:24:31,Add Product: Moxy Marriott   with breakfast 
19971,2348594,2025-01-20 21:47:33,New Quote with Stage Created
19972,2348594,2025-01-20 21:52:45,Add Product: Airport to hotel transfers
19973,2348594,2025-01-20 21:52:45,Add Product: Crown Plaza with breakfast 
19974,2348594,2025-01-20 21:52:45,Add Product: Bruny Island cruise
19975,2348594,2025-01-20 22:03:45,Add Product: crown plaza with breakfast
19976,2348594,2025-01-20 22:03:45,Add Product: Transfer to  Wineglass Bay cruise 
19977,2348594,2025-01-20 22:03:45,Add Product: Wine glass Bay cruise 
19978,2348594,2025-01-20 22:03:45,Add Product: crown plaza with breakfast`
19979,2348594,2025-01-20 22:03:45,Add Product: crown plaza with breakfast
19980,2348594,2025-01-20 22:03:45,Add Product: Transfer to airport 
19986,2348595,2025-01-20 21:36:13,New Quote with Stage Created
19987,2348595,2025-01-20 21:42:10,Add Product: Arrive Queenstown - Transfer from Queenstown Airport to Queenstown Hotel
19988,2348595,2025-01-20 21:42:10,Add Product: Skyline Queenstown - Gondola Ticket only
19989,2348595,2025-01-20 21:42:10,Add Product: Indian Dinner 
19990,2348595,2025-01-20 21:42:10,Add Product: Hotel Stay - Holiday inn Express and Suites Queenstown or Similar 
19991,2348595,2025-01-20 21:46:56,Add Product: Coach for 12 Hrs - Full Day Milford Sound Cruise 
19992,2348595,2025-01-20 21:46:56,Add Product: Milford Sound Nature Cruise Ticket & Lunch (No Transfers)
19993,2348595,2025-01-20 21:46:56,Add Product: Indian Dinner 
19994,2348595,2025-01-20 21:46:56,Add Product: Hotel Stay - Holiday inn Express and Suites Queenstown or Similar 
19995,2348595,2025-01-20 21:52:31,Add Product: Depart Queenstown - Transfer from Queenstown Hotel to Queenstown Airport
19996,2348595,2025-01-20 21:52:31,Add Product: Arrive Rotorua - Transfer from Rotorua Airport to Rotorua Hotel 
19997,2348595,2025-01-20 21:52:31,Add Product: Indian Lunch 
19998,2348595,2025-01-20 21:52:31,Add Product: Indian Dinner 
19999,2348595,2025-01-20 21:52:31,Add Product: Hotel Stay - Sudima lake Rotorua or Similar 
20000,2348595,2025-01-20 22:00:58,Add Product: Coach for 10 Hrs - Te puia + Farm Show from Rotorua 
20001,2348595,2025-01-20 22:00:58,Add Product: Te Ra Guided Experience Ticket
20002,2348595,2025-01-20 22:00:58,Add Product: Indian Lunch 
20003,2348595,2025-01-20 22:00:58,Add Product: Agrodome | Farm Show
20004,2348595,2025-01-20 22:00:58,Add Product: Indian Dinner 
20005,2348595,2025-01-20 22:00:58,Add Product: Hotel Stay - Sudima lake Rotorua or Similar 
20006,2348595,2025-01-20 22:04:59,Add Product: Coach for 12 Hrs - Rotorua to Auckland via Waitomo
20007,2348595,2025-01-20 22:04:59,Add Product: Waitomo GlowWorm Caves - Admission Ticket
20008,2348595,2025-01-20 22:04:59,Add Product: Lunch at Roseland 
20009,2348595,2025-01-20 22:04:59,Add Product: Indian Dinner 
20010,2348595,2025-01-20 22:04:59,Add Product: Hotel Stay - Holiday Inn Express Auckland City Centre or similar 
20011,2348595,2025-01-20 22:04:59,Add Product: Depart Auckland - City Tour ( NO GUIDE) + Airport Transfers 
20012,2348595,2025-01-20 22:04:59,Add Product: Sky Tower Observation Deck Ticket
20083,2347154,2025-01-21 00:00:02,Change Stage to Auto Rejected Automatically
20084,2347284,2025-01-21 00:00:02,Change Stage to Auto Rejected Automatically
20085,2347294,2025-01-21 00:00:02,Change Stage to Auto Rejected Automatically
20086,2347385,2025-01-21 00:00:02,Change Stage to Auto Rejected Automatically
20087,2347444,2025-01-21 00:00:02,Change Stage to Auto Rejected Automatically
20168,2348600,2025-01-21 01:44:09,New Quote with Stage Created
20169,2348600,2025-01-21 02:43:38,Add Product: Arrive Auckland - Transfer from Auckland Airport to Auckland Hotel
20170,2348600,2025-01-21 02:43:38,Add Product: Welcome dinner at Restaurant
20171,2348600,2025-01-21 02:43:38,Add Product: Hotel Stay - Holiday Inn Express Auckland City Centre or similar 
20172,2348600,2025-01-21 02:51:48,Add Product: Coach for 12 Hrs - Sky Tower + Waiheke Island + Kelly Tarlton's Sea life aquarium
20173,2348600,2025-01-21 02:51:48,Add Product: Sky Tower Observation Deck Ticket
20174,2348600,2025-01-21 02:51:48,Add Product: Indian Lunch 
20175,2348600,2025-01-21 02:51:48,Add Product: Return Waiheke Island ferry - (40 mins)
20176,2348600,2025-01-21 02:53:12,Add Product: Indian Dinner 
20177,2348600,2025-01-21 02:53:12,Add Product: Hotel Stay - Holiday Inn Express Auckland City Centre or similar 
20178,2348600,2025-01-21 03:05:48,Add Product: Coach for 12 Hrs - Auckland to Rototua via Hobbiton 
20179,2348600,2025-01-21 03:05:48,Add Product: Hobbiton Movie Set Tour - Admission Ticket
20180,2348600,2025-01-21 03:05:48,Add Product: Indian / Local Lunch 
20181,2348600,2025-01-21 03:05:48,Add Product: Indian Dinner 
20182,2348600,2025-01-21 03:05:48,Add Product: Hotel Stay - Distinction Hotel Rotorua or Similar 
20183,2348600,2025-01-21 03:12:58,Add Product: Coach for 10 Hrs - Wai o Tapu + Skyline Rototua + Polynesian Spa from Rototua 
20184,2348600,2025-01-21 03:12:58,Add Product: Thermal Park & Lady Knox Geyser - Wai O Tapu - (Ticket)
20185,2348600,2025-01-21 03:12:58,Add Product: Indian Lunch 
20186,2348600,2025-01-21 03:12:58,Add Product: Skyline Rotorua - Gondola & 3 Luge
20187,2348600,2025-01-21 03:12:58,Add Product: Polynesian Spa - Family Pools -
20188,2348600,2025-01-21 03:12:58,Add Product: Hotel Stay - Distinction Hotel Rotorua or Similar 
20189,2348600,2025-01-21 03:14:47,Add Product: Indian Dinner
20190,2348600,2025-01-21 03:18:59,Add Product: Depart Rotorua - Transfer from Rotorua Hotel to Auckland Airport 
20191,2348600,2025-01-21 03:18:59,Add Product: Arrive Queenstown - Transfer from Queenstown Airport to Queenstown Hotel
20192,2348600,2025-01-21 03:18:59,Add Product: Indian Lunch 
20193,2348600,2025-01-21 03:18:59,Add Product: Indian Dinner 
20194,2348600,2025-01-21 03:18:59,Add Product: Hotel Stay - Holiday Inn Express and Suites Queenstown or Similar
20195,2348600,2025-01-21 03:21:44,Add Product: Coach for 10 Hrs - Skline Gondola + Jet Boating
20196,2348600,2025-01-21 03:21:44,Add Product: Skyline Gondola & 3 Luge Rides Ticket
20197,2348600,2025-01-21 03:21:44,Add Product: Indian Lunch 
20198,2348600,2025-01-21 03:21:44,Add Product: Shotover Jet - 25 Minutes (Ticket)
20199,2348600,2025-01-21 03:21:44,Add Product: Indian Dinner 
20200,2348600,2025-01-21 03:21:44,Add Product: Hotel Stay - Holiday Inn Express and Suites Queenstown or Similar 
20201,2348600,2025-01-21 03:24:09,Add Product: Coach for 12 Hrs - Full Day Milford Sound Cruise 
20202,2348600,2025-01-21 03:24:09,Add Product: Milford Sound Nature Cruise Ticket & Lunch (No Transfers)
20203,2348600,2025-01-21 03:24:09,Add Product: Indian Dinner 
20204,2348600,2025-01-21 03:24:09,Add Product: Hotel Stay - Holiday Inn Express and Suites Queenstown or Similar 
20205,2348600,2025-01-21 03:26:41,Add Product: Coach for 10 Hrs - Within City Limits (Day at Leisure)
20206,2348600,2025-01-21 03:26:41,Add Product: Indian Dinner 
20207,2348600,2025-01-21 03:26:41,Add Product: Hotel Stay - Holiday Inn Express and Suites Queenstown or Similar 
20208,2348600,2025-01-21 03:31:00,Add Product: Coach for 10 Hrs - Queenstown to Lake Tekapo 
20209,2348600,2025-01-21 03:31:00,Add Product: Local Dinner 
20210,2348600,2025-01-21 03:31:00,Add Product: Tekapo Springs - STAR GAZING TOUR  (No Transfer)
20211,2348600,2025-01-21 03:31:00,Add Product: Hotel Stay - Peppers bluewater resort or Similar 
20212,2348600,2025-01-21 03:44:57,Add Product: Coach for 10 Hrs - Tekapo to Christchurch  + Antartic Center
20213,2348600,2025-01-21 03:44:57,Add Product: General Admission to International Antarctic Centre
20214,2348600,2025-01-21 03:44:57,Add Product: Farewell group dinner
20215,2348600,2025-01-21 03:44:57,Add Product: Hotel Stay - Distinction Hotel Christchurch or Similar 
20216,2348600,2025-01-21 03:44:57,Add Product: Coach for 04 Hrs - Shoping + Airport Transfers 
20217,2348600,2025-01-21 03:45:42,Add Product: Indian Lunch (Packed)
20218,2348600,2025-01-21 03:47:06,Change Stage to Created
20231,2348601,2025-01-21 01:44:09,New Quote with Stage Created
20232,2348601,2025-01-21 02:43:38,Add Product: Arrive Auckland - Transfer from Auckland Airport to Auckland Hotel
20233,2348601,2025-01-21 02:43:38,Add Product: Welcome dinner at Restaurant
20234,2348601,2025-01-21 02:43:38,Add Product: Hotel Stay - Holiday Inn Express Auckland City Centre or similar 
20235,2348601,2025-01-21 02:51:48,Add Product: Coach for 12 Hrs - Sky Tower + Waiheke Island + Kelly Tarlton's Sea life aquarium
20236,2348601,2025-01-21 02:51:48,Add Product: Sky Tower Observation Deck Ticket
20237,2348601,2025-01-21 02:51:48,Add Product: Indian Lunch 
20238,2348601,2025-01-21 02:51:48,Add Product: Return Waiheke Island ferry - (40 mins)
20239,2348601,2025-01-21 02:53:12,Add Product: Indian Dinner 
20240,2348601,2025-01-21 02:53:12,Add Product: Hotel Stay - Holiday Inn Express Auckland City Centre or similar 
20241,2348601,2025-01-21 03:05:48,Add Product: Coach for 12 Hrs - Auckland to Rototua via Hobbiton 
20242,2348601,2025-01-21 03:05:48,Add Product: Hobbiton Movie Set Tour - Admission Ticket
20243,2348601,2025-01-21 03:05:48,Add Product: Indian / Local Lunch 
20244,2348601,2025-01-21 03:05:48,Add Product: Indian Dinner 
20245,2348601,2025-01-21 03:05:48,Add Product: Hotel Stay - Distinction Hotel Rotorua or Similar 
20246,2348601,2025-01-21 03:12:58,Add Product: Coach for 10 Hrs - Wai o Tapu + Skyline Rototua + Polynesian Spa from Rototua 
20247,2348601,2025-01-21 03:12:58,Add Product: Thermal Park & Lady Knox Geyser - Wai O Tapu - (Ticket)
20248,2348601,2025-01-21 03:12:58,Add Product: Indian Lunch 
20249,2348601,2025-01-21 03:12:58,Add Product: Skyline Rotorua - Gondola & 3 Luge
20250,2348601,2025-01-21 03:12:58,Add Product: Polynesian Spa - Family Pools -
20251,2348601,2025-01-21 03:12:58,Add Product: Hotel Stay - Distinction Hotel Rotorua or Similar 
20252,2348601,2025-01-21 03:14:47,Add Product: Indian Dinner
20253,2348601,2025-01-21 03:18:59,Add Product: Depart Rotorua - Transfer from Rotorua Hotel to Auckland Airport 
20254,2348601,2025-01-21 03:18:59,Add Product: Arrive Queenstown - Transfer from Queenstown Airport to Queenstown Hotel
20255,2348601,2025-01-21 03:18:59,Add Product: Indian Lunch 
20256,2348601,2025-01-21 03:18:59,Add Product: Indian Dinner 
20257,2348601,2025-01-21 03:18:59,Add Product: Hotel Stay - Holiday Inn Express and Suites Queenstown or Similar
20258,2348601,2025-01-21 03:21:44,Add Product: Coach for 10 Hrs - Skline Gondola + Jet Boating
20259,2348601,2025-01-21 03:21:44,Add Product: Skyline Gondola & 3 Luge Rides Ticket
20260,2348601,2025-01-21 03:21:44,Add Product: Indian Lunch 
20261,2348601,2025-01-21 03:21:44,Add Product: Shotover Jet - 25 Minutes (Ticket)
20262,2348601,2025-01-21 03:21:44,Add Product: Indian Dinner 
20263,2348601,2025-01-21 03:21:44,Add Product: Hotel Stay - Holiday Inn Express and Suites Queenstown or Similar 
20264,2348601,2025-01-21 03:24:09,Add Product: Coach for 12 Hrs - Full Day Milford Sound Cruise 
20265,2348601,2025-01-21 03:24:09,Add Product: Milford Sound Nature Cruise Ticket & Lunch (No Transfers)
20266,2348601,2025-01-21 03:24:09,Add Product: Indian Dinner 
20267,2348601,2025-01-21 03:24:09,Add Product: Hotel Stay - Holiday Inn Express and Suites Queenstown or Similar 
20268,2348601,2025-01-21 03:26:41,Add Product: Coach for 10 Hrs - Within City Limits (Day at Leisure)
20269,2348601,2025-01-21 03:26:41,Add Product: Indian Dinner 
20270,2348601,2025-01-21 03:26:41,Add Product: Hotel Stay - Holiday Inn Express and Suites Queenstown or Similar 
20271,2348601,2025-01-21 03:31:00,Add Product: Coach for 10 Hrs - Queenstown to Lake Tekapo 
20272,2348601,2025-01-21 03:31:00,Add Product: Local Dinner 
20273,2348601,2025-01-21 03:31:00,Add Product: Tekapo Springs - STAR GAZING TOUR  (No Transfer)
20274,2348601,2025-01-21 03:31:00,Add Product: Hotel Stay - Peppers bluewater resort or Similar 
20275,2348601,2025-01-21 03:44:57,Add Product: Coach for 10 Hrs - Tekapo to Christchurch  + Antartic Center
20276,2348601,2025-01-21 03:44:57,Add Product: General Admission to International Antarctic Centre
20277,2348601,2025-01-21 03:44:57,Add Product: Farewell group dinner
20278,2348601,2025-01-21 03:44:57,Add Product: Hotel Stay - Distinction Hotel Christchurch or Similar 
20279,2348601,2025-01-21 03:44:57,Add Product: Coach for 04 Hrs - Shoping + Airport Transfers 
20280,2348601,2025-01-21 03:45:42,Add Product: Indian Lunch (Packed)
20281,2348601,2025-01-21 03:47:06,Change Stage to Created
20295,2348602,2024-12-25 22:20:48,New Quote with Stage Created
20296,2348602,2024-12-26 02:03:43,Delete Product: Eureka Skydeck 88 Entry Ticket
20298,2348603,2024-12-25 22:20:48,New Quote with Stage Created
20299,2348603,2024-12-26 02:03:43,Delete Product: Eureka Skydeck 88 Entry Ticket
20340,2348608,2025-01-21 14:33:09,New Quote with Stage Created
20341,2348608,2025-01-21 15:07:17,Import CSV - Products
20342,2348608,2025-01-21 15:13:47,Delete Product: Coach for 10 hours Mornington & Phillip Island (53-57 Pax)
20343,2348608,2025-01-21 15:15:57,Delete Product: Penguin Parade - Standard Viewing Entry Ticket
20354,2348610,2024-10-06 00:27:05,Accepted - Groups
20355,2348610,2024-12-06 12:54:51,Add Product: Sudima Lake Rotorua Hotel with Breakf
20356,2348610,2024-12-06 12:54:51,Add Product: Sudima Lake Rotorua Hotel with Breakf
20357,2348610,2024-12-06 12:56:14,Delete Product: Rydges Rotorua
20358,2348610,2024-12-06 12:59:26,Add Product: Kingsgate Hotel Autolodge Paihia with
20359,2348610,2024-12-06 12:59:26,Add Product: Kingsgate Hotel Autolodge Paihia with
20360,2348610,2024-12-06 13:00:38,Delete Product:  Scenic Hotel BOI 
20361,2348610,2024-12-06 13:01:15,Delete Product: Scenic Hotel BOI
20362,2348610,2024-12-06 13:04:30,Add Product: Helicopter Ride with Snow Landing - 2
20363,2348610,2024-12-06 13:05:08,Delete Product: Helicopter Ride with Snow Landing 
20364,2348610,2024-12-06 13:06:34,Delete Product: Rydges Rotorua
20365,2348610,2024-12-06 22:52:02,Change Stage to Accepted - Groups
20366,2348610,2024-12-07 03:47:22,Add Product: Hotel Stay - Holiday inn Frankton or 
20367,2348610,2024-12-07 03:47:22,Add Product: Hotel Stay - Holiday inn Frankton or 
20368,2348610,2024-12-07 03:47:22,Add Product: Hotel Stay - Holiday inn Frankton or 
20369,2348610,2024-12-07 03:47:23,Add Product: Hotel Stay - Fable Hotel Christchurch
20370,2348610,2024-12-07 03:47:23,Add Product: Hotel Stay - Copthorne Hotel Bay of I
20371,2348610,2024-12-07 03:47:23,Add Product: Hotel Stay - Copthorne Hotel Bay of I
20372,2348610,2024-12-07 03:47:23,Add Product: Hotel Stay - Sudima Lake Rotorua or S
20373,2348610,2024-12-07 03:47:23,Add Product: Hotel Stay - Sudima Lake Rotorua or S
20374,2348610,2024-12-07 03:48:36,Delete Product:  Holiday Inn Remarkable Queenstown
20375,2348610,2024-12-07 03:49:43,Delete Product: Holiday Inn Remarkable Queenstown
20376,2348610,2024-12-07 03:50:31,Delete Product: Holiday Inn Remarkable Queenstown
20377,2348610,2024-12-07 03:52:11,Delete Product:  Fable Christchurch
20378,2348610,2024-12-07 03:53:21,Delete Product: Kingsgate Hotel Autolodge Paihia w
20379,2348610,2024-12-07 03:55:59,Delete Product: Kingsgate Hotel Autolodge Paihia w
20380,2348610,2024-12-07 03:56:52,Delete Product: Sudima Lake Rotorua Hotel with Bre
20381,2348610,2024-12-07 03:57:28,Delete Product: Sudima Lake Rotorua Hotel with Bre
20382,2348610,2024-12-11 22:33:44,Change Stage to Accepted - Groups
20383,2348610,2024-12-11 22:45:06,Add Product: FoC for TM
20384,2348610,2024-12-11 22:46:38,Change Stage to Accepted - Groups
20385,2348610,2024-12-11 22:48:12,Change Stage to Accepted - Groups
20386,2348610,2024-12-30 20:04:36,Change Stage to Accepted - Groups
20387,2348610,2024-12-30 22:56:35,Add Product: Dinner at Indian Restaurant 
20388,2348610,2024-12-30 22:56:35,Add Product: Lunch at Indian Restaurant 
20389,2348610,2024-12-30 22:56:35,Add Product: Dinner at Indian Restaurant
20390,2348610,2024-12-30 23:00:11,Add Product: Skyline Gondola & 3 Luge Rides Ticket
20391,2348610,2024-12-30 23:01:39,Delete Product: Orientation tour of Queenstown wit
20392,2348610,2024-12-30 23:25:49,Add Product: Dinner at Indian restaurant
20393,2348610,2024-12-30 23:28:47,Add Product: Lunch at Indian Restaurant
20394,2348610,2024-12-30 23:28:47,Add Product: Dinner at Indian Restaurant
20395,2348610,2024-12-30 23:28:47,Add Product: Lunch at Indian Restaurant
20396,2348610,2024-12-30 23:28:47,Add Product: Dinner at Indian Restaurant
20397,2348610,2024-12-30 23:33:36,Add Product: Lunch at Indian Restaurant or Packed 
20398,2348610,2024-12-30 23:33:36,Add Product: Dinner at Indian Restaurant
20399,2348610,2024-12-30 23:38:43,Add Product: Lunch at Indian Restaurant 
20400,2348610,2024-12-30 23:38:43,Add Product: Dinner at Indian Restaurant
20401,2348610,2024-12-30 23:38:43,Add Product: Lunch at Indian Restaurant
20402,2348610,2024-12-30 23:38:43,Add Product: Dinner at Indian Restaurant 
20403,2348610,2024-12-30 23:38:43,Add Product: Lunch at Indian Restaurant 
20404,2348610,2024-12-30 23:38:43,Add Product: Dinner at Indian Restaurant
20405,2348610,2024-12-30 23:43:05,Change Stage to Accepted - Groups
20406,2348610,2025-01-03 16:15:35,Change Stage to Accepted - Groups
20407,2348610,2025-01-09 20:08:34,Delete Product: Hotel Stay - Copthorne Hotel Bay o
20408,2348610,2025-01-09 20:16:31,Add Product: Transfer from Chrischurch Hotel to Ai
20409,2348610,2025-01-09 20:22:49,Delete Product: Full day tour to Cape Reinga Ninet
20410,2348610,2025-01-09 20:23:30,Delete Product: Lunch at Indian Restaurant or Pack
20411,2348610,2025-01-09 20:26:52,Delete Product: Dinner at Indian Restaurant
20412,2348610,2025-01-09 20:39:15,Delete Product: Transfer from Chrischurch Hotel to
20413,2348610,2025-01-09 20:40:35,Add Product: Transfer from Chrischurch Hotel to Ai
20414,2348610,2025-01-09 20:43:39,Delete Product: Drive to Paihia
20415,2348610,2025-01-09 20:45:53,Add Product: Pavlovich Coaches
20416,2348610,2025-01-16 22:32:55,Change Stage to Accepted - Groups
20417,2348610,2025-01-20 16:45:35,Change Stage to Accepted - Groups
20418,2348610,2025-01-21 15:54:58,Change Stage to Accepted - Groups
20500,2348611,2025-01-21 15:56:31,New Quote with Stage Created
20501,2348611,2025-01-21 15:59:46,Import CSV - Products
20502,2348611,2025-01-21 16:04:35,Add Product: Coach for 10 hrs
20503,2348611,2025-01-21 16:04:35,Add Product: Grand Chancellor with breakfast  or similar 
20504,2348611,2025-01-21 16:04:35,Add Product: Grand Chancellor with breakfast  or similar 
20505,2348611,2025-01-21 16:04:35,Add Product: City tour for 10 hours
20506,2348611,2025-01-21 16:04:35,Add Product: Grand Chancellor with breakfast  or similar 
20507,2348611,2025-01-21 16:09:57,Delete Product: Full Day Kangaroo Island Sip & See Day Tour Ex  Adelaide
20508,2348611,2025-01-21 16:14:18,Add Product: Coach for 12 hours 
20509,2348611,2025-01-21 16:19:20,Add Product: Drop at the airport
20510,2348611,2025-01-21 16:27:33,"Delete Product: Coach for 12 hours to Yarra Valley/Puffing Billy & Phillip Island
 (53-57 Pax)"
20659,2348618,2025-01-21 19:51:52,New Quote with Stage Created
20660,2348618,2025-01-21 19:55:31,Add Product: Arrive Christchurch - Transfer from Christchurch Airport to Christchruch Hotel
20661,2348618,2025-01-21 19:55:31,Add Product: Dinner at Indian Restaurant
20662,2348618,2025-01-21 19:55:31,Add Product: Hotel Stay - Distinction Hotel Christchurch or Similar 
20663,2348618,2025-01-21 20:04:33,Add Product: Coach for 11 Hrs - Admission to International Antarctic Centre
20664,2348618,2025-01-21 20:04:33,Add Product: General Admission to International Antarctic Centre
20665,2348618,2025-01-21 20:04:33,Add Product: Dinner at Indian restaurant
20666,2348618,2025-01-21 20:04:33,Add Product: Hotel Stay - Distinction Hotel Christchurch or Similar 
20667,2348618,2025-01-21 20:41:16,Add Product: Coach for 11 Hrs - Christchurch to Twizel Enroute Visit to lake Tekapo & Lake Pukaki
20668,2348618,2025-01-21 20:41:16,Add Product: Indian / Local Dinner 
20669,2348618,2025-01-21 20:41:16,Add Product: Hotel Stay - Distinction Mackenzie Country Hotel or Similar 
20670,2348618,2025-01-21 20:46:05,Add Product: Coach for 11 Hrs - Twizel to Queenstown
20671,2348618,2025-01-21 20:46:05,Add Product: Puzzling World | Entry Tickets - illusion Room+ The Great Maze
20672,2348618,2025-01-21 20:46:05,Add Product: Dinner at Indian restaurant
20673,2348618,2025-01-21 20:46:05,Add Product: Hotel Stay - Holiday inn Express and Suites Queenstown or Similar 
20674,2348618,2025-01-21 21:04:20,Add Product: Coach for 12 Hrs - Full Day Milford Sound Cruise 
20675,2348618,2025-01-21 21:04:20,Add Product: Gem of the Sound cruise + Picnic Lunch
20676,2348618,2025-01-21 21:04:20,Add Product: Dinner at Indian Restaurant
20677,2348618,2025-01-21 21:04:20,Add Product: Hotel Stay - Holiday inn Express and Suites Queenstown or Similar 
20678,2348618,2025-01-21 21:07:27,Add Product: Coach for 11 Hrs - Sky;ine Gondola + Shotover Jet 
20679,2348618,2025-01-21 21:07:27,Add Product: Skyline Queenstown - Gondola Ticket only
20680,2348618,2025-01-21 21:07:27,Add Product: Shotover Jet - 25 Minutes (Ticket)
20681,2348618,2025-01-21 21:07:27,Add Product: Dinner at Indian Restaurant 
20682,2348618,2025-01-21 21:07:27,Add Product: Hotel Stay - Holiday inn Express and Suites Queenstown or Similar 
20683,2348618,2025-01-21 21:13:07,Add Product: Depart Queenstown - Transfer from Queenstown Hotel to Queenstown Airport
20684,2348618,2025-01-21 21:13:08,Add Product: Arrive Auckland - Airport Transfer + Sky Tower 
20685,2348618,2025-01-21 21:13:08,Add Product: Sky Tower Observation Deck Ticket
20686,2348618,2025-01-21 21:13:08,Add Product: Dinner at Indian Restaurant
20687,2348618,2025-01-21 21:13:08,Add Product: Hotel Stay - Holiday Inn Express Auckland City Centre or similar 
20688,2348618,2025-01-21 21:17:56,Add Product: Coach for 11 Hrs - Auckland to Rotorua via Waitomo Glowwowm Caves 
20689,2348618,2025-01-21 21:17:56,Add Product: Waitomo GlowWorm Caves - Admission Ticket
20690,2348618,2025-01-21 21:17:56,Add Product: Dinner at Indian Restaurant
20691,2348618,2025-01-21 21:17:56,Add Product: Hotel Stay - Sudima lake rotorua or Similar 
20692,2348618,2025-01-21 21:18:45,Add Product: Depart Rotorua - Transfer from Rotorua Hotel to Auckland Airport 
20741,2348620,2025-01-21 21:55:47,New Quote with Stage Created
20742,2348620,2025-01-21 22:02:04,Import CSV - Products
20770,2348623,2025-01-21 22:39:39,New Quote with Stage Created
20771,2348623,2025-01-21 23:07:58,Import CSV - Products
20772,2348623,2025-01-21 23:14:07,Add Product: Melbourne Hotel to Airport Transfer(21-25 Pax)
20773,2348623,2025-01-21 23:14:07,Add Product: Brisbane Airport to Surfers Paradise Hotel - 24 Seater
20774,2348623,2025-01-21 23:14:53,Delete Product: Melbourne Hotel to Airport Transfer(21-25 Pax)
20775,2348623,2025-01-21 23:23:45,Add Product: Private Transfer from Hotel to Melbourne Airport - Upto 25 Seater
20776,2348623,2025-01-21 23:28:19,Add Product: Return Transfer to Sea World from Hotel 
20777,2348623,2025-01-21 23:36:13,Add Product: Cluster 4: 4 Attraction Pass (Only Tickets)
20790,2347082,2025-01-22 00:00:01,Change Stage to Auto Rejected Automatically
20811,2348626,2025-01-21 23:57:41,New Quote with Stage Created
20812,2348626,2025-01-21 23:59:31,Add Product: Arrive Auckland - Transfer from Auckland Airport to Auckland Hotel
20813,2348626,2025-01-21 23:59:31,Add Product: Indian Lunch 
20814,2348626,2025-01-21 23:59:31,Add Product: Indian Dinner 
20815,2348626,2025-01-21 23:59:31,Add Product: Hotel Stay - Holiday Inn Express Auckland City Centre or similar 
20816,2348626,2025-01-22 00:49:53,Add Product: Coach for 10 Hrs - Auckland City Tour ( NO GUIDE) + Sky Tower Observation Deck 
20817,2348626,2025-01-22 00:49:53,Add Product: Indian Lunch 
20818,2348626,2025-01-22 00:49:53,Add Product: Sky Tower Observation Deck Ticket
20819,2348626,2025-01-22 00:49:53,Add Product: Indian DInner
20820,2348626,2025-01-22 00:49:53,Add Product: Hotel Stay - Holiday Inn Express Auckland City Centre or similar 
20821,2348626,2025-01-22 00:52:19,Add Product: Coach for 12 Hrs - Auckland to Rotorua via Waitomo
20822,2348626,2025-01-22 00:52:19,Add Product: Waitomo GlowWorm Caves - Admission Ticket
20823,2348626,2025-01-22 00:52:19,Add Product: Lunch at Roseland 
20824,2348626,2025-01-22 00:52:19,Add Product: Indian Dinner 
20825,2348626,2025-01-22 00:52:19,Add Product: Hotel Stay - Sudima lake Rotorua or Similar 
20826,2348626,2025-01-22 00:56:03,Add Product: Coach for 12 Hrs - Hobbiton Movie Set Tour + Te puia from Rotorua 
20827,2348626,2025-01-22 00:56:03,Add Product: Hobbiton Movie Set Tour - Admission Ticket
20828,2348626,2025-01-22 00:56:03,Add Product: Indian / Local Lunch 
20829,2348626,2025-01-22 00:56:03,Add Product: Te Ra Guided Experience Ticket
20830,2348626,2025-01-22 00:56:03,Add Product: Indian Dinner 
20831,2348626,2025-01-22 00:56:03,Add Product: Depart Rotorua - Transfer from Rotorua Hotel to Auckland  / Rotorua Airport 
20887,2348628,2025-01-22 10:29:57,New Quote with Stage Created
20888,2348628,2025-01-22 10:32:46,Add Product: Melbourne Airport to Hotel Transfer 2*Buses
20889,2348628,2025-01-22 10:36:43,Add Product: Coach for 10 hours - Hotel - University - Hotel
20890,2348628,2025-01-22 10:37:39,Add Product: Coach for 10 hours - Hotel - University - Hotel 
20891,2348628,2025-01-22 10:38:59,Add Product: Coach for 10 hours - Hotel - University - Hotel 
20892,2348628,2025-01-22 10:40:42,Add Product: Coach for 12 hours Great ocean road
20893,2348628,2025-01-22 11:36:41,Add Product: Coach for 12 hours Mount Buller
20894,2348628,2025-01-22 11:37:50,Add Product: Coach for 6 hours Half day City tour
20895,2348628,2025-01-22 11:39:28,Add Product: Hotel to Airport Transfer
20896,2348628,2025-01-22 11:40:57,Add Product: Asian/Western/Chinese 2 course dinner
20897,2348628,2025-01-22 11:41:31,Add Product: Asian/Western/Chinese 2 course lunch
20898,2348628,2025-01-22 11:41:57,Add Product: Asian/Western/Chinese 2 course dinner
20899,2348628,2025-01-22 11:42:33,Add Product: Asian/Western/Chinese 2 course lunch
20900,2348628,2025-01-22 11:43:04,Add Product: Asian/Western/Chinese 2 course dinner
20901,2348628,2025-01-22 11:43:31,Add Product: Asian/Western/Chinese 2 course lunch
20902,2348628,2025-01-22 11:44:04,Add Product: Asian/Western/Chinese 2 course dinner
20903,2348628,2025-01-22 11:44:46,Add Product: Lunch at George's Food Court
20904,2348628,2025-01-22 11:45:47,Add Product: Asian/Western/Chinese 2 course dinner
20905,2348628,2025-01-22 11:46:14,Add Product: Asian/Western/Chinese 2 course lunch
20906,2348628,2025-01-22 11:46:47,Add Product: Asian/Western/Chinese 2 course dinner
20918,2349322,2025-01-22 15:33:45,New Quote with Stage Created
20959,2348901,2025-01-22 19:06:28,Bulk Change Stage to Rejected
20961,2349100,2025-01-22 19:16:01,Bulk Change Stage to Rejected
20965,2348767,2025-01-22 19:28:10,Bulk Change Stage to Rejected
20967,2348903,2025-01-22 19:40:11,Bulk Change Stage to Rejected
20968,2348903,2025-01-22 19:40:15,Bulk Change Stage to Rejected
20970,2348803,2025-01-22 19:57:52,Bulk Change Stage to Rejected
20971,2349122,2025-01-22 20:00:24,Bulk Change Stage to Rejected
20973,2349107,2025-01-22 20:02:12,Bulk Change Stage to Rejected
20987,2348757,2025-01-22 21:10:32,Bulk Change Stage to Rejected
20992,2348948,2025-01-22 21:22:11,Bulk Change Stage to Rejected
21002,2348673,2025-01-22 21:40:26,Bulk Change Stage to Rejected
21004,2348716,2025-01-22 21:43:24,Bulk Change Stage to Requote
21008,2349096,2025-01-22 22:03:36,Bulk Change Stage to Rejected
21009,2348972,2025-01-22 22:07:51,Bulk Change Stage to Rejected
21047,2349314,2025-01-22 22:13:16,Bulk Change Stage to Created
21054,2349314,2025-01-22 22:15:10,Bulk Change Stage to Created
21062,2349156,2025-01-22 22:22:14,Bulk Change Stage to Rejected
21067,2349023,2025-01-22 22:31:14,Bulk Change Stage to Rejected
21071,2349215,2025-01-22 22:35:26,Bulk Change Stage to Rejected
21132,2349332,2024-10-13 21:17:09,Accepted - Groups
21133,2349332,2025-01-22 22:18:41,Add Product: Arrive Auckland - Transfer from Auckland Airport to Auckland Hotel
21134,2349332,2025-01-22 22:18:41,Add Product: Dinner at local Indian Restaurant - By Walk
21135,2349332,2025-01-22 22:18:41,Add Product: Hotel Stay - Holiday Inn Express Auckland City Centre or similar 
21136,2349332,2025-01-22 22:22:09,Add Product: Coach for 10 Hrs - Sky Tower Observation Deck  
21137,2349332,2025-01-22 22:22:09,Add Product: Sky Tower Observation Deck Ticket
21138,2349332,2025-01-22 22:22:09,Add Product: Dinner at local Indian Restaurant
21139,2349332,2025-01-22 22:22:09,Add Product: Hotel Stay - Holiday Inn Express Auckland City Centre or similar 
21140,2349332,2025-01-22 22:25:02,Add Product: Coach for 10 Hrs - Auckland To Rotorua via Hobbiton
21141,2349332,2025-01-22 22:25:02,Add Product: Hobbiton - Tour and Lunch Combo rates
21142,2349332,2025-01-22 22:25:02,Add Product: Dinner at local Indian Restaurant
21143,2349332,2025-01-22 22:25:02,Add Product: Hotel Stay - Arawa Park  Hotel Rotorua
21144,2349332,2025-01-22 22:33:39,Add Product: Te puia combo from Rotorua
21145,2349332,2025-01-22 22:33:39,Add Product: Te Pō (Indigenous Evening Experience)
21146,2349332,2025-01-22 22:33:39,Add Product: Hotel Stay - Arawa Park  Hotel Rotorua 
21147,2349332,2025-01-22 22:35:55,Add Product: Depart Rotorua - Transfer from Rotorua Hotel to Auckland Airport 
21148,2349332,2025-01-22 22:35:55,Add Product: Arrive Queenstown - Transfer from Queenstown Airport to Queenstown Hotel
21149,2349332,2025-01-22 22:35:55,Add Product: Dinner at local Indian Restaurant
21150,2349332,2025-01-22 22:35:55,Add Product: Hotel Stay - Holiday inn Queenstown Remarkable Park
21151,2349332,2025-01-22 22:38:20,Add Product: Coach for 12 Hrs - Full Day Milford Sound Cruise 
21152,2349332,2025-01-22 22:38:20,Add Product: Milford Sound Nature Cruise Ticket & Lunch (No Transfers)
21153,2349332,2025-01-22 22:38:20,Add Product: Dinner at local Indian Restaurant
21154,2349332,2025-01-22 22:38:20,Add Product: Hotel Stay - Holiday inn Queenstown Remarkable Park 
21155,2349332,2025-01-22 22:44:25,Add Product: Coach for 10 Hrs - Skyline gondola Ride 
21156,2349332,2025-01-22 22:44:25,Add Product: Skyline Queenstown - Gondola Ticket only
21157,2349332,2025-01-22 22:44:25,Add Product: Dinner at local Indian Restaurant
21158,2349332,2025-01-22 22:44:25,Add Product: Hotel Stay - Holiday inn Queenstown remarkable park or Similar 
21159,2349332,2025-01-22 22:48:32,Add Product: Coach for 12 Hrs - Queenstown to Christchurch Via Mount Cook 
21160,2349332,2025-01-22 22:48:32,Add Product: Dinner at local Indian Restaurant
21161,2349332,2025-01-22 22:48:32,Add Product: Hotel Stay - Fable Christchurch or Similar 
21162,2349332,2025-01-22 22:52:12,Add Product: Christchurch Tram Tour from Christchurch 
21163,2349332,2025-01-22 22:52:12,Add Product: Christchurch Attraction -  Tram City Tour
21164,2349332,2025-01-22 22:52:12,Add Product: Dinner at local Indian Restaurant
21165,2349332,2025-01-22 22:52:12,Add Product: Hotel Stay - Fable Christchurch or Similar 
21166,2349332,2025-01-22 22:52:12,Add Product: Depart Christchurch - Transfer from Christchurch Hotel to Christchrch Airport 
21314,2347882,2025-01-23 00:00:02,Change Stage to Auto Rejected Automatically
21315,2349056,2025-01-23 00:00:02,Change Stage to On Ground - Changes (Ops) Automatically
21368,2349336,2024-11-16 15:50:08,Created
21369,2349336,2024-12-05 15:59:54,Add Product: Arrive Melbourne (Tullamarine Airport
21370,2349336,2024-12-05 16:10:23,Add Product: Return Dinner Transfers 
21371,2349336,2024-12-05 16:10:23,Add Product: Chilli India Restaurant - Dinner
21372,2349336,2024-12-05 16:10:23,Add Product: Mercure Melbourne Southbank
21373,2349336,2024-12-05 16:13:10,Add Product: 12 Hours Coach - Full Day Great Ocean
21374,2349336,2024-12-05 16:13:11,Add Product: Gaylord Indian Restaurant - Dinner
21375,2349336,2024-12-05 16:13:11,Add Product: Mercure Melbourne Southbank
21376,2349336,2024-12-05 16:16:18,Add Product: Driver Commentary
21377,2349336,2024-12-05 16:21:17,Add Product: 12 Hours Coach - Tour of Melbourne - 
21378,2349336,2024-12-05 16:21:17,Add Product: Driver Commentary  for City Tour
21379,2349336,2024-12-05 16:21:17,Add Product: Melbourne Cricket Ground - MCG Tour (
21380,2349336,2024-12-05 16:21:17,Add Product: Penguin Parade - Standard Viewing Ent
21381,2349336,2024-12-05 16:21:17,Add Product: Early Dinner at Philip Island
21382,2349336,2024-12-05 16:21:17,Add Product: Mercure Melbourne Southbank
21383,2349336,2024-12-05 16:24:20,Add Product: Departure Transfer - CBD Hotel to Mel
21384,2349336,2024-12-05 16:24:20,Add Product: Brisbane Airport to Gold Coast Surfer
21385,2349336,2024-12-05 16:24:20,Add Product: Dinner @ Tandoori Place Gold Coast
21386,2349336,2024-12-05 16:26:30,Add Product: Vibe Hotel Gold Coast with Breakfast
21387,2349336,2024-12-05 16:41:43,Add Product: Return Transfer to Movie World
21388,2349336,2024-12-05 16:41:43,Add Product: Citadines on Bourke Melbourne with Br
21389,2349336,2024-12-05 16:41:43,Add Product: Citadines on Bourke Melbourne with Br
21390,2349336,2024-12-05 16:41:43,Add Product: Citadines on Bourke Melbourne with Br
21391,2349336,2025-01-22 23:38:47,Delete Product: Arrive Melbourne (Tullamarine Airport)
21392,2349336,2025-01-22 23:38:49,Delete Product: Chilli India Restaurant - Dinner
21393,2349336,2025-01-22 23:38:50,Delete Product: Citadines on Bourke Melbourne with Breakfast
21394,2349336,2025-01-22 23:38:52,Delete Product: Mercure Melbourne Southbank
21395,2349336,2025-01-22 23:38:53,Delete Product: Driver Commentary
21396,2349336,2025-01-22 23:38:55,Delete Product: Return Dinner Transfers 
21397,2349336,2025-01-22 23:38:56,Delete Product: Mercure Melbourne Southbank
21398,2349336,2025-01-22 23:38:57,Delete Product: 12 Hours Coach - Tour of Melbourne - Afternoon Proceed for Philip Island Tour
21399,2349336,2025-01-22 23:38:59,Delete Product: Gaylord Indian Restaurant - Dinner
21400,2349336,2025-01-22 23:39:00,Delete Product: 12 Hours Coach - Full Day Great Ocean Road Tour 
21401,2349336,2025-01-22 23:39:01,Delete Product: Mercure Melbourne Southbank
21402,2349336,2025-01-22 23:39:03,Delete Product: Penguin Parade - Standard Viewing Entry Ticket
21403,2349336,2025-01-22 23:39:04,Delete Product: Driver Commentary  for City Tour
21404,2349336,2025-01-22 23:39:05,Delete Product: Departure Transfer - CBD Hotel to Melbourne Tullamarine Airport
21405,2349336,2025-01-22 23:39:06,Delete Product: Brisbane Airport to Gold Coast Surfers Hotel Transfer
21406,2349336,2025-01-22 23:39:08,Delete Product: Dinner @ Tandoori Place Gold Coast
21407,2349336,2025-01-22 23:39:09,Delete Product: Citadines on Bourke Melbourne with Breakfast
21408,2349336,2025-01-22 23:39:10,Delete Product: Melbourne Cricket Ground - MCG Tour (Ticket)
21409,2349336,2025-01-22 23:39:16,Delete Product: Vibe Hotel Gold Coast with Breakfast
21410,2349336,2025-01-22 23:39:17,Delete Product: Return Transfer to Movie World
21411,2349336,2025-01-22 23:39:18,Delete Product: Early Dinner at Philip Island
21412,2349336,2025-01-22 23:39:22,Delete Product: Early Dinner at Philip Island
21413,2349336,2025-01-22 23:39:23,Delete Product: Vibe Hotel Gold Coast with Breakfast
21414,2349336,2025-01-22 23:39:24,Delete Product: Return Transfer to Movie World
21415,2349336,2025-01-22 23:39:25,Delete Product: Citadines on Bourke Melbourne with Breakfast
21416,2349336,2025-01-22 23:46:30,Add Product: Arrive Melbourne (Tullamarine Airport)
21417,2349336,2025-01-22 23:46:30,Add Product: Indian Dinner by Walk
21418,2349336,2025-01-22 23:46:30,Add Product: Hotel Stay - Oaks On Market Melbourne or Similar 
21419,2349336,2025-01-22 23:54:49,Add Product: Coach for 12 Hrs - Full Day Great Ocean Road 
21420,2349336,2025-01-22 23:54:49,Add Product: Driver with Commentary
21421,2349336,2025-01-22 23:54:49,Add Product: Indian Dinner 
21422,2349336,2025-01-22 23:54:49,Add Product: Hotel Stay - Oaks On Market Melbourne or Similar 
21423,2349336,2025-01-22 23:59:03,Add Product: Coach for 12 Hrs - Orientation Tour of Melbourne + Phillip Island
21424,2349336,2025-01-22 23:59:03,Add Product: Melbourne Cricket Ground - MCG Tour (Ticket)
21425,2349336,2025-01-22 23:59:03,Add Product: Penguin Parade - Standard Viewing Entry Ticket
21426,2349336,2025-01-22 23:59:03,Add Product: Early Dinner at Philip Island
21427,2349336,2025-01-22 23:59:03,Add Product: Hotel Stay - Oaks On Market Melbourne or Similar 
21428,2349336,2025-01-23 00:48:51,Add Product: Depart Melbourne - Transfer from Melbourne Hotel to Melbourne Airport 
21429,2349336,2025-01-23 00:48:51,Add Product: Arrive Brisbane - Transfer from Brisbane Airport to Gold Coast Hotel 
21430,2349336,2025-01-23 00:48:51,Add Product: Indian Dinner (By walk)
21431,2349336,2025-01-23 00:48:51,Add Product: Hotel Stay - Vibe Hotel Gold Coast or Similar 
21432,2349336,2025-01-23 01:03:14,Add Product: Return Transfer to Movie World
21433,2349336,2025-01-23 01:03:14,Add Product: Best Of Both Worlds (Movie World + Sea World Tickets)
21434,2349336,2025-01-23 01:03:14,Add Product: One Day Admission Ticket to SkyPoint Observation Deck
21435,2349336,2025-01-23 01:03:14,Add Product: Indian Dinner (By walk)
21436,2349336,2025-01-23 01:03:14,Add Product: Hotel Stay - Vibe Hotel Gold Coast or Similar 
21437,2349336,2025-01-23 01:05:21,Add Product: Return Transfer to Sea World
21438,2349336,2025-01-23 01:05:21,Add Product: Sea World Admission (Ticket)
21439,2349336,2025-01-23 01:05:22,Add Product: Indian Dinner (By walk)
21440,2349336,2025-01-23 01:05:22,Add Product: Hotel Stay - Vibe Hotel Gold Coast or Similar 
21441,2349336,2025-01-23 01:08:44,Add Product: Depart Gold Coast - Transfer from Gold Coast Hotel to Brisbane / Gold Coast Airport 
21442,2349336,2025-01-23 01:08:44,Add Product: Arrive Cairns - Transfer from Cairns Airport to Cairns Hotel 
21443,2349336,2025-01-23 01:08:44,Add Product: Indian Dinner (By walk)
21444,2349336,2025-01-23 01:08:44,Add Product: Hotel Stay - Harbourside Cairns Hotel or Similar 
21445,2349336,2025-01-23 01:11:41,Add Product: SUNLOVER - FITZROY ISLAND FULL DAY PACKAGE - INCLUDING SNORKELING EQUIPMENT & GLASS BOTTOM BOAT
21446,2349336,2025-01-23 01:11:42,Add Product: Return Reef Terminal Transfer on PVT
21447,2349336,2025-01-23 01:11:42,Add Product: Indian Dinner (By walk)
21448,2349336,2025-01-23 01:11:42,Add Product: Hotel Stay - Harbourside Cairns Hotel or Similar 
21449,2349336,2025-01-23 01:14:34,Add Product: Depart Cairns - Transfer from Cairns Hotel to Cairns Airport
21450,2349336,2025-01-23 01:14:34,Add Product: Arrive Sydney - Transfer from Sydney Airport to Sydney Hotel 
21451,2349336,2025-01-23 01:14:34,Add Product: Indian Dinner (By walk)
21452,2349336,2025-01-23 01:14:34,Add Product: Hotel Stay - Holiday Inn Potts Point or Similar 
21453,2349336,2025-01-23 01:17:40,Add Product: Coach for 08 Hrs - Orientation Tour of Sydney + Merlin 4 Pass
21454,2349336,2025-01-23 01:17:40,Add Product: Driver commentary for City Tour
21455,2349336,2025-01-23 01:17:40,Add Product: Cluster 4: 4 Attraction Pass (Only Tickets)
21456,2349336,2025-01-23 01:17:40,Add Product: Indian Dinner (By walk)
21457,2349336,2025-01-23 01:17:40,Add Product: Hotel Stay - Holiday Inn Potts Point or Similar 
21458,2349336,2025-01-23 01:22:39,Add Product: Coach for 10 Hrs - Full Day Blue Mountain Tour
21459,2349336,2025-01-23 01:22:39,Add Product: Scenic World - Ultimate Discovery Pass Entry Ticket
21460,2349336,2025-01-23 01:22:39,Add Product: Indian Dinner (By walk)
21461,2349336,2025-01-23 01:22:39,Add Product: Hotel Stay - Holiday Inn Potts Point or Similar 
21462,2349336,2025-01-23 01:22:39,Add Product: Depart Sydney - Transfer from Sydney Hotel to Sydney Airport 
21463,2349336,2025-01-23 01:23:34,Delete Product: Depart Sydney - Transfer from Sydney Hotel to Sydney Airport 
21464,2349336,2025-01-23 01:24:17,Add Product: Depart Sydney - Transfer from Sydney Hotel to Sydney Airport 
21465,2349336,2025-01-23 01:35:26,Add Product: Return Transfer to Sea World
21466,2349336,2025-01-23 01:36:48,Delete Product: Return Transfer to Sea World
21497,2348633,2025-01-23 10:53:17,Change Stage to Created
21498,2348646,2025-01-23 10:57:23,Change Stage to Created
21499,2348652,2025-01-23 10:57:45,Change Stage to Created
21508,2349338,2025-01-23 11:06:08,New Quote with Stage Created
21509,2349338,2025-01-23 11:06:18,Change Stage to Created
21510,2349338,2025-01-23 11:41:20,Import CSV - Products
21511,2349338,2025-01-23 11:49:09,Add Product: Asian/Western/Chinese 2 course dinner
21512,2349338,2025-01-23 11:50:25,Add Product: Asian/Western/Chinese 2 course dinner
21513,2349338,2025-01-23 11:50:55,Add Product: Asian/Western/Chinese 2 course lunch
21514,2349338,2025-01-23 11:51:19,Add Product: Asian/Western/Chinese 2 course dinner
21523,2349039,2025-01-23 14:23:41,Import CSV - Products
21524,2349039,2025-01-23 14:25:31,Change Stage to Accepted - Pre QA Start Bookings
21529,2349204,2025-01-23 14:56:22,Import CSV - Products
21567,2349075,2025-01-23 16:06:48,Import CSV - Products
21568,2349075,2025-01-23 16:06:55,Import CSV - Products
21570,2348683,2025-01-23 16:29:04,Import CSV - Products
21715,2347247,2025-01-24 00:00:02,Change Stage to Auto Rejected Automatically
21716,2347717,2025-01-24 00:00:02,Change Stage to Auto Rejected Automatically
21717,2348912,2025-01-24 00:00:02,Change Stage to Auto Rejected Automatically
21718,2349149,2025-01-24 00:00:02,Change Stage to Auto Rejected Automatically
21719,2348746,2025-01-24 00:00:02,Change Stage to On Ground - Changes (Ops) Automatically
21720,2349282,2025-01-24 00:00:02,Change Stage to On Ground - Changes (Ops) Automatically
21834,2348684,2025-01-24 15:13:26,Import CSV - Products
21897,2348871,2025-01-24 17:36:32,Import CSV - Products
21899,2348871,2025-01-24 17:43:56,Delete Product: Sunlover - Moore Reef Full Day Tour with Transfers -  EX - CAIRNS CITY
21910,2348871,2025-01-24 17:47:38,Delete Product: City Tour  (12 Hours) - Van (Upto 06 Pax)
21913,2348871,2025-01-24 17:47:42,Delete Product: City Tour (06 Hours) - Van (Upto 06 Pax)
21915,2348871,2025-01-24 17:48:09,Delete Product: City Tour (10 Hours) - Van (Upto 06 Pax)
21919,2348871,2025-01-24 17:57:33,Change Stage to Requote
21920,2348871,2025-01-24 17:59:14,Delete Product: SHOWBOAT DINNER CRUISE WITH INDIAN SET MENU & SHOW (STANDARD SEATING)
21923,2348639,2025-01-24 18:04:51,Change Stage to Rejected
21924,2348639,2025-01-24 18:04:54,Change Stage to Rejected
21930,2349115,2025-01-24 18:09:26,Change Stage to Rejected
21943,2348871,2025-01-24 18:27:26,Delete Product: Private Return Transfer from Gold Coast Hotel to Movie World / Wet n Wild (Upto 04 PAX)
21944,2349126,2025-01-24 18:28:00,Change Stage to Rejected
21949,2348909,2025-01-24 18:35:54,Change Stage to Rejected
21950,2348871,2025-01-24 18:36:37,Delete Product: Private Return Transfer from Gold Coast Hotel to Sea World | Upto 04 PAX |
21959,2348665,2025-01-24 18:43:35,Change Stage to Rejected
21960,2348871,2025-01-24 18:49:48,Delete Product: Private Transfer from Melbourne Airport to Melbourne CBD Hotel - Van (Upto 06 Pax)
21961,2348792,2025-01-24 19:00:28,Import CSV - Products
21966,2349074,2025-01-24 19:10:45,Change Stage to Rejected
21975,2349036,2025-01-24 19:18:51,Change Stage to Rejected
21976,2349036,2025-01-24 19:20:12,Change Stage to Rejected
21977,2349073,2025-01-24 19:20:56,Change Stage to Rejected
21979,2348816,2025-01-24 19:25:40,Change Stage to Rejected
22001,2348653,2025-01-24 19:45:35,Change Stage to Created
22003,2349267,2025-01-24 19:51:28,Change Stage to Created
22004,2349267,2025-01-24 19:54:48,Change Stage to Created
22016,2348731,2025-01-24 20:22:17,Change Stage to Created
22017,2348648,2025-01-24 20:27:33,Change Stage to Rejected
22022,2348646,2025-01-24 20:42:47,Change Stage to Rejected
22042,2349193,2025-01-24 20:47:17,Change Stage to Rejected
22052,2348664,2025-01-24 21:06:14,Change Stage to Created
22053,2349314,2025-01-24 21:08:56,Change Stage to Created
22054,2348664,2025-01-24 21:10:46,Change Stage to Rejected
22055,2348664,2025-01-24 21:10:54,Change Stage to Rejected
22064,2349013,2025-01-24 21:41:46,Change Stage to Created
22065,2348840,2025-01-24 21:45:26,Import CSV - Products
22075,2348780,2025-01-24 22:14:12,Change Stage to Created
22078,2348993,2025-01-24 22:36:38,Change Stage to Rejected
22079,2349027,2025-01-24 22:41:21,Change Stage to Rejected
22080,2349027,2025-01-24 22:41:23,Change Stage to Rejected
22082,2348964,2025-01-24 22:47:08,Change Stage to Created
22088,2349279,2025-01-24 23:07:54,Change Stage to Rejected
22090,2348956,2025-01-24 23:14:10,Change Stage to Rejected
22095,2349212,2025-01-24 23:23:31,Change Stage to Created
22100,2348635,2025-01-24 23:31:53,Bulk Change Stage to Created
22101,2348638,2025-01-24 23:31:53,Bulk Change Stage to Created
22104,2348949,2025-01-24 23:31:53,Bulk Change Stage to Created
22105,2348653,2025-01-24 23:31:53,Bulk Change Stage to Created
22106,2349267,2025-01-24 23:31:53,Bulk Change Stage to Created
22107,2348716,2025-01-24 23:31:53,Bulk Change Stage to Created
22108,2348944,2025-01-24 23:31:53,Bulk Change Stage to Created
22110,2349314,2025-01-24 23:31:53,Bulk Change Stage to Created
22111,2349012,2025-01-24 23:31:53,Bulk Change Stage to Created
22112,2349013,2025-01-24 23:31:53,Bulk Change Stage to Created
22113,2348680,2025-01-24 23:31:53,Bulk Change Stage to Created
22116,2349154,2025-01-24 23:31:53,Bulk Change Stage to Created
22117,2349210,2025-01-24 23:31:53,Bulk Change Stage to Created
22119,2349308,2025-01-24 23:31:53,Bulk Change Stage to Created
22120,2349281,2025-01-24 23:31:53,Bulk Change Stage to Created
22121,2348836,2025-01-24 23:31:53,Bulk Change Stage to Created
22123,2348964,2025-01-24 23:31:53,Bulk Change Stage to Created
22125,2349212,2025-01-24 23:31:53,Bulk Change Stage to Created
22128,2348900,2025-01-25 00:00:02,Change Stage to Auto Rejected Automatically
22131,2349309,2025-01-25 00:12:50,Bulk Change Stage to Rejected
22132,2349284,2025-01-25 00:12:50,Bulk Change Stage to Rejected
22133,2349257,2025-01-25 00:12:50,Bulk Change Stage to Rejected
22134,2349256,2025-01-25 00:12:50,Bulk Change Stage to Rejected
22135,2349179,2025-01-25 00:12:50,Bulk Change Stage to Rejected
22136,2349146,2025-01-25 00:12:50,Bulk Change Stage to Rejected
22137,2349150,2025-01-25 00:12:50,Bulk Change Stage to Rejected
22138,2349143,2025-01-25 00:12:50,Bulk Change Stage to Rejected
22139,2349158,2025-01-25 00:12:50,Bulk Change Stage to Rejected
22140,2349161,2025-01-25 00:12:50,Bulk Change Stage to Rejected
22141,2349170,2025-01-25 00:12:50,Bulk Change Stage to Rejected
22142,2349211,2025-01-25 00:12:50,Bulk Change Stage to Rejected
22143,2349254,2025-01-25 00:12:50,Bulk Change Stage to Rejected
22145,2349217,2025-01-25 00:12:50,Bulk Change Stage to Rejected
22146,2349255,2025-01-25 00:12:50,Bulk Change Stage to Rejected
22172,2349105,2025-01-25 00:33:15,Import CSV - Products
22213,2348907,2025-01-25 18:24:03,Change Stage to Rejected
22214,2348772,2025-01-25 18:24:22,Change Stage to Rejected
22230,2349047,2025-01-25 19:37:18,Change Stage to Rejected
22244,2349055,2025-01-25 20:06:10,Change Stage to Rejected
22249,2349038,2025-01-25 20:26:33,Change Stage to Created
22250,2348942,2025-01-25 20:27:54,Change Stage to Rejected
22253,2348937,2025-01-25 20:34:12,Change Stage to Rejected
22254,2348869,2025-01-25 20:48:12,Change Stage to Rejected
22255,2348842,2025-01-25 20:58:21,Change Stage to Rejected
22258,2348817,2025-01-25 21:05:57,Change Stage to Rejected
22259,2349160,2025-01-25 21:12:29,Change Stage to Rejected
22260,2348858,2025-01-25 21:19:39,Change Stage to Rejected
22283,2349172,2025-01-25 21:55:29,Change Stage to Rejected
22285,2349249,2025-01-25 22:09:09,Change Stage to Rejected
22286,2349247,2025-01-25 22:09:31,Bulk Change Stage to Rejected
22300,2349296,2025-01-25 22:39:58,Bulk Change Stage to Rejected
22301,2349295,2025-01-25 22:39:58,Bulk Change Stage to Rejected
22302,2349292,2025-01-25 22:39:58,Bulk Change Stage to Rejected
22303,2349222,2025-01-25 22:39:58,Bulk Change Stage to Rejected
22304,2349109,2025-01-25 22:39:58,Bulk Change Stage to Rejected
22305,2349136,2025-01-25 22:39:58,Bulk Change Stage to Rejected
22306,2349132,2025-01-25 22:39:58,Bulk Change Stage to Rejected
22307,2348953,2025-01-25 22:39:58,Bulk Change Stage to Rejected
22308,2349104,2025-01-25 22:39:58,Bulk Change Stage to Rejected
22309,2349060,2025-01-25 23:02:29,Change Stage to Rejected
22310,2348929,2025-01-25 23:04:43,Bulk Change Stage to Rejected
22315,2348819,2025-01-25 23:12:11,Change Stage to Rejected
22316,2348859,2025-01-25 23:13:23,Change Stage to Rejected
22320,2349272,2025-01-26 00:00:01,Change Stage to Auto Rejected Automatically
22321,2347271,2025-01-26 00:00:01,Change Stage to Auto Rejected Automatically
22322,2347440,2025-01-26 00:00:01,Change Stage to Auto Rejected Automatically
22323,2347578,2025-01-26 00:00:01,Change Stage to Auto Rejected Automatically
22324,2347604,2025-01-26 00:00:01,Change Stage to Auto Rejected Automatically
22325,2347779,2025-01-26 00:00:01,Change Stage to Auto Rejected Automatically
22326,2348645,2025-01-26 00:00:01,Change Stage to Auto Rejected Automatically
22327,2348731,2025-01-26 00:00:01,Change Stage to Auto Rejected Automatically
22328,2348777,2025-01-26 00:00:01,Change Stage to Auto Rejected Automatically
22329,2348890,2025-01-26 00:00:01,Change Stage to Auto Rejected Automatically
22370,2348678,2025-01-26 06:48:28,Change Stage to Rejected After Confirmation
22376,2348857,2025-01-26 21:44:53,Import CSV - Products
22377,2348785,2025-01-26 22:04:42,Import CSV - Products
22379,2347426,2025-01-27 00:00:02,Change Stage to Auto Rejected Automatically
22380,2348699,2025-01-27 00:00:02,Change Stage to Auto Rejected Automatically
22458,2348635,2025-01-27 16:03:04,Change Stage to Created
22459,2348638,2025-01-27 16:03:22,Change Stage to Created
22462,2348949,2025-01-27 16:04:20,Change Stage to Created
22463,2348653,2025-01-27 16:04:35,Change Stage to Created
22464,2349267,2025-01-27 16:04:51,Change Stage to Created
22465,2348716,2025-01-27 16:05:09,Change Stage to Created
22466,2348944,2025-01-27 16:05:23,Change Stage to Created
22468,2349314,2025-01-27 16:06:06,Change Stage to Created
22469,2349314,2025-01-27 16:06:06,Change Stage to Created
22470,2349012,2025-01-27 16:06:17,Change Stage to Created
22471,2349013,2025-01-27 16:06:28,Change Stage to Created
22472,2348680,2025-01-27 16:06:42,Change Stage to Created
22475,2349154,2025-01-27 16:07:31,Change Stage to Created
22476,2349210,2025-01-27 16:07:41,Change Stage to Created
22478,2349308,2025-01-27 16:08:04,Change Stage to Created
22480,2349212,2025-01-27 16:08:24,Change Stage to Created
22482,2349281,2025-01-27 16:09:09,Change Stage to Created
22483,2348836,2025-01-27 16:09:31,Change Stage to Created
22484,2348964,2025-01-27 16:09:52,Change Stage to Created
22488,2348769,2025-01-27 16:52:05,Change Stage to Created
22489,2348766,2025-01-27 16:53:16,Change Stage to Created
22490,2349166,2025-01-27 16:55:34,Change Stage to Created
22491,2348947,2025-01-27 16:59:19,Change Stage to Requote
22492,2348870,2025-01-27 17:00:11,Change Stage to Created
22495,2349212,2025-01-27 17:05:56,Change Stage to Created
22497,2348964,2025-01-27 17:06:13,Change Stage to Created
22498,2348836,2025-01-27 17:06:21,Change Stage to Created
22499,2349281,2025-01-27 17:06:30,Change Stage to Created
22505,2349308,2025-01-27 17:07:17,Change Stage to Created
22506,2349210,2025-01-27 17:07:40,Change Stage to Created
22507,2349154,2025-01-27 17:07:54,Change Stage to Created
22509,2348635,2025-01-27 17:09:14,Change Stage to Created
22510,2348638,2025-01-27 17:09:28,Change Stage to Created
22512,2348680,2025-01-27 17:10:37,Change Stage to Created
22513,2349013,2025-01-27 17:11:42,Change Stage to Created
22514,2349012,2025-01-27 17:11:57,Change Stage to Created
22515,2349314,2025-01-27 17:12:14,Change Stage to Created
22517,2348944,2025-01-27 17:13:01,Change Stage to Created
22518,2348716,2025-01-27 17:13:22,Change Stage to Created
22519,2349267,2025-01-27 17:13:35,Change Stage to Created
22520,2348653,2025-01-27 17:13:57,Change Stage to Created
22521,2348949,2025-01-27 17:14:25,Change Stage to Created
22523,2349260,2025-01-27 17:19:01,Change Stage to Created
22526,2349032,2025-01-27 17:24:27,Change Stage to Created
22528,2349070,2025-01-27 17:26:10,Change Stage to Created
22529,2349213,2025-01-27 17:26:14,Change Stage to Created
22532,2349070,2025-01-27 17:32:47,Change Stage to Created
22533,2349025,2025-01-27 17:34:09,Change Stage to Created
22534,2349025,2025-01-27 17:34:47,Change Stage to Created
22535,2348711,2025-01-27 17:35:30,Change Stage to Created
22536,2348773,2025-01-27 17:36:02,Change Stage to Created
22537,2349232,2025-01-27 17:36:31,Change Stage to Created
22538,2349260,2025-01-27 17:37:10,Change Stage to Created
22539,2349213,2025-01-27 17:37:36,Change Stage to Created
22540,2349052,2025-01-27 17:37:37,Change Stage to Created
22541,2348632,2025-01-27 17:37:54,Change Stage to Created
22542,2349053,2025-01-27 17:38:13,Change Stage to Created
22543,2348710,2025-01-27 17:38:32,Change Stage to Created
22544,2348959,2025-01-27 17:38:46,Change Stage to Created
22545,2348911,2025-01-27 17:39:03,Change Stage to Created
22547,2349159,2025-01-27 17:39:39,Change Stage to Created
22548,2349225,2025-01-27 17:40:06,Change Stage to Created
22549,2348836,2025-01-27 17:40:43,Change Stage to Created
22550,2349205,2025-01-27 17:41:23,Change Stage to Created
22552,2348827,2025-01-27 17:42:08,Change Stage to Created
22553,2348689,2025-01-27 17:42:39,Change Stage to Created
22554,2348690,2025-01-27 17:43:19,Change Stage to Created
22555,2348921,2025-01-27 17:44:28,Change Stage to Created
22556,2349038,2025-01-27 17:44:55,Change Stage to Created
22557,2348836,2025-01-27 17:45:16,Change Stage to Rejected
22558,2348729,2025-01-27 17:45:56,Change Stage to Created
22559,2348729,2025-01-27 17:51:56,Change Stage to Created
22560,2348831,2025-01-27 17:52:11,Change Stage to Requote
22562,2348795,2025-01-27 17:55:44,Change Stage to Created
22563,2348707,2025-01-27 17:56:20,Change Stage to Created
22564,2348997,2025-01-27 17:57:18,Change Stage to Created
22565,2348922,2025-01-27 17:58:03,Change Stage to Created
22566,2348885,2025-01-27 17:58:34,Change Stage to Created
22567,2348832,2025-01-27 17:58:49,Change Stage to Created
22568,2349213,2025-01-27 17:59:22,Change Stage to Created
22570,2349041,2025-01-27 18:01:28,Change Stage to Requote
22571,2348918,2025-01-27 18:01:59,Change Stage to Created
22572,2348918,2025-01-27 18:02:06,Change Stage to Created
22573,2348892,2025-01-27 18:02:30,Change Stage to Created
22574,2348694,2025-01-27 18:04:48,Change Stage to Created
22575,2348807,2025-01-27 18:06:11,Change Stage to Created
22576,2349057,2025-01-27 18:06:45,Change Stage to Created
22577,2349246,2025-01-27 18:07:57,Change Stage to Created
22579,2349174,2025-01-27 18:09:42,Change Stage to Created
22581,2349171,2025-01-27 18:12:25,Change Stage to Created
22582,2348899,2025-01-27 18:13:04,Change Stage to Created
22583,2349315,2025-01-27 18:13:45,Change Stage to Requote
22584,2348879,2025-01-27 18:15:13,Change Stage to Created
22585,2348897,2025-01-27 18:16:17,Change Stage to Created
22586,2348902,2025-01-27 18:16:53,Change Stage to Requote
22587,2348850,2025-01-27 18:19:58,Change Stage to Created
22588,2349190,2025-01-27 18:21:23,Change Stage to Created
22594,2348801,2025-01-27 18:36:57,Change Stage to Requote
22597,2348710,2025-01-27 18:55:59,Change Stage to Created
22603,2349260,2025-01-27 19:13:06,Change Stage to Created
22606,2349260,2025-01-27 19:16:08,Change Stage to Created
22609,2349225,2025-01-27 19:57:23,Change Stage to Created
22610,2349225,2025-01-27 19:57:27,Change Stage to Created
22611,2348742,2025-01-27 19:59:36,Change Stage to Delivered
22612,2349225,2025-01-27 20:01:55,Change Stage to Rejected
22630,2348635,2025-01-27 21:07:17,Change Stage to Created
22631,2348827,2025-01-27 21:11:50,Change Stage to Created
22632,2348689,2025-01-27 21:24:32,Change Stage to Created
22633,2348689,2025-01-27 21:26:17,Change Stage to Rejected
22634,2348690,2025-01-27 21:27:58,Change Stage to Rejected
22636,2348921,2025-01-27 21:32:18,Change Stage to Created
22637,2348921,2025-01-27 21:34:33,Change Stage to Created
22638,2348921,2025-01-27 21:34:40,Change Stage to Rejected
22639,2349038,2025-01-27 21:36:52,Change Stage to Created
22640,2348638,2025-01-27 21:40:20,Change Stage to Created
22641,2348638,2025-01-27 21:44:31,Change Stage to Rejected
22642,2348638,2025-01-27 21:46:48,Change Stage to Rejected
22644,2348729,2025-01-27 22:08:20,Change Stage to Created
22647,2348729,2025-01-27 22:11:20,Change Stage to Rejected
22649,2348653,2025-01-27 22:19:39,Change Stage to Created
22650,2348795,2025-01-27 22:22:46,Change Stage to Created
22651,2348707,2025-01-27 22:24:48,Change Stage to Created
22652,2348949,2025-01-27 22:28:53,Change Stage to Created
22653,2348997,2025-01-27 22:29:14,Change Stage to Created
22655,2348997,2025-01-27 22:44:05,Change Stage to Created
22656,2349067,2025-01-27 22:58:31,Change Stage to Created
22658,2349267,2025-01-27 23:02:32,Change Stage to Created
22659,2348944,2025-01-27 23:13:26,Change Stage to Created
22662,2349314,2025-01-27 23:22:44,Change Stage to Created
22663,2347448,2025-01-28 00:00:01,Change Stage to Auto Rejected Automatically
22664,2347458,2025-01-28 00:00:01,Change Stage to Auto Rejected Automatically
22665,2349054,2025-01-28 00:00:02,Change Stage to Auto Rejected Automatically
22667,2348940,2025-01-28 00:00:02,Change Stage to On Ground - Changes (Ops) Automatically
22749,2348775,2025-01-28 16:32:16,Change Stage to Requote
22750,2348775,2025-01-28 16:34:48,Change Stage to Requote
22752,2349311,2025-01-28 16:42:41,Change Stage to Created
22753,2349311,2025-01-28 16:42:47,Change Stage to Created
22754,2349208,2025-01-28 16:43:12,Change Stage to Created
22757,2349157,2025-01-28 16:51:14,Change Stage to Created
22758,2348668,2025-01-28 16:52:12,Change Stage to Rejected
22759,2349157,2025-01-28 16:53:59,Change Stage to Rejected
22762,2349095,2025-01-28 16:58:34,Change Stage to Created
22764,2349011,2025-01-28 17:04:40,Change Stage to Created
22769,2348927,2025-01-28 17:15:45,Change Stage to Created
22770,2348927,2025-01-28 17:15:54,Change Stage to Created
22771,2349092,2025-01-28 17:19:37,Change Stage to Created
22772,2348927,2025-01-28 17:19:48,Change Stage to Rejected
22773,2349092,2025-01-28 17:22:14,Change Stage to Created
22774,2349069,2025-01-28 17:23:43,Change Stage to Created
22777,2349169,2025-01-28 17:29:37,Change Stage to Created
22778,2348787,2025-01-28 17:46:26,Change Stage to Requote
22779,2348898,2025-01-28 17:48:54,Change Stage to Created
22780,2349053,2025-01-28 17:49:42,Change Stage to Created
22781,2348787,2025-01-28 17:55:25,Change Stage to Requote
22782,2349009,2025-01-28 17:57:32,Change Stage to Requote
22783,2349088,2025-01-28 17:57:48,Change Stage to Created
22784,2349009,2025-01-28 17:58:53,Change Stage to Requote
22785,2349173,2025-01-28 18:00:29,Change Stage to Created
22786,2349173,2025-01-28 18:02:08,Change Stage to Created
22787,2349173,2025-01-28 18:06:49,Change Stage to Rejected
22788,2348827,2025-01-28 18:07:48,Change Stage to Rejected
22789,2349306,2025-01-28 18:07:57,Change Stage to Rejected
22790,2349173,2025-01-28 18:08:01,Change Stage to Rejected
22791,2348805,2025-01-28 18:10:33,Change Stage to Rejected
22792,2348905,2025-01-28 18:10:38,Change Stage to Created
22795,2349079,2025-01-28 18:16:57,Change Stage to Created
22796,2348977,2025-01-28 18:17:14,Change Stage to Created
22797,2349038,2025-01-28 18:17:15,Change Stage to Rejected
22798,2348982,2025-01-28 18:17:32,Change Stage to Created
22799,2348977,2025-01-28 18:18:07,Change Stage to Created
22800,2348982,2025-01-28 18:18:14,Change Stage to Created
22802,2348737,2025-01-28 18:23:23,Change Stage to Created
22803,2348831,2025-01-28 18:24:06,Change Stage to Requote
22804,2348831,2025-01-28 18:24:20,Change Stage to Requote
22806,2348997,2025-01-28 18:26:07,Change Stage to Rejected
22809,2348922,2025-01-28 18:29:00,Change Stage to Created
22811,2349288,2025-01-28 18:30:47,Change Stage to Created
22814,2348999,2025-01-28 18:33:17,Change Stage to Created
22815,2348922,2025-01-28 18:34:19,Change Stage to Rejected
22816,2348922,2025-01-28 18:34:43,Change Stage to Rejected
22817,2348922,2025-01-28 18:34:54,Change Stage to Rejected
22818,2349000,2025-01-28 18:35:07,Change Stage to Created
22819,2349020,2025-01-28 18:37:17,Change Stage to Rejected
22820,2348999,2025-01-28 18:38:36,Change Stage to Rejected
22821,2349000,2025-01-28 18:38:47,Change Stage to Rejected
22823,2348885,2025-01-28 18:39:44,Change Stage to Created
22824,2348776,2025-01-28 18:42:08,Change Stage to Rejected
22825,2348863,2025-01-28 18:44:14,Change Stage to Created
22826,2349091,2025-01-28 18:44:53,Change Stage to Created
22827,2349066,2025-01-28 18:47:05,Change Stage to Requote
22828,2349066,2025-01-28 18:47:10,Change Stage to Requote
22829,2349066,2025-01-28 18:47:15,Change Stage to Requote
22830,2348776,2025-01-28 18:47:29,Change Stage to Rejected
22832,2348736,2025-01-28 18:49:59,Change Stage to Rejected
22834,2348918,2025-01-28 18:51:16,Change Stage to Created
22835,2348918,2025-01-28 18:53:30,Change Stage to Created
22837,2349041,2025-01-28 18:55:31,Change Stage to Requote
22838,2349041,2025-01-28 18:57:26,Change Stage to Requote
22839,2349041,2025-01-28 18:57:31,Change Stage to Requote
22840,2348832,2025-01-28 18:59:41,Change Stage to Created
22841,2348832,2025-01-28 18:59:48,Change Stage to Created
22842,2348878,2025-01-28 19:01:06,Change Stage to Requote
22843,2348832,2025-01-28 19:01:16,Change Stage to Created
22844,2348774,2025-01-28 19:02:05,Change Stage to Created
22845,2349174,2025-01-28 19:03:45,Change Stage to Created
22846,2349171,2025-01-28 19:11:33,Change Stage to Created
22847,2349235,2025-01-28 19:14:41,Change Stage to Created
22848,2348899,2025-01-28 19:19:51,Change Stage to Created
22849,2348915,2025-01-28 19:25:43,Change Stage to Created
22850,2348915,2025-01-28 19:26:21,Change Stage to Rejected
22851,2348892,2025-01-28 19:31:30,Change Stage to Rejected
22852,2349283,2025-01-28 19:35:17,Change Stage to Requote
22853,2349283,2025-01-28 19:36:41,Change Stage to Requote
22854,2348807,2025-01-28 19:42:44,Change Stage to Created
22855,2348807,2025-01-28 19:43:44,Change Stage to Created
22856,2349040,2025-01-28 19:44:05,Change Stage to Created
22857,2348807,2025-01-28 19:46:16,Change Stage to Rejected
22858,2348694,2025-01-28 19:48:24,Change Stage to Created
22859,2348694,2025-01-28 19:50:10,Change Stage to Rejected
22860,2349057,2025-01-28 20:16:36,Change Stage to Created
22861,2348844,2025-01-28 20:19:03,Change Stage to Created
22862,2348766,2025-01-28 20:25:11,Change Stage to Created
22866,2349110,2025-01-28 20:27:44,Change Stage to Created
22869,2349110,2025-01-28 20:29:10,Change Stage to Created
22870,2348908,2025-01-28 20:30:01,Change Stage to Created
22871,2349110,2025-01-28 20:30:24,Change Stage to Created
22873,2349186,2025-01-28 20:31:31,Change Stage to Created
22874,2349221,2025-01-28 20:33:43,Change Stage to Rejected
22875,2349221,2025-01-28 20:34:36,Change Stage to Rejected
22881,2349116,2025-01-28 20:38:53,Change Stage to Created
22891,2349223,2025-01-28 20:46:25,Change Stage to Created
22894,2349223,2025-01-28 20:46:38,Change Stage to Rejected
22898,2348675,2025-01-28 21:01:58,Change Stage to Created
22899,2348675,2025-01-28 21:02:21,Change Stage to Created
22900,2348825,2025-01-28 21:03:05,Change Stage to Created
22901,2348688,2025-01-28 21:04:26,Change Stage to Created
22902,2348732,2025-01-28 21:04:53,Change Stage to Created
22903,2349167,2025-01-28 21:08:04,Change Stage to Rejected
22904,2349059,2025-01-28 21:08:43,Change Stage to Created
22906,2349167,2025-01-28 21:12:26,Change Stage to Rejected
22907,2349084,2025-01-28 21:21:06,Change Stage to Requote
22908,2348844,2025-01-28 21:24:29,Change Stage to Created
22909,2349216,2025-01-28 21:25:41,Change Stage to Created
22911,2349145,2025-01-28 21:37:41,Change Stage to Created
22916,2348672,2025-01-28 21:43:33,Change Stage to Created
22921,2348844,2025-01-28 21:56:46,Change Stage to Rejected
22922,2348844,2025-01-28 21:56:49,Change Stage to Rejected
22923,2348793,2025-01-28 22:01:05,Change Stage to Created
22924,2348793,2025-01-28 22:01:09,Change Stage to Created
22925,2349190,2025-01-28 22:03:23,Change Stage to Created
22926,2349227,2025-01-28 22:03:51,Change Stage to Created
22927,2348655,2025-01-28 22:18:00,Change Stage to Created
22928,2349297,2025-01-28 22:21:03,Change Stage to Created
22929,2348887,2025-01-28 22:27:48,Change Stage to Rejected
22931,2348886,2025-01-28 22:32:01,Change Stage to Rejected
22934,2348986,2025-01-28 22:35:04,Change Stage to Created
22941,2348986,2025-01-28 22:36:33,Change Stage to Rejected
22942,2348800,2025-01-28 22:37:10,Change Stage to Rejected
22943,2348735,2025-01-28 22:40:14,Change Stage to Created
22955,2349019,2025-01-28 22:47:41,Change Stage to Rejected
22958,2349016,2025-01-28 22:47:52,Change Stage to Rejected
22960,2349015,2025-01-28 22:47:58,Change Stage to Rejected
22961,2349018,2025-01-28 22:48:39,Change Stage to Created
22962,2349018,2025-01-28 22:55:09,Change Stage to Rejected
22963,2349015,2025-01-28 22:55:28,Change Stage to Rejected
22966,2348723,2025-01-28 23:01:31,Change Stage to Rejected
22967,2348916,2025-01-28 23:02:46,Change Stage to Rejected
22974,2349245,2025-01-28 23:23:24,Change Stage to Created
22978,2348925,2025-01-28 23:37:08,Change Stage to Requote
22979,2348975,2025-01-28 23:38:22,Change Stage to Created
22983,2348925,2025-01-28 23:40:09,Change Stage to Rejected
22984,2348975,2025-01-28 23:42:04,Change Stage to Rejected
22987,2347579,2025-01-29 00:00:02,Change Stage to Auto Rejected Automatically
22988,2347580,2025-01-29 00:00:02,Change Stage to Auto Rejected Automatically
22989,2347583,2025-01-29 00:00:02,Change Stage to Auto Rejected Automatically
22990,2348711,2025-01-29 00:00:02,Change Stage to Auto Rejected Automatically
22991,2348732,2025-01-29 00:00:02,Change Stage to Auto Rejected Automatically
22992,2348766,2025-01-29 00:00:02,Change Stage to Auto Rejected Automatically
22993,2348769,2025-01-29 00:00:02,Change Stage to Auto Rejected Automatically
23010,2349241,2025-01-29 00:55:19,Change Stage to Delivered
23013,2348657,2025-01-29 01:17:09,Change Stage to Delivered
23015,2348753,2025-01-29 01:20:49,Change Stage to Payment Received - Release Vouchers
23018,2348670,2025-01-29 01:24:53,Change Stage to Final QA
23019,2348854,2025-01-29 01:36:02,Change Stage to Accepted - PRE QA - Land Bookings
23025,2348998,2025-01-29 01:38:32,Change Stage to Accepted - PRE QA - Land Bookings
23026,2348848,2025-01-29 01:39:14,Change Stage to Delivered
23028,2348683,2025-01-29 01:41:08,Change Stage to Accepted - Partial Land Booking Done
23029,2348988,2025-01-29 01:41:56,Change Stage to Final QA
23031,2348750,2025-01-29 01:43:59,Change Stage to Delivered
23032,2349202,2025-01-29 01:44:56,Change Stage to Accepted - PRE QA - Land Bookings
23033,2348692,2025-01-29 01:45:57,Change Stage to Payment Received - Release Vouchers
23035,2348695,2025-01-29 01:48:50,Change Stage to Accepted - PRE QA - Land Bookings
23036,2348990,2025-01-29 01:51:23,Change Stage to Accepted - Pre QA Start Bookings
23038,2349139,2025-01-29 01:53:46,Change Stage to Accepted - Pre QA Start Bookings
23040,2348634,2025-01-29 01:55:51,Change Stage to Accepted - Pre QA Start Bookings
23041,2348726,2025-01-29 01:56:35,Change Stage to Accepted - Pre QA Start Bookings
23042,2348984,2025-01-29 01:57:20,Change Stage to Accepted - PRE QA - Land Bookings
23043,2349024,2025-01-29 01:59:15,Change Stage to Accepted - Pre QA Start Bookings
23044,2348991,2025-01-29 02:01:42,Change Stage to Accepted - Pre QA Start Bookings
23045,2348840,2025-01-29 02:02:41,Change Stage to Accepted - PRE QA - Land Bookings
23046,2349062,2025-01-29 02:04:33,Change Stage to Accepted - Partial Land Booking Done
23047,2349007,2025-01-29 02:06:24,Change Stage to Accepted - Pre QA Start Bookings
23048,2348920,2025-01-29 02:07:02,Change Stage to Accepted - PRE QA - Land Bookings
23049,2349264,2025-01-29 02:09:07,Change Stage to Accepted - PRE QA - Land Bookings
23050,2349087,2025-01-29 02:10:04,Change Stage to Final QA
23051,2348785,2025-01-29 02:10:57,Change Stage to Accepted - Partial Land Booking Done
23052,2348874,2025-01-29 02:11:48,Change Stage to Accepted - Pre QA Start Bookings
23054,2349282,2025-01-29 02:14:41,Change Stage to Delivered
23055,2348746,2025-01-29 02:15:26,Change Stage to Delivered
23056,2348880,2025-01-29 02:16:35,Change Stage to Delivered
23060,2348722,2025-01-29 02:18:52,Change Stage to Delivered
23061,2349042,2025-01-29 02:20:16,Change Stage to Delivered
23062,2348685,2025-01-29 02:21:08,Change Stage to Final QA
23063,2349201,2025-01-29 02:22:59,Change Stage to Rejected After Confirmation
23064,2349273,2025-01-29 02:24:29,Change Stage to Accepted - Pre QA Start Bookings
23065,2349311,2025-01-29 02:25:21,Change Stage to Requote After Confirmation
23066,2348871,2025-01-29 02:26:15,Change Stage to Accepted - Pre QA Start Bookings
23214,2348801,2025-01-29 16:40:34,Change Stage to Requote
23218,2348714,2025-01-29 16:48:20,Change Stage to Created
23225,2348861,2025-01-29 17:05:44,Change Stage to Created
23231,2348966,2025-01-29 17:38:50,Change Stage to Created
23232,2348966,2025-01-29 17:42:55,Change Stage to Rejected
23239,2348879,2025-01-29 17:45:27,Change Stage to Created
23240,2348879,2025-01-29 17:51:13,Change Stage to Rejected
23241,2348879,2025-01-29 17:52:23,Change Stage to Rejected
23242,2348717,2025-01-29 17:56:54,Change Stage to Created
23243,2348717,2025-01-29 17:57:42,Change Stage to Created
23245,2349048,2025-01-29 18:00:27,Change Stage to Rejected
23246,2348717,2025-01-29 18:00:41,Change Stage to Rejected
23247,2348717,2025-01-29 18:01:04,Change Stage to Rejected
23251,2349062,2025-01-29 18:47:22,Change Stage to Accepted - PRE QA - Land Bookings
23252,2348985,2025-01-29 19:13:25,Change Stage to Created
23253,2348985,2025-01-29 19:13:34,Change Stage to Rejected
23268,2348685,2025-01-29 19:54:17,Change Stage to Delivered
23270,2348637,2025-01-29 20:08:17,Change Stage to Requote
23271,2349231,2025-01-29 20:10:23,Change Stage to Created
23272,2349228,2025-01-29 20:16:30,Change Stage to Created
23277,2348643,2025-01-29 20:31:27,Change Stage to Created
23280,2348809,2025-01-29 20:36:32,Change Stage to Created
23282,2348809,2025-01-29 20:40:27,Change Stage to Created
23283,2349199,2025-01-29 20:42:50,Change Stage to Created
23284,2349029,2025-01-29 20:45:59,Change Stage to Created
23286,2349121,2025-01-29 21:02:39,Change Stage to Created
23293,2349049,2025-01-29 21:18:38,Change Stage to Rejected
23294,2348794,2025-01-29 21:22:28,Change Stage to Rejected
23295,2348796,2025-01-29 21:23:24,Change Stage to Created
23297,2349263,2025-01-29 21:30:10,Change Stage to Rejected
23298,2349304,2025-01-29 21:33:39,Change Stage to Created
23299,2349304,2025-01-29 21:36:00,Change Stage to Rejected
23300,2349065,2025-01-29 21:37:20,Change Stage to Created
23301,2348804,2025-01-29 21:39:03,Change Stage to Requote
23302,2348770,2025-01-29 21:40:38,Change Stage to Created
23305,2348770,2025-01-29 21:50:18,Change Stage to Created
23306,2348770,2025-01-29 21:51:40,Change Stage to Rejected
23319,2348691,2025-01-29 22:22:27,Change Stage to Created
23320,2348970,2025-01-29 22:23:06,Change Stage to Requote
23321,2348691,2025-01-29 22:23:19,Change Stage to Created
23324,2348913,2025-01-29 22:24:58,Change Stage to Created
23325,2348981,2025-01-29 22:25:57,Change Stage to Created
23326,2348981,2025-01-29 22:26:04,Change Stage to Created
23327,2348981,2025-01-29 22:28:00,Change Stage to Rejected
23328,2348650,2025-01-29 22:30:05,Change Stage to Created
23329,2348650,2025-01-29 22:31:18,Change Stage to Rejected
23330,2349305,2025-01-29 22:33:54,Change Stage to Created
23335,2349127,2025-01-29 22:42:15,Change Stage to Created
23336,2349127,2025-01-29 22:42:36,Change Stage to Created
23338,2349318,2025-01-29 22:46:54,Change Stage to Created
23339,2349271,2025-01-29 22:47:48,Change Stage to Created
23340,2349313,2025-01-29 22:52:18,Change Stage to Rejected
23341,2348748,2025-01-29 22:56:00,Change Stage to Created
23342,2348748,2025-01-29 22:56:13,Change Stage to Created
23343,2348748,2025-01-29 22:59:22,Change Stage to Created
23344,2349099,2025-01-29 23:12:02,Change Stage to Requote
23345,2348780,2025-01-29 23:12:36,Change Stage to Created
23346,2348700,2025-01-29 23:13:45,Change Stage to Created
23348,2349147,2025-01-29 23:16:12,Change Stage to Created
23349,2348636,2025-01-29 23:17:20,Change Stage to Requote
23350,2348636,2025-01-29 23:17:27,Change Stage to Requote
23351,2349147,2025-01-29 23:17:43,Change Stage to Rejected
23358,2348870,2025-01-30 00:00:02,Change Stage to Auto Rejected Automatically
23359,2349166,2025-01-30 00:00:02,Change Stage to Auto Rejected Automatically
23363,2348951,2025-01-30 00:00:02,Change Stage to On Ground - Changes (Ops) Automatically
23446,2348815,2025-01-30 14:48:10,Change Stage to Requote
23447,2348815,2025-01-30 14:58:18,Delete Product: Sunlover - Moore Reef Full Day Tour
23448,2348815,2025-01-30 14:58:20,Delete Product: Gold Coast Hot Air Balloon Flight (No Breakfast)
23449,2348815,2025-01-30 14:58:22,"Delete Product: All Park 5 Days (Movie World, Sea World, Wet n Wild + Paradise Country)"
23450,2348815,2025-01-30 14:58:24,Delete Product: YVG - Yarra Valley Gourmet tour (SIC)
23451,2348815,2025-01-30 14:58:26,Delete Product: GOR - Great Ocean Road Small Group Eco tour (SIC)
23467,2349039,2025-01-30 16:41:01,Change Stage to Accepted - Partial Land Booking Done
23468,2349039,2025-01-30 16:44:19,Change Stage to Accepted - PRE QA - Land Bookings
23561,2348719,2025-01-30 22:11:34,Change Stage to Created
23562,2348719,2025-01-30 22:12:12,Change Stage to Rejected
23563,2348719,2025-01-30 22:13:30,Change Stage to Rejected
23564,2348730,2025-01-30 22:13:43,Change Stage to Rejected
23565,2349261,2025-01-30 22:16:34,Change Stage to Created
23647,2348730,2025-01-30 23:52:05,Change Stage to Rejected
23650,2347234,2025-01-31 00:00:02,Change Stage to Auto Rejected Automatically
23651,2348186,2025-01-31 00:00:02,Change Stage to Auto Rejected Automatically
23652,2348688,2025-01-31 00:00:02,Change Stage to Auto Rejected Automatically
23653,2348773,2025-01-31 00:00:02,Change Stage to Auto Rejected Automatically
23654,2349032,2025-01-31 00:00:02,Change Stage to Auto Rejected Automatically
23658,2348657,2025-01-31 00:00:02,Change Stage to On Ground - Changes (Ops) Automatically
23659,2348992,2025-01-31 00:00:02,Change Stage to On Ground - Changes (Ops) Automatically
23767,2349134,2025-01-31 17:21:02,Change Stage to Rejected
23772,2349064,2025-01-31 17:43:01,Change Stage to Rejected
23773,2349064,2025-01-31 17:43:36,Change Stage to Rejected
23774,2349034,2025-01-31 17:44:59,Change Stage to Rejected
23775,2348864,2025-01-31 17:49:21,Change Stage to Requote
23777,2348779,2025-01-31 17:58:18,Change Stage to Created
23778,2348779,2025-01-31 18:02:20,Change Stage to Rejected
23779,2348652,2025-01-31 18:31:35,Change Stage to Rejected
23783,2348983,2025-01-31 19:01:30,Change Stage to Rejected
23785,2348851,2025-01-31 19:07:07,Change Stage to Rejected
23796,2349144,2025-01-31 20:41:31,Change Stage to Rejected
23825,2348904,2025-01-31 22:30:44,Change Stage to Requote
23826,2348904,2025-01-31 22:33:21,Change Stage to Rejected
23828,2349224,2025-01-31 22:56:29,Change Stage to Requote
23868,2348722,2025-02-01 00:00:01,Change Stage to On Ground - Changes (Ops) Automatically
23908,2348644,2025-02-01 14:42:47,Bulk Change Stage to Created
23909,2349046,2025-02-01 14:42:47,Bulk Change Stage to Created
23910,2349243,2025-02-01 14:42:47,Bulk Change Stage to Created
23911,2349234,2025-02-01 14:42:47,Bulk Change Stage to Created
23912,2348802,2025-02-01 14:42:47,Bulk Change Stage to Created
23913,2348826,2025-02-01 14:42:47,Bulk Change Stage to Created
23915,2348713,2025-02-01 14:42:47,Bulk Change Stage to Created
23916,2348872,2025-02-01 14:42:47,Bulk Change Stage to Created
23918,2349010,2025-02-01 14:42:47,Bulk Change Stage to Created
23919,2348633,2025-02-01 14:42:47,Bulk Change Stage to Created
23920,2349098,2025-02-01 14:42:47,Bulk Change Stage to Created
23921,2349248,2025-02-01 14:42:47,Bulk Change Stage to Created
23922,2349031,2025-02-01 14:42:47,Bulk Change Stage to Created
23924,2349183,2025-02-01 14:42:47,Bulk Change Stage to Created
23925,2349250,2025-02-01 14:42:47,Bulk Change Stage to Created
23926,2348987,2025-02-01 14:42:47,Bulk Change Stage to Created
23927,2348761,2025-02-01 14:42:47,Bulk Change Stage to Created
23928,2348894,2025-02-01 14:42:47,Bulk Change Stage to Created
23929,2348749,2025-02-01 14:42:47,Bulk Change Stage to Created
23930,2349185,2025-02-01 14:42:47,Bulk Change Stage to Created
23932,2349142,2025-02-01 14:42:47,Bulk Change Stage to Created
23937,2348883,2025-02-01 14:46:58,Change Stage to Requote
23938,2348881,2025-02-01 14:47:04,Change Stage to Created
23939,2348852,2025-02-01 14:47:13,Change Stage to Created
23940,2348818,2025-02-01 14:47:33,Change Stage to Created
23941,2348928,2025-02-01 14:47:41,Change Stage to Created
23942,2349203,2025-02-01 14:47:47,Change Stage to Created
23943,2348741,2025-02-01 14:48:13,Change Stage to Requote
23944,2348864,2025-02-01 14:50:02,Change Stage to Requote
23945,2348882,2025-02-01 14:50:10,Change Stage to Created
23946,2348778,2025-02-01 14:50:29,Change Stage to Rejected
23947,2349006,2025-02-01 14:50:35,Change Stage to Rejected
23948,2348806,2025-02-01 14:51:02,Change Stage to Created
23949,2348867,2025-02-01 14:51:08,Change Stage to Created
23950,2348906,2025-02-01 14:51:14,Change Stage to Created
23951,2349002,2025-02-01 14:51:19,Change Stage to Created
23952,2349035,2025-02-01 14:51:37,Change Stage to Created
23953,2348896,2025-02-01 14:51:44,Change Stage to Created
23954,2348938,2025-02-01 14:51:50,Change Stage to Created
23955,2348866,2025-02-01 14:52:19,Change Stage to Created
23956,2349050,2025-02-01 14:52:24,Change Stage to Created
23958,2348853,2025-02-01 14:52:42,Change Stage to Created
23959,2348718,2025-02-01 14:53:09,Change Stage to Created
23960,2349239,2025-02-01 14:53:15,Change Stage to Created
23961,2349120,2025-02-01 14:53:21,Change Stage to Created
23962,2348810,2025-02-01 14:53:27,Change Stage to Created
23963,2349077,2025-02-01 14:53:33,Change Stage to Created
23964,2349083,2025-02-01 14:53:38,Change Stage to Created
23965,2349152,2025-02-01 14:53:46,Change Stage to Created
23968,2348660,2025-02-01 14:54:12,Change Stage to Created
23969,2348630,2025-02-01 14:54:51,Change Stage to Created
23970,2349312,2025-02-01 14:54:57,Change Stage to Created
23971,2348932,2025-02-01 14:55:03,Change Stage to Requote
23972,2348936,2025-02-01 14:55:08,Change Stage to Created
23973,2349182,2025-02-01 14:55:14,Change Stage to Created
23976,2349237,2025-02-01 14:55:37,Change Stage to Created
23977,2349188,2025-02-01 14:55:43,Change Stage to Requote
23979,2349219,2025-02-01 14:56:21,Change Stage to Created
23980,2348978,2025-02-01 14:56:27,Change Stage to Created
23981,2348709,2025-02-01 14:56:32,Change Stage to Created
23982,2348715,2025-02-01 14:56:37,Change Stage to Created
23983,2348917,2025-02-01 14:56:42,Change Stage to Requote
23984,2348923,2025-02-01 14:56:46,Change Stage to Requote
23985,2348957,2025-02-01 14:56:52,Change Stage to Created
23986,2349262,2025-02-01 14:56:59,Change Stage to Created
23988,2349045,2025-02-01 14:57:27,Change Stage to Created
23989,2349291,2025-02-01 14:57:32,Change Stage to Created
23992,2348644,2025-02-01 14:58:48,Change Stage to Created
23993,2349046,2025-02-01 14:58:57,Change Stage to Created
23994,2349243,2025-02-01 14:59:05,Change Stage to Created
23995,2349234,2025-02-01 14:59:14,Change Stage to Created
23996,2348802,2025-02-01 14:59:22,Change Stage to Created
23997,2348826,2025-02-01 14:59:30,Change Stage to Created
23999,2348872,2025-02-01 15:00:05,Change Stage to Created
24000,2348713,2025-02-01 15:00:11,Change Stage to Created
24002,2349010,2025-02-01 15:00:23,Change Stage to Created
24003,2348633,2025-02-01 15:00:31,Change Stage to Created
24004,2349098,2025-02-01 15:00:35,Change Stage to Created
24005,2349098,2025-02-01 15:00:52,Change Stage to Created
24006,2349010,2025-02-01 15:01:01,Change Stage to Created
24007,2348633,2025-02-01 15:01:09,Change Stage to Created
24009,2348713,2025-02-01 15:01:34,Change Stage to Created
24010,2348872,2025-02-01 15:01:41,Change Stage to Created
24012,2349248,2025-02-01 15:02:12,Change Stage to Created
24013,2349031,2025-02-01 15:03:44,Change Stage to Created
24015,2349183,2025-02-01 15:03:59,Change Stage to Created
24016,2349250,2025-02-01 15:04:07,Change Stage to Created
24017,2348761,2025-02-01 15:04:15,Change Stage to Created
24018,2348987,2025-02-01 15:04:22,Change Stage to Created
24019,2348749,2025-02-01 15:04:29,Change Stage to Created
24020,2348894,2025-02-01 15:04:37,Change Stage to Created
24021,2349185,2025-02-01 15:05:20,Change Stage to Created
24023,2349142,2025-02-01 15:05:34,Change Stage to Created
24029,2348893,2025-02-01 15:07:01,Change Stage to Created
24030,2349014,2025-02-01 15:07:14,Change Stage to Created
24031,2349017,2025-02-01 15:07:23,Change Stage to Created
24032,2349033,2025-02-01 15:07:31,Change Stage to Created
24033,2349037,2025-02-01 15:07:38,Change Stage to Created
24034,2348797,2025-02-01 15:07:44,Change Stage to Requote
24035,2348788,2025-02-01 15:07:54,Change Stage to Created
24036,2348786,2025-02-01 15:08:07,Change Stage to Created
24038,2349118,2025-02-01 15:08:43,Change Stage to Created
24040,2349207,2025-02-01 15:09:05,Change Stage to Created
24041,2348845,2025-02-01 15:09:18,Change Stage to Created
24042,2348815,2025-02-01 15:09:26,Change Stage to Requote
24043,2349302,2025-02-01 15:09:36,Change Stage to Created
24044,2349103,2025-02-01 15:09:48,Change Stage to Created
24045,2349301,2025-02-01 15:09:57,Change Stage to Created
24046,2348955,2025-02-01 15:10:05,Change Stage to Created
24048,2349061,2025-02-01 15:11:57,Change Stage to Created
24049,2348702,2025-02-01 15:12:06,Change Stage to Created
24050,2349230,2025-02-01 15:12:12,Change Stage to Created
24052,2348791,2025-02-01 15:12:25,Change Stage to Created
24053,2349165,2025-02-01 15:12:32,Change Stage to Created
24054,2348837,2025-02-01 15:12:39,Change Stage to Created
24055,2348935,2025-02-01 15:12:46,Change Stage to Created
24056,2349130,2025-02-01 15:12:51,Change Stage to Created
24057,2349001,2025-02-01 15:12:58,Change Stage to Created
24059,2348979,2025-02-01 15:13:10,Change Stage to Created
24060,2348734,2025-02-01 15:13:20,Change Stage to Created
24061,2349097,2025-02-01 15:13:43,Change Stage to Created
24062,2348733,2025-02-01 15:13:51,Change Stage to Created
24063,2349081,2025-02-01 15:15:19,Change Stage to Rejected
24064,2349191,2025-02-01 15:16:09,Change Stage to Created
24065,2349162,2025-02-01 15:20:44,Change Stage to Requote
24067,2349163,2025-02-01 15:20:54,Change Stage to Requote
24068,2349140,2025-02-01 15:21:01,Change Stage to Created
24069,2348721,2025-02-01 15:21:05,Change Stage to Created
24070,2349155,2025-02-01 15:21:12,Change Stage to Created
24072,2349151,2025-02-01 15:21:29,Change Stage to Created
24074,2349093,2025-02-01 15:22:07,Change Stage to Created
24075,2349102,2025-02-01 15:22:13,Change Stage to Requote
24076,2349124,2025-02-01 15:22:19,Change Stage to Created
24078,2349028,2025-02-01 15:22:30,Change Stage to Created
24079,2348960,2025-02-01 15:22:36,Change Stage to Created
24080,2348654,2025-02-01 15:23:00,Change Stage to Requote
24081,2348847,2025-02-01 15:23:05,Change Stage to Created
24082,2349209,2025-02-01 15:23:11,Change Stage to Requote
24083,2349206,2025-02-01 15:23:17,Change Stage to Created
24084,2348656,2025-02-01 15:23:23,Change Stage to Created
24085,2348662,2025-02-01 15:23:34,Change Stage to Created
24086,2349153,2025-02-01 15:23:44,Change Stage to Created
24087,2349068,2025-02-01 15:24:29,Change Stage to Requote
24089,2349280,2025-02-01 15:24:40,Change Stage to Created
24090,2349275,2025-02-01 15:24:52,Change Stage to Created
24092,2349111,2025-02-01 15:25:05,Change Stage to Created
24093,2349200,2025-02-01 15:25:15,Change Stage to Created
24095,2349307,2025-02-01 15:26:01,Change Stage to Created
24096,2349071,2025-02-01 15:26:05,Change Stage to Created
24097,2349294,2025-02-01 15:26:10,Change Stage to Requote
24098,2349293,2025-02-01 15:26:15,Change Stage to Created
24099,2349181,2025-02-01 15:26:21,Change Stage to Created
24100,2348895,2025-02-01 15:26:27,Change Stage to Created
24101,2349021,2025-02-01 15:26:33,Change Stage to Created
24102,2349114,2025-02-01 15:26:39,Change Stage to Created
24103,2349026,2025-02-01 15:26:45,Change Stage to Created
24104,2348877,2025-02-01 15:26:51,Change Stage to Created
24105,2348838,2025-02-01 15:27:02,Change Stage to Created
24106,2349063,2025-02-01 15:27:41,Change Stage to Requote
24107,2349317,2025-02-01 15:27:46,Change Stage to Created
24109,2348950,2025-02-01 15:27:56,Change Stage to Created
24110,2349192,2025-02-01 15:28:02,Change Stage to Created
24111,2349072,2025-02-01 15:28:07,Change Stage to Created
24112,2349298,2025-02-01 15:28:10,Change Stage to Created
24115,2349184,2025-02-01 15:28:31,Change Stage to Requote
24117,2348768,2025-02-01 15:28:40,Change Stage to Created
24118,2348865,2025-02-01 15:28:47,Change Stage to Created
24119,2348868,2025-02-01 15:28:53,Change Stage to Created
24126,2348946,2025-02-01 16:05:04,Change Stage to Requote
24127,2348856,2025-02-01 16:05:10,Change Stage to Created
24129,2348961,2025-02-01 16:05:26,Change Stage to Created
24130,2349137,2025-02-01 16:05:34,Change Stage to Created
24131,2349229,2025-02-01 16:05:42,Change Stage to Created
24132,2349125,2025-02-01 16:05:51,Change Stage to Created
24135,2348946,2025-02-01 16:06:29,Change Stage to Requote
24136,2348946,2025-02-01 16:06:32,Change Stage to Requote
24137,2348856,2025-02-01 16:06:51,Change Stage to Created
24138,2348856,2025-02-01 16:06:51,Change Stage to Created
24140,2348961,2025-02-01 16:06:59,Change Stage to Created
24141,2349137,2025-02-01 16:07:02,Change Stage to Created
24142,2349229,2025-02-01 16:07:05,Change Stage to Created
24143,2349125,2025-02-01 16:07:15,Change Stage to Created
24145,2349175,2025-02-01 16:08:08,Change Stage to Created
24146,2348697,2025-02-01 16:08:14,Change Stage to Created
24148,2349086,2025-02-01 16:08:29,Change Stage to Created
24153,2348862,2025-02-01 16:09:37,Change Stage to Created
24154,2348698,2025-02-01 16:09:43,Change Stage to Created
24156,2348712,2025-02-01 16:10:02,Change Stage to Created
24157,2349244,2025-02-01 16:10:08,Change Stage to Created
24160,2348861,2025-02-01 16:10:49,Change Stage to Created
24161,2348790,2025-02-01 16:10:59,Change Stage to Created
24163,2349112,2025-02-01 16:11:12,Change Stage to Created
24164,2349113,2025-02-01 16:11:43,Change Stage to Created
24166,2348738,2025-02-01 16:11:55,Change Stage to Created
24167,2349051,2025-02-01 16:12:00,Change Stage to Requote
24169,2348631,2025-02-01 16:12:18,Change Stage to Requote
24171,2349180,2025-02-01 16:12:32,Change Stage to Created
24173,2348939,2025-02-01 16:12:52,Change Stage to Created
24174,2348941,2025-02-01 16:12:58,Change Stage to Created
24175,2349089,2025-02-01 16:14:27,Change Stage to Created
24176,2349148,2025-02-01 16:14:33,Change Stage to Requote
24177,2348813,2025-02-01 16:14:40,Change Stage to Created
24180,2348687,2025-02-01 16:15:00,Change Stage to Created
24181,2349258,2025-02-01 16:15:12,Change Stage to Created
24182,2348743,2025-02-01 16:15:35,Change Stage to Created
24185,2348814,2025-02-01 16:15:48,Change Stage to Created
24186,2348751,2025-02-01 16:15:53,Change Stage to Created
24187,2348919,2025-02-01 16:16:01,Change Stage to Created
24188,2348754,2025-02-01 16:16:06,Change Stage to Created
24189,2348706,2025-02-01 16:16:11,Change Stage to Created
24190,2349080,2025-02-01 16:16:17,Change Stage to Created
24191,2348686,2025-02-01 16:16:24,Change Stage to Created
24192,2349133,2025-02-01 16:16:30,Change Stage to Requote
24195,2348963,2025-02-01 16:16:49,Change Stage to Created
24196,2349119,2025-02-01 16:16:57,Change Stage to Created
24197,2348980,2025-02-01 16:17:04,Change Stage to Created
24198,2349078,2025-02-01 16:17:10,Change Stage to Created
24199,2348808,2025-02-01 16:18:03,Change Stage to Created
24200,2349266,2025-02-01 16:18:23,Change Stage to Created
24202,2349090,2025-02-01 16:18:38,Change Stage to Created
24203,2348798,2025-02-01 16:18:43,Change Stage to Created
24204,2348808,2025-02-01 16:18:50,Change Stage to Created
24205,2349189,2025-02-01 16:18:57,Change Stage to Created
24206,2348659,2025-02-01 16:19:13,Change Stage to Created
24207,2348962,2025-02-01 16:19:19,Change Stage to Requote
24208,2348926,2025-02-01 16:19:27,Change Stage to Created
24209,2348889,2025-02-01 16:19:35,Change Stage to Created
24210,2348808,2025-02-01 16:19:41,Change Stage to Created
24211,2348824,2025-02-01 16:19:43,Change Stage to Created
24212,2349008,2025-02-01 16:19:52,Change Stage to Created
24213,2348931,2025-02-01 16:20:02,Change Stage to Requote
24214,2348789,2025-02-01 16:20:14,Change Stage to Created
24216,2348765,2025-02-01 16:20:42,Change Stage to Created
24218,2348823,2025-02-01 16:20:54,Change Stage to Requote
24219,2348875,2025-02-01 16:21:06,Change Stage to Created
24220,2348841,2025-02-01 16:21:13,Change Stage to Created
24221,2349260,2025-02-01 16:44:07,Change Stage to Created
24222,2348632,2025-02-01 16:47:55,Change Stage to Created
24223,2348632,2025-02-01 16:48:53,Change Stage to Created
24225,2348632,2025-02-01 16:49:23,Change Stage to Created
24226,2349213,2025-02-01 16:52:31,Change Stage to Created
24227,2349213,2025-02-01 16:58:29,Change Stage to Rejected
24230,2349205,2025-02-01 17:13:12,Change Stage to Created
24235,2348795,2025-02-01 17:42:08,Change Stage to Created
24238,2348885,2025-02-01 18:23:09,Change Stage to Created
24239,2349312,2025-02-01 18:23:12,Change Stage to Created
24243,2349246,2025-02-01 18:36:36,Change Stage to Created
24246,2349114,2025-02-01 19:39:21,Change Stage to Rejected
24247,2348829,2025-02-01 19:56:12,Change Stage to Created
24249,2348833,2025-02-01 20:32:23,Change Stage to Rejected
24250,2348934,2025-02-01 20:46:27,Change Stage to Created
24292,2348866,2025-02-01 22:36:14,Change Stage to Created
24306,2347132,2025-02-02 00:00:01,Change Stage to Auto Rejected Automatically
24308,2347148,2025-02-02 00:00:01,Change Stage to Auto Rejected Automatically
24311,2347216,2025-02-02 00:00:01,Change Stage to Auto Rejected Automatically
24315,2347268,2025-02-02 00:00:01,Change Stage to Auto Rejected Automatically
24317,2347274,2025-02-02 00:00:01,Change Stage to Auto Rejected Automatically
24320,2348291,2025-02-02 00:00:01,Change Stage to Auto Rejected Automatically
24321,2349025,2025-02-02 00:00:02,Change Stage to Auto Rejected Automatically
24322,2349040,2025-02-02 00:00:02,Change Stage to Auto Rejected Automatically
24323,2349070,2025-02-02 00:00:02,Change Stage to Auto Rejected Automatically
24324,2349110,2025-02-02 00:00:02,Change Stage to Auto Rejected Automatically
24325,2349260,2025-02-02 00:00:02,Change Stage to Auto Rejected Automatically
24348,2347762,2025-02-03 00:00:01,Change Stage to Auto Rejected Automatically
24349,2348632,2025-02-03 00:00:01,Change Stage to Auto Rejected Automatically
24350,2348908,2025-02-03 00:00:01,Change Stage to Auto Rejected Automatically
24351,2349067,2025-02-03 00:00:01,Change Stage to Auto Rejected Automatically
24395,2349053,2025-02-03 16:21:11,Change Stage to Rejected
24397,2349246,2025-02-03 16:45:29,Change Stage to Rejected
24398,2349174,2025-02-03 16:51:45,Change Stage to Rejected
24399,2348897,2025-02-03 16:55:48,Change Stage to Created
24401,2349190,2025-02-03 17:04:09,Change Stage to Rejected
24402,2349315,2025-02-03 17:07:19,Change Stage to Requote
24403,2349315,2025-02-03 17:09:11,Change Stage to Rejected
24404,2349315,2025-02-03 17:09:23,Change Stage to Rejected
24405,2348902,2025-02-03 17:16:02,Change Stage to Requote
24406,2348644,2025-02-03 17:20:30,Change Stage to Created
24407,2348801,2025-02-03 17:24:25,Change Stage to Requote
24408,2349234,2025-02-03 17:31:19,Change Stage to Created
24409,2349234,2025-02-03 17:31:23,Change Stage to Created
24410,2348872,2025-02-03 17:33:58,Change Stage to Created
24475,2349172,2025-02-03 18:05:11,Change Stage to Rejected
24476,2349172,2025-02-03 18:05:23,Change Stage to Created
24478,2348792,2025-02-03 18:32:59,Change Stage to Accepted - PRE QA - Land Bookings
24479,2349146,2025-02-03 18:33:05,Change Stage to Rejected
24480,2349254,2025-02-03 18:33:12,Change Stage to Rejected
24481,2348792,2025-02-03 18:35:53,Change Stage to Accepted - PRE QA - Land Bookings
24482,2349256,2025-02-03 18:36:38,Change Stage to Rejected
24483,2349257,2025-02-03 18:36:53,Change Stage to Rejected
24484,2349158,2025-02-03 18:37:16,Change Stage to Rejected
24485,2349284,2025-02-03 18:37:28,Change Stage to Rejected
24486,2349143,2025-02-03 18:37:34,Change Stage to Rejected
24487,2349161,2025-02-03 18:37:51,Change Stage to Rejected
24488,2348656,2025-02-03 18:38:03,Change Stage to Created
24489,2349206,2025-02-03 18:38:16,Change Stage to Created
24490,2349255,2025-02-03 18:38:23,Change Stage to Rejected
24491,2349150,2025-02-03 18:38:48,Change Stage to Rejected
24492,2349217,2025-02-03 18:38:56,Change Stage to Rejected
24493,2349170,2025-02-03 18:39:07,Change Stage to Rejected
24494,2349184,2025-02-03 18:39:16,Change Stage to Requote
24495,2349211,2025-02-03 18:39:22,Change Stage to Rejected
24496,2349264,2025-02-03 18:39:34,Change Stage to Accepted - PRE QA - Land Bookings
24497,2349309,2025-02-03 18:39:39,Change Stage to Rejected
24500,2349179,2025-02-03 18:40:17,Change Stage to Rejected
24502,2348884,2025-02-03 18:40:55,Change Stage to Created
24505,2349010,2025-02-03 18:45:15,Change Stage to Created
24506,2349010,2025-02-03 18:46:04,Change Stage to Created
24507,2349098,2025-02-03 18:48:33,Change Stage to Created
24508,2349098,2025-02-03 18:48:39,Change Stage to Created
24509,2349098,2025-02-03 18:49:11,Change Stage to Created
24510,2348790,2025-02-03 18:59:36,Change Stage to Created
24511,2348856,2025-02-03 19:01:49,Change Stage to Created
24514,2348946,2025-02-03 19:10:02,Change Stage to Requote
24515,2348946,2025-02-03 19:10:58,Change Stage to Requote
24521,2349274,2025-02-03 19:14:33,Change Stage to Created
24523,2349290,2025-02-03 19:19:50,Change Stage to Created
24525,2348738,2025-02-03 19:23:26,Change Stage to Created
24526,2349051,2025-02-03 19:23:41,Change Stage to Requote
24527,2349112,2025-02-03 19:24:46,Change Stage to Created
24529,2349113,2025-02-03 19:25:11,Change Stage to Created
24531,2348728,2025-02-03 19:29:11,Change Stage to Created
24532,2349142,2025-02-03 19:32:05,Change Stage to Created
24533,2348971,2025-02-03 19:32:32,Change Stage to Created
24534,2349142,2025-02-03 19:32:58,Change Stage to Created
24536,2348976,2025-02-03 19:34:49,Change Stage to Created
24540,2349185,2025-02-03 19:39:53,Change Stage to Created
24542,2349185,2025-02-03 19:41:41,Change Stage to Created
24544,2349185,2025-02-03 19:46:16,Change Stage to Created
24545,2349185,2025-02-03 19:46:27,Change Stage to Rejected
24550,2348954,2025-02-03 19:49:37,Change Stage to Created
24551,2348952,2025-02-03 19:50:18,Change Stage to Created
24552,2348894,2025-02-03 19:51:31,Change Stage to Created
24556,2348894,2025-02-03 19:52:42,Change Stage to Created
24557,2348820,2025-02-03 19:53:40,Change Stage to Created
24558,2348749,2025-02-03 19:55:16,Change Stage to Created
24559,2348863,2025-02-03 19:59:22,Change Stage to Rejected
24560,2348820,2025-02-03 19:59:38,Change Stage to Created
24561,2349176,2025-02-03 20:02:08,Change Stage to Created
24562,2349316,2025-02-03 20:02:50,Change Stage to Created
24564,2348631,2025-02-03 20:05:27,Change Stage to Requote
24565,2348933,2025-02-03 20:11:23,Change Stage to Created
24569,2348987,2025-02-03 20:26:12,Change Stage to Created
24575,2348761,2025-02-03 20:44:45,Change Stage to Created
24578,2348761,2025-02-03 20:45:33,Change Stage to Created
24585,2349183,2025-02-03 20:57:30,Change Stage to Created
24586,2349250,2025-02-03 20:59:13,Change Stage to Created
24600,2348725,2025-02-03 21:10:51,Change Stage to Created
24601,2348834,2025-02-03 21:11:14,Change Stage to Created
24602,2348876,2025-02-03 21:12:34,Change Stage to Created
24627,2349276,2025-02-03 22:21:17,Change Stage to Rejected
24628,2349141,2025-02-03 22:22:28,Change Stage to Created
24629,2349242,2025-02-03 22:23:15,Change Stage to Created
24630,2349251,2025-02-03 22:23:42,Change Stage to Created
24631,2349252,2025-02-03 22:26:02,Change Stage to Created
24632,2349082,2025-02-03 22:26:18,Change Stage to Created
24633,2348846,2025-02-03 22:26:58,Change Stage to Created
24634,2348849,2025-02-03 22:27:11,Change Stage to Created
24635,2349269,2025-02-03 22:27:24,Change Stage to Created
24636,2349269,2025-02-03 22:27:27,Change Stage to Created
24637,2348830,2025-02-03 22:27:38,Change Stage to Created
24638,2348974,2025-02-03 22:27:54,Change Stage to Created
24644,2348811,2025-02-03 22:28:57,Change Stage to Created
24646,2349310,2025-02-03 22:30:13,Change Stage to Created
24647,2349319,2025-02-03 22:30:19,Change Stage to Created
24648,2348747,2025-02-03 22:30:23,Change Stage to Requote
24650,2349187,2025-02-03 22:30:33,Change Stage to Created
24651,2348720,2025-02-03 22:30:38,Change Stage to Created
24653,2348835,2025-02-03 22:30:50,Change Stage to Created
24654,2349198,2025-02-03 22:30:55,Change Stage to Requote
24655,2348703,2025-02-03 22:31:00,Change Stage to Created
24659,2349233,2025-02-03 22:31:27,Change Stage to Created
24660,2349123,2025-02-03 22:31:36,Change Stage to Created
24661,2348744,2025-02-03 22:34:42,Change Stage to Rejected
24667,2348952,2025-02-03 22:35:49,Change Stage to Created
24669,2349240,2025-02-03 22:42:07,Change Stage to Rejected
24670,2348629,2025-02-03 22:43:59,Change Stage to Created
24673,2348796,2025-02-03 22:47:11,Change Stage to Created
24674,2348705,2025-02-03 22:47:19,Change Stage to Created
24676,2348965,2025-02-03 22:48:42,Change Stage to Requote
24677,2349106,2025-02-03 22:48:55,Change Stage to Requote
24680,2349265,2025-02-03 22:49:20,Change Stage to Created
24683,2349101,2025-02-03 22:49:39,Change Stage to Created
24684,2348924,2025-02-03 22:49:46,Change Stage to Created
24686,2349128,2025-02-03 22:50:00,Change Stage to Requote
24688,2349164,2025-02-03 22:50:18,Change Stage to Created
24689,2348661,2025-02-03 22:50:25,Change Stage to Created
24692,2349131,2025-02-03 22:50:48,Change Stage to Created
24694,2349253,2025-02-03 22:51:04,Change Stage to Requote
24695,2349138,2025-02-03 22:51:12,Change Stage to Created
24700,2349271,2025-02-03 22:52:27,Change Stage to Created
24701,2349300,2025-02-03 22:52:41,Change Stage to Created
24702,2349043,2025-02-03 22:52:48,Change Stage to Created
24709,2348771,2025-02-03 22:54:25,Change Stage to Created
24710,2348782,2025-02-03 22:54:31,Change Stage to Created
24712,2349285,2025-02-03 22:54:47,Change Stage to Created
24716,2348828,2025-02-03 22:55:14,Change Stage to Created
24718,2349236,2025-02-03 22:55:28,Change Stage to Created
24719,2349287,2025-02-03 22:55:41,Change Stage to Created
24722,2349129,2025-02-03 22:56:10,Change Stage to Created
24723,2349196,2025-02-03 22:56:18,Change Stage to Created
24724,2349178,2025-02-03 22:56:35,Change Stage to Created
24725,2348968,2025-02-03 22:57:51,Change Stage to Created
24731,2349094,2025-02-03 22:58:51,Change Stage to Created
24733,2349270,2025-02-03 22:59:07,Change Stage to Created
24734,2349303,2025-02-03 22:59:26,Change Stage to Created
24737,2348967,2025-02-03 23:00:57,Change Stage to Created
24739,2348888,2025-02-03 23:05:05,Change Stage to Created
24740,2348791,2025-02-03 23:05:14,Import CSV - Products
24741,2349085,2025-02-03 23:05:15,Change Stage to Created
24742,2349218,2025-02-03 23:05:22,Change Stage to Created
24743,2349022,2025-02-03 23:05:29,Change Stage to Created
24744,2349278,2025-02-03 23:05:40,Change Stage to Requote
24746,2349058,2025-02-03 23:05:53,Change Stage to Created
24747,2348791,2025-02-03 23:06:16,Delete Product: Penguin Parade - Penguin Plus Entry Ticket
24750,2349003,2025-02-03 23:07:14,Change Stage to Created
24751,2349197,2025-02-03 23:07:19,Change Stage to Created
24752,2349031,2025-02-03 23:07:20,Change Stage to Created
24753,2349168,2025-02-03 23:07:27,Change Stage to Created
24755,2349226,2025-02-03 23:07:40,Change Stage to Created
24756,2349031,2025-02-03 23:08:12,Change Stage to Created
24757,2349268,2025-02-03 23:08:45,Change Stage to Created
24762,2349031,2025-02-03 23:10:48,Change Stage to Created
24764,2349277,2025-02-03 23:14:09,Change Stage to Created
24765,2349031,2025-02-03 23:14:10,Change Stage to Created
24767,2348855,2025-02-03 23:14:26,Change Stage to Requote
24770,2349286,2025-02-03 23:14:55,Change Stage to Created
24771,2349031,2025-02-03 23:15:40,Change Stage to Created
24772,2349259,2025-02-03 23:16:02,Change Stage to Created
24774,2348891,2025-02-03 23:16:14,Change Stage to Requote
24775,2348943,2025-02-03 23:16:20,Change Stage to Requote
24777,2348930,2025-02-03 23:17:17,Change Stage to Created
24778,2349177,2025-02-03 23:18:25,Change Stage to Created
24792,2348679,2025-02-04 00:00:02,Change Stage to Auto Rejected Automatically
24794,2347101,2025-02-04 00:00:02,Change Stage to Auto Rejected Automatically
24796,2347177,2025-02-04 00:00:02,Change Stage to Auto Rejected Automatically
24798,2347388,2025-02-04 00:00:02,Change Stage to Auto Rejected Automatically
24800,2347557,2025-02-04 00:00:02,Change Stage to Auto Rejected Automatically
24802,2348280,2025-02-04 00:00:02,Change Stage to Auto Rejected Automatically
24805,2348710,2025-02-04 00:00:02,Change Stage to Auto Rejected Automatically
24806,2348852,2025-02-04 00:00:02,Change Stage to Auto Rejected Automatically
24807,2348881,2025-02-04 00:00:02,Change Stage to Auto Rejected Automatically
24808,2348893,2025-02-04 00:00:02,Change Stage to Auto Rejected Automatically
24809,2349186,2025-02-04 00:00:02,Change Stage to Auto Rejected Automatically
24815,2348861,2025-02-04 00:22:32,Change Stage to Rejected
24830,2348791,2025-02-04 01:21:43,Change Stage to Created
24831,2348791,2025-02-04 01:23:17,Delete Product: Showboat Return Transfer Within City - Sedan (Max 2 Pax)
24848,2348791,2025-02-04 07:44:16,Delete Product: SHOWBOAT DINNER CRUISE WITH INDIAN SET MENU & SHOW (VIP SEATING)
24849,2348791,2025-02-04 07:44:20,Delete Product: Showboat Return Transfer Within City - Sedan (Max 2 Pax)
24907,2348947,2025-02-04 16:09:20,Change Stage to Auto Rejected
24908,2348883,2025-02-04 16:09:41,Change Stage to Auto Rejected
24909,2348818,2025-02-04 16:10:14,Change Stage to Auto Rejected
24910,2348741,2025-02-04 16:10:19,Change Stage to Auto Rejected
24911,2348660,2025-02-04 16:10:45,Change Stage to Created
24914,2349203,2025-02-04 16:16:24,Change Stage to Rejected
24916,2348808,2025-02-04 16:28:50,Change Stage to Created
24921,2348765,2025-02-04 16:30:03,Change Stage to Created
24924,2348823,2025-02-04 16:30:45,Change Stage to Requote
24925,2348875,2025-02-04 16:30:57,Change Stage to Created
24926,2348841,2025-02-04 16:31:11,Change Stage to Created
24928,2348701,2025-02-04 16:33:42,Change Stage to Created
24936,2348704,2025-02-04 16:34:56,Change Stage to Created
24937,2349005,2025-02-04 16:35:05,Change Stage to Created
24938,2348674,2025-02-04 16:36:30,Change Stage to Created
24940,2349299,2025-02-04 16:36:49,Change Stage to Created
24952,2348635,2025-02-04 17:19:39,Change Stage to Created
24953,2348653,2025-02-04 17:24:48,Change Stage to Created
24954,2348949,2025-02-04 17:26:01,Change Stage to Created
24955,2348949,2025-02-04 17:27:49,Change Stage to Created
24956,2348949,2025-02-04 17:28:20,Change Stage to Rejected
24959,2348882,2025-02-04 17:31:43,Change Stage to Created
24961,2348853,2025-02-04 17:34:15,Change Stage to Created
24962,2349267,2025-02-04 17:36:25,Change Stage to Created
24964,2349182,2025-02-04 17:39:35,Change Stage to Rejected
24965,2348716,2025-02-04 17:39:51,Change Stage to Created
24972,2348944,2025-02-04 17:41:25,Change Stage to Created
24975,2349314,2025-02-04 17:44:25,Change Stage to Created
24982,2349035,2025-02-04 17:51:36,Change Stage to Created
24983,2349035,2025-02-04 17:51:44,Change Stage to Created
24984,2349050,2025-02-04 17:51:58,Change Stage to Created
24985,2348680,2025-02-04 17:52:00,Change Stage to Created
24986,2349077,2025-02-04 17:52:12,Change Stage to Created
24987,2349111,2025-02-04 17:52:22,Change Stage to Created
24988,2349181,2025-02-04 17:52:32,Change Stage to Created
25000,2349154,2025-02-04 18:08:20,Change Stage to Created
25001,2349210,2025-02-04 18:10:49,Change Stage to Created
25002,2349210,2025-02-04 18:10:56,Change Stage to Created
25003,2349188,2025-02-04 18:11:18,Change Stage to Requote
25004,2349210,2025-02-04 18:11:28,Change Stage to Created
25007,2349219,2025-02-04 18:19:42,Change Stage to Created
25008,2349219,2025-02-04 18:19:56,Change Stage to Created
25009,2349308,2025-02-04 18:22:24,Change Stage to Created
25012,2349281,2025-02-04 18:24:27,Change Stage to Created
25013,2348978,2025-02-04 18:25:23,Change Stage to Rejected
25014,2348850,2025-02-04 18:25:37,Change Stage to Created
25015,2348850,2025-02-04 18:25:42,Change Stage to Created
25026,2349262,2025-02-04 18:30:46,Change Stage to Created
25032,2348964,2025-02-04 18:37:38,Change Stage to Created
25033,2348964,2025-02-04 18:37:45,Change Stage to Created
25035,2348964,2025-02-04 18:38:00,Change Stage to Created
25039,2348791,2025-02-04 18:39:28,Delete Product: Scenic World - Ultimate Discovery Pass Entry Ticket
25040,2348791,2025-02-04 18:39:30,Delete Product: Sydney Zoo Entry Tickets
25041,2348791,2025-02-04 18:41:01,Delete Product: City Tour - Vehicle for 08 Hours - SUV
25042,2348791,2025-02-04 18:41:10,Delete Product: Cluster 2: 2 Attraction Pass - (with SEALIFE Aquarium) (Ticket)
25043,2348802,2025-02-04 18:52:44,Change Stage to Created
25044,2348923,2025-02-04 18:55:26,Change Stage to Requote
25045,2348802,2025-02-04 18:56:26,Change Stage to Created
25046,2348923,2025-02-04 18:58:08,Change Stage to Rejected
25052,2349124,2025-02-04 19:21:30,Change Stage to Created
25062,2349093,2025-02-04 19:25:05,Change Stage to Created
25063,2348791,2025-02-04 19:25:37,Delete Product: 4 Parks Pass - General Viewing Entry Ticket
25067,2349235,2025-02-04 19:31:28,Change Stage to Created
25068,2348964,2025-02-04 19:31:58,Change Stage to Rejected
25072,2349180,2025-02-04 19:34:43,Change Stage to Created
25073,2349180,2025-02-04 19:34:49,Change Stage to Created
25081,2349212,2025-02-04 19:45:37,Change Stage to Created
25082,2349212,2025-02-04 19:45:37,Change Stage to Created
25084,2349212,2025-02-04 19:59:49,Change Stage to Rejected
25085,2348654,2025-02-04 20:01:17,Change Stage to Requote
25087,2348662,2025-02-04 20:06:29,Change Stage to Rejected
25088,2349068,2025-02-04 20:11:19,Change Stage to Requote
25091,2349137,2025-02-04 20:17:43,Change Stage to Created
25092,2349137,2025-02-04 20:17:44,Change Stage to Created
25093,2349137,2025-02-04 20:17:44,Change Stage to Created
25094,2349137,2025-02-04 20:19:55,Change Stage to Created
25095,2349229,2025-02-04 20:34:15,Change Stage to Created
25096,2349191,2025-02-04 20:36:10,Change Stage to Rejected
25097,2349229,2025-02-04 20:36:22,Change Stage to Rejected
25098,2348961,2025-02-04 20:42:50,Change Stage to Created
25099,2348961,2025-02-04 20:43:23,Change Stage to Created
25102,2349242,2025-02-04 20:48:52,Change Stage to Created
25103,2349242,2025-02-04 20:50:36,Change Stage to Created
25104,2349125,2025-02-04 20:51:50,Change Stage to Created
25106,2348905,2025-02-04 20:59:59,Change Stage to Created
25107,2348905,2025-02-04 21:02:29,Change Stage to Created
25108,2348905,2025-02-04 21:02:35,Change Stage to Rejected
25109,2348630,2025-02-04 21:10:07,Change Stage to Created
25110,2349251,2025-02-04 21:12:56,Change Stage to Created
25113,2348791,2025-02-04 21:21:32,Delete Product: 4 Parks Pass - Penguin Plus: Entry Ticket
25118,2348697,2025-02-04 21:33:20,Change Stage to Created
25123,2349175,2025-02-04 21:58:21,Change Stage to Created
25124,2349175,2025-02-04 22:04:02,Change Stage to Created
25127,2349086,2025-02-04 22:08:43,Change Stage to Created
25128,2349086,2025-02-04 22:10:22,Change Stage to Rejected
25133,2349011,2025-02-04 22:21:00,Change Stage to Rejected
25171,2348862,2025-02-04 22:50:29,Change Stage to Created
25172,2348862,2025-02-04 22:52:54,Change Stage to Created
25173,2348862,2025-02-04 22:53:01,Change Stage to Rejected
25174,2348862,2025-02-04 23:23:26,Change Stage to Rejected
25179,2348698,2025-02-04 23:31:19,Change Stage to Created
25180,2348698,2025-02-04 23:31:29,Change Stage to Created
25184,2347138,2025-02-05 00:00:01,Change Stage to Auto Rejected Automatically
25187,2347472,2025-02-05 00:00:01,Change Stage to Auto Rejected Automatically
25188,2347493,2025-02-05 00:00:01,Change Stage to Auto Rejected Automatically
25190,2347566,2025-02-05 00:00:01,Change Stage to Auto Rejected Automatically
25191,2347567,2025-02-05 00:00:01,Change Stage to Auto Rejected Automatically
25192,2347569,2025-02-05 00:00:01,Change Stage to Auto Rejected Automatically
25193,2349014,2025-02-05 00:00:02,Change Stage to Auto Rejected Automatically
25194,2349017,2025-02-05 00:00:02,Change Stage to Auto Rejected Automatically
25196,2348696,2025-02-05 00:00:02,Change Stage to On Ground - Changes (Ops) Automatically
25197,2349042,2025-02-05 00:00:02,Change Stage to On Ground - Changes (Ops) Automatically
25198,2348898,2025-02-05 00:02:23,Change Stage to Rejected
25203,2349227,2025-02-05 00:17:13,Change Stage to Created
25239,2348854,2025-02-05 12:41:28,Change Stage to Rejected After Confirmation
25299,2349169,2025-02-05 18:10:44,Change Stage to Created
25300,2349169,2025-02-05 18:10:44,Change Stage to Created
25301,2349169,2025-02-05 18:11:05,Change Stage to Rejected
25302,2349169,2025-02-05 18:11:06,Change Stage to Rejected
25309,2349113,2025-02-05 18:26:55,Change Stage to Created
25310,2349113,2025-02-05 18:28:11,Change Stage to Created
25312,2348712,2025-02-05 18:35:36,Change Stage to Created
25313,2348712,2025-02-05 18:37:03,Change Stage to Created
25323,2349250,2025-02-05 18:52:09,Change Stage to Rejected
25324,2349248,2025-02-05 18:52:35,Change Stage to Rejected
25325,2349248,2025-02-05 18:52:53,Change Stage to Rejected
25326,2349250,2025-02-05 18:53:04,Change Stage to Rejected
25328,2349171,2025-02-05 19:03:43,Change Stage to Rejected
25332,2349142,2025-02-05 19:59:23,Change Stage to Created
25337,2348987,2025-02-05 20:13:16,Change Stage to Rejected
25338,2348987,2025-02-05 20:13:44,Change Stage to Accepted
25341,2348809,2025-02-05 20:22:02,Change Stage to Rejected
25342,2348941,2025-02-05 20:24:41,Change Stage to Created
25343,2348941,2025-02-05 20:27:11,Change Stage to Rejected
25344,2348939,2025-02-05 20:31:13,Change Stage to Rejected
25348,2349183,2025-02-05 20:53:29,Change Stage to Created
25351,2349218,2025-02-05 20:58:40,Change Stage to Created
25352,2349244,2025-02-05 20:58:46,Change Stage to Created
25353,2349164,2025-02-05 20:58:50,Change Stage to Created
25354,2349085,2025-02-05 20:58:56,Change Stage to Created
25355,2349101,2025-02-05 20:59:02,Change Stage to Created
25356,2349043,2025-02-05 20:59:08,Change Stage to Created
25357,2349046,2025-02-05 20:59:13,Change Stage to Created
25358,2348930,2025-02-05 20:59:19,Change Stage to Created
25362,2349253,2025-02-05 21:00:10,Change Stage to Requote
25363,2349243,2025-02-05 21:00:15,Change Stage to Created
25364,2349128,2025-02-05 21:00:21,Change Stage to Requote
25365,2349106,2025-02-05 21:00:28,Change Stage to Requote
25366,2348965,2025-02-05 21:00:33,Change Stage to Requote
25410,2349098,2025-02-05 21:21:47,Change Stage to Created
25411,2349268,2025-02-05 21:23:47,Change Stage to Created
25412,2349142,2025-02-05 21:35:28,Import CSV - Products
25414,2349142,2025-02-05 21:37:55,Change Stage to Created
25449,2347263,2025-02-06 00:00:02,Change Stage to Auto Rejected Automatically
25451,2347286,2025-02-06 00:00:02,Change Stage to Auto Rejected Automatically
25453,2347326,2025-02-06 00:00:02,Change Stage to Auto Rejected Automatically
25457,2347395,2025-02-06 00:00:02,Change Stage to Auto Rejected Automatically
25458,2347412,2025-02-06 00:00:02,Change Stage to Auto Rejected Automatically
25459,2347433,2025-02-06 00:00:02,Change Stage to Auto Rejected Automatically
25462,2348403,2025-02-06 00:00:02,Change Stage to Auto Rejected Automatically
25463,2348407,2025-02-06 00:00:02,Change Stage to Auto Rejected Automatically
25464,2348541,2025-02-06 00:00:02,Change Stage to Auto Rejected Automatically
25465,2348542,2025-02-06 00:00:02,Change Stage to Auto Rejected Automatically
25466,2348672,2025-02-06 00:00:02,Change Stage to Auto Rejected Automatically
25467,2348882,2025-02-06 00:00:02,Change Stage to Auto Rejected Automatically
25468,2348928,2025-02-06 00:00:02,Change Stage to Auto Rejected Automatically
25469,2349033,2025-02-06 00:00:02,Change Stage to Auto Rejected Automatically
25470,2349037,2025-02-06 00:00:02,Change Stage to Auto Rejected Automatically
25471,2349205,2025-02-06 00:00:02,Change Stage to Auto Rejected Automatically
25473,2348685,2025-02-06 00:00:02,Change Stage to On Ground - Changes (Ops) Automatically
25538,2348653,2025-02-06 16:10:16,Change Stage to Created
25545,2349120,2025-02-06 16:36:58,Change Stage to Created
25546,2349312,2025-02-06 16:40:55,Change Stage to Created
25547,2348630,2025-02-06 16:41:12,Change Stage to Created
25549,2349219,2025-02-06 16:43:38,Change Stage to Created
25550,2349093,2025-02-06 16:46:53,Change Stage to Rejected
25552,2349124,2025-02-06 16:48:26,Change Stage to Created
25554,2348654,2025-02-06 16:49:19,Change Stage to Requote
25585,2349120,2025-02-06 18:56:58,Change Stage to Rejected
25590,2349219,2025-02-06 19:03:06,Change Stage to Rejected
25602,2348850,2025-02-06 19:09:42,Change Stage to Created
25646,2349099,2025-02-06 19:37:18,Change Stage to Rejected
25647,2348780,2025-02-06 19:38:32,Change Stage to Rejected
25682,2348864,2025-02-06 20:05:46,Change Stage to Requote
25715,2349280,2025-02-06 21:09:49,Change Stage to Created
25738,2349188,2025-02-06 22:44:47,Change Stage to Requote
25772,2347405,2025-02-07 00:00:02,Change Stage to Auto Rejected Automatically
25775,2348795,2025-02-07 00:00:02,Change Stage to Auto Rejected Automatically
25776,2348806,2025-02-07 00:00:02,Change Stage to Auto Rejected Automatically
25868,2349298,2025-02-07 16:43:54,Change Stage to Created
25870,2349307,2025-02-07 16:50:43,Change Stage to Created
25871,2349307,2025-02-07 16:53:08,Change Stage to Created
25872,2349071,2025-02-07 16:56:19,Change Stage to Created
25873,2349072,2025-02-07 16:56:24,Change Stage to Created
25910,2349013,2025-02-07 21:45:09,Change Stage to Rejected
25916,2349230,2025-02-07 22:11:29,Change Stage to Created
25920,2348797,2025-02-07 22:21:16,Change Stage to Rejected
25921,2348788,2025-02-07 22:24:42,Change Stage to Rejected
25928,2348969,2025-02-07 22:35:06,Change Stage to Accepted - PRE QA - Land Bookings
25946,2348784,2025-02-07 22:47:47,Change Stage to Accepted - PRE QA - Land Bookings
25947,2348799,2025-02-07 22:48:14,Change Stage to Accepted - PRE QA - Land Bookings
25953,2349289,2025-02-07 22:49:54,Change Stage to Created
25960,2348788,2025-02-07 23:16:48,Change Stage to Rejected
25961,2348797,2025-02-07 23:17:32,Change Stage to Rejected
25974,2348707,2025-02-08 00:00:02,Change Stage to Auto Rejected Automatically
25975,2348867,2025-02-08 00:00:02,Change Stage to Auto Rejected Automatically
26065,2348763,2025-02-09 00:00:02,Change Stage to Auto Rejected Automatically
26066,2348906,2025-02-09 00:00:02,Change Stage to Auto Rejected Automatically
26067,2349061,2025-02-09 00:00:02,Change Stage to Auto Rejected Automatically
26073,2349108,2025-02-09 23:01:00,Change Stage to Requote
26074,2348989,2025-02-09 23:01:30,Change Stage to Requote
26075,2348958,2025-02-09 23:01:49,Change Stage to Requote
26076,2348760,2025-02-09 23:02:08,Change Stage to Created
26090,2348825,2025-02-10 00:00:02,Change Stage to Auto Rejected Automatically
26091,2348885,2025-02-10 00:00:02,Change Stage to Auto Rejected Automatically
26092,2348848,2025-02-10 00:00:02,Change Stage to On Ground - Changes (Ops) Automatically
26227,2348864,2025-02-10 18:24:09,Change Stage to Rejected
26228,2348864,2025-02-10 18:24:12,Change Stage to Rejected
26247,2348653,2025-02-10 19:24:52,Change Stage to Rejected
26278,2349068,2025-02-10 22:08:19,Change Stage to Requote
26279,2349068,2025-02-10 22:08:24,Change Stage to Requote
26287,2349200,2025-02-10 22:27:07,Change Stage to Created
26288,2349200,2025-02-10 22:34:22,Change Stage to Created
26289,2349200,2025-02-10 22:35:19,Change Stage to Rejected
26299,2348895,2025-02-10 22:48:04,Change Stage to Created
26300,2348895,2025-02-10 22:48:27,Change Stage to Created
26308,2348713,2025-02-10 23:15:42,Change Stage to Created
26310,2349209,2025-02-10 23:20:27,Change Stage to Requote
26313,2349224,2025-02-10 23:20:58,Change Stage to Requote
26315,2348761,2025-02-10 23:21:35,Change Stage to Rejected
26325,2347099,2025-02-11 00:00:02,Change Stage to Auto Rejected Automatically
26326,2347100,2025-02-11 00:00:02,Change Stage to Auto Rejected Automatically
26328,2347241,2025-02-11 00:00:02,Change Stage to Auto Rejected Automatically
26332,2348702,2025-02-11 00:00:02,Change Stage to Auto Rejected Automatically
26333,2348832,2025-02-11 00:00:02,Change Stage to Auto Rejected Automatically
26334,2348896,2025-02-11 00:00:02,Change Stage to Auto Rejected Automatically
26335,2348918,2025-02-11 00:00:02,Change Stage to Auto Rejected Automatically
26336,2349002,2025-02-11 00:00:02,Change Stage to Auto Rejected Automatically
26337,2349035,2025-02-11 00:00:02,Change Stage to Auto Rejected Automatically
26340,2349114,2025-02-11 00:00:43,Change Stage to Rejected
26341,2349140,2025-02-11 00:00:49,Change Stage to Created
26342,2348982,2025-02-11 00:02:39,Change Stage to Created
26343,2348977,2025-02-11 00:02:47,Change Stage to Created
26344,2349091,2025-02-11 00:03:00,Change Stage to Created
26345,2349091,2025-02-11 00:03:05,Change Stage to Created
26346,2349066,2025-02-11 00:03:16,Change Stage to Requote
26352,2349318,2025-02-11 00:14:04,Change Stage to Created
26353,2349317,2025-02-11 00:14:21,Change Stage to Created
26354,2349307,2025-02-11 00:14:54,Change Stage to Created
26355,2349298,2025-02-11 00:15:11,Change Stage to Created
26356,2349275,2025-02-11 00:15:28,Change Stage to Created
26357,2349285,2025-02-11 00:15:52,Change Stage to Created
26359,2349245,2025-02-11 00:16:19,Change Stage to Created
26360,2349236,2025-02-11 00:16:31,Change Stage to Created
26361,2349168,2025-02-11 00:17:00,Change Stage to Created
26362,2349177,2025-02-11 00:17:11,Change Stage to Created
26363,2349178,2025-02-11 00:17:27,Change Stage to Created
26364,2349151,2025-02-11 00:17:41,Change Stage to Created
26365,2349153,2025-02-11 00:17:56,Change Stage to Created
26366,2349155,2025-02-11 00:18:05,Change Stage to Created
26367,2349071,2025-02-11 00:18:20,Change Stage to Created
26368,2349072,2025-02-11 00:18:25,Change Stage to Created
26370,2349092,2025-02-11 00:18:51,Change Stage to Created
26371,2349102,2025-02-11 00:19:02,Change Stage to Requote
26372,2349045,2025-02-11 00:19:16,Change Stage to Created
26373,2349052,2025-02-11 00:19:23,Change Stage to Created
26374,2349069,2025-02-11 00:19:44,Change Stage to Created
26375,2349003,2025-02-11 00:19:49,Change Stage to Created
26376,2348865,2025-02-11 00:20:04,Change Stage to Created
26377,2348868,2025-02-11 00:20:11,Change Stage to Created
26378,2348876,2025-02-11 00:20:22,Change Stage to Created
26379,2348877,2025-02-11 00:20:40,Change Stage to Created
26380,2348847,2025-02-11 00:20:57,Change Stage to Created
26381,2348847,2025-02-11 00:21:02,Change Stage to Created
26382,2348846,2025-02-11 00:21:14,Change Stage to Created
26383,2348838,2025-02-11 00:21:26,Change Stage to Created
26384,2348834,2025-02-11 00:21:38,Change Stage to Created
26385,2348828,2025-02-11 00:21:49,Change Stage to Created
26386,2348793,2025-02-11 00:22:07,Change Stage to Created
26387,2348768,2025-02-11 00:22:28,Change Stage to Created
26388,2348700,2025-02-11 00:22:39,Change Stage to Created
26389,2348709,2025-02-11 00:22:54,Change Stage to Created
26390,2348715,2025-02-11 00:23:05,Change Stage to Created
26391,2348718,2025-02-11 00:23:17,Change Stage to Created
26392,2348721,2025-02-11 00:23:22,Change Stage to Created
26393,2348725,2025-02-11 00:23:27,Change Stage to Created
26394,2348725,2025-02-11 00:25:33,Change Stage to Created
26396,2348849,2025-02-11 00:26:22,Change Stage to Created
26397,2349280,2025-02-11 00:27:58,Change Stage to Created
26398,2349275,2025-02-11 00:28:04,Change Stage to Created
26399,2349091,2025-02-11 00:28:57,Change Stage to Created
26400,2349077,2025-02-11 00:29:06,Change Stage to Created
26401,2348954,2025-02-11 00:29:35,Change Stage to Created
26402,2348952,2025-02-11 00:29:41,Change Stage to Created
26545,2349154,2025-02-11 17:48:54,Change Stage to Created
26549,2349012,2025-02-11 18:00:59,Change Stage to Rejected
26596,2349308,2025-02-11 19:12:25,Change Stage to Created
26662,2348698,2025-02-11 21:11:30,Change Stage to Created
26683,2348774,2025-02-11 22:22:10,Change Stage to Created
26688,2349209,2025-02-11 22:47:02,Change Stage to Requote
26691,2349142,2025-02-11 22:49:04,Change Stage to Accepted
26692,2349140,2025-02-11 22:50:35,Change Stage to Rejected
26693,2349151,2025-02-11 22:51:03,Change Stage to Rejected
26694,2349072,2025-02-11 22:52:00,Change Stage to Rejected
26695,2349072,2025-02-11 22:52:12,Change Stage to Rejected
26696,2348977,2025-02-11 22:55:07,Change Stage to Rejected
26697,2348868,2025-02-11 22:58:37,Change Stage to Rejected
26698,2348865,2025-02-11 22:59:24,Change Stage to Created
26699,2348828,2025-02-11 22:59:54,Change Stage to Created
26700,2349293,2025-02-11 23:02:53,Change Stage to Rejected
26701,2349294,2025-02-11 23:03:28,Change Stage to Rejected
26702,2349237,2025-02-11 23:03:51,Change Stage to Rejected
26703,2349239,2025-02-11 23:04:08,Change Stage to Rejected
26704,2349152,2025-02-11 23:04:26,Change Stage to Rejected
26705,2349083,2025-02-11 23:04:44,Change Stage to Rejected
26706,2349163,2025-02-11 23:05:51,Change Stage to Rejected
26707,2349162,2025-02-11 23:05:57,Change Stage to Rejected
26708,2348957,2025-02-11 23:06:55,Change Stage to Rejected
26709,2349275,2025-02-11 23:07:38,Change Stage to Rejected
26710,2348771,2025-02-11 23:13:58,Change Stage to Rejected
26712,2348946,2025-02-11 23:19:05,Change Stage to Rejected
26715,2348697,2025-02-11 23:27:22,Change Stage to Created
26719,2347140,2025-02-12 00:00:01,Change Stage to Auto Rejected Automatically
26720,2347178,2025-02-12 00:00:01,Change Stage to Auto Rejected Automatically
26722,2347702,2025-02-12 00:00:01,Change Stage to Auto Rejected Automatically
26723,2347704,2025-02-12 00:00:01,Change Stage to Auto Rejected Automatically
26726,2348383,2025-02-12 00:00:01,Change Stage to Auto Rejected Automatically
26727,2348385,2025-02-12 00:00:01,Change Stage to Auto Rejected Automatically
26728,2348580,2025-02-12 00:00:01,Change Stage to Auto Rejected Automatically
26729,2348843,2025-02-12 00:00:02,Change Stage to Auto Rejected Automatically
26730,2348866,2025-02-12 00:00:02,Change Stage to Auto Rejected Automatically
26731,2348899,2025-02-12 00:00:02,Change Stage to Auto Rejected Automatically
26732,2348938,2025-02-12 00:00:02,Change Stage to Auto Rejected Automatically
26733,2349057,2025-02-12 00:00:02,Change Stage to Auto Rejected Automatically
26734,2348750,2025-02-12 00:00:02,Change Stage to On Ground - Changes (Ops) Automatically
26744,2349245,2025-02-12 00:31:23,Change Stage to Created
26745,2349188,2025-02-12 00:32:10,Change Stage to Requote
26750,2349050,2025-02-12 00:37:44,Change Stage to Rejected
26801,2348786,2025-02-12 13:51:19,Change Stage to Created
26802,2348786,2025-02-12 13:52:22,Change Stage to Rejected
26803,2349301,2025-02-12 13:55:17,Change Stage to Created
26804,2348786,2025-02-12 14:09:14,Change Stage to Rejected
26860,2349311,2025-02-12 17:10:50,Change Stage to Requote After Confirmation
26871,2349316,2025-02-12 17:48:44,Change Stage to Created
26982,2349300,2025-02-12 19:34:01,Change Stage to Created
26991,2349297,2025-02-12 19:38:50,Change Stage to Created
26993,2349290,2025-02-12 19:43:19,Change Stage to Created
26994,2349290,2025-02-12 19:45:01,Change Stage to Created
26995,2349283,2025-02-12 19:48:28,Change Stage to Rejected
27003,2349271,2025-02-12 20:47:41,Change Stage to Created
27008,2349045,2025-02-12 20:53:20,Change Stage to Rejected
27013,2349059,2025-02-12 20:54:04,Change Stage to Created
27016,2349227,2025-02-12 20:54:23,Change Stage to Created
27017,2348633,2025-02-12 20:54:33,Change Stage to Created
27018,2349228,2025-02-12 20:54:44,Change Stage to Created
27019,2349058,2025-02-12 20:54:55,Change Stage to Created
27020,2349058,2025-02-12 20:54:56,Change Stage to Created
27023,2349141,2025-02-12 20:55:31,Change Stage to Created
27025,2349095,2025-02-12 20:55:52,Change Stage to Created
27028,2349234,2025-02-12 20:56:23,Change Stage to Created
27043,2349320,2025-02-12 21:03:22,Change Stage to Created
27044,2349214,2025-02-12 21:03:49,Change Stage to Created
27045,2349194,2025-02-12 21:04:31,Change Stage to Created
27046,2348759,2025-02-12 21:04:44,Change Stage to Created
27047,2348755,2025-02-12 21:04:55,Change Stage to Created
27048,2348745,2025-02-12 21:05:11,Change Stage to Created
27049,2348740,2025-02-12 21:05:26,Change Stage to Created
27050,2348724,2025-02-12 21:05:52,Change Stage to Created
27051,2348663,2025-02-12 21:06:04,Change Stage to Created
27056,2349265,2025-02-12 21:09:13,Change Stage to Created
27058,2348739,2025-02-12 21:10:34,Change Stage to Created
27059,2348739,2025-02-12 21:10:40,Change Stage to Created
27060,2348758,2025-02-12 21:10:52,Change Stage to Created
27061,2348762,2025-02-12 21:11:03,Change Stage to Created
27062,2348764,2025-02-12 21:11:13,Change Stage to Created
27063,2348658,2025-02-12 21:11:25,Change Stage to Created
27064,2348671,2025-02-12 21:11:37,Change Stage to Created
27068,2349265,2025-02-12 21:12:22,Change Stage to Created
27070,2349238,2025-02-12 21:13:14,Change Stage to Created
27071,2349004,2025-02-12 21:13:29,Change Stage to Created
27072,2348967,2025-02-12 21:13:46,Change Stage to Created
27073,2348914,2025-02-12 21:13:58,Change Stage to Requote
27081,2349265,2025-02-12 21:33:26,Change Stage to Created
27115,2347258,2025-02-13 00:00:01,Change Stage to Auto Rejected Automatically
27117,2347318,2025-02-13 00:00:01,Change Stage to Auto Rejected Automatically
27119,2347322,2025-02-13 00:00:01,Change Stage to Auto Rejected Automatically
27122,2347327,2025-02-13 00:00:01,Change Stage to Auto Rejected Automatically
27125,2347363,2025-02-13 00:00:01,Change Stage to Auto Rejected Automatically
27126,2347414,2025-02-13 00:00:01,Change Stage to Auto Rejected Automatically
27127,2347596,2025-02-13 00:00:01,Change Stage to Auto Rejected Automatically
27129,2347864,2025-02-13 00:00:01,Change Stage to Auto Rejected Automatically
27132,2348718,2025-02-13 00:00:01,Change Stage to Auto Rejected Automatically
27133,2348850,2025-02-13 00:00:01,Change Stage to Auto Rejected Automatically
27134,2348853,2025-02-13 00:00:01,Change Stage to Auto Rejected Automatically
27135,2348897,2025-02-13 00:00:01,Change Stage to Auto Rejected Automatically
27136,2349230,2025-02-13 00:00:01,Change Stage to Auto Rejected Automatically
27137,2349232,2025-02-13 00:00:01,Change Stage to Auto Rejected Automatically
27268,2349135,2025-02-13 16:51:37,Change Stage to Accepted - PRE QA - Land Bookings
27269,2349135,2025-02-13 16:51:39,Change Stage to Accepted - PRE QA - Land Bookings
27270,2349135,2025-02-13 16:51:39,Change Stage to Accepted - PRE QA - Land Bookings
27271,2349105,2025-02-13 16:53:39,Change Stage to Accepted - PRE QA - Land Bookings
27272,2348857,2025-02-13 16:58:00,Change Stage to Accepted - PRE QA - Land Bookings
27276,2348860,2025-02-13 17:02:30,Change Stage to Accepted - PRE QA - Land Bookings
27277,2348860,2025-02-13 17:02:31,Change Stage to Accepted - PRE QA - Land Bookings
27354,2348785,2025-02-13 17:23:46,Change Stage to Accepted - PRE QA - Land Bookings
27360,2348822,2025-02-13 17:44:57,Change Stage to Accepted - PRE QA - Land Bookings
27462,2348350,2025-02-14 00:00:02,Change Stage to Auto Rejected Automatically
27463,2348351,2025-02-14 00:00:02,Change Stage to Auto Rejected Automatically
27466,2348635,2025-02-14 00:00:02,Change Stage to Auto Rejected Automatically
27467,2348644,2025-02-14 00:00:02,Change Stage to Auto Rejected Automatically
27468,2349118,2025-02-14 00:00:02,Change Stage to Auto Rejected Automatically
27469,2349172,2025-02-14 00:00:02,Change Stage to Auto Rejected Automatically
27628,2348935,2025-02-14 22:29:25,Change Stage to Created
27681,2347707,2025-02-15 00:00:02,Change Stage to Auto Rejected Automatically
27683,2347730,2025-02-15 00:00:02,Change Stage to Auto Rejected Automatically
27685,2348714,2025-02-15 00:00:02,Change Stage to Auto Rejected Automatically
27686,2348810,2025-02-15 00:00:02,Change Stage to Auto Rejected Automatically
27687,2349046,2025-02-15 00:00:02,Change Stage to Auto Rejected Automatically
27688,2349238,2025-02-15 00:00:02,Change Stage to Auto Rejected Automatically
27756,2349165,2025-02-15 17:03:46,Change Stage to Created
27776,2349277,2025-02-15 17:53:24,Change Stage to Created
27780,2349259,2025-02-15 17:54:34,Change Stage to Created
27781,2349259,2025-02-15 17:54:48,Change Stage to Created
27801,2349303,2025-02-15 18:11:43,Change Stage to Created
27802,2349270,2025-02-15 18:12:05,Change Stage to Created
27803,2349094,2025-02-15 18:16:48,Change Stage to Created
27804,2348968,2025-02-15 18:17:13,Change Stage to Created
27815,2349130,2025-02-15 18:27:06,Change Stage to Created
27816,2349097,2025-02-15 18:27:34,Change Stage to Created
27817,2349001,2025-02-15 18:28:03,Change Stage to Created
27818,2348979,2025-02-15 18:28:58,Change Stage to Created
27819,2348837,2025-02-15 18:29:32,Change Stage to Created
27820,2348791,2025-02-15 18:29:58,Change Stage to Created
27821,2348733,2025-02-15 18:30:20,Change Stage to Created
27823,2348734,2025-02-15 18:30:42,Change Stage to Created
27824,2348734,2025-02-15 18:31:07,Change Stage to Created
27840,2349310,2025-02-15 18:52:39,Change Stage to Created
27841,2349310,2025-02-15 18:52:46,Change Stage to Created
27842,2349319,2025-02-15 18:53:13,Change Stage to Created
27843,2349319,2025-02-15 18:53:19,Change Stage to Created
27844,2349233,2025-02-15 18:55:17,Change Stage to Created
27845,2349187,2025-02-15 18:55:34,Change Stage to Created
27846,2349198,2025-02-15 18:55:54,Change Stage to Requote
27847,2349198,2025-02-15 18:56:09,Change Stage to Requote
27848,2349123,2025-02-15 18:59:02,Change Stage to Created
27849,2348835,2025-02-15 18:59:21,Change Stage to Created
27850,2348747,2025-02-15 18:59:50,Change Stage to Requote
27851,2348703,2025-02-15 19:00:13,Change Stage to Created
27852,2348703,2025-02-15 19:00:17,Change Stage to Created
27853,2348720,2025-02-15 19:00:47,Change Stage to Created
27854,2348720,2025-02-15 19:00:52,Change Stage to Created
27855,2348629,2025-02-15 19:01:20,Change Stage to Created
27856,2348629,2025-02-15 19:01:26,Change Stage to Created
27867,2349258,2025-02-15 19:14:39,Change Stage to Created
27869,2349148,2025-02-15 19:16:35,Change Stage to Requote
27870,2349133,2025-02-15 19:16:59,Change Stage to Requote
27871,2349119,2025-02-15 19:18:30,Change Stage to Created
27872,2349089,2025-02-15 19:18:53,Change Stage to Created
27873,2349078,2025-02-15 19:20:24,Change Stage to Created
27875,2349080,2025-02-15 19:20:43,Change Stage to Created
27876,2348963,2025-02-15 19:21:03,Change Stage to Created
27877,2348980,2025-02-15 19:21:28,Change Stage to Created
27878,2348980,2025-02-15 19:21:35,Change Stage to Created
27879,2348919,2025-02-15 19:21:57,Change Stage to Created
27880,2348813,2025-02-15 19:22:15,Change Stage to Created
27881,2348814,2025-02-15 19:22:36,Change Stage to Created
27882,2348743,2025-02-15 19:22:55,Change Stage to Created
27883,2348751,2025-02-15 19:23:19,Change Stage to Created
27884,2348754,2025-02-15 19:23:38,Change Stage to Created
27885,2348706,2025-02-15 19:24:06,Change Stage to Created
27886,2348686,2025-02-15 19:24:27,Change Stage to Created
27887,2348687,2025-02-15 19:25:00,Change Stage to Created
27949,2347421,2025-02-16 00:00:01,Change Stage to Auto Rejected Automatically
27952,2347703,2025-02-16 00:00:01,Change Stage to Auto Rejected Automatically
27954,2347888,2025-02-16 00:00:01,Change Stage to Auto Rejected Automatically
27956,2347890,2025-02-16 00:00:01,Change Stage to Auto Rejected Automatically
27961,2348802,2025-02-16 00:00:01,Change Stage to Auto Rejected Automatically
27962,2348826,2025-02-16 00:00:02,Change Stage to Auto Rejected Automatically
27963,2348911,2025-02-16 00:00:02,Change Stage to Auto Rejected Automatically
27964,2349077,2025-02-16 00:00:02,Change Stage to Auto Rejected Automatically
27965,2349165,2025-02-16 00:00:02,Change Stage to Auto Rejected Automatically
27966,2349234,2025-02-16 00:00:02,Change Stage to Auto Rejected Automatically
27967,2349243,2025-02-16 00:00:02,Change Stage to Auto Rejected Automatically
28258,2347644,2025-02-17 00:00:01,Change Stage to Auto Rejected Automatically
28260,2347837,2025-02-17 00:00:01,Change Stage to Auto Rejected Automatically
28261,2348713,2025-02-17 00:00:02,Change Stage to Auto Rejected Automatically
28262,2348791,2025-02-17 00:00:02,Change Stage to Auto Rejected Automatically
28263,2348872,2025-02-17 00:00:02,Change Stage to Auto Rejected Automatically
28782,2347380,2025-02-18 00:00:01,Change Stage to Auto Rejected Automatically
28783,2347654,2025-02-18 00:00:01,Change Stage to Auto Rejected Automatically
28784,2347656,2025-02-18 00:00:01,Change Stage to Auto Rejected Automatically
28785,2347658,2025-02-18 00:00:01,Change Stage to Auto Rejected Automatically
28786,2347671,2025-02-18 00:00:01,Change Stage to Auto Rejected Automatically
28789,2348837,2025-02-18 00:00:01,Change Stage to Auto Rejected Automatically
28790,2349010,2025-02-18 00:00:01,Change Stage to Auto Rejected Automatically
28791,2349207,2025-02-18 00:00:01,Change Stage to Auto Rejected Automatically
29217,2347357,2025-02-19 00:00:01,Change Stage to Auto Rejected Automatically
29219,2347359,2025-02-19 00:00:01,Change Stage to Auto Rejected Automatically
29221,2347371,2025-02-19 00:00:01,Change Stage to Auto Rejected Automatically
29224,2348633,2025-02-19 00:00:01,Change Stage to Auto Rejected Automatically
29225,2348660,2025-02-19 00:00:01,Change Stage to Auto Rejected Automatically
29226,2348959,2025-02-19 00:00:01,Change Stage to Auto Rejected Automatically
29227,2349098,2025-02-19 00:00:01,Change Stage to Auto Rejected Automatically
29407,2348670,2025-02-19 16:53:26,Change Stage to Delivered
29552,2347195,2025-02-20 00:00:01,Change Stage to Auto Rejected Automatically
29555,2347470,2025-02-20 00:00:01,Change Stage to Auto Rejected Automatically
29556,2347475,2025-02-20 00:00:01,Change Stage to Auto Rejected Automatically
29559,2347872,2025-02-20 00:00:01,Change Stage to Auto Rejected Automatically
29560,2348845,2025-02-20 00:00:01,Change Stage to Auto Rejected Automatically
29561,2349031,2025-02-20 00:00:01,Change Stage to Auto Rejected Automatically
29993,2347600,2025-02-21 00:00:01,Change Stage to Auto Rejected Automatically
29994,2347601,2025-02-21 00:00:01,Change Stage to Auto Rejected Automatically
29996,2347672,2025-02-21 00:00:01,Change Stage to Auto Rejected Automatically
29998,2347806,2025-02-21 00:00:01,Change Stage to Auto Rejected Automatically
30000,2347808,2025-02-21 00:00:01,Change Stage to Auto Rejected Automatically
30002,2347832,2025-02-21 00:00:01,Change Stage to Auto Rejected Automatically
30004,2347841,2025-02-21 00:00:01,Change Stage to Auto Rejected Automatically
30008,2348630,2025-02-21 00:00:02,Change Stage to Auto Rejected Automatically
30009,2348658,2025-02-21 00:00:02,Change Stage to Auto Rejected Automatically
30010,2348935,2025-02-21 00:00:02,Change Stage to Auto Rejected Automatically
30011,2348936,2025-02-21 00:00:02,Change Stage to Auto Rejected Automatically
30012,2349097,2025-02-21 00:00:02,Change Stage to Auto Rejected Automatically
30013,2349130,2025-02-21 00:00:02,Change Stage to Auto Rejected Automatically
30014,2349194,2025-02-21 00:00:02,Change Stage to Auto Rejected Automatically
30015,2349312,2025-02-21 00:00:02,Change Stage to Auto Rejected Automatically
30024,2348634,2025-02-21 05:33:00,Change Stage to Rejected After Confrmation QA pending
30025,2348726,2025-02-21 05:34:46,Change Stage to Rejected After Confrmation QA pending
30026,2349273,2025-02-21 05:36:35,Change Stage to Rejected After Confrmation QA pending
30240,2349245,2025-02-21 18:30:30,Change Stage to Rejected
30241,2349245,2025-02-21 18:30:33,Change Stage to Rejected
30586,2347625,2025-02-23 00:00:02,Change Stage to Auto Rejected Automatically
30587,2347626,2025-02-23 00:00:02,Change Stage to Auto Rejected Automatically
30590,2348602,2025-02-23 00:00:02,Change Stage to Auto Rejected Automatically
30591,2348603,2025-02-23 00:00:02,Change Stage to Auto Rejected Automatically
30592,2349183,2025-02-23 00:00:02,Change Stage to Auto Rejected Automatically
31385,2347375,2025-02-24 00:00:01,Change Stage to Auto Rejected Automatically
31386,2347607,2025-02-24 00:00:01,Change Stage to Auto Rejected Automatically
31387,2347608,2025-02-24 00:00:01,Change Stage to Auto Rejected Automatically
31565,2347767,2025-02-25 00:00:02,Change Stage to Auto Rejected Automatically
31567,2348733,2025-02-25 00:00:02,Change Stage to Auto Rejected Automatically
31568,2349302,2025-02-25 00:00:02,Change Stage to Auto Rejected Automatically
32033,2347153,2025-02-26 00:00:01,Change Stage to Auto Rejected Automatically
32035,2347473,2025-02-26 00:00:01,Change Stage to Auto Rejected Automatically
32037,2347528,2025-02-26 00:00:02,Change Stage to Auto Rejected Automatically
32038,2347529,2025-02-26 00:00:02,Change Stage to Auto Rejected Automatically
32040,2347538,2025-02-26 00:00:02,Change Stage to Auto Rejected Automatically
32042,2348709,2025-02-26 00:00:02,Change Stage to Auto Rejected Automatically
32043,2348715,2025-02-26 00:00:02,Change Stage to Auto Rejected Automatically
32044,2348716,2025-02-26 00:00:02,Change Stage to Auto Rejected Automatically
32045,2348749,2025-02-26 00:00:02,Change Stage to Auto Rejected Automatically
32046,2348894,2025-02-26 00:00:02,Change Stage to Auto Rejected Automatically
32047,2349001,2025-02-26 00:00:02,Change Stage to Auto Rejected Automatically
32048,2349069,2025-02-26 00:00:02,Change Stage to Auto Rejected Automatically
32049,2349103,2025-02-26 00:00:02,Change Stage to Auto Rejected Automatically
32050,2349262,2025-02-26 00:00:02,Change Stage to Auto Rejected Automatically
32051,2349267,2025-02-26 00:00:02,Change Stage to Auto Rejected Automatically
32052,2349301,2025-02-26 00:00:02,Change Stage to Auto Rejected Automatically
32411,2347866,2025-02-27 00:00:02,Change Stage to Auto Rejected Automatically
32413,2348955,2025-02-27 00:00:02,Change Stage to Auto Rejected Automatically
32414,2348979,2025-02-27 00:00:02,Change Stage to Auto Rejected Automatically
32740,2349068,2025-02-27 17:40:44,Change Stage to Requote
32947,2349320,2025-02-28 12:09:14,Change Stage to Created
32948,2349320,2025-02-28 12:16:22,Change Stage to Created
32949,2349320,2025-02-28 12:18:47,Delete Product: DW4W - 1 hr Sandboarding & 1.5 hr Dolphin Watch Cruise
32950,2349320,2025-02-28 12:24:18,Delete Product: City Tour & Phillip Island (12 Hours)  - Sedan (Upto 02 Pax)
32951,2349320,2025-02-28 12:26:20,Delete Product: Penguin Parade - Standard Viewing Entry Ticket
32952,2349320,2025-02-28 12:32:34,Delete Product: Phillip Island (10 Hours)  - Sedan (Upto 02 Pax)
32953,2349320,2025-02-28 12:33:07,Delete Product: Maru Koala and Animal Park - COMBINED : ALL DAY PASS ENTRY TICKET
32954,2349320,2025-02-28 12:33:10,Delete Product: Antarctic Journey at the Nobbies Entry Ticket
32955,2349320,2025-02-28 12:33:14,Delete Product: Penguin Parade - Standard Viewing Entry Ticket
32956,2349320,2025-02-28 12:33:18,Delete Product: City Tour (08 Hours) - Sedan (Upto 02 Pax)
33212,2348353,2025-03-01 00:00:01,Change Stage to Auto Rejected Automatically
33215,2348734,2025-03-01 00:00:01,Change Stage to Auto Rejected Automatically
33216,2349291,2025-03-01 00:00:01,Change Stage to Auto Rejected Automatically
33305,2348721,2025-03-02 00:00:02,Change Stage to Auto Rejected Automatically
33306,2348745,2025-03-02 00:00:02,Change Stage to Auto Rejected Automatically
33307,2348798,2025-03-02 00:00:02,Change Stage to Auto Rejected Automatically
33308,2348808,2025-03-02 00:00:02,Change Stage to Auto Rejected Automatically
33309,2349089,2025-03-02 00:00:02,Change Stage to Auto Rejected Automatically
33310,2349090,2025-03-02 00:00:02,Change Stage to Auto Rejected Automatically
33311,2349155,2025-03-02 00:00:02,Change Stage to Auto Rejected Automatically
33312,2349266,2025-03-02 00:00:02,Change Stage to Auto Rejected Automatically
33476,2347597,2025-03-03 00:00:02,Change Stage to Auto Rejected Automatically
33477,2348813,2025-03-03 00:00:02,Change Stage to Auto Rejected Automatically
33478,2348856,2025-03-03 00:00:02,Change Stage to Auto Rejected Automatically
33479,2349159,2025-03-03 00:00:02,Change Stage to Auto Rejected Automatically
33802,2347259,2025-03-04 00:00:01,Change Stage to Auto Rejected Automatically
33803,2347298,2025-03-04 00:00:01,Change Stage to Auto Rejected Automatically
33805,2348687,2025-03-04 00:00:01,Change Stage to Auto Rejected Automatically
33806,2348944,2025-03-04 00:00:01,Change Stage to Auto Rejected Automatically
33807,2349189,2025-03-04 00:00:01,Change Stage to Auto Rejected Automatically
34140,2347151,2025-03-05 00:00:02,Change Stage to Auto Rejected Automatically
34142,2347675,2025-03-05 00:00:02,Change Stage to Auto Rejected Automatically
34143,2347694,2025-03-05 00:00:02,Change Stage to Auto Rejected Automatically
34145,2348620,2025-03-05 00:00:02,Change Stage to Auto Rejected Automatically
34146,2348659,2025-03-05 00:00:02,Change Stage to Auto Rejected Automatically
34147,2348961,2025-03-05 00:00:02,Change Stage to Auto Rejected Automatically
34148,2349091,2025-03-05 00:00:02,Change Stage to Auto Rejected Automatically
34149,2349124,2025-03-05 00:00:02,Change Stage to Auto Rejected Automatically
34150,2349137,2025-03-05 00:00:02,Change Stage to Auto Rejected Automatically
34192,2349320,2025-03-05 11:45:56,Delete Product: Blue Mountains - Upto 10 Hours - Sedan (Upto 02 Pax)
34193,2349320,2025-03-05 11:46:14,Delete Product: Scenic World - Ultimate Discovery Pass Entry Ticket
34194,2349320,2025-03-05 11:46:17,Delete Product: Sydney Zoo Entry Tickets
34195,2349320,2025-03-05 11:46:29,Delete Product: City Tour - Vehicle for 08 Hours - SUV
34196,2349320,2025-03-05 11:46:56,Delete Product: Port Stephens Tour (Up to 10 hrs) - SUV (Max 3 Pax)
34197,2349320,2025-03-05 11:47:11,Delete Product: Port Stephens 4WD Tours - BEACH & DUNE TOUR WITH SANDBOARDING
34198,2349320,2025-03-05 11:47:15,Delete Product: SSDW -  2 hr Splash & Slide Dolphin Watch
34199,2349320,2025-03-05 11:47:37,Delete Product: Great Ocean Road - Sedan (Upto 02 Pax)
34200,2349320,2025-03-05 11:48:26,Delete Product: City Tour & Phillip Island (12 Hours)  - Sedan (Upto 02 Pax)
34201,2349320,2025-03-05 11:48:48,Delete Product: Melbourne Cricket Ground - MCG Tour (Ticket)
34202,2349320,2025-03-05 11:48:59,Delete Product: Eureka Skydeck 88 Entry Ticket
34203,2349320,2025-03-05 11:49:04,Delete Product: Penguin Parade - Standard Viewing Entry Ticket
34204,2349320,2025-03-05 11:54:22,Delete Product: 
34205,2349320,2025-03-05 11:54:52,Delete Product: Sydney Zoo Entry Tickets
34206,2349320,2025-03-05 12:01:07,Change Stage to Created
34763,2347769,2025-03-06 00:00:01,Change Stage to Auto Rejected Automatically
34765,2348049,2025-03-06 00:00:01,Change Stage to Auto Rejected Automatically
34767,2348128,2025-03-06 00:00:01,Change Stage to Auto Rejected Automatically
34768,2349125,2025-03-06 00:00:01,Change Stage to Auto Rejected Automatically
34769,2349242,2025-03-06 00:00:01,Change Stage to Auto Rejected Automatically
34770,2349251,2025-03-06 00:00:01,Change Stage to Auto Rejected Automatically
34771,2349258,2025-03-06 00:00:01,Change Stage to Auto Rejected Automatically
35134,2347299,2025-03-07 00:00:01,Change Stage to Auto Rejected Automatically
35137,2347522,2025-03-07 00:00:01,Change Stage to Auto Rejected Automatically
35139,2347735,2025-03-07 00:00:01,Change Stage to Auto Rejected Automatically
35140,2347843,2025-03-07 00:00:01,Change Stage to Auto Rejected Automatically
35142,2347876,2025-03-07 00:00:01,Change Stage to Auto Rejected Automatically
35145,2348697,2025-03-07 00:00:01,Change Stage to Auto Rejected Automatically
35146,2348743,2025-03-07 00:00:01,Change Stage to Auto Rejected Automatically
35147,2348824,2025-03-07 00:00:01,Change Stage to Auto Rejected Automatically
35148,2348889,2025-03-07 00:00:01,Change Stage to Auto Rejected Automatically
35149,2348926,2025-03-07 00:00:01,Change Stage to Auto Rejected Automatically
35150,2348960,2025-03-07 00:00:01,Change Stage to Auto Rejected Automatically
35151,2349028,2025-03-07 00:00:01,Change Stage to Auto Rejected Automatically
35152,2349175,2025-03-07 00:00:01,Change Stage to Auto Rejected Automatically
35164,2349139,2025-03-07 09:43:55,Change Stage to Requote After Confirmation
35165,2349220,2025-03-07 09:44:52,Change Stage to Rejected After Confrmation QA pending
35166,2349142,2025-03-07 09:45:33,Change Stage to Rejected After Confrmation QA pending
35167,2349117,2025-03-07 09:46:54,Change Stage to Rejected After Confrmation QA pending
35168,2349030,2025-03-07 09:49:34,Change Stage to Rejected After Confrmation QA pending
35169,2349024,2025-03-07 09:53:28,Change Stage to Rejected After Confrmation QA pending
35170,2349007,2025-03-07 09:54:16,Change Stage to Rejected After Confrmation QA pending
35171,2348991,2025-03-07 09:55:53,Change Stage to Rejected After Confrmation QA pending
35172,2348990,2025-03-07 09:56:28,Change Stage to Rejected After Confrmation QA pending
35173,2348987,2025-03-07 09:57:21,Change Stage to Rejected After Confrmation QA pending
35174,2348987,2025-03-07 09:58:32,Change Stage to Rejected After Confrmation QA pending
35175,2348874,2025-03-07 10:01:07,Change Stage to Rejected After Confrmation QA pending
35176,2348871,2025-03-07 10:08:13,Change Stage to Rejected After Confrmation QA pending
35177,2348727,2025-03-07 10:12:15,Change Stage to Rejected After Confrmation QA pending
35178,2348693,2025-03-07 10:13:21,Change Stage to Rejected After Confrmation QA pending
35180,2348651,2025-03-07 10:15:02,Change Stage to Rejected After Confrmation QA pending
35181,2348676,2025-03-07 10:15:49,Change Stage to Rejected After Confrmation QA pending
35182,2348684,2025-03-07 10:17:06,Change Stage to Rejected After Confrmation QA pending
35185,2348640,2025-03-07 10:18:41,Change Stage to Rejected After Confrmation QA pending
35190,2348641,2025-03-07 10:20:39,Change Stage to Rejected After Confrmation QA pending
35191,2348642,2025-03-07 10:22:46,Change Stage to Rejected After Confrmation QA pending
35192,2348708,2025-03-07 10:27:41,Change Stage to Rejected After Confrmation QA pending
35541,2347565,2025-03-08 00:00:02,Change Stage to Auto Rejected Automatically
35542,2348847,2025-03-08 00:00:02,Change Stage to Auto Rejected Automatically
35543,2349008,2025-03-08 00:00:02,Change Stage to Auto Rejected Automatically
35902,2347365,2025-03-09 00:00:02,Change Stage to Auto Rejected Automatically
35903,2348107,2025-03-09 00:00:02,Change Stage to Auto Rejected Automatically
35905,2348121,2025-03-09 00:00:02,Change Stage to Auto Rejected Automatically
35906,2348246,2025-03-09 00:00:02,Change Stage to Auto Rejected Automatically
35907,2348483,2025-03-09 00:00:02,Change Stage to Auto Rejected Automatically
35933,2349076,2025-03-09 08:48:56,Change Stage to Payment Received - Release Vouchers
35937,2347266,2025-03-10 00:00:02,Change Stage to Auto Rejected Automatically
35939,2347476,2025-03-10 00:00:02,Change Stage to Auto Rejected Automatically
35941,2347662,2025-03-10 00:00:02,Change Stage to Auto Rejected Automatically
35942,2347663,2025-03-10 00:00:02,Change Stage to Auto Rejected Automatically
35943,2347690,2025-03-10 00:00:02,Change Stage to Auto Rejected Automatically
35944,2347691,2025-03-10 00:00:02,Change Stage to Auto Rejected Automatically
36005,2349026,2025-03-10 17:21:50,Change Stage to Rejected
36007,2349021,2025-03-10 17:21:56,Change Stage to Rejected
36008,2349021,2025-03-10 17:22:00,Change Stage to Rejected
36011,2349026,2025-03-10 17:23:31,Change Stage to Rejected
36044,2349298,2025-03-10 17:59:49,Change Stage to Rejected
36348,2347599,2025-03-11 00:00:02,Change Stage to Auto Rejected Automatically
36351,2347824,2025-03-11 00:00:02,Change Stage to Auto Rejected Automatically
36353,2348560,2025-03-11 00:00:02,Change Stage to Auto Rejected Automatically
36354,2348740,2025-03-11 00:00:02,Change Stage to Auto Rejected Automatically
36355,2349095,2025-03-11 00:00:02,Change Stage to Auto Rejected Automatically
36356,2349141,2025-03-11 00:00:02,Change Stage to Auto Rejected Automatically
36357,2349208,2025-03-11 00:00:02,Change Stage to Auto Rejected Automatically
36721,2348207,2025-03-12 00:00:01,Change Stage to Auto Rejected Automatically
36722,2348585,2025-03-12 00:00:02,Change Stage to Auto Rejected Automatically
36723,2348586,2025-03-12 00:00:02,Change Stage to Auto Rejected Automatically
36724,2348698,2025-03-12 00:00:02,Change Stage to Auto Rejected Automatically
36725,2348814,2025-03-12 00:00:02,Change Stage to Auto Rejected Automatically
36857,2542197,2025-03-12 17:45:17,Change Stage to Rejected
37015,2347951,2025-03-13 00:00:01,Change Stage to Auto Rejected Automatically
37017,2348656,2025-03-13 00:00:02,Change Stage to Auto Rejected Automatically
37018,2348712,2025-03-13 00:00:02,Change Stage to Auto Rejected Automatically
37019,2349206,2025-03-13 00:00:02,Change Stage to Auto Rejected Automatically
37114,2538108,2025-03-13 18:39:30,Change Stage to Rejected
37116,2542639,2025-03-13 18:41:14,Change Stage to Rejected
37131,2499129,2025-03-13 18:51:27,Change Stage to Rejected
37145,2535821,2025-03-13 19:26:52,Change Stage to Rejected
37167,2543785,2025-03-13 20:17:46,Change Stage to Rejected
37170,2510281,2025-03-13 20:31:00,Change Stage to Rejected
37173,2483186,2025-03-13 20:50:34,Change Stage to Rejected
37239,2347697,2025-03-14 00:00:02,Change Stage to Auto Rejected Automatically
37241,2347878,2025-03-14 00:00:02,Change Stage to Auto Rejected Automatically
37242,2348229,2025-03-14 00:00:02,Change Stage to Auto Rejected Automatically
37245,2348469,2025-03-14 00:00:02,Change Stage to Auto Rejected Automatically
37246,2348526,2025-03-14 00:00:02,Change Stage to Auto Rejected Automatically
37247,2348789,2025-03-14 00:00:02,Change Stage to Auto Rejected Automatically
37248,2349153,2025-03-14 00:00:02,Change Stage to Auto Rejected Automatically
37249,2349244,2025-03-14 00:00:02,Change Stage to Auto Rejected Automatically
37250,2349314,2025-03-14 00:00:02,Change Stage to Auto Rejected Automatically
37277,2347332,2025-03-15 00:00:01,Change Stage to Auto Rejected Automatically
37281,2348571,2025-03-15 00:00:01,Change Stage to Auto Rejected Automatically
37418,39,2025-03-16 00:00:02,Change Stage to Auto Rejected Automatically
37419,2347727,2025-03-16 00:00:02,Change Stage to Auto Rejected Automatically
37420,2347749,2025-03-16 00:00:02,Change Stage to Auto Rejected Automatically
37421,2347751,2025-03-16 00:00:02,Change Stage to Auto Rejected Automatically
37426,2348751,2025-03-16 00:00:02,Change Stage to Auto Rejected Automatically
37427,2348765,2025-03-16 00:00:02,Change Stage to Auto Rejected Automatically
37428,2348790,2025-03-16 00:00:02,Change Stage to Auto Rejected Automatically
37429,2348793,2025-03-16 00:00:02,Change Stage to Auto Rejected Automatically
37430,2348919,2025-03-16 00:00:02,Change Stage to Auto Rejected Automatically
37431,2349079,2025-03-16 00:00:02,Change Stage to Auto Rejected Automatically
37432,2349111,2025-03-16 00:00:02,Change Stage to Auto Rejected Automatically
37433,2349112,2025-03-16 00:00:02,Change Stage to Auto Rejected Automatically
37434,2349113,2025-03-16 00:00:02,Change Stage to Auto Rejected Automatically
37435,2349280,2025-03-16 00:00:02,Change Stage to Auto Rejected Automatically
37436,2349305,2025-03-16 00:00:02,Change Stage to Auto Rejected Automatically
37489,2347408,2025-03-17 00:00:01,Change Stage to Auto Rejected Automatically
37492,2348584,2025-03-17 00:00:01,Change Stage to Auto Rejected Automatically
37493,2348737,2025-03-17 00:00:01,Change Stage to Auto Rejected Automatically
37494,2348738,2025-03-17 00:00:01,Change Stage to Auto Rejected Automatically
37495,2349288,2025-03-17 00:00:01,Change Stage to Auto Rejected Automatically
37592,2542419,2025-03-17 17:32:08,Change Stage to Rejected
37606,2535604,2025-03-17 17:50:41,Change Stage to Rejected
37608,2417431,2025-03-17 17:51:47,Change Stage to Rejected
37611,2317275,2025-03-17 17:52:14,Change Stage to Rejected
37612,2527527,2025-03-17 17:52:45,Change Stage to Rejected
37734,2348435,2025-03-18 00:00:02,Change Stage to Auto Rejected Automatically
37735,2348495,2025-03-18 00:00:02,Change Stage to Auto Rejected Automatically
37736,2348691,2025-03-18 00:00:02,Change Stage to Auto Rejected Automatically
37995,2347591,2025-03-19 00:00:01,Change Stage to Auto Rejected Automatically
37996,2347728,2025-03-19 00:00:01,Change Stage to Auto Rejected Automatically
37997,2347880,2025-03-19 00:00:01,Change Stage to Auto Rejected Automatically
37998,2349071,2025-03-19 00:00:02,Change Stage to Auto Rejected Automatically
37999,2349307,2025-03-19 00:00:02,Change Stage to Auto Rejected Automatically
38398,2349029,2025-03-19 21:41:40,Change Stage to Rejected
38408,2349290,2025-03-19 21:58:57,Change Stage to Rejected
38409,2349216,2025-03-19 21:59:55,Change Stage to Rejected
38424,2349227,2025-03-19 22:54:39,Change Stage to Rejected
38460,2348754,2025-03-20 00:00:01,Change Stage to Auto Rejected Automatically
38732,2347861,2025-03-21 00:00:02,Change Stage to Auto Rejected Automatically
38734,2348562,2025-03-21 00:00:02,Change Stage to Auto Rejected Automatically
38735,2348706,2025-03-21 00:00:02,Change Stage to Auto Rejected Automatically
38736,2348895,2025-03-21 00:00:02,Change Stage to Auto Rejected Automatically
38737,2349181,2025-03-21 00:00:02,Change Stage to Auto Rejected Automatically
39009,2347410,2025-03-22 00:00:02,Change Stage to Auto Rejected Automatically
39012,2348680,2025-03-22 00:00:02,Change Stage to Auto Rejected Automatically
39013,2348774,2025-03-22 00:00:02,Change Stage to Auto Rejected Automatically
39014,2348875,2025-03-22 00:00:02,Change Stage to Auto Rejected Automatically
39015,2349080,2025-03-22 00:00:02,Change Stage to Auto Rejected Automatically
39016,2349235,2025-03-22 00:00:02,Change Stage to Auto Rejected Automatically
39220,2347288,2025-03-23 00:00:02,Change Stage to Auto Rejected Automatically
39222,2347793,2025-03-23 00:00:02,Change Stage to Auto Rejected Automatically
39223,2347827,2025-03-23 00:00:02,Change Stage to Auto Rejected Automatically
39224,2347829,2025-03-23 00:00:02,Change Stage to Auto Rejected Automatically
39226,2347839,2025-03-23 00:00:02,Change Stage to Auto Rejected Automatically
39227,2347857,2025-03-23 00:00:02,Change Stage to Auto Rejected Automatically
39228,2348069,2025-03-23 00:00:02,Change Stage to Auto Rejected Automatically
39229,2348686,2025-03-23 00:00:02,Change Stage to Auto Rejected Automatically
39230,2348841,2025-03-23 00:00:02,Change Stage to Auto Rejected Automatically
39231,2348877,2025-03-23 00:00:02,Change Stage to Auto Rejected Automatically
39257,2348838,2025-03-24 00:00:02,Change Stage to Auto Rejected Automatically
39258,2349180,2025-03-24 00:00:02,Change Stage to Auto Rejected Automatically
39409,2538245,2025-03-24 18:55:26,Change Stage to Rejected
39411,2537938,2025-03-24 18:58:15,Change Stage to Created
39413,2537938,2025-03-24 18:59:44,Change Stage to Rejected
39567,2349317,2025-03-25 00:00:02,Change Stage to Auto Rejected Automatically
39792,2349076,2025-03-25 18:21:26,Change Stage to Final QA
39795,2348821,2025-03-25 18:22:18,Change Stage to Final QA
39803,2348753,2025-03-25 18:27:40,Change Stage to Final QA
39806,2348692,2025-03-25 18:28:47,Change Stage to Final QA
39911,2349119,2025-03-25 21:03:41,Change Stage to Rejected
39952,2533896,2025-03-25 21:39:44,Change Stage to Rejected
39954,2533843,2025-03-25 21:40:04,Change Stage to Rejected
39957,2349078,2025-03-25 21:40:48,Change Stage to Rejected
39971,2348963,2025-03-25 21:50:36,Change Stage to Rejected
39976,2348980,2025-03-25 21:54:13,Change Stage to Rejected
40007,2324153,2025-03-25 22:17:21,Change Stage to Rejected
40009,2331096,2025-03-25 22:17:58,Change Stage to Rejected
40017,2534836,2025-03-25 22:30:26,Change Stage to Rejected
40036,2371061,2025-03-25 23:22:21,Change Stage to Rejected
40037,2371036,2025-03-25 23:23:01,Change Stage to Rejected
40038,2332958,2025-03-25 23:25:08,Change Stage to Rejected
40040,2287687,2025-03-25 23:27:41,Change Stage to Rejected
40045,2287687,2025-03-25 23:32:58,Change Stage to Rejected
40051,2534024,2025-03-25 23:42:44,Change Stage to Rejected
40056,2535809,2025-03-25 23:49:56,Change Stage to Rejected
40067,2348355,2025-03-26 00:00:01,Change Stage to Auto Rejected Automatically
40069,2348405,2025-03-26 00:00:01,Change Stage to Auto Rejected Automatically
40070,2348950,2025-03-26 00:00:01,Change Stage to Auto Rejected Automatically
40071,2349192,2025-03-26 00:00:02,Change Stage to Auto Rejected Automatically
40075,2461885,2025-03-26 00:04:04,Change Stage to Rejected
40417,2347564,2025-03-27 00:00:02,Change Stage to Auto Rejected Automatically
40418,2348174,2025-03-27 00:00:02,Change Stage to Auto Rejected Automatically
40541,2349105,2025-03-27 17:08:51,Change Stage to Final QA
40594,2349269,2025-03-27 19:26:17,Change Stage to Rejected
40724,2347831,2025-03-28 00:00:02,Change Stage to Auto Rejected Automatically
40893,2347290,2025-03-29 00:00:01,Change Stage to Auto Rejected Automatically
40895,2347593,2025-03-29 00:00:01,Change Stage to Auto Rejected Automatically
40896,2348618,2025-03-29 00:00:01,Change Stage to Auto Rejected Automatically
40922,2348649,2025-03-29 10:04:59,Change Stage to Rejected After Confrmation QA pending
40923,2348677,2025-03-29 10:07:03,Change Stage to Rejected After Confrmation QA pending
40924,2348683,2025-03-29 10:08:02,Change Stage to Rejected After Confrmation QA pending
41078,2347551,2025-03-30 00:00:01,Change Stage to Auto Rejected Automatically
41079,2347558,2025-03-30 00:00:01,Change Stage to Auto Rejected Automatically
41087,2349116,2025-03-31 00:00:02,Change Stage to Auto Rejected Automatically
41239,2347747,2025-04-01 00:00:02,Change Stage to Auto Rejected Automatically
41241,2348768,2025-04-01 00:00:02,Change Stage to Auto Rejected Automatically
41242,2348865,2025-04-01 00:00:02,Change Stage to Auto Rejected Automatically
41243,2348982,2025-04-01 00:00:02,Change Stage to Auto Rejected Automatically
41382,2548351,2025-04-01 17:09:57,Change Stage to Created
41383,2548351,2025-04-01 17:10:22,Change Stage to Created
41498,2347102,2025-04-02 00:00:01,Change Stage to Auto Rejected Automatically
41500,2347134,2025-04-02 00:00:01,Change Stage to Auto Rejected Automatically
41502,2347431,2025-04-02 00:00:01,Change Stage to Auto Rejected Automatically
41503,2347809,2025-04-02 00:00:01,Change Stage to Auto Rejected Automatically
41505,2348013,2025-04-02 00:00:01,Change Stage to Auto Rejected Automatically
41510,2348629,2025-04-02 00:00:01,Change Stage to Auto Rejected Automatically
41511,2348675,2025-04-02 00:00:01,Change Stage to Auto Rejected Automatically
41512,2348725,2025-04-02 00:00:01,Change Stage to Auto Rejected Automatically
41513,2348755,2025-04-02 00:00:01,Change Stage to Auto Rejected Automatically
41514,2348764,2025-04-02 00:00:01,Change Stage to Auto Rejected Automatically
41515,2348829,2025-04-02 00:00:01,Change Stage to Auto Rejected Automatically
41516,2348834,2025-04-02 00:00:01,Change Stage to Auto Rejected Automatically
41517,2348876,2025-04-02 00:00:01,Change Stage to Auto Rejected Automatically
41518,2349059,2025-04-02 00:00:01,Change Stage to Auto Rejected Automatically
41519,2349310,2025-04-02 00:00:01,Change Stage to Auto Rejected Automatically
41520,2349319,2025-04-02 00:00:01,Change Stage to Auto Rejected Automatically
41645,2476878,2025-04-02 16:51:44,Change Stage to Created
41646,2435326,2025-04-02 16:54:14,Change Stage to Requote
41647,2435326,2025-04-02 16:54:26,Change Stage to Requote
41649,2486490,2025-04-02 16:59:38,Change Stage to Rejected
41651,2486490,2025-04-02 16:59:38,Change Stage to Rejected
41653,2534000,2025-04-02 17:01:51,Change Stage to Delivered
41720,2349289,2025-04-02 23:25:34,Change Stage to Rejected
41748,2347463,2025-04-03 00:00:01,Change Stage to Auto Rejected Automatically
41749,2347482,2025-04-03 00:00:01,Change Stage to Auto Rejected Automatically
41751,2347683,2025-04-03 00:00:01,Change Stage to Auto Rejected Automatically
41753,2347692,2025-04-03 00:00:01,Change Stage to Auto Rejected Automatically
41754,2347738,2025-04-03 00:00:01,Change Stage to Auto Rejected Automatically
41756,2348210,2025-04-03 00:00:01,Change Stage to Auto Rejected Automatically
41758,2348700,2025-04-03 00:00:01,Change Stage to Auto Rejected Automatically
41985,2349187,2025-04-04 00:00:02,Change Stage to Auto Rejected Automatically
