quoteid,quote_no,stage,created_at,trip,country,pax,owner
9,TDU00004G,On Ground,2024-09-16 22:06:03,2024-09-22,Australia,1,
13,TDU00006G,Accounts - Reconciliation,2024-09-17 11:52:00,2024-10-26,Australia,1,
18,TDU00007G,Accounts - Reconciliation,2024-09-17 14:12:35,2024-10-13,Australia,27,
22,TDU00008G,Accounts - Reconciliation,2024-09-17 15:43:41,2024-11-04,Australia,1,
23,TDU00009G,Accounts - Reconciliation,2024-09-17 15:55:41,2024-11-05,Australia,40,
25,TDU00010G,Accounts - Reconciliation,2024-09-17 16:54:11,2024-11-23,Australia,1,
27,TDU00011G,Accounts - Reconciliation,2024-09-17 17:48:54,2024-11-05,Australia,1,
30,TDU00012G,Accounts - Reconciliation,2024-09-17 19:00:12,2024-12-07,Australia,1,
33,TDU00013G,Rejected,2024-09-17 19:58:46,2024-10-17,Australia,1,
34,TDU00014G,Rejected,2024-09-17 20:01:57,2024-10-18,Australia,1,
35,TDU00015G,Rejected,2024-09-17 20:03:18,2024-10-18,Australia,1,
36,TDU00016G,Rejected After Confirmation QA pending,2024-09-17 20:20:32,2025-03-12,New Zealand,150,
38,TDU00017G,Rejected After Confirmation QA pending,2024-09-17 20:40:46,2025-03-15,Australia,150,
40,TDU00018G,Accounts - Reconciliation,2024-09-17 21:10:47,2024-12-22,Australia,25,
42,TDU00019G,Accounts - Reconciliation,2024-09-17 22:20:52,2024-11-06,Australia,1,
43,TDU00020G,Accounts - Reconciliation,2024-09-17 22:28:29,2024-12-15,Australia,1,
45,TDU00021G,Accounts - Reconciliation,2024-09-18 09:49:12,2024-10-31,Australia,1,
46,TDU00022G,Accounts - Reconciliation,2024-09-18 09:54:26,2024-10-31,Australia,1,
47,TDU00023G,Rejected After Confirmation QA pending,2024-09-18 13:44:13,2024-12-23,Australia,1,
48,TDU00024G,Accounts - Reconciliation,2024-09-18 14:10:41,2024-11-20,Australia,1,
51,TDU00026G,Accepted,2024-09-18 14:57:00,2025-03-06,New Zealand,19,
1333228,TDU12569G,Auto Rejected,2024-10-08 17:04:46,2024-11-02,Australia,1,
1397762,TDU12967G,Completed (Accounts),2024-10-08 17:04:46,2024-06-21,Australia,1,
1508672,TDU14645G,Auto Rejected,2024-10-08 17:04:46,2024-06-01,Australia,1,
1542602,TDU15168G,Rejected After Confirmation QA pending,2024-10-08 17:04:46,2024-10-13,Australia,1,
1777358,TDU17961G,Rejected,2024-10-08 17:04:46,,Australia,1,
1804663,TDU18189G,Auto Rejected,2024-10-08 17:04:46,2024-06-03,Australia,1,
1821971,TDU18387G,Completed (Accounts),2024-10-08 17:04:46,2024-06-02,Australia,1,
1892732,TDU19238G,Rejected,2024-10-08 17:04:46,2024-11-01,Australia,1,
1903320,TDU19374G,Rejected,2024-10-08 17:04:46,,Australia,1,
1906692,TDU19408G,Rejected,2024-10-08 17:04:46,,Australia,1,
1922963,TDU19574G,On Ground,2024-10-08 17:04:46,2024-08-24,Australia,1,
1933021,TDU19698G,Completed (Accounts),2024-10-08 17:04:46,2025-05-17,Australia,1,
1943346,TDU19765G,Rejected,2024-10-08 17:04:46,,Australia,1,
1973710,TDU20031G,Auto Rejected,2024-10-08 17:04:46,2024-05-29,Australia,1,
1980581,TDU20091G,On Ground,2024-10-08 17:04:46,2024-09-23,Australia,1,
2003892,TDU20319G,Auto Rejected,2024-10-08 17:04:46,2024-11-04,Australia,1,
2007443,TDU20352G,Rejected,2024-10-08 17:04:46,2025-11-04,Australia,20,
2020555,TDU20489G,Rejected,2024-10-08 17:04:46,2024-11-21,Australia,1,
2023950,TDU20534G,Auto Rejected,2024-10-08 17:04:46,2024-08-17,New Zealand,1,
2028409,TDU20586G,Auto Rejected,2024-10-08 17:04:46,2024-05-18,Unknown,1,
2038482,TDU20699G,Rejected,2024-10-08 17:04:46,,Unknown,1,
2042033,TDU20741G,Completed (Accounts),2024-10-08 17:04:46,2024-05-15,Australia,10,
2046862,TDU20784G,Auto Rejected,2024-10-08 17:04:46,2024-08-01,Australia,1,
2049021,TDU20813G,Auto Rejected,2024-10-08 17:04:46,2024-05-26,New Zealand,1,
2051961,TDU20840G,Rejected,2024-10-08 17:04:46,2024-10-23,Australia,1,
2055558,TDU20885G,Auto Rejected,2024-10-08 17:04:46,2024-09-19,Australia,1,
2056693,TDU20894G,Auto Rejected,2024-10-08 17:04:46,2024-09-25,Australia,1,
2060655,TDU20956G,On Ground,2024-10-08 17:04:46,2024-09-18,New Zealand,1,
2062869,TDU20986G,Auto Rejected,2024-10-08 17:04:46,2024-06-30,New Zealand,1,
2063467,TDU20994G,Rejected,2024-10-08 17:04:46,2024-10-02,Australia,1,
2063787,TDU21003G,Auto Rejected,2024-10-08 17:04:46,2024-09-11,Australia,1,
2065338,TDU21031G,On Ground,2024-10-08 17:04:46,2024-09-25,Australia,1,
2065505,TDU21032G,Rejected,2024-10-08 17:04:46,2024-11-21,Australia,1,
2067201,TDU21050G,Auto Rejected,2024-10-08 17:04:46,2024-12-11,Australia,1,
2068558,TDU21079G,Rejected,2024-10-08 17:04:46,,Unknown,1,
2068829,TDU21081G,Completed (Accounts),2024-10-08 17:04:46,2024-05-17,Australia,1,
2070771,TDU21113G,Auto Rejected,2024-10-08 17:04:46,2024-07-24,Australia,1,
2075472,TDU21145G,Auto Rejected,2024-10-08 17:04:46,2024-09-18,Australia,1,
2075951,TDU21148G,Rejected,2024-10-08 17:04:46,2024-11-12,Australia,1,
2076306,TDU21151G,Auto Rejected,2024-10-08 17:04:46,2024-07-01,Australia,1,
2078954,TDU21186G,Auto Rejected,2024-10-08 17:04:46,2024-05-15,Australia,1,
2079298,TDU21188G,Rejected,2024-10-08 17:04:46,,New Zealand,1,
2079304,TDU21189G,Rejected,2024-10-08 17:04:46,,New Zealand,1,
2079898,TDU21194G,Rejected,2024-10-08 17:04:46,2024-09-18,Australia,1,
2079930,TDU21195G,Auto Rejected,2024-10-08 17:04:46,2024-06-20,Australia,1,
2080922,TDU21206G,Rejected,2024-10-08 17:04:46,,New Zealand,1,
2081037,TDU21209G,Completed (Accounts),2024-10-08 17:04:46,2024-07-05,Australia,32,
2081054,TDU21210G,Rejected,2024-10-08 17:04:46,2024-09-19,Australia,1,
2082425,TDU21220G,Auto Rejected,2024-10-08 17:04:46,2024-06-30,Australia,1,
2082928,TDU21233G,Auto Rejected,2024-10-08 17:04:46,2024-09-26,Australia,1,
2084007,TDU21250G,Auto Rejected,2024-10-08 17:04:46,2024-05-25,Australia,1,
2085301,TDU21262G,Rejected,2024-10-08 17:04:46,,New Zealand,1,
2087578,TDU21285G,Auto Rejected,2024-10-08 17:04:46,2024-09-01,New Zealand,1,
2087702,TDU21287G,Rejected,2024-10-08 17:04:46,2025-02-13,Australia,1,
2088339,TDU21295G,Auto Rejected,2024-10-08 17:04:46,2024-08-01,New Zealand,1,
2089812,TDU21312G,Rejected,2024-10-08 17:04:46,2024-12-12,Australia,1,
2090512,TDU21318G,Auto Rejected,2024-10-08 17:04:46,2024-09-20,Australia,1,
2091149,TDU21323G,Auto Rejected,2024-10-08 17:04:46,2024-09-15,Australia,1,
2091335,TDU21326G,Auto Rejected,2024-10-08 17:04:46,2024-06-07,Australia,1,
2092312,TDU21336G,Auto Rejected,2024-10-08 17:04:46,2024-07-15,Australia,1,
2093901,TDU21345G,Rejected,2024-10-08 17:04:46,,Australia,1,
2095136,TDU21357G,Rejected,2024-10-08 17:04:46,2024-10-01,Australia,1,
2095759,TDU21366G,Rejected,2024-10-08 17:04:46,2024-09-29,Australia,1,
2097372,TDU21388G,Rejected,2024-10-08 17:04:46,2024-11-19,Australia,1,
2101353,TDU21431G,Auto Rejected,2024-10-08 17:04:46,2024-08-13,Australia,1,
2102380,TDU21439G,Auto Rejected,2024-10-08 17:04:46,2024-09-19,Australia,1,
2102653,TDU21441G,Rejected,2024-10-08 17:04:46,2024-10-10,New Zealand,1,
2102714,TDU21442G,Rejected,2024-10-08 17:04:46,2024-10-18,Australia,1,
2102719,TDU21443G,Auto Rejected,2024-10-08 17:04:46,2024-06-09,Australia,1,
2103498,TDU21450G,Auto Rejected,2024-10-08 17:04:46,2025-03-01,Australia,1,
2104879,TDU21466G,Auto Rejected,2024-10-08 17:04:46,2024-08-29,Australia,1,
2107491,TDU21486G,Rejected,2024-10-08 17:04:46,2024-10-12,Australia,1,
2107588,TDU21490G,Auto Rejected,2024-10-08 17:04:46,2024-06-01,Australia,1,
2108510,TDU21496G,Auto Rejected,2024-10-08 17:04:46,,Unknown,1,
2108557,TDU21498G,Auto Rejected,2024-10-08 17:04:46,2024-10-21,New Zealand,1,
2108974,TDU21504G,Auto Rejected,2024-10-08 17:04:46,2024-06-25,Australia,1,
2110442,TDU21510G,Auto Rejected,2024-10-08 17:04:46,2024-06-03,Australia,1,
2113585,TDU21543G,Rejected,2024-10-08 17:04:46,2024-11-21,Australia,1,
2118532,TDU21588G,Auto Rejected,2024-10-08 17:04:46,2024-10-21,New Zealand,1,
2119812,TDU21593G,Rejected,2024-10-08 17:04:46,2024-11-14,Australia,1,
2120471,TDU21599G,Auto Rejected,2024-10-08 17:04:46,2024-08-29,Australia,1,
2120781,TDU21602G,Auto Rejected,2024-10-08 17:04:46,2024-06-13,Australia,1,
2121572,TDU21604G,Rejected,2024-10-08 17:04:46,,Unknown,1,
2122546,TDU21618G,Rejected,2024-10-08 17:04:46,,Unknown,1,
2123612,TDU21624G,Auto Rejected,2024-10-08 17:04:46,2024-09-19,Australia,1,
2123987,TDU21629G,Rejected,2024-10-08 17:04:46,2025-02-05,Australia,1,
2124311,TDU21630G,Rejected,2024-10-08 17:04:46,,Unknown,1,
2125753,TDU21645G,Rejected,2024-10-08 17:04:46,2024-10-10,Australia,1,
2127360,TDU21667G,Auto Rejected,2024-10-08 17:04:46,2024-09-12,Australia,1,
2127834,TDU21677G,Rejected After Confirmation QA pending,2024-10-08 17:04:46,2024-10-21,Australia,1,
2128023,TDU21683G,Rejected,2024-10-08 17:04:46,,Unknown,1,
2128069,TDU21685G,Rejected,2024-10-08 17:04:46,,Unknown,1,
2129614,TDU21693G,Auto Rejected,2024-10-08 17:04:46,2024-07-02,Australia,1,
2130529,TDU21704G,Auto Rejected,2024-10-08 17:04:46,2024-07-17,Australia,1,
2130703,TDU21707G,Rejected,2024-10-08 17:04:46,,Unknown,1,
2133706,TDU21725G,Auto Rejected,2024-10-08 17:04:46,2024-08-08,Australia,1,
2134517,TDU21734G,Auto Rejected,2024-10-08 17:04:46,2024-07-01,Australia,1,
2135050,TDU21746G,Auto Rejected,2024-10-08 17:04:46,2024-06-21,Australia,1,
2136461,TDU21750G,Auto Rejected,2024-10-08 17:04:46,2024-08-03,Australia,1,
2136969,TDU21758G,Auto Rejected,2024-10-08 17:04:46,2024-09-21,Australia,1,
2139087,TDU21775G,Auto Rejected,2024-10-08 17:04:46,2024-08-22,Australia,1,
2139554,TDU21780G,Auto Rejected,2024-10-08 17:04:46,2024-09-15,Unknown,1,
2139923,TDU21788G,Rejected,2024-10-08 17:04:46,2024-12-15,Australia,1,
2140149,TDU21790G,Rejected,2024-10-08 17:04:46,2024-11-13,Australia,1,
2141745,TDU21801G,Rejected,2024-10-08 17:04:46,2024-09-23,Australia,1,
2142215,TDU21813G,Rejected,2024-10-08 17:04:46,2024-10-08,Australia,1,
2142256,TDU21814G,Auto Rejected,2024-10-08 17:04:46,2024-08-09,New Zealand,1,
2142278,TDU21815G,Rejected,2024-10-08 17:04:46,2024-10-01,Unknown,1,
2144865,TDU21836G,Auto Rejected,2024-10-08 17:04:46,2024-10-29,Australia,1,
2145052,TDU21840G,Auto Rejected,2024-10-08 17:04:46,2024-09-08,Australia,1,
2145278,TDU21843G,Rejected,2024-10-08 17:04:46,2024-11-15,Australia,1,
2145285,TDU21845G,Rejected,2024-10-08 17:04:46,,Unknown,1,
2145429,TDU21848G,Auto Rejected,2024-10-08 17:04:46,2024-10-03,Australia,1,
2150400,TDU21871G,Auto Rejected,2024-10-08 17:04:46,2024-11-04,Australia,1,
2150579,TDU21872G,Rejected,2024-10-08 17:04:46,2024-10-10,Australia,1,
2150979,TDU21873G,Rejected,2024-10-08 17:04:46,2024-10-08,Australia,1,
2151055,TDU21875G,Rejected,2024-10-08 17:04:46,,Unknown,1,
2153590,TDU21900G,On Ground,2024-10-08 17:04:46,2024-09-25,Australia,1,
2153623,TDU21901G,Completed (Accounts),2024-10-08 17:04:46,2024-06-16,Australia,1,
2155515,TDU21916G,Auto Rejected,2024-10-08 17:04:46,2024-08-02,Australia,1,
2156635,TDU21926G,Rejected,2024-10-08 17:04:46,2024-11-16,Australia,1,
2156779,TDU21927G,Rejected,2024-10-08 17:04:46,2024-10-28,Australia,1,
2158286,TDU21941G,Rejected,2024-10-08 17:04:46,,Unknown,1,
2158952,TDU21951G,Auto Rejected,2024-10-08 17:04:46,2024-06-17,Australia,1,
2159274,TDU21957G,Auto Rejected,2024-10-08 17:04:46,2024-09-17,Australia,1,
2159557,TDU21961G,Auto Rejected,2024-10-08 17:04:46,2024-09-28,Australia,1,
2164914,TDU22016G,Auto Rejected,2024-10-08 17:04:46,2024-10-15,Australia,1,
2165489,TDU22018G,Auto Rejected,2024-10-08 17:04:46,2024-07-07,Australia,1,
2165909,TDU22022G,Auto Rejected,2024-10-08 17:04:46,2024-10-01,Australia,1,
2165922,TDU22023G,Auto Rejected,2024-10-08 17:04:46,2024-08-15,Australia,1,
2167477,TDU22043G,Auto Rejected,2024-10-08 17:04:46,2024-10-02,Australia,1,
2168654,TDU22049G,Auto Rejected,2024-10-08 17:04:46,2024-11-04,Australia,1,
2169768,TDU22064G,Auto Rejected,2024-10-08 17:04:46,2024-06-18,Australia,1,
2170183,TDU22070G,Rejected,2024-10-08 17:04:46,2024-10-11,Australia,1,
2172577,TDU22078G,Auto Rejected,2024-10-08 17:04:46,2024-09-22,Australia,1,
2173564,TDU22094G,Auto Rejected,2024-10-08 17:04:46,2024-07-25,Australia,1,
2173900,TDU22096G,Accounts - Reconciliation,2024-10-08 17:04:46,2024-10-26,Australia,1,
2174009,TDU22097G,On Ground,2024-10-08 17:04:46,2024-09-12,Australia,1,
2174481,TDU22105G,Rejected,2024-10-08 17:04:46,2024-11-04,New Zealand,1,
2176706,TDU22114G,Auto Rejected,2024-10-08 17:04:46,2024-08-31,Australia,1,
2177180,TDU22120G,Auto Rejected,2024-10-08 17:04:46,2024-07-15,Australia,1,
2178247,TDU22131G,Auto Rejected,2024-10-08 17:04:46,2024-10-31,Australia,1,
2180865,TDU22157G,Auto Rejected,2024-10-08 17:04:46,2024-10-15,Australia,1,
2181104,TDU22159G,Auto Rejected,2024-10-08 17:04:46,2024-09-29,Australia,1,
2181706,TDU22171G,Auto Rejected,2024-10-08 17:04:46,2024-08-12,Australia,1,
2181741,TDU22172G,On Ground,2024-10-08 17:04:46,2024-09-14,Australia,1,
2181988,TDU22174G,Auto Rejected,2024-10-08 17:04:46,2024-10-25,Australia,1,
2182141,TDU22177G,Auto Rejected,2024-10-08 17:04:46,,Unknown,1,
2182432,TDU22187G,Rejected,2024-10-08 17:04:46,2024-10-28,Australia,1,
2183168,TDU22192G,Auto Rejected,2024-10-08 17:04:46,2024-08-16,Australia,1,
2183852,TDU22211G,Accounts - Reconciliation,2024-10-08 17:04:46,2025-04-05,Australia,36,
2184197,TDU22214G,Auto Rejected,2024-10-08 17:04:46,,Unknown,1,
2184958,TDU22222G,Auto Rejected,2024-10-08 17:04:46,2024-08-05,Australia,1,
2185404,TDU22232G,Auto Rejected,2024-10-08 17:04:46,,Unknown,1,
2186233,TDU22242G,Accepted,2024-10-08 17:04:46,2025-03-05,Australia,16,
2186715,TDU22245G,Auto Rejected,2024-10-08 17:04:46,2024-11-01,Australia,1,
2187192,TDU22253G,Rejected,2024-10-08 17:04:46,2024-11-08,Australia,1,
2187206,TDU22254G,Accounts - Reconciliation,2024-10-08 17:04:46,2024-11-01,New Zealand,25,
2188757,TDU22260G,Auto Rejected,2024-10-08 17:04:46,2025-02-18,Australia,1,
2189999,TDU22281G,Auto Rejected,2024-10-08 17:04:46,2024-09-06,Australia,1,
2192045,TDU22294G,Auto Rejected,2024-10-08 17:04:46,2024-10-19,Australia,1,
2192516,TDU22302G,Auto Rejected,2024-10-08 17:04:46,2024-07-12,Australia,1,
2195958,TDU22347G,Auto Rejected,2024-10-08 17:04:46,2024-10-02,Australia,1,
2196588,TDU22356G,Auto Rejected,2024-10-08 17:04:46,2024-10-01,Australia,1,
2197388,TDU22363G,Rejected,2024-10-08 17:04:46,2025-04-18,Australia,1,
2199852,TDU22382G,Auto Rejected,2024-10-08 17:04:46,2024-11-05,Australia,1,
2200075,TDU22387G,Rejected,2024-10-08 17:04:46,2024-12-26,Australia,1,
2201133,TDU22398G,Auto Rejected,2024-10-08 17:04:46,2024-11-06,Australia,1,
2201242,TDU22399G,Auto Rejected,2024-10-08 17:04:46,2024-09-15,Australia,1,
2201790,TDU22417G,Auto Rejected,2024-10-08 17:04:46,2024-09-01,Australia,1,
2203242,TDU22426G,Auto Rejected,2024-10-08 17:04:46,2024-11-26,Australia,1,
2204232,TDU22430G,Auto Rejected,2024-10-08 17:04:46,2024-09-15,Australia,1,
2204411,TDU22432G,Rejected,2024-10-08 17:04:46,,Unknown,1,
2205116,TDU22445G,Auto Rejected,2024-10-08 17:04:46,,Australia,1,
2205921,TDU22456G,Auto Rejected,2024-10-08 17:04:46,2024-08-20,Australia,1,
2206211,TDU22460G,Auto Rejected,2024-10-08 17:04:46,2024-09-16,Australia,1,
2206596,TDU22463G,Auto Rejected,2024-10-08 17:04:46,2024-11-23,Australia,1,
2207286,TDU22474G,Accounts - Reconciliation,2024-10-08 17:04:46,2024-11-24,New Zealand,19,
2207718,TDU22484G,Auto Rejected,2024-10-08 17:04:46,,Australia,1,
2207942,TDU22488G,Auto Rejected,2024-10-08 17:04:46,,Unknown,1,
2213418,TDU22528G,Auto Rejected,2024-10-08 17:04:46,2024-08-03,Australia,1,
2213951,TDU22533G,Auto Rejected,2024-10-08 17:04:46,2024-10-23,Australia,1,
2214208,TDU22535G,Auto Rejected,2024-10-08 17:04:46,2025-03-29,Australia,1,
2214213,TDU22536G,Auto Rejected,2024-10-08 17:04:46,,Australia,1,
2214788,TDU22543G,Auto Rejected,2024-10-08 17:04:46,2024-08-31,Australia,1,
2215079,TDU22551G,Rejected,2024-10-08 17:04:46,,Australia,1,
2215224,TDU22554G,Auto Rejected,2024-10-08 17:04:46,2025-02-10,Australia,1,
2215376,TDU22558G,Auto Rejected,2024-10-08 17:04:46,2024-08-31,Australia,1,
2216118,TDU22568G,Rejected,2024-10-08 17:04:46,2024-11-23,Australia,1,
2216948,TDU22587G,Auto Rejected,2024-10-08 17:04:46,,Unknown,1,
2217909,TDU22595G,Auto Rejected,2024-10-08 17:04:46,2024-12-23,Australia,1,
2219152,TDU22605G,Completed (Accounts),2024-10-08 17:04:46,2024-07-14,Australia,1,
2219605,TDU22610G,Auto Rejected,2024-10-08 17:04:46,2024-09-18,Australia,1,
2220998,TDU22619G,Auto Rejected,2024-10-08 17:04:46,,Unknown,1,
2221292,TDU22622G,Auto Rejected,2024-10-08 17:04:46,,Unknown,1,
2222760,TDU22636G,Auto Rejected,2024-10-08 17:04:46,2024-10-01,Australia,1,
2222914,TDU22639G,Auto Rejected,2024-10-08 17:04:46,2024-09-25,Australia,1,
2224015,TDU22654G,Auto Rejected,2024-10-08 17:04:46,2024-09-01,Australia,1,
2226620,TDU22676G,Auto Rejected,2024-10-08 17:04:46,,Australia,1,
2226782,TDU22677G,Auto Rejected,2024-10-08 17:04:46,,Australia,1,
2227490,TDU22690G,Auto Rejected,2024-10-08 17:04:46,,Australia,1,
2228623,TDU22708G,On Ground,2024-10-08 17:04:46,2024-12-27,Australia,16,
2229766,TDU22716G,Rejected,2024-10-08 17:04:46,,Unknown,1,
2234367,TDU22768G,Rejected,2024-10-08 17:04:46,2024-11-14,Australia,1,
2234658,TDU22775G,Auto Rejected,2024-10-08 17:04:46,,Unknown,1,
2234844,TDU22780G,Auto Rejected,2024-10-08 17:04:46,2024-09-22,Australia,1,
2237094,TDU22804G,Rejected,2024-10-08 17:04:46,2025-01-18,Australia,1,
2238144,TDU22819G,Auto Rejected,2024-10-08 17:04:46,2025-02-05,Australia,1,
2238389,TDU22822G,Auto Rejected,2024-10-08 17:04:46,2024-11-03,Australia,1,
2240533,TDU22837G,Auto Rejected,2024-10-08 17:04:46,,Unknown,1,
2241253,TDU22848G,Auto Rejected,2024-10-08 17:04:46,,Unknown,1,
2241491,TDU22852G,Auto Rejected,2024-10-08 17:04:46,,New Zealand,1,
2243368,TDU22870G,Auto Rejected,2024-10-08 17:04:46,2024-09-01,Australia,1,
2243986,TDU22881G,Auto Rejected,2024-10-08 17:04:46,2024-09-23,Australia,1,
2244495,TDU22891G,Auto Rejected,2024-10-08 17:04:46,,Unknown,1,
2244601,TDU22894G,Auto Rejected,2024-10-08 17:04:46,,Unknown,1,
2244637,TDU22895G,Auto Rejected,2024-10-08 17:04:46,,Unknown,1,
2244640,TDU22896G,Auto Rejected,2024-10-08 17:04:46,,Unknown,1,
2245698,TDU22905G,Rejected,2024-10-08 17:04:46,2024-11-18,Australia,1,
2246239,TDU22911G,Accounts - Reconciliation,2024-10-08 17:04:46,2024-10-17,Australia,1,
2246817,TDU22923G,Auto Rejected,2024-10-08 17:04:46,,Unknown,1,
2247866,TDU22939G,Auto Rejected,2024-10-08 17:04:46,2024-10-01,Australia,1,
2247869,TDU22940G,Auto Rejected,2024-10-08 17:04:46,,Unknown,1,
2248195,TDU22949G,Rejected After Confirmation QA pending,2024-10-08 17:04:46,2025-02-18,Australia,1,
2250847,TDU22967G,Auto Rejected,2024-10-08 17:04:46,,Unknown,1,
2251209,TDU22970G,Auto Rejected,2024-10-08 17:04:46,,Unknown,1,
2251463,TDU22976G,Auto Rejected,2024-10-08 17:04:46,,Unknown,1,
2253033,TDU22986G,Auto Rejected,2024-10-08 17:04:46,2024-09-14,Australia,1,
2253174,TDU22988G,Auto Rejected,2024-10-08 17:04:46,,Unknown,1,
2253528,TDU22996G,Rejected,2024-10-08 17:04:46,2024-09-24,Australia,1,
2253945,TDU23004G,Auto Rejected,2024-10-08 17:04:46,2024-09-15,Australia,1,
2257101,TDU23043G,Auto Rejected,2024-10-08 17:04:46,,Unknown,1,
2259550,TDU23067G,Auto Rejected,2024-10-08 17:04:46,,Unknown,1,
2259577,TDU23071G,Accounts - Reconciliation,2024-10-08 17:04:46,2024-12-04,New Zealand,1,
2259617,TDU23073G,Auto Rejected,2024-10-08 17:04:46,,Unknown,1,
2259623,TDU23074G,On Ground,2024-10-08 17:04:46,2024-09-05,Australia,1,
2259779,TDU23077G,Accounts - Reconciliation,2024-10-08 17:04:46,2024-11-17,Australia,36,
2259799,TDU23079G,Auto Rejected,2024-10-08 17:04:46,,Unknown,1,
2260148,TDU23090G,Auto Rejected,2024-10-08 17:04:46,,Unknown,1,
2261017,TDU23103G,Accounts - Reconciliation,2024-10-08 17:04:46,2024-11-02,Australia,18,
2261358,TDU23104G,Auto Rejected,2024-10-08 17:04:46,2024-10-04,Australia,1,
2263394,TDU23125G,Auto Rejected,2024-10-08 17:04:46,2024-09-01,Australia,1,
2263438,TDU23127G,Auto Rejected,2024-10-08 17:04:46,,Unknown,1,
2266163,TDU23156G,Auto Rejected,2024-10-08 17:04:46,2025-03-22,Australia,36,
2266217,TDU23160G,Auto Rejected,2024-10-08 17:04:46,2025-03-03,Australia,36,
2266242,TDU23162G,Rejected,2024-10-08 17:04:46,2025-01-17,Australia,1,
2266266,TDU23163G,Auto Rejected,2024-10-08 17:04:46,2024-10-06,Australia,1,
2266469,TDU23169G,Rejected,2024-10-08 17:04:46,2025-01-20,Australia,1,
2266800,TDU23178G,Rejected,2024-10-08 17:04:46,2024-12-08,Australia,1,
2267024,TDU23183G,On Ground,2024-10-08 17:04:46,2024-09-15,Australia,1,
2268185,TDU23203G,Rejected,2024-10-08 17:04:46,2024-10-27,Australia,1,
2269411,TDU23225G,Auto Rejected,2024-10-08 17:04:46,,Unknown,1,
2270744,TDU23257G,Auto Rejected,2024-10-08 17:04:46,2024-11-09,Australia,1,
2272390,TDU23274G,Auto Rejected,2024-10-08 17:04:46,2024-09-05,Australia,1,
2273176,TDU23287G,Auto Rejected,2024-10-08 17:04:46,2025-02-28,Australia,1,
2273623,TDU23295G,Auto Rejected,2024-10-08 17:04:46,2024-11-01,Australia,1,
2274073,TDU23309G,Auto Rejected,2024-10-08 17:04:46,,Unknown,1,
2274349,TDU23316G,Auto Rejected,2024-10-08 17:04:46,2024-12-24,Australia,1,
2275421,TDU23342G,Accounts - Reconciliation,2024-10-08 17:04:46,2024-11-09,Australia,26,
2275705,TDU23349G,Accounts - Reconciliation,2024-10-08 17:04:46,2024-11-16,Australia,20,
2276395,TDU23362G,Auto Rejected,2024-10-08 17:04:46,2024-09-17,Australia,1,
2281313,TDU23457G,Auto Rejected,2024-10-08 17:04:46,,Unknown,1,
2282956,TDU23488G,Auto Rejected,2024-10-08 17:04:46,2024-10-11,Australia,1,
2283161,TDU23491G,Auto Rejected,2024-10-08 17:04:46,2024-10-18,Australia,1,
2283507,TDU23498G,Auto Rejected,2024-10-08 17:04:46,,Unknown,1,
2284152,TDU23522G,Auto Rejected,2024-10-08 17:04:46,2024-10-09,Australia,1,
2284216,TDU23526G,Rejected,2024-10-08 17:04:46,2025-05-01,Australia,25,
2284300,TDU23528G,Rejected,2024-10-08 17:04:46,2025-02-10,Australia,1,
2284340,TDU23530G,Auto Rejected,2024-10-08 17:04:46,,Unknown,1,
2284372,TDU23531G,Auto Rejected,2024-10-08 17:04:46,2025-04-09,Australia,40,
2284541,TDU23538G,Auto Rejected,2024-10-08 17:04:46,2024-10-25,Australia,1,
2286579,TDU23574G,Rejected,2024-10-08 17:04:46,2024-09-15,Australia,1,
2287449,TDU23587G,Auto Rejected,2024-10-08 17:04:46,,Unknown,1,
2287516,TDU23588G,Auto Rejected,2024-10-08 17:04:46,2024-10-06,Australia,1,
2288500,TDU23604G,Auto Rejected,2024-10-08 17:04:46,,Unknown,1,
2288669,TDU23608G,Auto Rejected,2024-10-08 17:04:46,,Unknown,1,
2289012,TDU23613G,Auto Rejected,2024-10-08 17:04:46,2024-12-25,Australia,1,
2289892,TDU23621G,Accepted,2024-10-08 17:04:46,2025-03-16,New Zealand,12,
2290458,TDU23634G,Auto Rejected,2024-10-08 17:04:46,,Unknown,1,
2290483,TDU23636G,Auto Rejected,2024-10-08 17:04:46,,Unknown,1,
2290490,TDU23638G,Auto Rejected,2024-10-08 17:04:46,,Unknown,1,
2292638,TDU23688G,Auto Rejected,2024-10-08 17:04:46,,Unknown,1,
2292886,TDU23693G,Auto Rejected,2024-10-08 17:04:46,,Unknown,1,
2294118,TDU23723G,Auto Rejected,2024-10-08 17:04:46,,Unknown,1,
2295188,TDU23741G,Auto Rejected,2024-10-08 17:04:46,,Unknown,1,
2298001,TDU23781G,Auto Rejected,2024-10-08 17:04:46,,Unknown,1,
2299980,TDU23821G,Auto Rejected,2024-10-08 17:04:46,,Unknown,1,
2301704,TDU23851G,Auto Rejected,2024-10-08 17:04:46,,Unknown,1,
2302250,TDU23864G,Auto Rejected,2024-10-08 17:04:46,,Unknown,1,
2302391,TDU23866G,Auto Rejected,2024-10-08 17:04:46,,Unknown,1,
2303658,TDU23885G,Auto Rejected,2024-10-08 17:04:46,,Unknown,1,
2303783,TDU23888G,Auto Rejected,2024-10-08 17:04:46,,Unknown,1,
2307407,TDU23973G,Auto Rejected,2024-10-08 17:04:46,2025-06-01,Australia,1,
2309223,TDU23998G,Auto Rejected,2024-10-08 17:04:46,2025-04-01,Australia,1,
2309546,TDU24007G,Accounts - Reconciliation,2024-10-08 17:04:46,2024-10-14,Australia,33,
2309677,TDU24013G,Auto Rejected,2024-10-08 17:04:46,2024-10-07,Australia,1,
2310572,TDU24042G,Auto Rejected,2024-10-08 17:04:46,,Australia,1,
2310663,TDU24046G,Rejected After Confirmation QA pending,2024-10-08 17:04:46,2024-10-16,Australia,1,
2311427,TDU24060G,Accounts - Reconciliation,2024-10-08 17:04:46,2025-02-02,New Zealand,26,
2311528,TDU24062G,Auto Rejected,2024-10-08 17:04:46,2024-09-19,New Zealand,1,
2311987,TDU24072G,Auto Rejected,2024-10-08 17:04:46,,Unknown,1,
2311999,TDU24073G,Auto Rejected,2024-10-08 17:04:46,,Unknown,1,
2312598,TDU24081G,Rejected,2024-10-08 17:04:46,2025-01-10,Australia,1,
2312730,TDU24082G,Auto Rejected,2024-10-08 17:04:46,2025-02-20,Australia,40,
2312905,TDU24085G,Auto Rejected,2024-10-08 17:04:46,2024-12-06,Australia,1,
2313526,TDU24097G,Auto Rejected,2024-10-08 17:04:46,,Unknown,1,
2314669,TDU24114G,Rejected,2024-10-08 17:04:46,2025-01-28,Australia,1,
2314787,TDU24119G,Rejected,2024-10-08 17:04:46,2025-01-15,Australia,30,
2316357,TDU24158G,Auto Rejected,2024-10-08 17:04:46,2024-11-24,Australia,1,
2316541,TDU24160G,Auto Rejected,2024-10-08 17:04:46,2024-09-20,Australia,1,
2317097,TDU24166G,Rejected,2024-10-08 17:04:46,2024-11-10,Australia,1,
2317169,TDU24172G,Auto Rejected,2024-10-08 17:04:46,,Unknown,1,
2317183,TDU24173G,Auto Rejected,2024-10-08 17:04:46,,Unknown,1,
2320559,TDU24230G,Rejected,2024-10-08 17:04:46,2024-11-25,Australia,1,
2320824,TDU24233G,Auto Rejected,2024-10-08 17:04:46,2025-02-01,Australia,30,
2322960,TDU24273G,Rejected,2024-10-08 17:04:46,2025-01-20,New Zealand,1,
2325444,TDU24330G,Auto Rejected,2024-10-08 17:04:46,2025-03-01,New Zealand,1,
2325772,TDU24339G,Rejected,2024-10-08 17:04:46,2024-12-21,Australia,1,
2329157,TDU24389G,Rejected,2024-10-08 17:04:46,2025-05-01,Australia,1,
2333785,TDU24487G,Auto Rejected,2024-10-08 17:04:46,2025-02-01,Australia,1,
2333824,TDU24490G,Auto Rejected,2024-10-08 17:04:46,,Unknown,1,
2334979,TDU24511G,Accounts - Reconciliation,2024-10-08 17:04:46,2024-11-03,Australia,1,
2335100,TDU24518G,Auto Rejected,2024-10-08 17:04:46,2024-12-25,Australia,1,
2335476,TDU24528G,Auto Rejected,2024-10-08 17:04:46,2025-04-15,Australia,1,
2335768,TDU24537G,Rejected,2024-10-08 17:04:46,2025-07-14,Australia,1,
2338083,TDU24576G,Rejected,2024-10-08 17:04:46,2025-03-15,New Zealand,1,
2338366,TDU24584G,Auto Rejected,2024-10-08 17:04:46,2025-02-03,New Zealand,1,
2347055,TDU24718G,Rejected After Confirmation QA pending,2024-09-18 16:08:06,2025-03-16,New Zealand,20,
2347056,TDU24719G,Accounts - Reconciliation,2024-09-18 17:45:56,2024-10-18,Australia,1,
2347059,TDU24722G,Rejected After Confirmation QA pending,2024-09-18 18:49:25,2025-04-16,New Zealand,1,
2347060,TDU24723G,Accounts - Reconciliation,2024-09-18 19:28:11,2024-10-09,Australia,19,
2347061,TDU24724G,Accounts - Reconciliation,2024-09-18 20:21:28,2024-10-20,Australia,1,
2347062,TDU24725G,Accounts - Reconciliation,2024-09-18 20:48:31,2024-12-12,Australia,1,
2347063,TDU24726G,Rejected After Confirmation QA pending,2024-09-18 21:17:35,2025-01-17,New Zealand,32,
2347064,TDU24727G,On Ground,2024-09-18 21:33:46,2025-01-26,New Zealand,12,
2347066,TDU24728G,Rejected,2024-09-19 13:53:24,2025-02-24,New Zealand,40,
2347068,TDU24729G,Accounts - Reconciliation,2024-09-19 15:12:11,2024-10-18,Australia,1,
2347069,TDU24730G,Accounts - Reconciliation,2024-09-19 16:16:49,2024-11-05,New Zealand,1,
2347070,TDU24731G,On Ground,2024-09-19 16:36:08,2024-09-25,Australia,44,
2347071,TDU24732G,Accounts - Reconciliation,2024-09-19 17:26:15,2024-11-07,Australia,1,
2347075,TDU24733G,Accounts - Reconciliation,2024-09-19 19:54:59,2024-11-08,Australia,1,
2347077,TDU24734G,Rejected After Confirmation QA pending,2024-09-20 13:57:37,2024-12-31,New Zealand,1,
2347078,TDU24735G,Rejected After Confirmation QA pending,2024-09-20 15:58:02,2025-01-21,New Zealand,1,
2347081,TDU24736G,Rejected,2024-09-20 21:00:27,2025-01-21,New Zealand,1,
2347083,TDU24737G,Rejected After Confirmation QA pending,2024-09-21 09:15:15,2024-12-22,Australia,1,
2347085,TDU24738G,Accounts - Reconciliation,2024-09-21 10:19:47,2024-11-05,Australia,1,
2347086,TDU24739G,Rejected After Confirmation QA pending,2024-09-22 10:05:33,2025-01-12,Australia,1,
2347088,TDU24740G,Accounts - Reconciliation,2024-09-23 07:26:13,2024-11-05,Australia,1,
2347090,TDU24741G,Rejected After Confirmation QA pending,2024-09-23 08:06:24,2025-01-12,Australia,1,
2347091,TDU24742G,Auto Rejected,2024-09-23 09:38:07,2025-06-25,Australia,1,
2347092,TDU24743G,Auto Rejected,2024-09-23 09:57:12,2025-06-20,Australia,1,
2347093,TDU24744G,Auto Rejected,2024-09-23 10:12:46,2025-06-17,Australia,1,
2347094,TDU24745G,Auto Rejected,2024-09-23 10:31:03,2025-06-14,Australia,1,
2347095,TDU24746G,Rejected,2024-09-23 10:48:07,2025-06-12,Australia,1,
2347096,TDU24747G,Rejected,2024-09-23 15:33:35,2025-04-01,Australia,1,
2347097,TDU24748G,Rejected,2024-09-23 15:43:54,2025-02-03,Australia,1,
2347098,TDU24749G,Accounts - Reconciliation,2024-09-23 16:31:22,2025-02-11,New Zealand,30,
2347103,TDU24750G,Rejected,2024-09-23 19:36:35,2025-02-10,Australia,1,
2347105,TDU24751G,Accounts - Reconciliation,2024-09-23 20:07:03,2024-11-22,Australia,1,
2347107,TDU24752G,Accounts - Reconciliation,2024-09-23 20:39:10,2024-11-22,New Zealand,1,
2347109,TDU24753G,Rejected,2024-09-23 20:52:09,2024-11-22,New Zealand,1,
2347110,TDU24754G,Accounts - Reconciliation,2024-09-23 20:52:09,2024-11-22,New Zealand,1,
2347112,TDU24755G,Accounts - Reconciliation,2024-09-24 13:44:01,2024-12-15,Australia,1,
2347114,TDU24756G,Accounts - Reconciliation,2024-09-24 16:36:49,2024-10-21,Australia,1,
2347116,TDU24757G,Accounts - Reconciliation,2024-09-24 17:11:39,2024-11-09,Australia,25,
2347118,TDU24758G,Accounts - Reconciliation,2024-09-24 18:18:11,2024-11-23,Australia,23,
2347120,TDU24759G,Auto Rejected,2024-09-24 20:52:29,2025-04-06,Australia,27,
2347122,TDU24760G,Accounts - Reconciliation,2024-09-25 08:31:31,2024-12-08,Australia,37,
2347123,TDU24761G,Accounts - Reconciliation,2024-09-25 13:15:07,2024-11-16,Australia,1,
2347125,TDU24762G,Accounts - Reconciliation,2024-09-25 14:57:23,2024-12-08,Australia,1,
2347126,TDU24763G,Accounts - Reconciliation,2024-09-25 14:59:48,2024-11-24,New Zealand,1,
2347128,TDU24764G,Accounts - Reconciliation,2024-09-25 15:58:15,2024-10-13,Australia,1,
2347130,TDU24765G,Accounts - Reconciliation,2024-09-25 16:34:25,2024-11-06,Australia,43,
2347131,TDU24766G,Auto Rejected,2024-09-25 17:09:18,2025-02-01,Australia,1,
2347133,TDU24767G,Auto Rejected,2024-09-25 18:41:54,2025-04-01,Australia,1,
2347135,TDU24768G,Auto Rejected,2024-09-25 20:52:24,2025-02-04,New Zealand,1,
2347136,TDU24769G,Auto Rejected,2024-09-25 20:52:24,2025-02-04,New Zealand,1,
2347137,TDU24770G,Auto Rejected,2024-09-25 20:52:25,2025-02-04,New Zealand,1,
2347139,TDU24771G,Auto Rejected,2024-09-25 21:24:46,2025-02-11,Australia,1,
2347141,TDU24772G,Accounts - Reconciliation,2024-09-26 09:20:06,2024-12-08,Australia,1,
2347142,TDU24773G,Rejected After Confirmation QA pending,2024-09-26 09:51:28,2025-02-09,Australia,40,
2347143,TDU24774G,Rejected After Confirmation QA pending,2024-09-26 10:14:36,2025-03-10,Australia,40,
2347144,TDU24775G,Auto Rejected,2024-09-26 17:25:22,2025-01-01,Australia,1,
2347146,TDU24776G,Rejected,2024-09-26 20:00:32,2025-02-01,Australia,1,
2347147,TDU24777G,Auto Rejected,2024-09-26 20:01:01,2025-02-01,Australia,1,
2347149,TDU24778G,Auto Rejected,2024-09-27 14:24:39,2025-02-25,Australia,1,
2347150,TDU24779G,Auto Rejected,2024-09-27 15:03:55,2025-03-04,New Zealand,1,
2347152,TDU24780G,Rejected,2024-09-27 16:15:10,2025-01-20,Australia,25,
2347155,TDU24781G,Rejected,2024-09-27 17:12:21,2025-01-20,Australia,1,
2347156,TDU24782G,Accounts - Reconciliation,2024-09-27 18:26:38,2024-10-19,Australia,26,
2347157,TDU24783G,Accounts - Reconciliation,2024-09-27 19:59:44,2024-12-15,Australia,14,
2347158,TDU24784G,Accounts - Reconciliation,2024-09-27 20:48:05,2024-12-07,Australia,1,
2347159,TDU24785G,Accounts - Reconciliation,2024-09-28 13:37:31,2024-12-05,Australia,1,
2347161,TDU24786G,Auto Rejected,2024-09-28 16:59:13,2025-05-14,Australia,1,
2347163,TDU24787G,Accounts - Reconciliation,2024-09-28 18:37:05,2024-12-15,Australia,1,
2347167,TDU24789G,Rejected,2024-09-30 17:21:44,2025-03-18,Australia,10,
2347168,TDU24790G,Accounts - Reconciliation,2024-09-30 19:23:20,2024-11-15,Australia,1,
2347169,TDU24791G,Rejected,2024-09-30 19:56:24,2025-03-31,New Zealand,10,
2347170,TDU24792G,Rejected,2024-09-30 20:55:54,2025-01-06,New Zealand,1,
2347172,TDU24793G,Accounts - Reconciliation,2024-10-01 08:42:23,2024-11-04,New Zealand,1,
2347174,TDU24794G,Auto Rejected,2024-10-01 14:16:19,2025-02-03,New Zealand,1,
2347179,TDU24795G,Accounts - Reconciliation,2024-10-01 17:41:35,2025-05-05,New Zealand,22,
2347182,TDU24796G,Auto Rejected,2024-10-01 20:45:44,2025-02-13,Australia,1,
2347183,TDU24797G,Auto Rejected,2024-10-01 21:46:31,2025-04-05,New Zealand,1,
2347185,TDU24798G,Accounts - Reconciliation,2024-10-02 10:07:04,2024-10-31,Australia,1,
2347187,TDU24799G,Accounts - Reconciliation,2024-10-02 12:18:42,2024-10-22,New Zealand,40,
2347188,TDU24800G,Accounts - Reconciliation,2024-10-02 13:04:20,2024-10-06,Australia,1,
2347189,TDU24801G,Accounts - Reconciliation,2024-10-02 13:26:09,2024-10-22,New Zealand,39,
2347191,TDU24802G,Accounts - Reconciliation,2024-10-02 14:51:44,2024-11-15,New Zealand,1,
2347193,TDU24803G,Rejected,2024-10-02 18:25:08,2024-12-23,Australia,1,
2347196,TDU24805G,Auto Rejected,2024-10-03 18:10:37,2025-04-06,Australia,1,
2347198,TDU24807G,Auto Rejected,2024-10-04 11:43:43,2024-10-15,Australia,1,
2347199,TDU24808G,Accounts - Reconciliation,2024-10-04 12:04:51,2024-10-15,Australia,1,
2347200,TDU24809G,Rejected,2024-10-04 16:17:27,2024-12-23,Australia,1,
2347201,TDU24810G,Rejected,2024-10-04 17:22:41,2024-12-27,New Zealand,1,
2347203,TDU24812G,Accounts - Reconciliation,2024-10-07 12:40:52,2024-09-26,Australia,1,
2347204,TDU24813G,Rejected,2024-10-08 16:56:34,2024-10-11,Australia,1,
2347207,TDU24814G,Accounts - Reconciliation,2024-10-08 19:02:29,2024-10-15,Australia,1,
2347208,TDU24815G,Accounts - Reconciliation,2024-10-08 19:05:45,2024-10-15,Australia,40,
2347213,TDU24816G,Accounts - Reconciliation,2024-10-09 13:27:44,2024-10-11,Australia,1,
2347214,TDU24817G,Auto Rejected,2024-10-09 13:34:27,2025-02-01,Australia,1,
2347215,TDU24818G,Auto Rejected,2024-10-09 13:39:52,2025-02-01,Australia,1,
2347217,TDU24819G,Auto Rejected,2024-10-09 19:27:47,2025-02-01,Australia,1,
2347218,TDU24820G,Auto Rejected,2024-10-09 19:36:49,2025-02-01,Australia,1,
2347222,TDU24821G,Rejected,2024-10-10 23:17:06,2025-05-13,Australia,1,
2347224,TDU24822G,Auto Rejected,2024-10-11 10:18:23,2025-05-14,Australia,1,
2347226,TDU24823G,Accounts - Reconciliation,2024-10-11 17:53:15,2024-10-18,New Zealand,1,
2347229,TDU24824G,Auto Rejected,2024-10-11 21:28:19,2025-04-16,Australia,13,
2347232,TDU24825G,Accounts - Reconciliation,2024-10-11 22:56:43,2024-11-04,Australia,1,
2347233,TDU24826G,Rejected,2024-10-11 23:13:56,2025-01-30,New Zealand,1,
2347240,TDU24827G,Auto Rejected,2024-10-15 11:18:20,2025-02-10,Australia,1,
2347242,TDU24828G,Rejected,2024-10-15 13:40:13,2025-06-17,Australia,15,
2347244,TDU24829G,Accounts - Reconciliation,2024-10-15 15:51:51,2024-11-15,Australia,1,
2347245,TDU24830G,Rejected,2024-10-15 17:01:09,2025-01-15,Australia,1,
2347246,TDU24831G,Rejected,2024-10-15 18:17:24,2025-01-23,New Zealand,1,
2347250,TDU24833G,Rejected,2024-10-15 19:18:04,2025-05-01,Australia,15,
2347251,TDU24834G,Auto Rejected,2024-10-15 19:34:30,2025-03-03,New Zealand,10,
2347252,TDU24835G,Rejected,2024-10-15 20:47:03,2025-05-01,Australia,15,
2347256,TDU24837G,Auto Rejected,2024-10-15 21:53:55,2025-02-12,Australia,40,
2347260,TDU24838G,Accounts - Reconciliation,2024-10-16 17:01:40,2024-11-15,Australia,1,
2347262,TDU24839G,Auto Rejected,2024-10-16 17:23:11,2025-02-05,Australia,45,
2347264,TDU24840G,Auto Rejected,2024-10-16 18:28:31,2025-03-09,Australia,45,
2347267,TDU24842G,Auto Rejected,2024-10-16 22:38:13,2025-02-01,New Zealand,1,
2347270,TDU24844G,Rejected,2024-10-17 00:00:27,2025-01-25,Australia,1,
2347272,TDU24845G,Auto Rejected,2024-10-17 10:27:39,2025-03-27,Australia,15,
2347273,TDU24846G,Auto Rejected,2024-10-17 11:48:10,2025-02-01,Australia,1,
2347275,TDU24847G,Accounts - Reconciliation,2024-10-17 12:39:33,2024-11-16,Australia,1,
2347278,TDU24848G,Accounts - Reconciliation,2024-10-17 13:35:18,2024-11-24,New Zealand,1,
2347279,TDU24849G,Accounts - Reconciliation,2024-10-17 14:15:13,2024-11-25,Australia,1,
2347283,TDU24850G,Rejected,2024-10-17 15:42:19,2025-01-20,Australia,1,
2347285,TDU24851G,Auto Rejected,2024-10-17 16:50:47,2025-02-05,New Zealand,40,
2347287,TDU24852G,Rejected,2024-10-17 17:58:54,2025-03-22,New Zealand,36,
2347289,TDU24853G,Rejected,2024-10-17 18:32:56,2025-03-28,Australia,36,
2347291,TDU24854G,Auto Rejected,2024-10-17 20:26:57,2024-10-25,New Zealand,1,
2347292,TDU24855G,Rejected,2024-10-17 21:20:36,2025-01-20,Australia,35,
2347297,TDU24859G,Rejected,2024-10-18 19:34:24,2025-07-26,New Zealand,15,
2347304,TDU24862G,Rejected,2024-10-21 20:11:55,2024-12-16,New Zealand,1,
2347309,TDU24865G,Auto Rejected,2024-10-22 13:58:46,2025-03-01,Australia,1,
2347310,TDU24866G,Auto Rejected,2024-10-22 14:41:27,2024-12-01,Australia,1,
2347311,TDU24867G,Auto Rejected,2024-10-22 14:44:01,2024-12-01,Australia,1,
2347312,TDU24868G,Auto Rejected,2024-10-22 15:01:09,2025-03-01,Australia,1,
2347313,TDU24869G,Auto Rejected,2024-10-22 15:49:03,2025-03-01,Australia,1,
2347314,TDU24870G,Auto Rejected,2024-10-22 20:00:58,2025-09-09,Australia,33,
2347315,TDU24871G,Auto Rejected,2024-10-22 20:30:39,2025-02-12,New Zealand,20,
2347316,TDU24872G,Accounts - Reconciliation,2024-10-22 20:51:20,2024-11-14,Australia,1,
2347319,TDU24873G,Auto Rejected,2024-10-22 21:29:56,2025-02-05,Australia,20,
2347320,TDU24874G,Auto Rejected,2024-10-23 11:08:54,2025-02-12,Australia,1,
2347321,TDU24875G,Auto Rejected,2024-10-23 12:01:05,2025-03-01,Australia,1,
2347323,TDU24876G,Auto Rejected,2024-10-23 12:14:03,2025-02-12,Australia,1,
2347324,TDU24877G,Auto Rejected,2024-10-23 13:15:43,2024-09-26,Australia,1,
2347325,TDU24878G,Auto Rejected,2024-10-23 13:24:10,2025-02-12,Australia,1,
2347328,TDU24879G,Auto Rejected,2024-10-23 14:30:26,2025-04-10,Australia,20,
2347329,TDU24880G,Auto Rejected,2024-10-23 14:42:43,2024-12-01,Australia,1,
2347330,TDU24881G,Rejected,2024-10-23 16:03:08,2025-04-20,New Zealand,20,
2347331,TDU24882G,Accepted,2024-10-23 16:11:00,2025-03-14,Australia,21,
2347333,TDU24883G,Auto Rejected,2024-10-23 16:48:18,2025-04-05,Australia,20,
2347334,TDU24884G,Auto Rejected,2024-10-23 16:57:15,2025-04-19,Australia,20,
2347335,TDU24885G,Auto Rejected,2024-10-23 17:00:05,2025-06-09,Australia,20,
2347336,TDU24886G,Auto Rejected,2024-10-23 17:01:55,2025-06-09,Australia,20,
2347337,TDU24887G,Rejected,2024-10-23 17:21:33,2024-12-20,New Zealand,1,
2347338,TDU24888G,Rejected,2024-10-23 17:48:44,2024-12-24,Australia,1,
2347340,TDU24889G,Auto Rejected,2024-10-23 18:14:28,2025-02-05,New Zealand,200,
2347341,TDU24890G,Rejected,2024-10-23 18:39:57,2025-02-15,New Zealand,1,
2347342,TDU24891G,Rejected,2024-10-23 19:00:06,2024-12-22,New Zealand,1,
2347344,TDU24893G,Rejected,2024-10-23 21:46:04,2025-03-15,New Zealand,15,
2347347,TDU24894G,Auto Rejected,2024-10-24 12:16:01,2025-04-06,Australia,27,
2347348,TDU24895G,Auto Rejected,2024-10-24 17:59:01,2025-02-01,Australia,1,
2347351,TDU24897G,Accounts - Reconciliation,2024-10-24 21:09:42,2024-11-17,Australia,1,
2347352,TDU24898G,Auto Rejected,2024-10-24 21:45:06,2025-02-05,New Zealand,40,
2347354,TDU24899G,Rejected,2024-10-24 22:46:18,2024-12-21,Australia,1,
2347356,TDU24900G,Auto Rejected,2024-10-25 12:45:56,2025-02-18,New Zealand,1,
2347358,TDU24901G,Auto Rejected,2024-10-25 13:54:07,2025-02-18,Australia,1,
2347360,TDU24902G,Rejected,2024-10-25 15:24:34,2024-12-27,New Zealand,1,
2347361,TDU24903G,Auto Rejected,2024-10-25 16:10:50,2025-02-12,Australia,10,
2347362,TDU24904G,Auto Rejected,2024-10-25 16:19:35,2025-02-12,Australia,1,
2347366,TDU24906G,Accounts - Reconciliation,2024-10-25 18:39:08,2024-11-20,Australia,1,
2347370,TDU24908G,Auto Rejected,2024-10-25 21:52:36,2025-02-18,New Zealand,1,
2347372,TDU24909G,Rejected,2024-10-25 23:13:42,2025-10-25,New Zealand,1,
2347374,TDU24910G,Auto Rejected,2024-10-26 15:41:44,2025-02-23,New Zealand,1,
2347376,TDU24911G,Rejected,2024-10-26 17:24:44,2025-01-29,New Zealand,14,
2347378,TDU24912G,Accounts - Reconciliation,2024-10-26 17:52:35,2025-02-18,Australia,44,
2347381,TDU24914G,Rejected,2024-10-26 19:38:58,2025-09-22,Australia,20,
2347382,TDU24915G,Auto Rejected,2024-10-28 16:36:03,2025-03-05,New Zealand,1,
2347383,TDU24916G,Accounts - Reconciliation,2024-10-28 16:58:50,2024-11-11,Australia,1,
2347384,TDU24917G,Rejected,2024-10-28 17:51:19,2025-01-20,New Zealand,1,
2347387,TDU24919G,Auto Rejected,2024-10-28 20:36:02,2025-02-03,Australia,1,
2347389,TDU24920G,Auto Rejected,2024-10-28 23:24:23,2025-02-05,Australia,187,
2347391,TDU24921G,Rejected,2024-10-29 19:31:59,2025-06-05,Australia,20,
2347392,TDU24922G,Accounts - Reconciliation,2024-10-29 20:31:15,2024-11-02,Australia,1,
2347394,TDU24923G,Auto Rejected,2024-10-29 22:56:34,2025-05-05,Australia,1,
2347397,TDU24924G,Auto Rejected,2024-10-30 16:57:33,2025-05-05,New Zealand,1,
2347399,TDU24925G,Auto Rejected,2024-10-30 17:55:09,2025-05-09,Australia,1,
2347402,TDU24926G,Accounts - Reconciliation,2024-11-01 18:47:56,2024-11-15,New Zealand,44,
2347404,TDU24927G,Auto Rejected,2024-11-02 16:08:01,2025-02-06,Australia,250,
2347406,TDU24928G,Auto Rejected,2024-11-02 18:23:34,2025-02-16,Australia,1,
2347409,TDU24930G,Auto Rejected,2024-11-05 15:15:29,2025-03-21,Australia,1,
2347411,TDU24931G,Rejected,2024-11-05 15:56:51,2025-04-10,Australia,1,
2347415,TDU24932G,Rejected,2024-11-05 22:10:16,2025-06-25,Australia,200,
2347417,TDU24933G,Auto Rejected,2024-11-06 08:00:16,2025-04-18,Australia,1,
2347418,TDU24934G,Rejected,2024-11-06 16:13:16,2025-04-17,New Zealand,14,
2347420,TDU24935G,Auto Rejected,2024-11-06 22:30:04,2025-02-15,Australia,187,
2347422,TDU24936G,Auto Rejected,2024-11-07 00:56:33,2025-02-06,Australia,1,
2347423,TDU24937G,Auto Rejected,2024-11-07 00:59:24,2025-02-06,Australia,255,
2347424,TDU24938G,Auto Rejected,2024-11-07 01:02:09,2025-02-19,Australia,1,
2347427,TDU24940G,Auto Rejected,2024-11-07 17:00:15,2025-10-05,Australia,30,
2347429,TDU24941G,Auto Rejected,2024-11-07 18:36:24,2025-04-01,Australia,1,
2347430,TDU24942G,Auto Rejected,2024-11-07 19:20:53,2025-02-19,Australia,1,
2347434,TDU24944G,Rejected,2024-11-07 23:26:29,2024-12-27,Australia,1,
2347436,TDU24945G,Rejected,2024-11-08 14:50:24,2025-11-20,Australia,1,
2347437,TDU24946G,Rejected,2024-11-08 20:05:59,2025-01-25,New Zealand,20,
2347439,TDU24947G,Rejected,2024-11-08 23:07:02,2025-01-19,Australia,20,
2347441,TDU24948G,Rejected,2024-11-09 00:08:42,2025-01-20,New Zealand,1,
2347442,TDU24949G,Rejected,2024-11-09 00:59:47,2025-01-20,New Zealand,1,
2347446,TDU24950G,Rejected,2024-11-09 01:41:16,2025-01-27,Australia,150,
2347447,TDU24951G,Rejected,2024-11-09 13:52:22,2025-01-27,Australia,1,
2347449,TDU24952G,Rejected,2024-11-09 15:05:44,2025-04-07,Australia,1,
2347450,TDU24953G,Rejected,2024-11-09 15:08:01,2025-04-07,Australia,1,
2347452,TDU24955G,Rejected,2024-11-09 16:43:45,2025-04-07,Australia,1,
2347453,TDU24956G,Rejected,2024-11-09 16:45:07,2025-04-02,Australia,1,
2347454,TDU24957G,Rejected,2024-11-09 17:08:44,2025-04-02,Australia,1,
2347457,TDU24960G,Rejected,2024-11-09 18:36:45,2025-01-15,New Zealand,1,
2347459,TDU24961G,Rejected,2024-11-09 19:19:54,2025-01-15,New Zealand,1,
2347460,TDU24962G,Rejected,2024-11-09 19:40:10,2025-01-15,New Zealand,30,
2347462,TDU24963G,Rejected,2024-11-09 20:30:18,2025-01-15,New Zealand,1,
2347464,TDU24964G,Auto Rejected,2024-11-09 21:54:12,2025-04-07,Australia,76,
2347467,TDU24965G,Rejected,2024-11-10 19:45:51,2025-01-28,New Zealand,30,
2347468,TDU24966G,Rejected,2024-11-11 19:16:36,2025-04-18,New Zealand,1,
2347469,TDU24967G,Auto Rejected,2024-11-11 20:06:11,2025-02-04,Australia,40,
2347471,TDU24968G,Auto Rejected,2024-11-11 22:13:56,2025-02-25,New Zealand,200,
2347474,TDU24969G,Auto Rejected,2024-11-11 22:55:29,2025-03-09,Australia,150,
2347477,TDU24970G,Rejected,2024-11-11 23:21:03,2024-12-28,New Zealand,1,
2347481,TDU24971G,Rejected,2024-11-12 15:45:30,2025-04-02,Australia,40,
2347484,TDU24972G,Auto Rejected,2024-11-12 16:38:55,2025-04-27,Australia,10,
2347486,TDU24973G,Rejected,2024-11-12 17:52:17,2025-01-10,New Zealand,20,
2347487,TDU24974G,Accounts - Reconciliation,2024-11-12 18:21:05,2024-11-30,New Zealand,40,
2347490,TDU24975G,Rejected,2024-11-12 18:49:13,2025-05-08,New Zealand,1,
2347491,TDU24976G,Rejected,2024-11-12 19:05:27,2025-05-08,New Zealand,1,
2347494,TDU24977G,Rejected,2024-11-12 19:23:07,2025-01-10,New Zealand,25,
2347495,TDU24978G,Rejected,2024-11-12 19:28:05,2025-01-10,New Zealand,30,
2347496,TDU24979G,Rejected,2024-11-12 20:08:02,2025-09-25,Australia,300,
2347497,TDU24980G,Auto Rejected,2024-11-12 20:37:55,2025-05-07,New Zealand,17,
2347499,TDU24981G,Rejected,2024-11-12 20:57:12,2025-09-27,Australia,300,
2347501,TDU24982G,Rejected,2024-11-12 21:26:53,2025-05-08,New Zealand,1,
2347503,TDU24983G,Accounts - Reconciliation,2024-11-12 22:42:37,2024-12-01,Australia,10,
2347505,TDU24984G,Auto Rejected,2024-11-12 23:30:53,2025-03-06,Australia,40,
2347506,TDU24985G,Auto Rejected,2024-11-13 00:11:52,2025-03-06,Australia,40,
2347507,TDU24986G,Auto Rejected,2024-11-13 01:26:24,2025-02-25,Australia,168,
2347508,TDU24987G,Rejected,2024-11-13 16:59:27,2025-05-10,Australia,250,
2347509,TDU24988G,Rejected,2024-11-13 19:51:57,2025-11-02,Australia,20,
2347510,TDU24989G,Rejected,2024-11-13 21:48:51,2025-06-15,Australia,200,
2347511,TDU24990G,Auto Rejected,2024-11-14 00:37:13,2025-02-03,Australia,150,
2347512,TDU24991G,Rejected,2024-11-14 01:35:24,2025-05-05,Australia,20,
2347513,TDU24992G,Auto Rejected,2024-11-14 10:53:05,2024-11-14,Australia,2,
2347514,TDU24993G,Rejected,2024-11-14 16:55:04,2025-01-17,Australia,25,
2347516,TDU24994G,Accounts - Reconciliation,2024-11-14 17:41:09,2024-11-29,Australia,1,
2347517,TDU24995G,Rejected,2024-11-15 14:55:16,2025-04-15,Australia,100,
2347518,TDU24996G,Accounts - Reconciliation,2024-11-15 15:13:49,2024-12-07,Australia,10,
2347519,TDU24997G,Accounts - Reconciliation,2024-11-15 15:21:58,2024-12-07,Australia,1,
2347520,TDU24998G,Auto Rejected,2024-11-15 21:17:39,2025-03-26,Australia,30,
2347521,TDU24999G,Rejected,2024-11-15 22:05:44,2025-09-24,New Zealand,30,
2347523,TDU25000G,Auto Rejected,2024-11-16 14:48:10,2025-02-04,Australia,14,
2347524,TDU25001G,Accounts - Reconciliation,2024-11-16 15:45:48,2024-12-08,New Zealand,15,
2347526,TDU25003G,Accounts - Reconciliation,2024-11-16 17:22:42,2025-05-18,Australia,12,
2347527,TDU25004G,Auto Rejected,2024-11-16 19:56:45,2025-02-20,New Zealand,1,
2347530,TDU25005G,Rejected,2024-11-16 22:28:54,2025-03-15,New Zealand,20,
2347531,TDU25006G,Rejected,2024-11-16 22:38:36,2025-05-26,New Zealand,12,
2347532,TDU25007G,Auto Rejected,2024-11-16 23:09:48,2025-02-15,Australia,300,
2347533,TDU25008G,Rejected,2024-11-18 16:07:29,2025-01-25,Australia,200,
2347534,TDU25009G,Rejected,2024-11-18 17:47:09,2025-01-20,Australia,17,
2347535,TDU25010G,Rejected,2024-11-18 22:37:36,2025-01-16,Australia,29,
2347536,TDU25011G,Auto Rejected,2024-11-19 15:29:57,2025-05-05,Australia,25,
2347537,TDU25012G,Auto Rejected,2024-11-19 17:51:18,2025-02-25,New Zealand,130,
2347539,TDU25013G,Rejected,2024-11-19 21:27:44,2025-01-10,Australia,17,
2347540,TDU25014G,Auto Rejected,2024-11-19 21:48:36,2025-01-07,Australia,1,
2347541,TDU25015G,Rejected,2024-11-19 22:53:24,2025-01-20,Australia,17,
2347542,TDU25016G,Rejected,2024-11-19 23:08:22,2025-01-03,Australia,30,
2347543,TDU25017G,Auto Rejected,2024-11-20 16:27:48,2025-02-20,Australia,30,
2347544,TDU25018G,Rejected,2024-11-20 17:59:45,2025-06-20,Australia,35,
2347545,TDU25019G,Rejected,2024-11-20 18:23:53,2025-03-18,Australia,15,
2347546,TDU25020G,Rejected,2024-11-20 20:32:11,2025-06-01,Australia,30,
2347547,TDU25021G,Rejected,2024-11-20 21:56:22,2025-02-28,New Zealand,15,
2347548,TDU25022G,Rejected,2024-11-20 22:06:51,2025-02-03,Australia,20,
2347549,TDU25023G,Rejected,2024-11-20 22:57:32,2025-03-29,New Zealand,25,
2347550,TDU25024G,Auto Rejected,2024-11-20 23:05:50,2025-03-29,Australia,25,
2347554,TDU25025G,Rejected,2024-11-21 02:15:58,2025-06-20,Australia,35,
2347559,TDU25026G,Accounts - Reconciliation,2024-11-21 10:29:24,2024-11-24,Australia,10,
2347570,TDU25027G,Rejected,2024-11-21 17:32:29,2025-05-15,Australia,40,
2347573,TDU25028G,Rejected,2024-11-21 18:50:30,2025-01-14,Australia,12,
2347574,TDU25029G,Rejected,2024-11-21 19:07:48,2025-01-25,Australia,36,
2347576,TDU25030G,Rejected,2024-11-21 20:37:28,2025-01-28,Australia,1,
2347577,TDU25031G,Rejected,2024-11-21 20:42:03,2025-01-28,Australia,15,
2347582,TDU25032G,Auto Rejected,2024-11-21 22:22:53,2025-06-27,Australia,15,
2347585,TDU25033G,Rejected,2024-11-21 23:06:11,2025-06-01,Australia,30,
2347587,TDU25034G,Auto Rejected,2024-11-21 23:39:55,2025-05-12,Australia,31,
2347588,TDU25035G,Auto Rejected,2024-11-22 00:08:14,2025-03-28,New Zealand,26,
2347589,TDU25036G,Auto Rejected,2024-11-22 00:39:03,2025-03-18,Australia,10,
2347592,TDU25037G,Rejected,2024-11-22 01:29:33,2025-10-10,Australia,100,
2347595,TDU25038G,Auto Rejected,2024-11-22 17:19:26,2025-03-02,Australia,17,
2347598,TDU25039G,Auto Rejected,2024-11-22 18:12:55,2025-03-10,Australia,16,
2347602,TDU25040G,Rejected,2024-11-22 19:55:00,2025-04-20,Australia,16,
2347603,TDU25041G,Rejected,2024-11-22 20:25:44,2025-01-25,Australia,36,
2347606,TDU25042G,PRE QA - pending,2024-11-22 21:26:36,2025-02-23,Australia,14,
2347610,TDU25043G,Rejected,2024-11-23 01:45:50,2025-01-25,Australia,32,
2347611,TDU25044G,Rejected,2024-11-23 01:45:51,2025-04-25,Australia,32,
2347619,TDU25045G,Rejected,2024-11-24 16:59:40,2025-11-05,Australia,20,
2347621,TDU25046G,Rejected,2024-11-24 17:45:12,2025-11-11,New Zealand,20,
2347623,TDU25047G,Auto Rejected,2024-11-24 18:44:42,2025-02-22,Australia,30,
2347624,TDU25048G,Auto Rejected,2024-11-24 18:57:27,2025-02-22,Australia,30,
2347627,TDU25049G,Rejected,2024-11-24 19:23:12,2025-04-25,Australia,36,
2347629,TDU25050G,Auto Rejected,2024-11-24 19:32:34,2025-05-01,New Zealand,36,
2347632,TDU25051G,Rejected,2024-11-24 20:30:56,2025-01-15,Australia,180,
2347636,TDU25052G,Rejected,2024-11-25 13:10:22,2025-04-28,New Zealand,24,
2347643,TDU25055G,Accounts - Reconciliation,2024-11-25 18:16:43,2025-02-16,New Zealand,38,
2347645,TDU25056G,Accounts - Reconciliation,2024-11-25 19:03:40,2025-02-10,Australia,39,
2347649,TDU25057G,PRE QA - pending,2024-11-25 21:59:54,2025-02-24,Australia,23,
2347652,TDU25058G,Accounts - Reconciliation,2024-11-26 16:57:19,2024-12-15,Australia,18,
2347655,TDU25059G,Rejected,2024-11-26 18:45:56,2025-05-12,Australia,16,
2347659,TDU25060G,Rejected,2024-11-26 22:44:38,2025-02-10,Australia,23,
2347673,TDU25067G,Rejected,2024-11-27 22:14:03,2025-04-13,Australia,40,
2347678,TDU25070G,Rejected,2024-11-28 14:42:44,2025-09-30,Australia,20,
2347699,TDU25078G,Rejected,2024-11-29 22:05:49,2025-12-03,Australia,100,
2347700,TDU25079G,Rejected,2024-11-29 22:13:27,2025-03-31,New Zealand,30,
2347701,TDU25080G,Auto Rejected,2024-11-29 22:40:19,2025-02-15,New Zealand,40,
2347705,TDU25081G,Auto Rejected,2024-11-30 15:25:53,2025-02-14,New Zealand,25,
2347706,TDU25082G,Rejected,2024-11-30 17:34:19,2025-01-28,Australia,20,
2347710,TDU25083G,Rejected After Confirmation QA pending,2024-12-01 01:28:37,2025-02-18,New Zealand,40,
2347711,TDU25084G,Rejected After Confirmation QA pending,2024-12-01 01:35:37,2025-03-18,New Zealand,40,
2347712,TDU25085G,Rejected,2024-12-02 15:17:23,2025-09-22,Australia,20,
2347714,TDU25086G,Rejected,2024-12-02 17:11:47,2025-01-15,Australia,10,
2347721,TDU25088G,Rejected,2024-12-02 22:25:33,2025-03-15,New Zealand,30,
2347723,TDU25089G,Accepted,2024-12-02 23:18:38,2025-04-13,Australia,152,
2347729,TDU25090G,Auto Rejected,2024-12-03 17:58:49,2025-02-14,New Zealand,15,
2347731,TDU25091G,On Ground,2024-12-03 19:57:58,2025-04-05,Australia,24,
2347732,TDU25092G,Accounts - Reconciliation,2024-12-03 20:05:36,2025-04-14,New Zealand,24,
2347734,TDU25093G,Auto Rejected,2024-12-03 22:36:57,2025-03-06,Australia,16,
2347737,TDU25094G,Rejected,2024-12-04 01:03:45,2025-04-02,Australia,8,
2347739,TDU25095G,Rejected,2024-12-04 19:08:01,2025-04-14,New Zealand,20,
2347742,TDU25096G,Auto Rejected,2024-12-04 22:33:26,2025-05-06,New Zealand,90,
2347744,TDU25097G,Auto Rejected,2024-12-05 11:40:58,2025-04-17,Australia,10,
2347745,TDU25098G,Rejected,2024-12-05 15:43:42,2025-10-22,New Zealand,40,
2347746,TDU25099G,Rejected After Confirmation QA pending,2024-12-05 20:33:16,2025-03-17,New Zealand,20,
2347748,TDU25100G,Rejected,2024-12-05 23:05:26,2025-03-15,Australia,20,
2347750,TDU25101G,Rejected,2024-12-05 23:50:48,2025-03-15,Australia,20,
2347752,TDU25102G,Rejected,2024-12-06 01:20:50,2025-05-21,New Zealand,40,
2347753,TDU25103G,Rejected,2024-12-06 02:53:25,2025-05-23,Australia,24,
2347759,TDU25105G,Rejected,2024-12-07 01:27:01,2025-04-10,Australia,46,
2347760,TDU25106G,Rejected,2024-12-07 01:28:39,2025-04-10,Australia,46,
2347763,TDU25107G,On Ground,2024-12-07 15:44:43,2025-01-06,New Zealand,19,
2347766,TDU25108G,Rejected,2024-12-08 20:24:51,2025-05-15,Australia,16,
2347768,TDU25109G,Rejected,2024-12-08 20:59:35,2025-05-22,New Zealand,16,
2347770,TDU25110G,Rejected,2024-12-08 22:51:03,2025-01-05,Australia,15,
2347772,TDU25111G,Rejected,2024-12-09 00:01:53,2025-05-09,Australia,14,
2347774,TDU25112G,Rejected,2024-12-09 00:23:38,2025-06-02,Australia,40,
2347776,TDU25113G,Auto Rejected,2024-12-09 02:08:47,2025-04-20,Australia,300,
2347784,TDU25114G,Rejected,2024-12-12 00:13:59,2025-10-23,Australia,20,
2347786,TDU25115G,Rejected,2024-12-12 01:29:57,2025-10-03,New Zealand,20,
2347788,TDU25116G,Accounts - Reconciliation,2024-12-12 02:44:27,2025-01-02,New Zealand,4,
2347789,TDU25117G,Rejected,2024-12-12 05:17:52,2025-01-30,Australia,34,
2347790,TDU25118G,Auto Rejected,2024-12-12 05:19:26,2025-02-05,Australia,34,
2347791,TDU25119G,Auto Rejected,2024-12-12 10:34:32,2025-03-22,Australia,20,
2347797,TDU25121G,Auto Rejected,2024-12-13 01:52:29,2025-04-17,Australia,25,
2347799,TDU25122G,Rejected,2024-12-13 04:07:59,2025-06-05,Australia,20,
2347800,TDU25123G,Rejected,2024-12-13 04:40:10,2025-06-15,Australia,45,
2347801,TDU25124G,Rejected,2024-12-13 04:43:27,2025-06-25,New Zealand,45,
2347802,TDU25125G,Auto Rejected,2024-12-13 13:09:20,2025-06-06,Australia,10,
2347805,TDU25126G,Auto Rejected,2024-12-13 20:57:08,2025-02-20,Australia,150,
2347807,TDU25127G,Auto Rejected,2024-12-13 22:02:15,2025-02-20,Australia,150,
2347812,TDU25128G,Rejected,2024-12-14 00:54:24,2025-05-29,Australia,20,
2347814,TDU25129G,Accounts - Reconciliation,2024-12-14 03:13:38,2025-10-25,Australia,19,
2347816,TDU25130G,Rejected,2024-12-14 04:33:13,2025-05-10,New Zealand,20,
2347818,TDU25131G,Rejected,2024-12-14 20:57:35,2025-12-10,Australia,45,
2347821,TDU25132G,Auto Rejected,2024-12-15 00:56:52,2025-03-10,Australia,20,
2347823,TDU25133G,Auto Rejected,2024-12-15 02:41:38,2025-03-10,Australia,20,
2347825,TDU25134G,Rejected,2024-12-15 03:05:07,2025-03-22,New Zealand,20,
2347826,TDU25135G,Rejected,2024-12-15 03:15:59,2025-03-22,New Zealand,20,
2347828,TDU25136G,Rejected,2024-12-15 04:07:22,2025-03-22,New Zealand,20,
2347830,TDU25137G,Auto Rejected,2024-12-15 04:34:32,2025-02-20,New Zealand,150,
2347834,TDU25138G,Auto Rejected,2024-12-16 22:04:48,2025-04-10,Australia,70,
2347836,TDU25139G,Auto Rejected,2024-12-17 02:00:49,2025-02-16,New Zealand,12,
2347838,TDU25140G,Auto Rejected,2024-12-17 12:59:25,2025-03-22,Australia,20,
2347840,TDU25141G,Auto Rejected,2024-12-17 21:01:25,2025-02-20,Australia,25,
2347842,TDU25142G,Auto Rejected,2024-12-17 21:21:25,2025-02-20,New Zealand,25,
2347844,TDU25143G,Auto Rejected,2024-12-17 21:55:53,2025-04-07,Australia,76,
2347846,TDU25144G,Auto Rejected,2024-12-17 23:00:57,2025-04-10,Australia,171,
2347848,TDU25145G,Auto Rejected,2024-12-18 02:29:19,2024-06-25,Australia,15,
2347850,TDU25146G,Auto Rejected,2024-12-18 03:30:32,2024-06-25,Australia,36,
2347852,TDU25147G,Rejected,2024-12-18 20:17:22,2025-06-15,Australia,40,
2347856,TDU25149G,Auto Rejected,2024-12-19 00:26:20,2025-02-12,New Zealand,20,
2347858,TDU25150G,Auto Rejected,2024-12-19 16:17:13,2025-03-20,Australia,40,
2347859,TDU25151G,Auto Rejected,2024-12-19 18:08:50,2025-03-20,Australia,20,
2347862,TDU25153G,Rejected,2024-12-19 20:40:19,2025-05-10,New Zealand,30,
2347865,TDU25154G,Auto Rejected,2024-12-20 00:01:10,2025-02-26,Australia,20,
2347867,TDU25155G,Auto Rejected,2024-12-20 04:08:04,2025-02-19,Australia,15,
2347868,TDU25156G,Rejected,2024-12-20 06:58:45,2025-05-15,Australia,40,
2347870,TDU25157G,Auto Rejected,2024-12-20 10:18:21,2025-05-04,New Zealand,15,
2347871,TDU25158G,Auto Rejected,2024-12-20 11:17:50,2025-02-18,Australia,38,
2347873,TDU25159G,Auto Rejected,2024-12-20 22:20:18,2025-03-06,New Zealand,20,
2347874,TDU25160G,Rejected,2024-12-20 22:34:25,2025-04-20,Australia,20,
2347875,TDU25161G,Rejected,2024-12-20 22:36:45,2025-04-12,Australia,20,
2347877,TDU25162G,Auto Rejected,2024-12-20 23:37:24,2025-03-13,Australia,20,
2347879,TDU25163G,Rejected,2024-12-21 01:49:03,2025-03-18,Australia,35,
2347881,TDU25164G,Rejected,2024-12-21 06:27:24,2025-01-22,Australia,15,
2347885,TDU25167G,Rejected After Confrmation QA completed,2024-12-22 01:38:16,2025-09-15,Australia,20,
2347887,TDU25168G,Auto Rejected,2024-12-23 06:41:27,2025-02-15,Australia,30,
2347889,TDU25169G,Auto Rejected,2024-12-23 07:50:32,2025-02-15,Australia,25,
2347891,TDU25170G,Auto Rejected,2024-12-23 10:15:49,2025-10-28,Australia,25,
2347893,TDU25171G,Auto Rejected,2024-12-23 12:59:46,2025-02-23,New Zealand,18,
2347930,TDU25175G,Rejected After Confrmation QA completed,2024-12-24 09:49:46,2025-10-29,Australia,25,
2347950,TDU25177G,Auto Rejected,2024-12-24 19:00:20,2025-02-09,Australia,40,
2348007,TDU25180G,Auto Rejected,2024-12-25 21:16:10,2025-04-01,Australia,55,
2348008,TDU25181G,Rejected,2024-12-25 21:44:17,2025-04-15,Australia,45,
2348009,TDU25182G,Auto Rejected,2024-12-25 22:20:48,2025-02-22,Australia,40,
2348012,TDU30102,Rejected,2024-12-25 23:04:47,2025-02-01,Australia,4,
2348014,TDU30103,Rejected,2024-12-26 00:08:36,2025-03-14,Australia,4,
2348015,TDU30104,Rejected,2024-12-26 00:46:25,2025-02-18,Australia,3,
2348016,TDU30105,Rejected,2024-12-26 01:24:58,2025-04-15,Australia,4,
2348017,TDU25183G,Rejected,2024-12-26 02:11:05,2025-04-26,Australia,65,
2348019,TDU25184G,Rejected,2024-12-26 02:51:20,2025-04-15,Australia,45,
2348020,TDU30106,Rejected,2024-12-26 03:00:44,2025-02-20,Australia,2,
2348023,TDU30107,Rejected,2024-12-26 11:41:18,2025-02-04,Australia,4,
2348025,TDU30108,Rejected,2024-12-26 16:08:44,2025-02-25,Australia,4,
2348026,TDU30109,Rejected,2024-12-26 16:55:17,2025-01-21,Australia,4,
2348027,TDU30110,Rejected,2024-12-26 17:18:22,2025-09-02,Australia,4,
2348028,TDU30111,Rejected,2024-12-26 17:18:55,2025-01-30,Australia,4,
2348029,TDU30112,Rejected,2024-12-26 17:20:28,2025-02-15,Australia,4,
2348030,TDU30113,Rejected,2024-12-26 17:20:46,2025-02-01,Australia,3,
2348031,TDU30114,Rejected,2024-12-26 17:21:50,2025-02-06,Australia,4,
2348032,TDU30115,Rejected,2024-12-26 17:57:46,2025-02-02,Australia,4,
2348033,TDU30116,Rejected,2024-12-26 19:06:27,2025-01-14,Australia,4,
2348034,TDU30117,Auto Rejected,2024-12-26 19:08:21,2025-01-13,Australia,4,
2348035,TDU30118,Rejected,2024-12-26 19:22:25,2025-02-03,Australia,4,
2348036,TDU30119,Rejected,2024-12-26 19:34:39,2025-01-10,Australia,4,
2348037,TDU30120,Rejected,2024-12-26 20:35:22,2026-08-12,Australia,6,
2348038,TDU30121,Rejected,2024-12-26 20:36:13,2025-02-26,Australia,6,
2348039,TDU30122,Rejected,2024-12-26 20:37:47,2025-04-03,Australia,6,
2348040,TDU30123,Rejected,2024-12-26 20:37:51,2025-01-14,Australia,4,
2348041,TDU30124,Rejected,2024-12-26 20:41:36,2025-01-20,Australia,6,
2348042,TDU30125,Rejected,2024-12-26 20:49:10,2025-01-13,Australia,7,
2348043,TDU30126,Auto Rejected,2024-12-26 21:01:25,2024-12-27,Australia,6,
2348044,TDU30127,Rejected,2024-12-26 21:12:27,2025-01-20,Australia,6,
2348045,TDU30128,Rejected,2024-12-26 21:12:27,2025-01-20,Australia,6,
2348046,TDU30129,Rejected,2024-12-26 21:15:30,2025-06-07,Australia,6,
2348047,TDU30130,Rejected,2024-12-26 21:18:09,2025-02-03,Australia,7,
2348048,TDU30131,Rejected,2024-12-26 21:34:14,2024-12-31,Australia,12,
2348050,TDU30132,Rejected,2024-12-26 22:15:11,2025-02-24,Australia,8,
2348051,TDU25186G,Rejected,2024-12-26 22:26:16,2025-08-19,Australia,16,
2348052,TDU30133,Rejected,2024-12-26 22:32:33,2025-03-13,Australia,4,
2348053,TDU30134,Rejected,2024-12-26 22:44:07,2025-01-10,Australia,4,
2348054,TDU30135,Rejected,2024-12-26 22:50:41,2025-02-13,Australia,4,
2348055,TDU30136,Rejected,2024-12-26 23:05:29,2025-01-18,Australia,6,
2348056,TDU30137,Rejected,2024-12-26 23:09:39,2025-03-02,Australia,6,
2348057,TDU30138,Rejected,2024-12-26 23:11:30,2025-01-29,Australia,1,
2348058,TDU30139,Rejected,2024-12-26 23:12:01,2025-02-16,Australia,8,
2348059,TDU30140,Rejected,2024-12-26 23:14:21,2025-01-10,Australia,4,
2348060,TDU30141,Auto Rejected,2024-12-26 23:33:25,2025-01-03,Australia,4,
2348061,TDU30142,Rejected,2024-12-26 23:35:45,2025-02-04,Australia,4,
2348062,TDU30143,Rejected,2024-12-26 23:57:22,2025-02-05,Australia,6,
2348063,TDU30144,Rejected,2024-12-27 00:18:56,2025-02-11,Australia,2,
2348064,TDU25187G,Rejected,2024-12-27 02:52:27,2025-05-01,Australia,20,
2348066,TDU25188G,Auto Rejected,2024-12-27 03:44:26,2025-04-09,Australia,20,
2348068,TDU25189G,Rejected,2024-12-27 04:40:25,2025-03-22,New Zealand,20,
2348070,TDU30145,Rejected,2024-12-27 16:11:16,2025-03-29,Australia,2,
2348071,TDU30146,Rejected,2024-12-27 16:11:20,2025-03-29,Australia,2,
2348072,TDU30147,Rejected,2024-12-27 17:27:57,2025-01-10,Australia,2,
2348073,TDU30148,Rejected,2024-12-27 17:38:59,2025-02-09,Australia,2,
2348074,TDU30149,Rejected,2024-12-27 17:42:42,2025-01-11,Australia,3,
2348075,TDU30150,Rejected,2024-12-27 17:42:48,2025-06-23,Australia,2,
2348076,TDU30151,Rejected,2024-12-27 17:51:39,2025-01-29,Australia,1,
2348077,TDU30152,Rejected,2024-12-27 17:55:54,2025-02-01,Australia,4,
2348078,TDU30153,Rejected,2024-12-27 17:59:00,2025-03-27,Australia,2,
2348079,TDU30154,Rejected,2024-12-27 18:09:47,2025-02-13,Australia,4,
2348080,TDU30155,Rejected,2024-12-27 19:19:44,2025-01-19,Australia,2,
2348081,TDU30156,Rejected,2024-12-27 19:31:34,2025-02-04,Australia,2,
2348082,TDU30157,Rejected,2024-12-27 19:32:39,2025-03-01,Australia,2,
2348083,TDU30158,Rejected,2024-12-27 19:33:34,2025-01-10,Australia,2,
2348084,TDU30159,Rejected,2024-12-27 19:38:16,2025-06-12,Australia,4,
2348085,TDU30160,Rejected,2024-12-27 19:47:02,2025-01-16,Australia,4,
2348086,TDU30161,Rejected,2024-12-27 19:58:22,2025-01-10,Australia,4,
2348087,TDU30162,Rejected,2024-12-27 20:08:41,2025-01-11,Australia,3,
2348088,TDU30163,Rejected,2024-12-27 20:13:30,2025-02-12,Australia,4,
2348089,TDU30164,Rejected,2024-12-27 20:15:27,2025-05-02,Australia,3,
2348090,TDU30165,Rejected,2024-12-27 20:21:09,2025-01-27,Australia,2,
2348091,TDU30166,Rejected,2024-12-27 20:30:48,2025-01-25,Australia,4,
2348092,TDU30167,Rejected,2024-12-27 20:56:10,2025-05-05,Australia,4,
2348093,TDU30168,Rejected,2024-12-27 21:16:46,2025-04-09,Australia,6,
2348094,TDU25190G,Rejected,2024-12-27 21:20:23,2025-05-26,New Zealand,16,
2348096,TDU30169,Rejected,2024-12-27 21:27:21,2025-01-18,Australia,3,
2348097,TDU30170,Rejected,2024-12-27 22:40:07,2025-02-05,Australia,4,
2348098,TDU30171,Rejected,2024-12-27 22:41:13,2025-05-08,Australia,6,
2348099,TDU30172,Rejected,2024-12-27 22:41:16,2025-05-08,Australia,6,
2348100,TDU30173,Rejected,2024-12-27 22:43:49,2025-01-30,Australia,4,
2348101,TDU30174,Rejected,2024-12-27 22:45:33,2025-02-09,Australia,4,
2348102,TDU30175,Rejected,2024-12-27 22:49:50,2025-02-20,Australia,4,
2348103,TDU30176,Rejected,2024-12-27 22:58:23,2025-07-23,Australia,6,
2348104,TDU30177,Rejected,2024-12-27 23:14:21,2025-01-12,Australia,6,
2348105,TDU30178,Rejected,2024-12-27 23:20:45,2025-01-10,Australia,4,
2348106,TDU30179,Rejected,2024-12-27 23:23:30,2025-04-03,Australia,6,
2348108,TDU25191G,Auto Rejected,2024-12-28 01:33:46,2025-04-26,Australia,65,
2348110,TDU30180,Rejected,2024-12-28 16:45:40,2025-03-20,Australia,2,
2348111,TDU30181,Rejected,2024-12-28 17:08:24,2025-04-24,Australia,2,
2348112,TDU30182,Rejected,2024-12-28 20:41:50,2025-01-10,Australia,4,
2348113,TDU30183,Rejected,2024-12-28 20:50:36,2025-02-01,Australia,4,
2348114,TDU30184,Rejected,2024-12-28 20:52:02,2025-02-19,Australia,4,
2348115,TDU30185,Rejected,2024-12-28 21:15:41,2025-02-13,Australia,5,
2348116,TDU30186,Rejected,2024-12-28 21:30:56,2025-02-16,Australia,4,
2348117,TDU30187,Rejected,2024-12-28 21:38:24,2025-02-26,Australia,4,
2348118,TDU30188,Rejected,2024-12-28 22:18:46,2025-01-31,Australia,4,
2348119,TDU30189,Rejected,2024-12-28 22:21:36,2025-01-24,Australia,4,
2348120,TDU25192G,Auto Rejected,2024-12-28 23:05:13,2025-03-08,Australia,20,
2348122,TDU30190,Rejected,2024-12-28 23:32:14,2025-02-15,Australia,4,
2348123,TDU30191,Rejected,2024-12-28 23:35:28,2025-02-14,Australia,4,
2348124,TDU30192,Rejected,2024-12-28 23:37:13,2025-03-14,Australia,4,
2348125,TDU30193,Rejected,2024-12-29 00:08:57,2025-01-10,Australia,4,
2348126,TDU30194,Rejected,2024-12-29 00:09:31,2025-03-13,Australia,8,
2348127,TDU25193G,Auto Rejected,2024-12-29 02:09:06,2025-03-05,New Zealand,16,
2348130,TDU30195,Rejected,2024-12-30 15:55:45,2025-04-01,Australia,4,
2348131,TDU30196,Rejected,2024-12-30 15:56:21,2025-01-10,Australia,4,
2348132,TDU30197,Rejected,2024-12-30 15:57:02,2025-02-14,Australia,4,
2348133,TDU30198,Rejected,2024-12-30 16:04:42,2025-01-12,Australia,3,
2348134,TDU30199,Rejected,2024-12-30 16:06:55,2025-02-04,Australia,2,
2348135,TDU30200,Rejected,2024-12-30 16:10:55,2025-02-14,Australia,4,
2348136,TDU30201,Rejected,2024-12-30 16:11:00,2025-06-04,Australia,2,
2348137,TDU30202,Rejected,2024-12-30 16:25:15,2025-12-25,Australia,3,
2348138,TDU30203,Rejected,2024-12-30 16:32:56,2025-03-04,Australia,4,
2348139,TDU30204,Rejected,2024-12-30 16:34:18,2025-02-14,Australia,4,
2348140,TDU30205,Rejected,2024-12-30 16:45:03,2025-02-14,Australia,2,
2348141,TDU30206,Auto Rejected,2024-12-30 16:47:08,2024-12-04,Australia,2,
2348142,TDU30207,Rejected,2024-12-30 16:48:52,2025-02-15,Australia,4,
2348143,TDU25194G,Rejected,2024-12-30 16:49:29,2025-03-26,Australia,25,
2348144,TDU30208,Rejected,2024-12-30 16:51:59,2025-01-19,Australia,3,
2348145,TDU30209,Rejected,2024-12-30 16:52:25,2025-01-23,Australia,4,
2348146,TDU30210,Rejected,2024-12-30 16:52:55,2025-02-07,Australia,6,
2348147,TDU30211,Rejected,2024-12-30 16:56:26,2025-01-16,Australia,4,
2348148,TDU30212,Rejected,2024-12-30 17:00:28,2025-05-08,Australia,4,
2348149,TDU30213,Rejected,2024-12-30 17:00:28,2025-05-08,Australia,4,
2348150,TDU30214,Rejected,2024-12-30 17:02:59,2025-01-10,Australia,4,
2348151,TDU30215,Rejected,2024-12-30 17:12:11,2025-04-08,Australia,6,
2348152,TDU30216,Rejected,2024-12-30 17:18:24,2025-05-05,Australia,2,
2348153,TDU30217,Rejected,2024-12-30 17:18:48,2025-05-13,Australia,4,
2348154,TDU25195G,Rejected,2024-12-30 17:20:42,2025-03-26,Australia,15,
2348155,TDU30218,Rejected,2024-12-30 17:22:37,2025-03-26,Australia,4,
2348156,TDU30219,Rejected,2024-12-30 17:28:49,2025-02-14,Australia,4,
2348157,TDU30220,Rejected,2024-12-30 17:32:33,2025-04-23,Australia,6,
2348158,TDU30221,Rejected,2024-12-30 17:55:17,2025-04-22,Australia,4,
2348159,TDU30222,Rejected,2024-12-30 17:55:17,2025-04-22,Australia,4,
2348160,TDU30223,Rejected,2024-12-30 18:05:06,2025-06-02,Australia,4,
2348161,TDU30224,Rejected,2024-12-30 18:14:31,2025-04-16,Australia,6,
2348163,TDU30225,Accounts - Reconciliation,2024-12-30 18:18:55,2025-02-12,Australia,2,
2348164,TDU30226,Rejected,2024-12-30 18:21:49,2025-04-25,Australia,6,
2348165,TDU30227,Rejected,2024-12-30 18:21:58,2025-03-07,Australia,4,
2348166,TDU30228,Rejected,2024-12-30 18:47:10,2025-02-20,Australia,2,
2348167,TDU30229,Rejected,2024-12-30 18:47:31,2025-12-21,Australia,2,
2348168,TDU30230,Auto Rejected,2024-12-30 19:09:01,2025-03-21,Australia,2,
2348169,TDU30231,Rejected,2024-12-30 19:57:59,2025-05-02,Australia,4,
2348170,TDU30232,Rejected,2024-12-30 20:00:36,2025-01-10,Australia,4,
2348171,TDU30233,Rejected,2024-12-30 20:11:40,2025-03-20,Australia,4,
2348172,TDU30234,Rejected,2024-12-30 20:27:13,2025-01-27,Australia,3,
2348173,TDU30235,Rejected,2024-12-30 21:31:21,2025-05-15,Australia,2,
2348175,TDU30236,Rejected,2024-12-30 21:37:15,2025-03-01,Australia,3,
2348176,TDU25196G,Auto Rejected,2024-12-30 22:01:47,2025-04-28,Australia,14,
2348177,TDU30237,Rejected,2024-12-30 22:38:12,2025-05-10,Australia,8,
2348178,TDU25197G,Auto Rejected,2024-12-30 22:38:51,2025-04-02,New Zealand,35,
2348179,TDU30238,Rejected,2024-12-30 22:53:44,2025-02-28,Australia,3,
2348180,TDU30239,Rejected,2024-12-30 23:05:27,2025-02-18,Australia,3,
2348181,TDU30240,Rejected,2024-12-30 23:41:35,2025-02-12,Australia,3,
2348183,TDU30241,Rejected,2024-12-31 00:16:50,2025-02-14,Australia,3,
2348184,TDU30242,Rejected,2024-12-31 01:15:11,2025-05-10,Australia,8,
2348185,TDU25198G,On Ground,2024-12-31 01:45:30,2025-01-30,Australia,34,
2348187,TDU30243,Rejected,2024-12-31 15:24:39,2025-05-12,Australia,4,
2348188,TDU30244,Auto Rejected,2024-12-31 16:02:18,2025-01-03,Australia,5,
2348189,TDU30245,Rejected,2024-12-31 16:13:05,2025-03-02,Australia,2,
2348190,TDU30246,Rejected,2024-12-31 16:33:33,2025-06-23,Australia,4,
2348191,TDU30247,Rejected,2024-12-31 17:08:53,2025-01-15,Australia,2,
2348193,TDU30248,On Ground,2024-12-31 17:17:44,2025-01-15,Australia,2,
2348195,TDU30249,Rejected,2024-12-31 18:36:01,2025-02-20,Australia,2,
2348196,TDU25199G,Rejected,2024-12-31 18:47:04,2025-09-05,Australia,20,
2348197,TDU30250,Rejected,2024-12-31 18:50:34,2025-03-13,Australia,6,
2348198,TDU30251,Rejected,2024-12-31 19:02:21,2025-05-21,Australia,3,
2348199,TDU30252,Rejected,2024-12-31 19:14:19,2025-02-20,Australia,2,
2348201,TDU30253,On Ground,2024-12-31 21:44:20,2025-01-12,Australia,4,
2348202,TDU25200G,Rejected,2024-12-31 22:01:35,2025-03-11,Australia,12,
2348203,TDU30254,Rejected,2024-12-31 22:41:20,2025-02-03,Australia,2,
2348205,TDU30255,Rejected,2024-12-31 23:30:00,2025-02-28,Australia,4,
2348206,TDU30256,Rejected,2024-12-31 23:40:26,2025-02-12,Australia,1,
2348208,TDU30257,Rejected,2025-01-01 00:27:35,2025-02-12,Australia,1,
2348209,TDU30258,Auto Rejected,2025-01-01 01:38:17,2025-03-15,Australia,2,
2348211,TDU30259,Rejected,2025-01-02 14:48:14,2025-03-15,Australia,4,
2348212,TDU25201G,Rejected,2025-01-02 15:48:31,2025-04-23,Australia,22,
2348214,TDU30260,Rejected,2025-01-02 16:22:28,2025-04-15,Australia,5,
2348218,TDU30261,Auto Rejected,2025-01-02 17:06:15,2025-03-15,Australia,3,
2348219,TDU30262,Rejected,2025-01-02 17:15:49,2025-04-15,Australia,5,
2348220,TDU30263,Rejected,2025-01-02 19:10:38,2025-05-25,Australia,8,
2348221,TDU25202G,Rejected,2025-01-02 19:42:15,2025-11-05,Australia,35,
2348222,TDU30264,Rejected,2025-01-02 20:14:29,2025-02-17,Australia,2,
2348223,TDU30265,Accounts - Reconciliation,2025-01-02 20:37:21,2025-01-31,Australia,2,
2348226,TDU25205G,Accounts - Reconciliation,2025-01-02 21:59:53,2025-03-13,New Zealand,14,
2348227,TDU30266,Rejected,2025-01-02 22:36:44,2025-04-28,Australia,6,
2348228,TDU30267,Rejected,2025-01-02 22:44:11,2025-05-12,Australia,8,
2348231,TDU30268,On Ground,2025-01-02 23:14:55,2025-03-11,Australia,2,
2348232,TDU30269,Rejected,2025-01-02 23:47:09,2025-02-16,Australia,2,
2348233,TDU25206G,Rejected,2025-01-02 23:53:09,2025-06-03,Australia,150,
2348234,TDU30270,Auto Rejected,2025-01-03 00:00:18,2025-03-15,Australia,12,
2348235,TDU30271,Rejected,2025-01-03 00:09:09,2025-02-11,Australia,2,
2348237,TDU30272,Rejected,2025-01-03 01:21:00,2025-03-16,Australia,10,
2348240,TDU25207G,Auto Rejected,2025-01-03 16:27:04,2025-04-18,Australia,50,
2348241,TDU30273,Rejected,2025-01-03 16:53:26,2025-05-01,Australia,3,
2348242,TDU30274,Rejected,2025-01-03 17:00:36,2025-02-12,Australia,1,
2348243,TDU30275,Rejected,2025-01-03 17:21:05,2025-05-25,Australia,4,
2348245,TDU30276,Auto Rejected,2025-01-03 18:31:00,2025-02-24,Australia,2,
2348247,TDU25208G,Rejected,2025-01-03 19:24:56,2025-05-15,Australia,20,
2348248,TDU30277,Rejected,2025-01-03 19:54:08,2025-05-01,Australia,3,
2348249,TDU30278,Rejected,2025-01-03 19:56:49,2025-04-04,Australia,2,
2348251,TDU30279,Accounts - Reconciliation,2025-01-03 21:43:08,2025-02-04,Australia,2,
2348252,TDU30280,Rejected,2025-01-03 21:50:35,2025-03-15,Australia,2,
2348253,TDU30281,Auto Rejected,2025-01-03 22:09:21,2025-03-13,Australia,4,
2348254,TDU25209G,Rejected,2025-01-03 22:24:33,2025-05-24,Australia,17,
2348255,TDU30282,Rejected,2025-01-03 22:37:33,2025-03-12,Australia,8,
2348256,TDU30283,Rejected,2025-01-03 23:32:55,2025-03-06,Australia,7,
2348257,TDU30284,Rejected,2025-01-04 00:10:34,2025-04-04,Australia,2,
2348258,TDU30285,Rejected,2025-01-04 00:12:28,2025-03-06,Australia,7,
2348259,TDU30286,Rejected,2025-01-04 00:19:15,2025-03-16,Australia,10,
2348260,TDU30287,Auto Rejected,2025-01-04 01:01:07,2025-03-16,Australia,10,
2348262,TDU30288,Auto Rejected,2025-01-04 15:51:28,2025-03-16,Australia,10,
2348263,TDU30289,Rejected,2025-01-04 16:20:27,2025-02-12,Australia,1,
2348264,TDU30290,Rejected,2025-01-04 16:21:51,2025-02-12,Australia,2,
2348265,TDU30291,Auto Rejected,2025-01-04 16:55:34,2025-04-01,Australia,4,
2348266,TDU30292,Rejected,2025-01-04 17:21:12,2025-05-07,Australia,12,
2348267,TDU30293,Rejected,2025-01-04 17:44:47,2025-05-22,Australia,3,
2348268,TDU30294,Rejected,2025-01-04 17:46:28,2025-02-26,Australia,4,
2348269,TDU30295,Auto Rejected,2025-01-04 19:00:53,2025-03-25,Australia,2,
2348270,TDU30296,Rejected,2025-01-04 19:39:28,2025-01-09,Australia,3,
2348271,TDU30297,Auto Rejected,2025-01-04 21:01:31,2025-02-15,Australia,4,
2348272,TDU30298,Rejected,2025-01-04 21:42:22,2025-04-02,Australia,2,
2348273,TDU30299,Rejected,2025-01-04 22:30:44,2025-01-20,Australia,10,
2348274,TDU25210G,Accounts - Reconciliation,2025-01-04 22:43:18,2025-04-09,Australia,30,
2348275,TDU25211G,Rejected,2025-01-04 22:44:41,2025-04-09,New Zealand,35,
2348276,TDU30300,Rejected,2025-01-05 00:04:56,2025-04-01,Australia,3,
2348277,TDU30301,Rejected,2025-01-05 19:24:41,2025-01-16,Australia,2,
2348279,TDU25212G,Auto Rejected,2025-01-05 20:56:28,2025-02-03,New Zealand,30,
2348281,TDU25213G,Rejected,2025-01-05 22:25:20,2025-04-09,Australia,30,
2348283,TDU25214G,Accounts - Reconciliation,2025-01-05 22:40:24,2025-04-15,New Zealand,28,
2348287,TDU25215G,Auto Rejected,2025-01-06 12:25:30,2025-06-10,Australia,20,
2348289,TDU30302,Auto Rejected,2025-01-06 13:15:58,2025-04-01,Australia,2,
2348290,TDU25216G,Auto Rejected,2025-01-06 14:15:51,2025-02-01,Australia,10,
2348292,TDU25217G,Rejected,2025-01-06 14:40:22,2026-01-12,Australia,40,
2348293,TDU25218G,Auto Rejected,2025-01-06 14:48:43,2025-04-14,Australia,18,
2348294,TDU30303,Rejected,2025-01-06 15:28:41,2025-01-16,Australia,2,
2348295,TDU30304,Auto Rejected,2025-01-06 16:36:15,2025-03-25,Australia,2,
2348296,TDU30305,Rejected,2025-01-06 17:03:24,2025-06-01,Australia,4,
2348297,TDU30306,Auto Rejected,2025-01-06 17:07:35,2025-04-11,Australia,8,
2348298,TDU30307,Rejected,2025-01-06 17:32:52,2025-12-25,Australia,2,
2348299,TDU30308,Rejected,2025-01-06 18:52:45,2025-06-26,Australia,2,
2348300,TDU30309,Rejected,2025-01-06 19:30:54,2025-01-16,Australia,2,
2348301,TDU25219G,Rejected,2025-01-06 21:19:00,2025-05-09,Australia,20,
2348303,TDU30310,Rejected,2025-01-06 21:38:11,2025-05-15,Australia,5,
2348304,TDU30311,Rejected,2025-01-06 22:12:02,2025-02-26,Australia,2,
2348305,TDU30312,Rejected,2025-01-06 22:42:30,2025-01-18,Australia,2,
2348307,TDU30313,Rejected,2025-01-06 23:46:06,2025-02-10,Australia,10,
2348308,TDU30314,Auto Rejected,2025-01-07 01:39:20,2025-02-07,Australia,4,
2348311,TDU25220G,Auto Rejected,2025-01-07 14:47:39,2025-02-18,New Zealand,20,
2348312,TDU25221G,Auto Rejected,2025-01-07 14:59:24,2025-04-07,Australia,16,
2348313,TDU25222G,Auto Rejected,2025-01-07 21:34:41,2025-02-12,Australia,17,
2348314,TDU30315,Rejected,2025-01-07 21:40:00,2025-06-16,Australia,4,
2348315,TDU30316,Auto Rejected,2025-01-07 21:46:46,2025-02-09,Australia,3,
2348316,TDU30317,Rejected,2025-01-07 22:20:15,2025-04-11,Australia,8,
2348317,TDU25223G,Auto Rejected,2025-01-07 22:31:37,2025-04-17,Australia,14,
2348318,TDU30318,Rejected,2025-01-07 22:50:10,2025-04-26,Australia,3,
2348319,TDU30319,Auto Rejected,2025-01-07 22:52:44,2025-02-03,Australia,3,
2348320,TDU30320,Rejected,2025-01-07 23:03:33,2025-04-17,Australia,7,
2348321,TDU30321,Rejected,2025-01-08 00:01:23,2025-05-25,Australia,4,
2348322,TDU30322,Rejected,2025-01-08 00:15:25,2025-04-02,Australia,2,
2348324,TDU25224G,Auto Rejected,2025-01-08 10:59:46,2025-04-06,Australia,27,
2348325,TDU30323,Auto Rejected,2025-01-08 12:12:37,2025-03-26,Australia,6,
2348327,TDU25225G,Rejected,2025-01-08 13:47:24,2025-04-16,Australia,20,
2348328,TDU25226G,Auto Rejected,2025-01-08 14:09:43,2025-04-16,Australia,20,
2348331,TDU25227G,Accounts - Reconciliation,2025-01-08 14:40:27,2025-06-16,Australia,31,
2348332,TDU25228G,Rejected,2025-01-08 14:48:23,2025-06-10,Australia,25,
2348333,TDU30324,Rejected,2025-01-08 15:29:33,2025-05-25,Australia,4,
2348334,TDU25229G,Auto Rejected,2025-01-08 15:45:19,2025-04-19,Australia,30,
2348335,TDU30325,Rejected,2025-01-08 16:18:09,2025-04-16,Australia,7,
2348336,TDU30326,Rejected,2025-01-08 17:59:51,2025-04-30,Australia,4,
2348337,TDU30327,Rejected,2025-01-08 19:22:52,2025-02-10,Australia,10,
2348338,TDU30328,Auto Rejected,2025-01-08 20:12:29,2025-04-08,Australia,2,
2348339,TDU30329,Rejected,2025-01-08 20:55:02,2025-02-10,Australia,10,
2348340,TDU30330,Rejected,2025-01-08 20:55:02,2025-02-10,Australia,10,
2348341,TDU30331,Auto Rejected,2025-01-08 21:12:19,2025-03-10,Australia,2,
2348342,TDU30332,On Ground,2025-01-08 21:16:52,2025-01-15,Australia,2,
2348343,TDU25230G,Rejected,2025-01-08 21:24:41,2025-06-10,Australia,25,
2348344,TDU30333,Rejected,2025-01-08 21:32:01,2025-04-08,Australia,2,
2348345,TDU30334,Rejected,2025-01-08 22:52:09,2025-03-24,Australia,6,
2348346,TDU30335,Auto Rejected,2025-01-08 23:23:05,2025-01-19,Australia,9,
2348347,TDU30336,Rejected,2025-01-09 00:50:24,2025-04-10,Australia,6,
2348348,TDU30337,Auto Rejected,2025-01-09 02:05:44,2025-03-14,Australia,2,
2348349,TDU25231G,Rejected After Confrmation QA completed,2025-01-09 10:04:05,2025-02-13,Australia,22,
2348352,TDU25232G,Accepted,2025-01-09 11:22:56,2025-02-28,New Zealand,25,
2348354,TDU25233G,Auto Rejected,2025-01-09 11:36:09,2025-03-25,Australia,30,
2348356,TDU25234G,Auto Rejected,2025-01-09 14:58:53,2025-04-30,Australia,20,
2348357,TDU25235G,Auto Rejected,2025-01-09 15:24:14,2025-03-23,Australia,22,
2348358,TDU30338,Auto Rejected,2025-01-09 16:10:37,2025-01-13,Australia,6,
2348359,TDU30339,Rejected,2025-01-09 16:14:52,2025-04-18,Australia,10,
2348360,TDU30340,Rejected,2025-01-09 16:23:26,2025-03-12,Australia,2,
2348361,TDU30341,Rejected,2025-01-09 16:31:06,2025-05-22,Australia,2,
2348362,TDU30342,Auto Rejected,2025-01-09 16:47:53,2025-02-28,Australia,2,
2348363,TDU30343,Rejected,2025-01-09 17:28:13,2025-04-10,Australia,5,
2348364,TDU30344,Rejected After Confrmation QA pending,2025-01-09 18:13:55,2025-02-10,Australia,6,
2348366,TDU30345,Auto Rejected,2025-01-09 18:51:32,2025-01-12,Australia,3,
2348367,TDU30346,Rejected,2025-01-09 19:05:50,2025-01-25,Australia,4,
2348368,TDU30347,Rejected,2025-01-09 19:36:25,2025-01-16,Australia,2,
2348370,TDU30348,Auto Rejected,2025-01-09 20:15:07,2025-02-21,Australia,2,
2348371,TDU30349,Auto Rejected,2025-01-09 20:21:17,2025-02-10,Australia,2,
2348372,TDU30350,Auto Rejected,2025-01-09 20:47:11,2025-04-01,Australia,6,
2348373,TDU30351,Auto Rejected,2025-01-09 20:54:05,2025-01-21,Australia,1,
2348375,TDU30352,Auto Rejected,2025-01-09 21:18:45,2025-03-06,Australia,4,
2348376,TDU25236G,Auto Rejected,2025-01-09 21:23:52,2025-04-19,Australia,30,
2348377,TDU30353,Auto Rejected,2025-01-09 21:39:56,2025-03-25,Australia,2,
2348378,TDU30354,Auto Rejected,2025-01-09 21:45:24,2025-02-25,Australia,2,
2348379,TDU30355,Rejected,2025-01-09 21:53:22,2025-03-10,Australia,4,
2348381,TDU25237G,Auto Rejected,2025-01-09 22:11:56,2025-02-11,Australia,60,
2348382,TDU30356,Rejected,2025-01-09 22:13:50,2025-04-16,Australia,7,
2348384,TDU30357,Rejected,2025-01-09 22:50:09,2025-03-06,Australia,4,
2348386,TDU30358,Rejected,2025-01-09 23:04:40,2025-05-08,Australia,8,
2348387,TDU30359,Auto Rejected,2025-01-09 23:08:49,2025-03-01,Australia,4,
2348388,TDU30360,On Ground,2025-01-10 00:20:58,2025-01-24,Australia,2,
2348390,TDU25238G,Rejected,2025-01-10 12:29:28,2025-10-10,Australia,30,
2348392,TDU25239G,Auto Rejected,2025-01-10 15:05:24,2025-02-05,Australia,30,
2348393,TDU30362,On Ground,2025-01-10 15:42:05,2025-01-16,Australia,2,
2348394,TDU30363,Rejected After Confrmation QA completed,2025-01-10 16:27:12,2025-10-16,Australia,3,
2348395,TDU30364,Auto Rejected,2025-01-10 16:35:48,2025-02-17,Australia,4,
2348396,TDU30365,Rejected,2025-01-10 16:37:10,2025-05-01,Australia,4,
2348397,TDU30366,On Ground,2025-01-10 16:52:23,2025-01-16,Australia,2,
2348398,TDU30367,Auto Rejected,2025-01-10 17:06:28,2025-04-02,Australia,3,
2348399,TDU30368,Rejected,2025-01-10 17:16:55,2025-05-30,Australia,6,
2348400,TDU30369,On Ground,2025-01-10 17:42:52,2025-01-17,Australia,6,
2348402,TDU30370,On Ground,2025-01-10 18:10:16,2025-01-25,Australia,2,
2348404,TDU30371,Accounts - Reconciliation,2025-01-10 20:13:21,2025-02-04,Australia,2,
2348406,TDU30372,Accounts - Reconciliation,2025-01-10 20:59:42,2025-02-08,Australia,2,
2348408,TDU30373,On Ground,2025-01-10 21:36:51,2025-01-29,Australia,1,
2348409,TDU30374,On Ground,2025-01-10 21:56:46,2025-01-29,Australia,2,
2348410,TDU25240G,Rejected,2025-01-10 22:09:51,2025-05-26,Australia,25,
2348411,TDU30375,Accounts - Reconciliation,2025-01-10 22:23:25,2025-01-31,Australia,2,
2348412,TDU25241G,Rejected,2025-01-10 22:40:49,2025-05-14,New Zealand,20,
2348413,TDU30376,Accounts - Reconciliation,2025-01-10 22:49:42,2025-02-01,Australia,2,
2348416,TDU30377,Auto Rejected,2025-01-10 23:52:50,2025-03-03,Australia,4,
2348417,TDU30378,Auto Rejected,2025-01-11 00:07:56,2025-02-15,Australia,2,
2348418,TDU30379,Auto Rejected,2025-01-11 00:23:58,2025-03-19,Australia,4,
2348419,TDU25242G,Rejected,2025-01-11 01:32:42,2025-04-21,New Zealand,30,
2348420,TDU25243G,Rejected,2025-01-11 11:55:51,2025-02-13,Australia,30,
2348421,TDU25244G,Rejected,2025-01-11 14:42:29,2025-09-20,Australia,18,
2348422,TDU25245G,Rejected,2025-01-11 14:46:35,2025-03-17,Australia,15,
2348423,TDU30380,Auto Rejected,2025-01-11 16:00:43,2025-02-23,Australia,6,
2348424,TDU30381,Auto Rejected,2025-01-11 16:21:16,2025-03-09,Australia,6,
2348426,TDU30382,Rejected,2025-01-11 17:14:45,2025-10-26,Australia,12,
2348427,TDU30383,Auto Rejected,2025-01-11 17:20:19,2025-02-15,Australia,2,
2348428,TDU30384,PRE QA - completed,2025-01-11 17:36:53,2025-01-31,Australia,2,
2348430,TDU30385,Accounts - Reconciliation,2025-01-11 20:30:17,2025-02-01,Australia,3,
2348431,TDU30386,Accounts - Reconciliation,2025-01-11 21:30:49,2025-02-06,Australia,2,
2348433,TDU30387,PRE QA - completed,2025-01-11 21:53:29,2025-02-07,Australia,2,
2348434,TDU25246G,Rejected,2025-01-11 22:11:52,2025-09-28,New Zealand,18,
2348436,TDU30388,Accounts - Reconciliation,2025-01-11 22:43:29,2025-02-10,Australia,3,
2348438,TDU30389,Auto Rejected,2025-01-12 01:21:35,2025-05-26,Australia,4,
2348439,TDU30390,Rejected,2025-01-12 04:05:14,2025-03-19,Australia,5,
2348440,TDU30391,PRE QA - completed,2025-01-12 04:05:14,2025-03-19,Australia,5,
2348441,TDU30392,Auto Rejected,2025-01-12 04:29:06,2025-03-14,Australia,2,
2348442,TDU30393,PRE QA - completed,2025-01-12 04:32:25,2025-02-25,Australia,2,
2348443,TDU30394,Rejected After Confrmation QA pending,2025-01-12 04:40:03,2025-02-19,Australia,4,
2348444,TDU30395,Auto Rejected,2025-01-12 05:07:24,2025-02-17,Australia,6,
2348445,TDU30396,Rejected After Confrmation QA pending,2025-01-12 05:07:24,2025-02-17,Australia,6,
2348446,TDU30397,On Ground,2025-01-12 13:56:13,2025-01-15,Australia,2,
2348447,TDU30398,Completed (Accounts),2025-01-12 14:16:16,2025-02-14,Australia,2,
2348448,TDU30399,Accounts - Reconciliation,2025-01-12 14:27:09,2025-02-14,Australia,6,
2348449,TDU30400,Completed (Accounts),2025-01-12 15:05:16,2025-02-15,Australia,3,
2348450,TDU30401,PRE QA - completed,2025-01-13 02:45:31,2025-02-17,Australia,2,
2348451,TDU30402,PRE QA - completed,2025-01-13 03:10:46,2025-02-13,Australia,2,
2348452,TDU25247G,Accounts - Reconciliation,2025-01-13 12:40:42,2025-02-13,Australia,16,
2348453,TDU30403,Auto Rejected,2025-01-13 15:56:46,2025-01-16,Australia,2,
2348454,TDU30404,Auto Rejected,2025-01-13 16:04:45,2025-02-26,Australia,3,
2348455,TDU30405,Auto Rejected,2025-01-13 16:04:47,2025-02-28,Australia,9,
2348456,TDU30406,Accounts - Reconciliation,2025-01-13 16:49:52,2025-04-24,Australia,6,
2348457,TDU30407,Auto Rejected,2025-01-13 17:17:03,2025-01-16,Australia,2,
2348458,TDU30408,Auto Rejected,2025-01-13 17:28:27,2025-05-11,Australia,11,
2348459,TDU30409,On Ground,2025-01-13 18:19:29,2025-01-25,Australia,4,
2348460,TDU30410,Auto Rejected,2025-01-13 19:50:56,2025-02-13,Australia,2,
2348462,TDU30411,Auto Rejected,2025-01-14 10:49:32,2025-03-14,Australia,7,
2348463,TDU30412,Accounts - Reconciliation,2025-01-14 11:19:07,2025-02-09,Australia,2,
2348464,TDU30413,Rejected,2025-01-14 11:40:11,2025-04-15,Australia,8,
2348465,TDU25248G,Rejected,2025-01-14 15:16:15,2025-04-18,Australia,80,
2348466,TDU30414,Rejected,2025-01-14 15:58:28,2025-10-10,Australia,7,
2348467,TDU30415,Rejected,2025-01-14 16:21:11,2025-02-16,Australia,9,
2348468,TDU25249G,Auto Rejected,2025-01-14 16:40:42,2025-03-13,Australia,20,
2348470,TDU30416,Rejected,2025-01-14 17:19:05,2025-04-04,Australia,6,
2348472,TDU30417,Rejected,2025-01-14 17:48:57,2025-03-25,Australia,4,
2348473,TDU30418,Rejected,2025-01-14 18:47:41,2025-01-31,Australia,4,
2348474,TDU30419,Rejected,2025-01-14 18:53:40,2025-03-29,Australia,4,
2348475,TDU30420,Rejected,2025-01-14 18:55:40,2025-03-29,Australia,4,
2348476,TDU30421,Rejected,2025-01-14 19:10:40,2025-05-20,Australia,4,
2348477,TDU30422,Rejected,2025-01-14 19:10:46,2025-03-29,Australia,4,
2348478,TDU30423,Rejected,2025-01-14 19:24:35,2025-01-31,Australia,4,
2348479,TDU30424,Rejected,2025-01-14 19:26:15,2025-04-22,Australia,10,
2348480,TDU30425,Auto Rejected,2025-01-14 19:44:47,2025-03-31,Australia,2,
2348481,TDU30426,Auto Rejected,2025-01-14 19:59:13,2025-03-15,Australia,8,
2348482,TDU30427,Rejected,2025-01-14 20:52:48,2025-02-27,Australia,3,
2348484,TDU30428,On Ground,2025-01-14 21:18:49,2025-03-01,Australia,4,
2348486,TDU30429,Accounts - Reconciliation,2025-01-14 23:28:55,2025-04-03,Australia,2,
2348489,TDU25250G,Auto Rejected,2025-01-15 10:46:26,2025-06-01,Australia,25,
2348491,TDU30430,Auto Rejected,2025-01-15 11:33:32,2025-06-15,Australia,2,
2348492,TDU30431,Auto Rejected,2025-01-15 14:46:16,2025-02-12,Australia,2,
2348493,TDU25251G,Rejected,2025-01-15 15:00:20,2025-03-17,Australia,20,
2348494,TDU25252G,Rejected,2025-01-15 15:04:39,2025-03-17,Australia,20,
2348496,TDU30432,Accounts - Reconciliation,2025-01-15 17:29:56,2025-04-06,Australia,2,
2348498,TDU25253G,Rejected,2025-01-15 23:55:33,2025-03-13,Australia,25,
2348500,TDU30434,Auto Rejected,2025-01-16 00:16:20,2025-02-03,Australia,6,
2348506,TDU25254G,Auto Rejected,2025-01-16 09:44:40,2025-05-01,Australia,15,
2348508,TDU30435,Auto Rejected,2025-01-16 15:45:50,2025-03-21,Australia,3,
2348509,TDU30436,Accounts - Reconciliation,2025-01-16 16:07:07,2025-05-08,Australia,6,
2348510,TDU30437,Auto Rejected,2025-01-16 16:47:51,2025-03-12,Australia,7,
2348511,TDU30438,Auto Rejected,2025-01-16 17:01:25,2025-05-05,Australia,15,
2348512,TDU30439,Auto Rejected,2025-01-16 17:06:54,2025-02-15,Australia,2,
2348513,TDU30440,Rejected,2025-01-16 18:13:39,2025-05-05,Australia,5,
2348514,TDU30441,Rejected,2025-01-16 18:18:52,2025-05-10,Australia,10,
2348515,TDU30442,Rejected,2025-01-16 19:26:17,2025-05-20,Australia,4,
2348516,TDU25255G,Auto Rejected,2025-01-16 19:49:27,2025-04-15,New Zealand,45,
2348517,TDU30443,Rejected,2025-01-16 20:57:22,2025-04-27,Australia,7,
2348519,TDU30444,Rejected,2025-01-16 21:18:34,2025-08-13,Australia,9,
2348520,TDU30445,Rejected,2025-01-16 22:10:53,2025-05-01,Australia,14,
2348524,TDU30446,Rejected,2025-01-16 23:36:16,2025-05-26,Australia,11,
2348525,TDU30447,Auto Rejected,2025-01-16 23:37:24,2025-03-26,Australia,4,
2348527,TDU25256G,Auto Rejected,2025-01-17 02:37:54,2025-02-22,Australia,72,
2348528,TDU30448,Rejected,2025-01-17 14:35:01,2025-01-26,Australia,3,
2348529,TDU30449,Rejected,2025-01-17 16:22:35,2025-05-30,Australia,7,
2348530,TDU30450,Rejected,2025-01-17 16:34:35,2025-03-13,Australia,8,
2348531,TDU30451,Rejected,2025-01-17 18:27:45,2025-05-25,Australia,8,
2348532,TDU25257G,Rejected,2025-01-17 20:54:16,2025-10-01,Australia,49,
2348537,TDU30452,Rejected,2025-01-18 13:42:53,2025-05-03,Australia,5,
2348538,TDU30453,Auto Rejected,2025-01-18 14:14:22,2025-03-20,Australia,3,
2348539,TDU30454,Rejected,2025-01-18 14:55:25,2025-05-03,Australia,5,
2348540,TDU30455,Rejected,2025-01-18 16:30:06,2025-05-14,Australia,7,
2348543,TDU30456,Rejected,2025-01-18 16:44:19,2025-05-05,Australia,4,
2348544,TDU30457,Rejected,2025-01-18 17:12:08,2025-05-05,Australia,2,
2348545,TDU30458,On Ground,2025-01-18 17:26:30,2025-01-22,Australia,2,
2348546,TDU30459,Auto Rejected,2025-01-18 17:56:50,2025-05-25,Australia,12,
2348547,TDU30460,Rejected,2025-01-18 20:36:56,2025-02-27,Australia,2,
2348548,TDU30461,Rejected After Confrmation QA pending,2025-01-18 21:50:00,2025-02-19,Australia,2,
2348549,TDU30462,Auto Rejected,2025-01-18 22:01:15,2025-02-13,Australia,2,
2348550,TDU30463,Rejected,2025-01-18 22:37:41,2025-06-06,Australia,12,
2348551,TDU30464,Rejected,2025-01-18 23:13:06,2025-06-14,Australia,3,
2348552,TDU30465,Rejected,2025-01-18 23:32:57,2025-02-11,Australia,3,
2348554,TDU30466,Auto Rejected,2025-01-19 14:12:23,2025-03-08,Australia,1,
2348555,TDU30467,Auto Rejected,2025-01-19 14:38:53,2025-04-03,Australia,10,
2348556,TDU30468,Rejected,2025-01-19 15:57:42,2025-02-11,Australia,3,
2348557,TDU30469,Rejected,2025-01-19 17:06:10,2025-04-24,Australia,6,
2348558,TDU30470,Rejected,2025-01-19 17:07:22,2025-04-14,Australia,7,
2348559,TDU25258G,Rejected,2025-01-19 22:23:58,2025-03-11,Australia,30,
2348561,TDU25259G,Rejected,2025-01-19 23:40:37,2025-03-20,New Zealand,30,
2348563,TDU25260G,Rejected,2025-01-20 00:43:47,2025-06-03,New Zealand,25,
2348565,TDU25261G,Rejected,2025-01-20 04:12:04,2025-05-02,Australia,30,
2348566,TDU30471,Auto Rejected,2025-01-20 10:29:09,2025-07-06,Australia,3,
2348567,TDU30472,Auto Rejected,2025-01-20 11:19:21,2025-07-09,Australia,4,
2348568,TDU30473,Auto Rejected,2025-01-20 12:52:34,2025-04-30,Australia,13,
2348569,TDU25262G,Auto Rejected,2025-01-20 13:11:15,2025-04-30,Australia,15,
2348572,TDU25263G,Rejected,2025-01-20 14:22:58,2025-05-15,Australia,50,
2348574,TDU25264G,Rejected,2025-01-20 15:53:26,2025-09-15,Australia,42,
2348575,TDU30474,Accounts - Reconciliation,2025-01-20 15:54:30,2025-09-26,Australia,3,
2348577,TDU30475,Rejected,2025-01-20 16:49:11,2025-04-12,Australia,4,
2348579,TDU25265G,Accounts - Reconciliation,2025-01-20 17:57:49,2025-04-17,Australia,43,
2348582,TDU30476,Auto Rejected,2025-01-20 18:22:43,2025-04-07,Australia,10,
2348583,TDU25266G,Rejected,2025-01-20 19:16:42,2025-03-16,Australia,31,
2348587,TDU30477,Rejected,2025-01-20 20:53:14,2025-05-26,Australia,8,
2348591,TDU25267G,Rejected,2025-01-20 21:36:13,2025-09-23,New Zealand,40,
2348592,TDU25268G,Rejected,2025-01-20 21:47:33,2025-05-05,Australia,20,
2348593,TDU30478,Rejected,2025-01-20 21:47:58,2025-05-04,Australia,7,
2348596,TDU30479,Rejected,2025-01-20 22:11:32,2025-06-01,Australia,10,
2348597,TDU30480,Auto Rejected,2025-01-20 23:14:54,2025-05-05,Australia,3,
2348598,TDU30481,Rejected,2025-01-20 23:18:45,2025-05-15,Australia,7,
2348599,TDU25269G,Rejected,2025-01-21 01:44:09,2025-06-05,New Zealand,45,
2348604,TDU30482,Auto Rejected,2025-01-21 11:08:19,2025-11-08,Australia,2,
2348605,TDU25270G,Rejected,2025-01-21 14:33:09,2025-04-18,Australia,50,
2348607,TDU30484,Rejected,2025-01-21 15:07:30,2025-05-03,Australia,4,
2348609,TDU25271G,Rejected,2025-01-21 15:56:31,2025-04-18,Australia,50,
2348612,TDU30485,Auto Rejected,2025-01-21 17:20:57,2025-05-16,Australia,4,
2348613,TDU30486,Rejected,2025-01-21 18:07:24,2025-06-23,Australia,10,
2348614,TDU30487,Rejected,2025-01-21 19:21:11,2025-05-15,Australia,3,
2348615,TDU30488,On Ground,2025-01-21 19:34:51,2025-01-28,Australia,2,
2348616,TDU30489,Rejected,2025-01-21 19:49:07,2025-02-26,Australia,6,
2348617,TDU25272G,Rejected,2025-01-21 19:51:52,2025-03-28,New Zealand,22,
2348619,TDU25273G,Auto Rejected,2025-01-21 21:55:47,2025-03-04,Australia,22,
2348621,TDU25274G,Rejected,2025-01-21 22:39:39,2025-05-19,Australia,18,
2348622,TDU30490,Rejected,2025-01-21 23:38:33,2025-05-13,Australia,10,
2348624,TDU25275G,Rejected,2025-01-21 23:57:41,2025-05-15,New Zealand,18,
2348625,TDU30491,Auto Rejected,2025-01-22 00:37:45,2025-02-21,Australia,4,
2348627,TDU25276G,Auto Rejected,2025-01-22 10:29:57,2025-06-23,Australia,80,
2349323,TDU30492,Rejected,2025-01-22 15:35:46,2025-01-23,Australia,1,
2349324,TDU30493,Rejected,2025-01-22 15:54:28,2025-02-28,Australia,2,
2349325,TDU30494,Rejected,2025-01-22 16:10:18,2025-05-24,Australia,2,
2349326,TDU30495,Rejected,2025-01-22 17:49:29,2025-03-23,Australia,5,
2349327,TDU30496,Auto Rejected,2025-01-22 18:12:29,2025-02-16,Australia,3,
2349328,TDU30497,Rejected,2025-01-22 18:47:47,2025-05-08,Australia,6,
2349329,TDU30498,Rejected,2025-01-22 18:53:33,2025-08-01,Australia,4,
2349330,TDU30499,Rejected,2025-01-22 19:40:38,2025-05-02,Australia,4,
2349331,TDU30500,Auto Rejected,2025-01-22 21:29:42,2025-03-20,Australia,2,
2349333,TDU25277G,Rejected After Confrmation QA pending,2025-01-22 23:16:46,2025-04-16,New Zealand,20,
2349334,TDU30501,Rejected,2025-01-22 23:39:04,2025-06-01,Australia,8,
2349335,TDU30502,Rejected,2025-01-23 01:19:38,2025-02-28,Australia,2,
2349337,TDU25278G,Auto Rejected,2025-01-23 11:06:08,2025-08-10,Australia,16,
2349339,TDU30503,Rejected,2025-01-23 13:54:05,2025-03-23,Australia,10,
2349340,TDU25279G,Rejected,2025-01-23 14:30:07,2025-03-23,Australia,51,
2349341,TDU30504,Rejected,2025-01-23 15:09:55,2025-03-23,Australia,8,
2349342,TDU30505,Rejected,2025-01-23 15:32:09,2025-03-23,Australia,8,
2349343,TDU30506,Rejected,2025-01-23 15:39:15,2025-02-15,Australia,2,
2349344,TDU25280G,Rejected,2025-01-23 15:44:18,2025-03-23,Australia,51,
2349345,TDU25281G,Rejected,2025-01-23 15:44:46,2025-05-25,Australia,49,
2349346,TDU25282G,Rejected,2025-01-23 15:46:52,2025-04-23,Australia,65,
2349347,TDU30507,Rejected,2025-01-23 15:57:33,2025-01-26,Australia,2,
2349348,TDU30508,Auto Rejected,2025-01-23 16:04:50,2025-04-10,Australia,3,
2349349,TDU30509,Auto Rejected,2025-01-23 18:35:41,2025-02-03,Australia,3,
2349350,TDU30510,Rejected,2025-01-23 19:04:50,2025-05-02,Australia,4,
2349351,TDU30511,Rejected,2025-01-23 19:18:17,2025-02-03,Australia,3,
2349352,TDU30512,Rejected,2025-01-23 19:28:17,2025-06-10,Australia,14,
2349353,TDU30513,Rejected,2025-01-23 19:46:06,2025-06-01,Australia,8,
2349354,TDU25283G,Rejected,2025-01-23 21:19:19,2025-03-15,New Zealand,35,
2349355,TDU30514,Auto Rejected,2025-01-23 22:07:12,2025-03-01,Australia,2,
2349356,TDU25284G,Rejected,2025-01-23 23:57:26,2025-04-19,Australia,65,
2349357,TDU30515,On Ground,2025-01-24 00:17:19,2025-04-23,Australia,4,
2349358,TDU30516,Rejected,2025-01-24 00:36:23,2025-03-03,Australia,4,
2349359,TDU25285G,Auto Rejected,2025-01-24 03:25:19,2025-04-04,Australia,40,
2349360,TDU25286G,Auto Rejected,2025-01-24 11:26:13,2025-06-14,Australia,15,
2349361,TDU30517,Rejected,2025-01-24 14:35:55,2025-06-03,Australia,6,
2349362,TDU25287G,Auto Rejected,2025-01-24 15:13:21,2025-04-04,Australia,41,
2349363,TDU30518,Auto Rejected,2025-01-24 15:49:39,2025-05-01,Australia,5,
2349364,TDU30519,Rejected,2025-01-24 16:06:46,2025-03-01,Australia,2,
2349365,TDU30520,Rejected,2025-01-24 17:09:19,2025-05-15,Australia,3,
2349366,TDU30521,Rejected,2025-01-24 17:23:15,2025-05-03,Australia,5,
2349367,TDU30522,Rejected,2025-01-24 17:32:09,2025-05-15,Australia,3,
2349368,TDU30523,Auto Rejected,2025-01-24 17:59:42,2025-01-29,Australia,2,
2349369,TDU30524,Rejected,2025-01-24 18:12:53,2025-11-11,Australia,2,
2349370,TDU30525,Rejected,2025-01-24 18:24:00,2025-01-24,Unknown,2,
2349371,TDU30526,Rejected,2025-01-24 18:27:09,2025-01-25,Australia,2,
2349372,TDU30527,Rejected,2025-01-24 18:30:28,2025-03-14,Australia,2,
2349373,TDU25288G,Auto Rejected,2025-01-24 18:42:30,2025-02-14,Australia,40,
2349374,TDU30528,Rejected,2025-01-24 19:06:41,2025-05-15,Australia,2,
2349375,TDU30529,Rejected,2025-01-24 19:43:48,2025-05-07,Australia,7,
2349376,TDU30530,Auto Rejected,2025-01-24 20:27:33,2025-05-04,Australia,4,
2349377,TDU30531,Rejected,2025-01-24 20:55:07,2025-02-01,Australia,2,
2349378,TDU30532,Auto Rejected,2025-01-24 21:52:46,2025-04-10,Australia,16,
2349379,TDU30533,Rejected After Confrmation QA completed,2025-01-24 22:06:35,2025-05-01,Australia,3,
2349380,TDU30534,Rejected,2025-01-24 23:20:32,2025-05-06,Australia,6,
2349381,TDU25289G,Rejected,2025-01-24 23:37:39,2025-03-13,New Zealand,300,
2349382,TDU30535,Rejected,2025-01-25 10:29:47,2025-01-26,Australia,2,
2349383,TDU30536,Rejected,2025-01-25 11:50:42,2025-01-27,Australia,2,
2349384,TDU30537,Rejected,2025-01-25 13:13:18,2025-05-02,Australia,2,
2349385,TDU30538,Rejected,2025-01-25 13:14:49,2025-05-02,Australia,2,
2349386,TDU30539,Rejected,2025-01-25 15:50:35,2025-03-03,Australia,2,
2349387,TDU30540,Auto Rejected,2025-01-25 17:02:29,2025-03-03,Australia,2,
2349388,TDU30541,Auto Rejected,2025-01-25 17:56:54,2025-02-05,Australia,5,
2349389,TDU30542,Auto Rejected,2025-01-25 19:55:18,2025-04-03,Australia,2,
2349390,TDU30543,Rejected,2025-01-25 21:25:57,2025-05-20,Australia,2,
2349391,TDU30544,Rejected,2025-01-25 23:17:55,2025-05-15,Australia,7,
2349392,TDU25290G,Rejected,2025-01-26 01:38:42,2025-04-27,New Zealand,250,
2349393,TDU25291G,Rejected,2025-01-26 01:49:10,2025-05-15,New Zealand,20,
2349394,TDU30545,Auto Rejected,2025-01-26 23:17:27,2025-04-29,Australia,6,
2349395,TDU25292G,Auto Rejected,2025-01-27 12:42:25,2025-06-01,Australia,25,
2349396,TDU25293G,Auto Rejected,2025-01-27 12:54:19,2025-06-01,Australia,25,
2349397,TDU30546,Rejected,2025-01-27 14:38:56,2025-04-19,Australia,18,
2349398,TDU30547,Auto Rejected,2025-01-27 20:28:27,2025-02-08,Australia,2,
2349399,TDU25294G,Auto Rejected,2025-01-27 22:32:12,2025-03-10,Australia,79,
2349400,TDU30548,Accounts - Reconciliation,2025-01-28 00:59:45,2025-03-22,Australia,2,
2349401,TDU30549,Auto Rejected,2025-01-28 03:16:41,2025-03-15,Australia,6,
2349402,TDU30550,Rejected,2025-01-28 05:05:58,2025-04-10,Australia,7,
2349403,TDU30551,Rejected,2025-01-28 06:48:05,2025-03-29,Australia,4,
2349404,TDU30552,Auto Rejected,2025-01-28 11:56:05,2025-09-01,Australia,20,
2349405,TDU30553,Auto Rejected,2025-01-28 12:28:33,2025-08-01,Australia,20,
2349406,TDU30554,Auto Rejected,2025-01-28 12:36:02,2025-08-01,Australia,20,
2349407,TDU30555,Auto Rejected,2025-01-28 12:36:30,2025-09-01,Australia,20,
2349408,TDU30556,Rejected,2025-01-28 13:41:53,2025-12-23,Australia,10,
2349409,TDU30557,Rejected,2025-01-28 14:20:21,2025-04-24,Australia,7,
2349410,TDU30558,Rejected,2025-01-28 15:09:24,2025-05-16,Australia,3,
2349411,TDU30559,Rejected,2025-01-28 15:24:36,2025-04-15,Australia,8,
2349412,TDU30560,Rejected,2025-01-28 15:24:36,2025-04-15,Australia,8,
2349413,TDU30561,Rejected,2025-01-28 15:33:26,2025-06-22,Australia,3,
2349414,TDU30562,Rejected,2025-01-28 15:47:59,2025-04-15,Australia,8,
2349415,TDU30563,Rejected,2025-01-28 15:54:53,2025-03-15,Australia,2,
2349416,TDU25295G,Rejected,2025-01-28 16:09:49,2025-06-04,Australia,18,
2349417,TDU30564,Rejected,2025-01-28 16:13:53,2025-05-05,Australia,5,
2349418,TDU30565,Auto Rejected,2025-01-28 16:37:09,2025-03-10,Australia,4,
2349419,TDU30566,Auto Rejected,2025-01-28 17:24:02,2025-03-15,Australia,2,
2349420,TDU25296G,Rejected,2025-01-28 18:18:27,2025-08-18,Australia,50,
2349421,TDU30567,Rejected,2025-01-28 22:46:56,2025-05-31,Australia,10,
2349422,TDU25297G,Rejected,2025-01-28 23:24:58,2025-09-15,Australia,20,
2349423,TDU30568,Rejected,2025-01-29 00:14:42,2025-06-05,Australia,5,
2349424,TDU30569,Rejected,2025-01-29 02:13:15,2025-03-23,Australia,5,
2349425,TDU25298G,Auto Rejected,2025-01-29 03:14:08,2025-02-12,Australia,18,
2349426,TDU30570,Accounts - Reconciliation,2025-01-29 03:21:49,2025-04-18,Australia,4,
2349427,TDU30571,Rejected,2025-01-29 04:07:18,2025-05-17,Australia,8,
2349428,TDU30572,Auto Rejected,2025-01-29 04:41:54,2025-03-15,Australia,4,
2349429,TDU30573,Rejected,2025-01-29 05:15:57,2025-05-23,Australia,4,
2349430,TDU25299G,Auto Rejected,2025-01-29 11:26:22,2025-02-14,Australia,16,
2349431,TDU25300G,Auto Rejected,2025-01-29 12:10:20,2025-02-14,Australia,35,
2349432,TDU25301G,Auto Rejected,2025-01-29 12:16:39,2025-02-14,Australia,45,
2349433,TDU25302G,Auto Rejected,2025-01-29 12:21:10,2025-02-14,Australia,35,
2349434,TDU25303G,Auto Rejected,2025-01-29 12:25:45,2025-02-14,Australia,45,
2349435,TDU25304G,Auto Rejected,2025-01-29 12:28:48,2025-02-14,Australia,16,
2349436,TDU25305G,Auto Rejected,2025-01-29 13:01:10,2025-02-14,Australia,45,
2349437,TDU25306G,Auto Rejected,2025-01-29 13:19:48,2025-02-14,Australia,17,
2349438,TDU25307G,Auto Rejected,2025-01-29 13:25:47,2025-02-14,Australia,17,
2349439,TDU25308G,Auto Rejected,2025-01-29 13:29:12,2025-02-14,Australia,40,
2349440,TDU30574,Rejected,2025-01-29 13:38:17,2025-10-17,Australia,3,
2349441,TDU25309G,Auto Rejected,2025-01-29 13:41:12,2025-02-14,Australia,40,
2349442,TDU25310G,Auto Rejected,2025-01-29 13:43:12,2025-02-14,Australia,40,
2349443,TDU25311G,Auto Rejected,2025-01-29 13:45:42,2025-02-14,Australia,50,
2349444,TDU25312G,Auto Rejected,2025-01-29 13:48:49,2025-02-14,Australia,50,
2349445,TDU25313G,Auto Rejected,2025-01-29 13:51:32,2025-02-14,Australia,50,
2349446,TDU30575,Auto Rejected,2025-01-29 14:06:52,2025-02-20,Australia,4,
2349447,TDU30576,Auto Rejected,2025-01-29 14:47:09,2025-12-28,Australia,32,
2349448,TDU30577,Rejected After Confrmation QA pending,2025-01-29 14:49:28,2025-03-10,Australia,4,
2349449,TDU30578,Auto Rejected,2025-01-29 15:33:37,2025-03-10,Australia,4,
2349450,TDU25314G,On Ground,2025-01-29 15:35:15,2025-02-12,Australia,18,
2349451,TDU30579,Auto Rejected,2025-01-29 15:46:29,2025-05-03,Australia,10,
2349452,TDU30580,Auto Rejected,2025-01-29 16:34:02,2025-08-23,Australia,16,
2349453,TDU30581,Rejected,2025-01-29 16:40:29,2025-05-21,Australia,4,
2349454,TDU25315G,Rejected,2025-01-29 17:44:48,2025-05-26,Australia,25,
2349455,TDU30582,Auto Rejected,2025-01-29 17:58:24,2025-03-01,Australia,4,
2349456,TDU30583,Auto Rejected,2025-01-29 19:48:08,2025-06-08,Australia,20,
2349457,TDU30584,Auto Rejected,2025-01-29 21:12:35,2025-03-15,Australia,4,
2349458,TDU25316G,Rejected,2025-01-29 22:04:18,2025-04-22,Australia,60,
2349459,TDU25317G,Rejected,2025-01-29 22:08:53,2025-11-20,New Zealand,20,
2349460,TDU25318G,Rejected,2025-01-29 22:39:29,2025-04-22,Australia,60,
2349461,TDU30585,Auto Rejected,2025-01-30 01:53:00,2025-03-05,Australia,4,
2349462,TDU25319G,Rejected,2025-01-30 03:11:11,2025-10-10,New Zealand,72,
2349463,TDU30586,Accounts - Reconciliation,2025-01-30 04:15:23,2025-02-21,Australia,2,
2349464,TDU30587,Accounts - Reconciliation,2025-01-30 06:23:53,2025-05-10,Australia,5,
2349465,TDU30588,Auto Rejected,2025-01-30 13:42:52,2025-04-05,Australia,2,
2349466,TDU30589,Auto Rejected,2025-01-30 14:03:53,2025-05-03,Australia,2,
2349467,TDU30590,Rejected,2025-01-30 14:33:03,2025-05-11,Australia,2,
2349468,TDU30591,Auto Rejected,2025-01-30 15:45:56,2025-03-14,Australia,4,
2349469,TDU30592,Rejected,2025-01-30 17:43:53,2025-05-01,Australia,3,
2349470,TDU25320G,Auto Rejected,2025-01-30 18:27:27,2025-02-14,Australia,16,
2349471,TDU30593,Auto Rejected,2025-01-30 18:57:55,2025-09-01,Australia,20,
2349472,TDU30594,Auto Rejected,2025-01-30 19:20:03,2025-06-08,Australia,20,
2349473,TDU30595,Auto Rejected,2025-01-30 19:30:14,2025-01-22,Australia,22,
2349474,TDU30596,Auto Rejected,2025-01-30 19:37:04,2025-12-28,Australia,32,
2349475,TDU30597,Rejected,2025-01-30 19:56:09,2025-05-20,Australia,7,
2349476,TDU25321G,Auto Rejected,2025-01-30 20:57:33,2025-05-02,Australia,26,
2349477,TDU30598,Auto Rejected,2025-01-30 21:24:01,2025-02-21,Australia,4,
2349478,TDU30599,Auto Rejected,2025-01-30 23:30:32,2025-03-17,Australia,5,
2349479,TDU25322G,Rejected,2025-01-30 23:52:38,2025-04-14,Australia,25,
2349480,TDU30600,Auto Rejected,2025-01-31 00:14:24,2025-02-03,Australia,3,
2349481,TDU30601,Auto Rejected,2025-01-31 07:42:55,2025-04-05,Australia,3,
2349482,TDU25323G,Auto Rejected,2025-01-31 09:56:52,2025-09-01,Australia,15,
2349483,TDU30602,Rejected,2025-01-31 11:38:23,2025-02-09,Australia,50,
2349484,TDU25324G,Auto Rejected,2025-01-31 11:39:38,2025-02-07,Australia,20,
2349485,TDU25325G,Auto Rejected,2025-01-31 11:42:31,2025-02-07,Australia,40,
2349486,TDU25326G,Auto Rejected,2025-01-31 11:44:52,2025-02-08,Australia,40,
2349487,TDU30603,Rejected,2025-01-31 11:46:17,2025-02-09,Australia,4,
2349488,TDU25327G,Rejected,2025-01-31 12:02:06,2025-06-08,Australia,20,
2349489,TDU25328G,Auto Rejected,2025-01-31 12:20:25,2025-09-01,Australia,20,
2349490,TDU25329G,Auto Rejected,2025-01-31 13:08:11,2025-08-22,Australia,20,
2349491,TDU30604,Auto Rejected,2025-01-31 13:40:10,2025-06-15,Australia,16,
2349492,TDU25330G,Auto Rejected,2025-01-31 13:50:48,2025-06-15,Australia,16,
2349493,TDU25331G,Auto Rejected,2025-01-31 13:58:16,2025-06-15,Australia,16,
2349494,TDU30605,Rejected,2025-01-31 14:06:50,2025-06-14,Australia,3,
2349495,TDU30606,Rejected,2025-01-31 16:26:13,2025-04-01,Australia,3,
2349496,TDU25332G,Auto Rejected,2025-01-31 16:38:03,2025-02-22,Australia,17,
2349497,TDU30607,Auto Rejected,2025-01-31 16:42:20,2025-02-28,Australia,2,
2349498,TDU25333G,Rejected,2025-01-31 17:37:23,2025-05-01,Australia,18,
2349499,TDU30608,Rejected,2025-01-31 23:53:13,2025-05-15,Australia,3,
2349500,TDU25334G,Rejected,2025-02-01 00:19:32,2025-04-08,Australia,30,
2349501,TDU30609,Auto Rejected,2025-02-01 12:44:04,2025-04-15,Australia,6,
2349502,TDU30610,Rejected,2025-02-01 13:41:42,2025-03-30,Australia,3,
2349503,TDU30611,Auto Rejected,2025-02-01 18:30:37,2025-03-27,Australia,1,
2349504,TDU30612,Auto Rejected,2025-02-01 19:06:57,2025-12-22,Australia,6,
2349505,TDU25335G,Rejected,2025-02-01 20:53:32,2025-05-09,Australia,25,
2349506,TDU25336G,Rejected,2025-02-01 21:58:43,2025-04-20,Australia,16,
2349507,TDU30613,Auto Rejected,2025-02-02 00:17:05,2025-02-19,Australia,2,
2349508,TDU30614,Rejected,2025-02-02 01:03:21,2025-04-25,Australia,3,
2349509,TDU30615,Auto Rejected,2025-02-03 11:36:30,2025-03-27,Australia,1,
2349510,TDU30616,Auto Rejected,2025-02-03 12:25:36,2025-12-22,Australia,3,
2349511,TDU30617,Auto Rejected,2025-02-03 15:46:24,2025-04-09,Australia,2,
2349512,TDU30618,Auto Rejected,2025-02-03 17:56:39,2025-04-07,Australia,9,
2349513,TDU25337G,Auto Rejected,2025-02-03 19:21:54,2025-05-01,Australia,30,
2349514,TDU25338G,Auto Rejected,2025-02-03 20:23:19,2025-04-15,New Zealand,30,
2349515,TDU30619,Rejected,2025-02-03 21:50:54,2025-08-02,Australia,2,
2349516,TDU30620,Rejected,2025-02-03 23:30:37,2025-05-10,Australia,3,
2349517,TDU30621,Auto Rejected,2025-02-04 04:41:16,2025-03-16,Australia,2,
2349518,TDU30622,Rejected,2025-02-04 09:09:18,2025-05-08,Australia,3,
2349519,TDU30623,Rejected,2025-02-04 10:18:46,2026-12-10,Australia,2,
2349520,TDU30624,Rejected After Confrmation QA completed,2025-02-04 11:30:22,2025-06-17,Australia,2,
2349521,TDU30625,Auto Rejected,2025-02-04 11:53:11,2025-06-27,Australia,16,
2349522,TDU25339G,Auto Rejected,2025-02-04 12:20:50,2025-06-27,Australia,25,
2349523,TDU30626,Rejected,2025-02-04 14:38:53,2025-05-16,Australia,12,
2349524,TDU30627,Auto Rejected,2025-02-04 16:33:50,2025-04-01,Australia,2,
2349525,TDU30628,Rejected,2025-02-04 16:48:38,2025-04-29,Australia,2,
2349526,TDU30629,Auto Rejected,2025-02-04 16:59:42,2025-03-23,Australia,3,
2349527,TDU30630,Rejected,2025-02-04 17:30:13,2025-05-01,Australia,6,
2349528,TDU25340G,Rejected,2025-02-04 19:14:56,2025-12-02,Australia,150,
2349529,TDU30631,Rejected,2025-02-04 19:19:57,2025-04-22,Australia,3,
2349530,TDU25341G,Rejected,2025-02-04 20:44:54,2025-12-02,Australia,150,
2349531,TDU30632,Rejected,2025-02-04 22:07:13,2025-05-07,Australia,2,
2349532,TDU30633,On Ground,2025-02-04 22:38:42,2025-03-09,Australia,3,
2349533,TDU30634,Rejected,2025-02-05 05:19:33,2025-04-14,Australia,7,
2349534,TDU30635,Auto Rejected,2025-02-05 11:53:23,2025-04-16,Australia,6,
2349535,TDU25342G,Auto Rejected,2025-02-05 14:21:31,2025-08-22,Australia,16,
2349536,TDU25343G,Auto Rejected,2025-02-05 15:44:09,2025-04-13,Australia,22,
2349537,TDU25344G,Auto Rejected,2025-02-05 16:05:15,2025-08-22,Australia,15,
2349538,TDU25345G,Rejected,2025-02-05 17:28:21,2025-06-10,Australia,15,
2349539,TDU30636,Rejected,2025-02-05 21:09:05,2025-03-22,Australia,2,
2349540,TDU30637,Rejected,2025-02-05 21:47:34,2025-06-11,Australia,8,
2349541,TDU25346G,Rejected,2025-02-05 22:04:44,2025-08-01,Australia,50,
2349542,TDU25347G,Auto Rejected,2025-02-05 23:50:36,2025-05-01,New Zealand,16,
2349543,TDU30638,Rejected,2025-02-06 03:40:17,2025-06-01,Australia,2,
2349544,TDU30639,Rejected,2025-02-06 09:58:57,2025-06-06,Australia,8,
2349545,TDU30640,Rejected,2025-02-06 14:11:55,2025-05-23,Australia,3,
2349546,TDU30641,Rejected,2025-02-06 14:30:57,2025-05-02,Australia,4,
2349547,TDU30642,Rejected,2025-02-06 15:45:04,2025-05-01,Australia,6,
2349548,TDU30643,Accounts - Reconciliation,2025-02-06 16:52:03,2025-02-21,Australia,11,
2349549,TDU30644,Rejected,2025-02-06 16:52:09,2025-05-01,Australia,6,
2349550,TDU30645,Auto Rejected,2025-02-06 17:15:16,2025-04-06,Australia,2,
2349551,TDU25348G,Rejected,2025-02-06 17:54:59,2025-05-28,Australia,500,
2349552,TDU25349G,Rejected,2025-02-06 17:58:05,2025-05-29,Australia,500,
2349553,TDU30646,Auto Rejected,2025-02-06 18:56:35,2025-05-11,Australia,2,
2349554,TDU25350G,Rejected,2025-02-06 19:46:05,2025-05-25,Australia,50,
2349555,TDU25351G,Rejected,2025-02-06 19:49:11,2025-05-15,Australia,60,
2349556,TDU25352G,Rejected,2025-02-06 21:34:16,2025-12-09,Australia,16,
2349557,TDU30647,Rejected,2025-02-07 01:06:33,2025-04-04,Australia,2,
2349558,TDU30648,Auto Rejected,2025-02-07 03:24:39,2025-05-17,Australia,12,
2349559,TDU30649,Auto Rejected,2025-02-07 08:30:39,2025-03-08,Australia,2,
2349560,TDU30650,Rejected,2025-02-07 09:22:28,2025-03-12,Australia,4,
2349561,TDU30651,Rejected,2025-02-07 10:01:37,2025-05-03,Australia,4,
2349562,TDU25353G,Auto Rejected,2025-02-07 11:48:56,2025-07-08,Australia,60,
2349563,TDU25354G,Auto Rejected,2025-02-07 14:49:42,2025-04-14,Australia,50,
2349564,TDU25355G,Auto Rejected,2025-02-07 16:01:09,2025-06-15,Australia,16,
2349565,TDU30652,Rejected,2025-02-07 16:46:48,2025-04-21,Australia,8,
2349566,TDU25356G,Rejected,2025-02-07 17:29:41,2025-05-02,Australia,20,
2349567,TDU30653,Rejected,2025-02-07 20:08:43,2025-04-14,Australia,3,
2349568,TDU25357G,Rejected,2025-02-07 20:15:20,2025-12-07,Australia,20,
2349569,TDU30654,Rejected,2025-02-07 21:46:29,2025-04-20,Australia,12,
2349570,TDU25358G,Auto Rejected,2025-02-07 22:06:54,2025-04-23,Australia,29,
2349571,TDU30655,Rejected,2025-02-08 05:58:35,2025-05-31,Australia,3,
2349572,TDU30656,Rejected,2025-02-08 08:16:52,2025-02-12,Australia,2,
2349573,TDU30657,Auto Rejected,2025-02-08 10:43:41,2025-03-22,Australia,2,
2349574,TDU30658,Rejected,2025-02-08 14:48:51,2025-05-18,Australia,9,
2349575,TDU30659,Rejected,2025-02-08 15:04:47,2025-07-02,Australia,12,
2349576,TDU30660,Rejected,2025-02-08 15:35:56,2025-04-18,Australia,6,
2349577,TDU30661,Rejected,2025-02-08 18:32:59,2025-03-08,Australia,4,
2349578,TDU30662,Rejected,2025-02-08 21:24:02,2025-05-14,Australia,4,
2349579,TDU30663,Accounts - Reconciliation,2025-02-08 22:14:48,2025-04-01,Australia,3,
2349580,TDU30664,Rejected,2025-02-08 23:24:21,2025-04-27,Australia,3,
2349581,TDU25359G,Auto Rejected,2025-02-10 03:20:03,2025-04-24,New Zealand,29,
2349582,TDU25360G,Auto Rejected,2025-02-10 04:28:16,2025-04-21,New Zealand,21,
2349583,TDU30665,Rejected,2025-02-10 14:58:54,2025-05-11,Australia,4,
2349584,TDU25361G,Auto Rejected,2025-02-10 15:07:27,2025-03-01,Australia,16,
2349585,TDU25362G,Auto Rejected,2025-02-10 16:21:59,2025-03-01,Australia,45,
2349586,TDU25363G,Auto Rejected,2025-02-10 17:42:07,2025-02-01,Australia,50,
2349587,TDU25364G,Auto Rejected,2025-02-10 18:02:43,2025-03-01,Australia,16,
2349588,TDU25365G,Rejected,2025-02-10 18:20:50,2025-10-20,Australia,45,
2349589,TDU25366G,Auto Rejected,2025-02-10 18:36:23,2025-03-01,Australia,45,
2349590,TDU25367G,Auto Rejected,2025-02-10 18:59:12,2025-03-01,Australia,50,
2349591,TDU30666,Auto Rejected,2025-02-10 19:48:11,2025-06-13,Australia,11,
2349592,TDU30667,Rejected,2025-02-10 20:14:48,2025-05-23,Australia,5,
2349593,TDU30668,Rejected,2025-02-10 21:42:29,2025-06-03,Australia,4,
2349594,TDU30669,Auto Rejected,2025-02-10 23:42:02,2025-05-15,Australia,4,
2349595,TDU30670,Rejected,2025-02-11 00:39:46,2025-05-17,Australia,2,
2349596,TDU30671,Rejected,2025-02-11 00:49:48,2025-05-03,Australia,2,
2349597,TDU30672,Requote After Confirmation,2025-02-11 01:11:02,2025-04-13,Australia,2,
2349598,TDU25368G,Rejected,2025-02-11 04:34:12,2025-04-15,New Zealand,18,
2349599,TDU25369G,Auto Rejected,2025-02-11 11:46:05,2025-03-01,Australia,16,
2349600,TDU25370G,Auto Rejected,2025-02-11 12:12:35,2025-03-01,Australia,40,
2349601,TDU25371G,Auto Rejected,2025-02-11 12:35:03,2025-03-01,Australia,50,
2349602,TDU25372G,Auto Rejected,2025-02-11 13:15:48,2025-03-01,Australia,16,
2349603,TDU25373G,Auto Rejected,2025-02-11 13:44:51,2025-03-01,Australia,40,
2349604,TDU25374G,Auto Rejected,2025-02-11 14:01:14,2025-03-01,Australia,50,
2349605,TDU30673,Auto Rejected,2025-02-11 14:58:06,2025-05-14,Australia,11,
2349606,TDU25375G,Auto Rejected,2025-02-11 15:25:37,2025-03-01,Australia,16,
2349607,TDU25376G,Auto Rejected,2025-02-11 16:02:27,2025-03-01,Australia,32,
2349608,TDU25377G,Auto Rejected,2025-02-11 16:29:34,2025-03-01,Australia,45,
2349609,TDU25378G,Rejected,2025-02-11 16:50:09,2025-10-13,Australia,40,
2349610,TDU25379G,Auto Rejected,2025-02-11 16:50:23,2025-03-01,Australia,16,
2349611,TDU30674,Rejected,2025-02-11 16:54:50,2025-07-02,Australia,2,
2349612,TDU25380G,Auto Rejected,2025-02-11 17:07:48,2025-03-01,Australia,32,
2349613,TDU25381G,Auto Rejected,2025-02-11 17:17:11,2025-03-01,Australia,45,
2349614,TDU30675,Rejected,2025-02-11 17:24:36,2025-04-19,Australia,5,
2349615,TDU30676,Rejected,2025-02-11 17:26:02,2025-02-14,Australia,2,
2349616,TDU30677,Rejected,2025-02-11 17:27:30,2025-02-14,Australia,2,
2349617,TDU25382G,Auto Rejected,2025-02-11 17:28:58,2025-03-01,Australia,16,
2349618,TDU25383G,Rejected,2025-02-11 17:47:18,2025-09-15,Australia,20,
2349619,TDU30678,Rejected,2025-02-11 18:04:42,2025-02-12,Australia,3,
2349620,TDU25384G,Auto Rejected,2025-02-11 18:25:03,2025-03-01,Australia,32,
2349621,TDU25385G,Auto Rejected,2025-02-11 19:12:15,2025-03-01,Australia,45,
2349622,TDU25386G,Auto Rejected,2025-02-11 19:53:30,2025-06-13,Australia,60,
2349623,TDU25387G,Rejected,2025-02-11 20:21:57,2025-05-03,Australia,26,
2349624,TDU25388G,Rejected,2025-02-11 23:55:47,2025-06-25,Australia,220,
2349625,TDU30679,On Ground,2025-02-12 00:00:37,2025-03-05,Australia,2,
2349626,TDU25389G,Rejected,2025-02-12 07:30:39,2025-05-02,New Zealand,40,
2349627,TDU25390G,Auto Rejected,2025-02-12 13:22:31,2025-03-01,Australia,16,
2349628,TDU30680,Rejected,2025-02-12 14:16:05,2025-08-01,Australia,8,
2349629,TDU25391G,Auto Rejected,2025-02-12 14:48:05,2025-03-01,Australia,16,
2349630,TDU30681,Auto Rejected,2025-02-12 15:17:45,2025-06-03,Australia,6,
2349631,TDU25392G,Auto Rejected,2025-02-12 15:32:58,2025-02-01,Australia,32,
2349632,TDU25393G,Auto Rejected,2025-02-12 15:54:55,2025-03-01,Australia,44,
2349633,TDU30682,Auto Rejected,2025-02-12 15:58:01,2025-04-01,Australia,12,
2349634,TDU25394G,Auto Rejected,2025-02-12 16:12:52,2025-03-01,Australia,16,
2349635,TDU25395G,Auto Rejected,2025-02-12 16:52:13,2025-03-01,Australia,32,
2349636,TDU25396G,Auto Rejected,2025-02-12 17:18:00,2025-02-01,Australia,44,
2349637,TDU25397G,Auto Rejected,2025-02-12 17:33:36,2025-03-01,Australia,16,
2349638,TDU30683,Rejected,2025-02-12 17:35:41,2025-03-14,Australia,8,
2349639,TDU25398G,Auto Rejected,2025-02-12 17:51:33,2025-06-13,Australia,60,
2349640,TDU30684,Auto Rejected,2025-02-12 21:00:52,2025-02-25,Australia,2,
2349641,TDU25399G,Auto Rejected,2025-02-12 21:15:52,2025-04-04,Australia,50,
2349642,TDU30685,Auto Rejected,2025-02-12 22:30:49,2025-04-12,Australia,5,
2349643,TDU30686,Rejected,2025-02-12 22:31:37,2025-02-14,Australia,3,
2349644,TDU30687,Rejected,2025-02-12 22:53:59,2025-04-12,Australia,5,
2349645,TDU30688,Auto Rejected,2025-02-13 00:30:02,2025-04-29,Australia,4,
2349646,TDU30689,Auto Rejected,2025-02-13 11:39:46,2025-06-09,Australia,12,
2349647,TDU25400G,Rejected,2025-02-13 17:03:58,2025-11-07,Australia,40,
2349648,TDU25401G,Auto Rejected,2025-02-13 17:11:58,2025-03-01,Australia,32,
2349649,TDU25402G,Auto Rejected,2025-02-13 17:34:36,2025-03-02,Australia,40,
2349650,TDU25403G,Auto Rejected,2025-02-13 17:35:37,2025-03-02,Australia,40,
2349651,TDU30690,Rejected,2025-02-13 17:41:57,2025-05-10,Australia,2,
2349652,TDU25404G,Rejected,2025-02-13 18:07:52,2025-03-10,Australia,16,
2349653,TDU25405G,Auto Rejected,2025-02-13 18:13:28,2025-03-01,Australia,44,
2349654,TDU30691,Rejected,2025-02-13 18:20:05,2025-05-10,Australia,5,
2349655,TDU25406G,Auto Rejected,2025-02-13 18:23:17,2025-03-01,Australia,16,
2349656,TDU25407G,Auto Rejected,2025-02-13 18:34:18,2025-03-01,Australia,32,
2349657,TDU25408G,Auto Rejected,2025-02-13 18:49:17,2025-03-01,Australia,44,
2349658,TDU25409G,Auto Rejected,2025-02-14 09:31:50,2025-06-29,Australia,30,
2349659,TDU25410G,Auto Rejected,2025-02-14 14:05:52,2025-03-01,Australia,16,
2349660,TDU25411G,Auto Rejected,2025-02-14 14:19:40,2025-03-01,Australia,40,
2349661,TDU25412G,Auto Rejected,2025-02-14 14:30:31,2025-03-01,Australia,16,
2349662,TDU30692,Rejected,2025-02-14 16:14:15,2025-05-26,Australia,8,
2349663,TDU30693,Auto Rejected,2025-02-14 16:49:00,2025-03-26,Australia,10,
2349664,TDU25413G,Rejected,2025-02-14 17:28:33,2025-04-17,Australia,75,
2349665,TDU30694,Auto Rejected,2025-02-14 17:31:42,2025-04-04,Australia,2,
2349666,TDU25414G,Auto Rejected,2025-02-14 17:35:32,2025-03-01,Australia,40,
2349667,TDU30695,On Ground,2025-02-14 17:53:03,2025-03-09,Australia,3,
2349668,TDU25415G,Auto Rejected,2025-02-14 18:15:24,2025-03-01,Australia,50,
2349669,TDU30696,Rejected,2025-02-14 18:34:49,2025-03-07,Australia,3,
2349670,TDU25416G,Auto Rejected,2025-02-14 18:34:51,2025-03-01,Australia,16,
2349671,TDU30697,Rejected,2025-02-14 19:19:19,2025-03-14,Australia,8,
2349672,TDU30698,Accounts - Reconciliation,2025-02-14 20:41:00,2025-04-08,Australia,2,
2349673,TDU30699,Rejected,2025-02-14 23:08:58,2025-03-09,Australia,3,
2349674,TDU25417G,Auto Rejected,2025-02-15 15:00:36,2025-03-01,Australia,16,
2349675,TDU30700,Auto Rejected,2025-02-15 16:31:33,2025-02-26,Australia,13,
2349676,TDU30701,Rejected,2025-02-15 16:42:57,2025-04-20,Australia,2,
2349677,TDU30702,Rejected,2025-02-15 16:54:29,2025-09-01,Australia,3,
2349678,TDU30703,Accounts - Reconciliation,2025-02-15 18:08:07,2025-04-06,Australia,2,
2349679,TDU30704,Auto Rejected,2025-02-15 18:25:45,2025-05-07,Australia,4,
2349680,TDU30705,On Ground,2025-02-15 19:20:40,2025-02-24,Australia,2,
2349681,TDU30706,Auto Rejected,2025-02-15 20:04:42,2025-02-25,Australia,2,
2349682,TDU30707,Rejected,2025-02-15 21:06:18,2025-05-06,Australia,3,
2349683,TDU30708,Rejected,2025-02-15 21:12:42,2025-04-28,Australia,1,
2349684,TDU30709,Auto Rejected,2025-02-15 23:57:08,2025-03-01,Australia,2,
2349685,TDU25418G,Auto Rejected,2025-02-16 05:21:38,2025-08-25,New Zealand,120,
2349686,TDU30710,Auto Rejected,2025-02-16 07:21:50,2025-04-10,New Zealand,8,
2349687,TDU30711,Rejected,2025-02-16 11:49:25,2025-03-05,Australia,2,
2349688,TDU30712,Rejected,2025-02-16 12:36:02,2025-05-06,Australia,3,
2349689,TDU25419G,Auto Rejected,2025-02-16 20:22:44,2025-03-01,Australia,16,
2349690,TDU25420G,Auto Rejected,2025-02-16 20:40:19,2025-03-01,Australia,16,
2349691,TDU25421G,Auto Rejected,2025-02-16 22:55:09,2025-03-01,Australia,50,
2349692,TDU30713,Rejected,2025-02-17 03:08:13,2025-03-17,Australia,3,
2349693,TDU30714,Rejected,2025-02-17 04:41:11,2025-05-23,Australia,4,
2349694,TDU30715,Rejected,2025-02-17 05:51:33,2025-05-30,Australia,4,
2349695,TDU30716,Rejected,2025-02-17 06:49:00,2025-05-12,Australia,4,
2349696,TDU30717,On Ground,2025-02-17 08:04:35,2025-03-21,Australia,3,
2349697,TDU30718,Auto Rejected,2025-02-17 10:07:39,2025-03-12,Australia,2,
2349698,TDU30719,Rejected,2025-02-17 10:38:11,2025-05-14,Australia,2,
2349699,TDU25422G,Auto Rejected,2025-02-17 11:06:51,2025-03-01,Australia,16,
2349700,TDU25423G,Auto Rejected,2025-02-17 11:09:08,2025-03-01,Australia,16,
2349701,TDU30720,Auto Rejected,2025-02-17 11:18:03,2025-02-26,Australia,13,
2349702,TDU25424G,Auto Rejected,2025-02-17 11:50:08,2025-03-01,Australia,16,
2349703,TDU25425G,Auto Rejected,2025-02-17 11:51:54,2025-04-23,Australia,25,
2349704,TDU25426G,Accounts - Reconciliation,2025-02-17 12:12:11,2025-05-24,Australia,23,
2349705,TDU25427G,Auto Rejected,2025-02-17 12:27:42,2025-03-01,Australia,16,
2349706,TDU25428G,Auto Rejected,2025-02-17 12:42:21,2025-03-01,Australia,16,
2349707,TDU25429G,Auto Rejected,2025-02-17 13:00:27,2025-03-01,Australia,16,
2349708,TDU25430G,Rejected,2025-02-17 13:09:53,2025-05-27,Australia,20,
2349709,TDU25431G,Auto Rejected,2025-02-17 13:48:57,2025-03-01,Australia,32,
2349710,TDU25432G,Auto Rejected,2025-02-17 14:09:31,2025-03-01,Australia,32,
2349711,TDU25433G,Rejected,2025-02-17 14:17:08,2025-05-27,Australia,70,
2349712,TDU25434G,Auto Rejected,2025-02-17 14:23:53,2025-03-01,Australia,32,
2349713,TDU30721,Rejected,2025-02-17 16:18:29,2025-04-23,Australia,7,
2349714,TDU25435G,Auto Rejected,2025-02-17 16:24:22,2025-10-01,Australia,36,
2349715,TDU25436G,Rejected,2025-02-17 16:38:00,2025-04-17,Australia,70,
2349716,TDU30722,Auto Rejected,2025-02-17 17:11:35,2025-06-16,Australia,8,
2349717,TDU25437G,Rejected,2025-02-17 17:11:46,2025-04-17,Australia,70,
2349718,TDU30723,Auto Rejected,2025-02-17 17:41:45,2025-04-16,Australia,2,
2349719,TDU30724,Auto Rejected,2025-02-17 17:50:06,2025-03-27,Australia,2,
2349720,TDU30725,Auto Rejected,2025-02-17 19:07:23,2025-04-20,Australia,5,
2349721,TDU30726,Rejected,2025-02-17 20:42:53,2025-04-22,Australia,7,
2349722,TDU30727,Auto Rejected,2025-02-17 20:49:56,2025-04-19,Australia,2,
2349723,TDU30728,Accounts - Reconciliation,2025-02-17 20:56:23,2025-03-15,Australia,4,
2349724,TDU30729,Rejected,2025-02-17 20:56:54,2025-04-15,Australia,2,
2349725,TDU30730,Auto Rejected,2025-02-17 21:09:04,2025-03-20,Australia,2,
2349726,TDU30731,Rejected,2025-02-17 21:09:45,2025-04-19,Australia,2,
2349727,TDU30732,Auto Rejected,2025-02-17 21:27:46,2025-03-31,Australia,4,
2349728,TDU25438G,Rejected,2025-02-17 21:39:20,2025-11-14,New Zealand,30,
2349729,TDU30733,Auto Rejected,2025-02-17 21:50:00,2025-03-10,Australia,3,
2349730,TDU25439G,Rejected,2025-02-17 22:10:32,2025-11-14,New Zealand,30,
2349731,TDU30734,On Ground,2025-02-18 00:44:26,2025-05-01,Australia,4,
2349732,TDU30735,Rejected,2025-02-18 02:52:06,2025-05-25,Australia,2,
2349733,TDU30736,Rejected,2025-02-18 04:02:30,2025-05-21,Australia,6,
2349734,TDU30737,Rejected,2025-02-18 04:53:14,2025-05-11,Australia,6,
2349735,TDU30738,Rejected,2025-02-18 05:54:23,2025-02-26,Australia,13,
2349736,TDU30739,Auto Rejected,2025-02-18 07:09:15,2025-04-15,Australia,4,
2349737,TDU30740,Rejected,2025-02-18 07:27:48,2025-04-15,Australia,4,
2349738,TDU30741,Rejected,2025-02-18 07:44:22,2025-04-15,Australia,4,
2349739,TDU30742,Rejected,2025-02-18 07:44:22,2025-04-15,Australia,4,
2349740,TDU30743,Auto Rejected,2025-02-18 09:57:09,2025-03-25,Australia,8,
2349741,TDU30744,Auto Rejected,2025-02-18 10:32:02,2025-02-19,Australia,2,
2349742,TDU30745,Auto Rejected,2025-02-18 12:39:36,2025-03-06,Australia,1,
2349743,TDU25440G,Auto Rejected,2025-02-18 13:04:47,2025-04-15,New Zealand,50,
2349744,TDU25441G,Auto Rejected,2025-02-18 14:36:02,2025-03-04,New Zealand,21,
2349745,TDU30746,Auto Rejected,2025-02-18 14:37:10,2025-03-15,Australia,5,
2349746,TDU25442G,Auto Rejected,2025-02-18 14:57:40,2025-04-05,Australia,41,
2349747,TDU30747,Auto Rejected,2025-02-18 14:59:02,2025-03-17,Australia,2,
2349748,TDU30748,Rejected,2025-02-18 15:18:13,2025-05-01,Australia,3,
2349749,TDU25443G,Auto Rejected,2025-02-18 16:03:15,2025-04-07,Australia,65,
2349750,TDU30749,Auto Rejected,2025-02-18 16:21:26,2025-03-05,Australia,2,
2349751,TDU30750,Auto Rejected,2025-02-18 19:35:54,2025-06-15,Australia,11,
2349752,TDU30751,Rejected,2025-02-18 19:38:24,2025-04-13,Australia,2,
2349753,TDU25444G,Auto Rejected,2025-02-18 19:46:52,2025-03-01,Australia,16,
2349754,TDU25445G,Auto Rejected,2025-02-18 20:17:51,2025-06-06,Australia,60,
2349755,TDU30752,Rejected,2025-02-18 21:17:50,2025-06-15,Australia,11,
2349756,TDU30753,Rejected,2025-02-18 21:19:30,2025-06-15,Australia,11,
2349757,TDU30754,Rejected,2025-02-19 03:22:19,2025-04-25,Australia,5,
2349758,TDU30755,Auto Rejected,2025-02-19 04:17:54,2025-03-14,Australia,1,
2349759,TDU30756,On Ground,2025-02-19 07:04:16,2025-03-30,Australia,4,
2349760,TDU30757,Rejected,2025-02-19 07:51:28,2025-04-12,Australia,3,
2349761,TDU30758,Auto Rejected,2025-02-19 09:18:24,2025-02-17,Australia,6,
2349762,TDU30759,Rejected,2025-02-19 10:50:30,2025-05-11,Australia,2,
2349763,TDU25446G,Auto Rejected,2025-02-19 11:33:15,2025-03-01,Australia,32,
2349764,TDU25447G,Auto Rejected,2025-02-19 12:20:43,2025-03-01,Australia,40,
2349765,TDU25448G,Rejected,2025-02-19 13:32:57,2025-04-22,Australia,25,
2349766,TDU25449G,Rejected,2025-02-19 14:04:25,2025-06-08,Australia,25,
2349767,TDU25450G,Auto Rejected,2025-02-19 14:47:28,2025-03-24,Australia,24,
2349768,TDU30760,Rejected,2025-02-19 15:26:03,2025-08-05,Australia,4,
2349769,TDU30761,Rejected,2025-02-19 15:40:28,2025-04-28,Australia,4,
2349770,TDU30762,On Ground,2025-02-19 17:54:26,2025-04-13,Australia,2,
2349771,TDU30763,Auto Rejected,2025-02-19 19:57:08,2025-08-03,Australia,4,
2349772,TDU30764,Auto Rejected,2025-02-19 20:31:35,2025-03-26,Australia,2,
2349773,TDU30765,Rejected,2025-02-19 20:59:46,2025-04-28,Australia,4,
2349774,TDU25451G,Rejected,2025-02-20 00:19:27,2025-08-05,New Zealand,200,
2349775,TDU25452G,Rejected,2025-02-20 02:29:34,2025-08-01,New Zealand,200,
2349776,TDU30766,Rejected,2025-02-20 03:49:40,2025-05-12,Australia,4,
2349777,TDU30767,Rejected,2025-02-20 06:35:48,2025-07-01,Australia,3,
2349778,TDU30768,Rejected,2025-02-20 07:04:40,2025-03-12,Australia,2,
2349779,TDU30769,Auto Rejected,2025-02-20 09:50:28,2025-06-10,Australia,10,
2349780,TDU30770,Auto Rejected,2025-02-20 10:31:00,2025-03-31,Australia,4,
2349781,TDU25453G,Rejected,2025-02-20 12:39:24,2025-05-22,Australia,25,
2349782,TDU25454G,Auto Rejected,2025-02-20 13:58:13,2025-03-01,Australia,30,
2349783,TDU25455G,Auto Rejected,2025-02-20 14:02:01,2025-03-01,Australia,44,
2349784,TDU30771,Rejected,2025-02-20 16:53:11,2025-05-11,Australia,3,
2349785,TDU25456G,Auto Rejected,2025-02-20 17:21:36,2025-06-01,Australia,20,
2349786,TDU30772,Rejected,2025-02-20 18:50:07,2025-05-01,Australia,2,
2349787,TDU25457G,Auto Rejected,2025-02-20 19:06:40,2025-04-28,Australia,18,
2349788,TDU25458G,Rejected,2025-02-20 19:06:44,2025-04-28,Australia,18,
2349789,TDU25459G,Auto Rejected,2025-02-20 19:08:38,2025-04-20,Australia,18,
2349790,TDU25460G,Rejected,2025-02-20 19:10:11,2025-04-20,Australia,18,
2349791,TDU25461G,Auto Rejected,2025-02-20 20:11:23,2025-04-20,Australia,18,
2349792,TDU25462G,Rejected,2025-02-20 20:12:26,2025-04-29,Australia,18,
2349793,TDU30773,Auto Rejected,2025-02-20 20:44:17,2025-04-01,Australia,3,
2349794,TDU30774,Rejected,2025-02-20 22:37:34,2025-06-26,Australia,4,
2349795,TDU30775,Rejected,2025-02-21 03:24:47,2025-05-31,Australia,4,
2349796,TDU30776,Rejected,2025-02-21 07:39:39,2025-05-01,Australia,3,
2349797,TDU30777,Rejected,2025-02-21 09:18:56,2025-05-12,Australia,2,
2349798,TDU30778,Rejected,2025-02-21 09:37:46,2025-05-25,Australia,4,
2349799,TDU30779,Rejected,2025-02-21 10:17:13,2025-04-13,Australia,5,
2349800,TDU25463G,Rejected,2025-02-21 11:31:22,2025-04-29,Australia,18,
2349801,TDU25464G,Rejected,2025-02-21 11:31:31,2025-04-29,Australia,18,
2349802,TDU25465G,Auto Rejected,2025-02-21 12:03:05,2025-09-24,Australia,120,
2349803,TDU25466G,Rejected,2025-02-21 12:51:59,2025-05-24,Australia,15,
2349804,TDU30780,Rejected,2025-02-21 13:42:56,2025-05-30,Australia,4,
2349805,TDU30781,Rejected,2025-02-21 14:19:47,2025-05-08,Australia,9,
2349806,TDU25467G,Auto Rejected,2025-02-21 16:27:03,2025-09-23,Australia,40,
2349807,TDU30782,Auto Rejected,2025-02-21 17:07:48,2025-03-31,Australia,4,
2349808,TDU25468G,Rejected,2025-02-21 17:14:41,2025-11-08,Australia,40,
2349809,TDU30783,On Ground,2025-02-21 17:28:55,2025-03-14,Australia,2,
2349810,TDU30784,Auto Rejected,2025-02-21 17:30:09,2025-05-23,Australia,5,
2349811,TDU30785,Rejected,2025-02-21 17:54:19,2025-08-28,Australia,1,
2349812,TDU25469G,Rejected,2025-02-21 18:01:50,2025-05-15,New Zealand,80,
2349813,TDU25470G,Auto Rejected,2025-02-21 18:56:00,2025-05-04,Australia,80,
2349814,TDU30786,Rejected,2025-02-21 22:57:59,2025-02-25,Australia,2,
2349815,TDU30787,Rejected,2025-02-22 09:08:26,2025-02-23,Australia,2,
2349816,TDU30788,Auto Rejected,2025-02-22 12:37:19,2025-03-10,Australia,2,
2349817,TDU30789,Rejected,2025-02-22 13:08:30,2025-05-07,Australia,4,
2349818,TDU30790,Rejected,2025-02-22 14:20:04,2025-06-15,Australia,4,
2349819,TDU30791,Rejected,2025-02-22 15:34:07,2025-06-13,Australia,4,
2349820,TDU30792,Rejected,2025-02-22 16:10:22,2025-05-10,Australia,5,
2349821,TDU30793,Auto Rejected,2025-02-22 16:38:39,2025-05-06,Australia,3,
2349822,TDU30794,Rejected,2025-02-22 18:38:23,2025-05-18,Australia,9,
2349823,TDU30795,Rejected,2025-02-22 19:40:03,2025-05-03,Australia,8,
2349824,TDU30796,Rejected,2025-02-22 19:40:11,2025-05-12,Australia,2,
2349825,TDU30797,Rejected,2025-02-22 22:41:27,2025-05-06,Australia,8,
2349826,TDU25471G,Rejected After Confrmation QA completed,2025-02-23 10:11:42,2025-06-06,Australia,30,
2349827,TDU25472G,Accounts - Reconciliation,2025-02-23 10:18:49,2025-08-08,Australia,10,
2349828,TDU25473G,Accounts - Reconciliation,2025-02-23 11:17:31,2025-09-13,Australia,13,
2349829,TDU25474G,Rejected After Confrmation QA completed,2025-02-23 11:23:55,2025-09-26,Australia,30,
2349830,TDU25475G,Rejected After Confrmation QA completed,2025-02-23 11:25:11,2025-10-18,Australia,30,
2349831,TDU25476G,Rejected After Confrmation QA pending,2025-02-23 11:26:00,2025-11-01,Australia,30,
2349832,TDU25477G,On Ground,2025-02-23 13:18:50,2025-03-23,Australia,20,
2349833,TDU25478G,Auto Rejected,2025-02-24 11:57:08,2025-04-21,Australia,46,
2349834,TDU30798,Rejected,2025-02-24 12:00:40,2025-05-16,Australia,12,
2349835,TDU30799,Auto Rejected,2025-02-24 13:41:15,2025-06-11,Australia,12,
2349836,TDU30800,Auto Rejected,2025-02-24 14:17:12,2025-06-11,Australia,5,
2349837,TDU30801,Auto Rejected,2025-02-24 14:42:28,2025-06-11,Australia,4,
2349838,TDU25479G,Rejected,2025-02-24 15:47:21,2025-10-24,Australia,35,
2349839,TDU30802,Rejected,2025-02-24 15:56:56,2025-05-02,Australia,3,
2349840,TDU25480G,Rejected,2025-02-24 16:43:58,2025-06-12,Australia,40,
2349841,TDU30803,Rejected,2025-02-24 16:52:59,2025-04-18,Australia,4,
2349842,TDU25481G,Auto Rejected,2025-02-24 17:07:49,2025-09-22,Australia,20,
2349843,TDU30804,Rejected,2025-02-24 18:53:46,2025-05-26,Australia,2,
2349844,TDU30805,Rejected,2025-02-24 23:08:07,2025-06-13,Australia,4,
2349845,TDU30806,Rejected After Confrmation QA pending,2025-02-24 23:45:58,2025-03-15,Australia,2,
2349846,TDU30807,Rejected,2025-02-25 02:30:22,2025-05-18,Australia,3,
2349847,TDU25482G,Auto Rejected,2025-02-25 11:54:11,2025-08-18,Australia,20,
2349848,TDU30808,Auto Rejected,2025-02-25 12:39:19,2025-03-14,Australia,2,
2349849,TDU25483G,Rejected,2025-02-25 12:44:16,2025-10-03,Australia,40,
2349850,TDU25484G,Rejected,2025-02-25 13:13:28,2025-06-16,Australia,25,
2349851,TDU25485G,Auto Rejected,2025-02-25 13:23:32,2025-04-25,Australia,20,
2349852,TDU30809,Rejected,2025-02-25 13:29:44,2025-07-27,Australia,4,
2349853,TDU30810,Rejected,2025-02-25 13:44:27,2025-04-22,Australia,3,
2349854,TDU25486G,Auto Rejected,2025-02-25 15:50:50,2025-03-09,Australia,150,
2349855,TDU25487G,Rejected,2025-02-25 16:36:51,2025-05-12,Australia,45,
2349856,TDU25488G,Rejected,2025-02-25 16:53:15,2025-04-20,New Zealand,40,
2349857,TDU30811,Rejected,2025-02-25 17:23:55,2025-05-26,Australia,2,
2349858,TDU25489G,Auto Rejected,2025-02-25 18:06:28,2025-06-02,Australia,20,
2349859,TDU30812,Rejected,2025-02-25 18:07:50,2025-04-30,Australia,4,
2349860,TDU30813,Auto Rejected,2025-02-25 19:08:16,2025-05-21,Australia,4,
2349861,TDU30814,Auto Rejected,2025-02-25 19:17:07,2025-03-12,Australia,4,
2349862,TDU30815,Auto Rejected,2025-02-25 19:36:32,2025-05-21,Australia,4,
2349863,TDU30816,Rejected,2025-02-25 19:59:25,2025-06-02,Australia,4,
2349864,TDU30817,Auto Rejected,2025-02-25 20:34:17,2025-03-23,Australia,3,
2349865,TDU30818,Auto Rejected,2025-02-26 11:45:30,2025-09-16,Australia,4,
2349866,TDU30819,Rejected,2025-02-26 11:58:59,2025-06-26,Australia,3,
2349867,TDU30820,Rejected,2025-02-26 12:20:17,2025-04-23,Australia,5,
2349868,TDU30821,Auto Rejected,2025-02-26 12:38:27,2025-04-26,Australia,13,
2349869,TDU25490G,Rejected,2025-02-26 12:56:13,2025-05-12,Australia,45,
2349870,TDU25491G,Auto Rejected,2025-02-26 14:14:45,2025-04-10,Australia,100,
2349871,TDU30822,Auto Rejected,2025-02-26 14:17:13,2025-09-16,Australia,4,
2349872,TDU30823,Rejected,2025-02-26 14:43:14,2025-05-25,Australia,4,
2349873,TDU30824,Auto Rejected,2025-02-26 14:53:06,2025-04-13,Australia,17,
2349874,TDU30825,Auto Rejected,2025-02-26 16:35:49,2025-03-25,Australia,1,
2349875,TDU30826,Rejected,2025-02-26 17:30:46,2025-04-10,Australia,2,
2349876,TDU30827,Auto Rejected,2025-02-26 18:39:38,2025-04-06,Australia,6,
2349877,TDU30828,Rejected,2025-02-26 19:25:11,2025-05-29,Australia,3,
2349878,TDU25492G,Rejected,2025-02-26 20:19:46,2025-05-07,New Zealand,18,
2349879,TDU30829,Rejected,2025-02-26 20:40:11,2025-05-23,Australia,3,
2349880,TDU25493G,Rejected,2025-02-26 23:17:42,2025-05-21,Australia,30,
2349881,TDU25494G,Rejected,2025-02-27 12:17:22,2025-06-01,Australia,20,
2349882,TDU25495G,Auto Rejected,2025-02-27 12:51:43,2025-10-25,Australia,21,
2349883,TDU30830,Auto Rejected,2025-02-27 13:21:43,2025-05-14,Australia,4,
2349884,TDU30831,Auto Rejected,2025-02-27 13:40:38,2025-04-01,Australia,3,
2349885,TDU30832,Rejected,2025-02-27 14:24:43,2025-05-14,Australia,8,
2349886,TDU30833,Auto Rejected,2025-02-27 14:57:14,2025-03-17,Australia,2,
2349887,TDU25496G,Rejected,2025-02-27 16:29:01,2025-05-07,New Zealand,18,
2349888,TDU30834,Auto Rejected,2025-02-27 18:42:13,2025-03-22,Australia,4,
2349889,TDU30835,Rejected,2025-02-27 19:11:38,2025-05-27,Australia,10,
2349890,TDU25497G,Accounts - Reconciliation,2025-02-27 20:29:27,2025-03-23,Australia,12,
2349891,TDU30836,Accounts - Reconciliation,2025-02-27 23:29:11,2025-03-24,Australia,2,
2349892,TDU30837,Rejected,2025-02-28 11:43:47,2025-04-23,Australia,5,
2349893,TDU25498G,Rejected,2025-02-28 13:21:51,2025-06-01,Australia,25,
2349894,TDU30838,Auto Rejected,2025-02-28 15:52:51,2025-07-07,Australia,10,
2349895,TDU30839,Auto Rejected,2025-02-28 16:14:04,2025-07-07,Australia,10,
2349896,TDU25499G,Auto Rejected,2025-02-28 17:22:21,2025-05-05,Australia,40,
2349897,TDU30840,Auto Rejected,2025-02-28 17:25:06,2025-03-17,Australia,4,
2349898,TDU30841,Rejected After Confrmation QA pending,2025-02-28 18:43:07,2025-03-12,Australia,4,
2349899,TDU25500G,Rejected,2025-02-28 20:54:10,2025-05-10,New Zealand,36,
2349900,TDU25501G,Rejected,2025-03-01 16:11:43,2025-05-08,New Zealand,24,
2349901,TDU30842,Auto Rejected,2025-03-01 16:13:41,2025-03-05,Australia,2,
2349902,TDU30843,Auto Rejected,2025-03-01 17:01:06,2025-05-10,Australia,2,
2349903,TDU30844,Rejected,2025-03-01 17:25:40,2025-05-24,Australia,3,
2349904,TDU30845,Auto Rejected,2025-03-01 17:25:44,2025-03-17,Australia,4,
2349905,TDU30846,Rejected,2025-03-01 17:54:25,2025-05-18,Australia,4,
2349906,TDU30847,Rejected,2025-03-01 18:31:50,2025-04-15,Australia,4,
2349907,TDU30848,Auto Rejected,2025-03-01 18:47:04,2025-03-06,Australia,2,
2349908,TDU30849,Rejected,2025-03-01 18:47:14,2025-04-15,Australia,4,
2349909,TDU30850,Rejected,2025-03-01 19:24:55,2025-04-19,Australia,2,
2349910,TDU30851,Rejected,2025-03-01 21:53:54,2025-05-10,Australia,3,
2349911,TDU30852,Rejected,2025-03-02 18:37:25,2025-05-22,Australia,3,
2349912,TDU30853,Rejected,2025-03-02 19:37:39,2025-05-11,Australia,3,
2349913,TDU30854,Auto Rejected,2025-03-03 12:57:58,2025-04-14,Australia,16,
2349914,TDU25502G,Auto Rejected,2025-03-03 13:05:32,2025-04-14,Australia,15,
2349915,TDU25503G,Rejected,2025-03-03 14:19:44,2025-05-01,Australia,19,
2349916,TDU30855,Rejected,2025-03-03 14:34:03,2025-05-15,Australia,4,
2349917,TDU25504G,Rejected,2025-03-03 14:51:33,2025-10-03,Australia,30,
2349918,TDU30856,On Ground,2025-03-03 14:59:50,2025-03-20,Australia,2,
2349919,TDU25505G,Auto Rejected,2025-03-03 16:07:26,2025-05-05,Australia,18,
2349920,TDU30857,Rejected,2025-03-03 17:33:13,2025-04-16,Australia,2,
2349921,TDU30858,Rejected,2025-03-03 18:11:00,2025-05-07,Australia,2,
2349922,TDU30859,Auto Rejected,2025-03-03 18:36:47,2025-04-08,Australia,2,
2349923,TDU30860,Rejected,2025-03-03 19:18:51,2025-05-22,Australia,3,
2349924,TDU30861,Auto Rejected,2025-03-03 20:35:50,2025-05-26,Australia,2,
2349925,TDU30862,Auto Rejected,2025-03-03 20:56:30,2025-03-05,Australia,2,
2349926,TDU30863,Rejected,2025-03-03 22:17:02,2025-05-10,Australia,2,
2349927,TDU30864,Rejected,2025-03-03 22:46:04,2025-05-18,Australia,4,
2349928,TDU30865,Auto Rejected,2025-03-04 14:38:54,2025-05-03,Australia,6,
2349929,TDU25506G,Rejected,2025-03-04 16:44:37,2025-11-01,Australia,40,
2349930,TDU25507G,Rejected,2025-03-04 17:52:48,2025-11-01,Australia,40,
2349931,TDU25508G,Auto Rejected,2025-03-04 18:12:38,2025-04-02,Australia,60,
2349932,TDU30866,Rejected,2025-03-04 18:37:20,2025-05-08,Australia,4,
2349933,TDU30867,Rejected After Confrmation QA pending,2025-03-04 19:13:49,2025-03-12,Australia,4,
2349934,TDU30868,Rejected,2025-03-04 19:30:18,2025-05-14,Australia,4,
2349935,TDU25509G,Rejected,2025-03-04 19:45:17,2025-03-12,Australia,16,
2349936,TDU25510G,Rejected,2025-03-04 19:54:10,2025-05-12,Australia,35,
2349937,TDU25511G,Rejected,2025-03-04 20:03:35,2025-05-13,Australia,18,
2349938,TDU30869,Accounts - Reconciliation,2025-03-04 21:59:53,2025-03-17,Australia,2,
2349939,TDU30870,Auto Rejected,2025-03-04 22:16:50,2025-04-11,Australia,2,
2349940,TDU25512G,Rejected,2025-03-04 23:24:54,2025-05-07,Australia,12,
2349941,TDU30871,Rejected,2025-03-04 23:27:26,2025-04-17,Australia,3,
2349942,TDU30872,Auto Rejected,2025-03-05 10:22:36,2025-05-12,Australia,2,
2349943,TDU25513G,Auto Rejected,2025-03-05 13:41:36,2025-12-14,Australia,30,
2349944,TDU30873,Rejected,2025-03-05 14:19:04,2025-05-25,Australia,2,
2349945,TDU30874,Rejected,2025-03-05 14:35:20,2025-05-02,Australia,3,
2349946,TDU30875,Auto Rejected,2025-03-05 15:04:30,2025-04-01,Australia,8,
2349947,TDU25514G,Auto Rejected,2025-03-05 15:22:24,2025-05-06,Australia,18,
2349948,TDU30876,Rejected,2025-03-05 15:32:47,2025-04-19,Australia,2,
2349949,TDU30877,Rejected,2025-03-05 16:02:09,2025-05-14,Australia,3,
2349950,TDU30878,Rejected,2025-03-05 16:02:13,2025-05-14,Australia,3,
2349951,TDU30879,Rejected,2025-03-05 16:02:32,2025-05-14,Australia,3,
2349952,TDU30880,Rejected After Confrmation QA completed,2025-03-05 16:03:13,2025-05-10,Australia,4,
2349953,TDU30881,Rejected,2025-03-05 16:03:32,2025-05-14,Australia,4,
2349954,TDU30882,Auto Rejected,2025-03-05 16:36:50,2025-05-03,Australia,2,
2349955,TDU30883,Accounts - Reconciliation,2025-03-05 16:53:33,2025-05-05,Australia,2,
2349956,TDU25515G,Auto Rejected,2025-03-05 17:02:59,2025-09-02,Australia,25,
2349957,TDU30884,Rejected,2025-03-05 17:20:51,2025-05-25,Australia,3,
2349958,TDU30885,Rejected,2025-03-05 17:32:20,2025-05-16,Australia,4,
2349959,TDU30886,Rejected,2025-03-05 17:38:09,2025-07-27,Australia,8,
2349960,TDU25516G,Auto Rejected,2025-03-05 17:38:32,2025-05-06,New Zealand,18,
2349961,TDU30887,Auto Rejected,2025-03-05 17:56:44,2025-05-02,Australia,4,
2349962,TDU30888,Rejected,2025-03-05 20:06:20,2025-05-15,Australia,4,
2349963,TDU30889,Rejected,2025-03-05 20:27:25,2025-06-01,Australia,3,
2349964,TDU30890,Auto Rejected,2025-03-05 20:51:27,2025-06-16,Australia,10,
2349965,TDU30891,Auto Rejected,2025-03-05 21:48:09,2025-07-20,Australia,2,
2349966,TDU30892,Rejected,2025-03-05 22:15:41,2025-04-20,Australia,2,
2349967,TDU30893,Rejected,2025-03-05 22:32:41,2025-05-02,Australia,2,
2349968,TDU30894,Auto Rejected,2025-03-05 22:43:39,2025-03-25,Australia,3,
2349969,TDU30895,Auto Rejected,2025-03-05 23:02:30,2025-04-01,Australia,8,
2349970,TDU30896,Rejected,2025-03-05 23:15:04,2025-05-05,Australia,2,
2349971,TDU30897,Rejected,2025-03-05 23:20:23,2025-08-27,Australia,3,
2349972,TDU25517G,Rejected,2025-03-06 12:45:14,2025-10-06,Australia,35,
2349973,TDU25518G,Rejected,2025-03-06 13:07:25,2025-05-05,Australia,18,
2349974,TDU30898,Rejected,2025-03-06 15:31:36,2025-06-02,Australia,8,
2349975,TDU30899,Rejected,2025-03-06 15:33:45,2025-06-02,Australia,10,
2349976,TDU25519G,Rejected,2025-03-06 16:21:56,2025-10-29,New Zealand,16,
2349977,TDU30900,Rejected,2025-03-06 16:34:14,2025-05-12,Australia,9,
2349978,TDU30901,Auto Rejected,2025-03-06 16:42:07,2025-05-10,Australia,5,
2349979,TDU30902,Rejected,2025-03-06 16:50:50,2025-05-12,Australia,9,
2349980,TDU30903,Rejected,2025-03-06 16:57:17,2025-05-10,Australia,10,
2349981,TDU30904,Auto Rejected,2025-03-06 17:07:34,2025-04-14,Australia,14,
2349982,TDU30905,Rejected,2025-03-06 17:37:44,2025-04-09,Australia,6,
2349983,TDU30906,Rejected,2025-03-06 17:37:44,2025-04-09,Australia,6,
2349984,TDU30907,Rejected,2025-03-06 18:24:14,2025-05-02,Australia,6,
2349985,TDU30908,Rejected,2025-03-06 19:02:33,2025-06-01,Australia,8,
2349986,TDU30909,Rejected,2025-03-06 20:05:21,2025-04-21,Australia,5,
2349987,TDU30910,Rejected,2025-03-06 22:04:59,2025-05-13,Australia,3,
2349988,TDU25520G,Rejected,2025-03-06 22:51:05,2025-05-09,Australia,25,
2349989,TDU30911,Rejected,2025-03-06 23:23:41,2025-06-10,Australia,6,
2349990,TDU30912,Rejected,2025-03-07 00:18:08,2025-04-24,Australia,2,
2349991,TDU30913,Auto Rejected,2025-03-07 00:28:35,2025-03-20,Australia,4,
2349992,TDU30914,Rejected,2025-03-07 00:43:40,2025-04-21,Australia,3,
2349993,TDU30915,Auto Rejected,2025-03-07 01:02:28,2025-04-16,Australia,14,
2349994,TDU25521G,Auto Rejected,2025-03-07 11:46:24,2025-03-29,Australia,16,
2349995,TDU25522G,Auto Rejected,2025-03-07 13:59:09,2025-03-21,Australia,15,
2349996,TDU25523G,Rejected,2025-03-07 16:42:16,2025-05-12,Australia,35,
2349997,TDU30916,On Ground,2025-03-07 17:02:09,2025-03-17,Australia,1,
2349998,TDU30917,Auto Rejected,2025-03-07 17:33:23,2025-03-20,Australia,7,
2349999,TDU30918,Auto Rejected,2025-03-07 21:02:01,2025-04-06,Australia,2,
2350000,TDU30919,Rejected,2025-03-07 21:22:59,2025-05-08,Australia,3,
2350001,TDU25524G,Rejected,2025-03-08 00:41:37,2025-04-26,New Zealand,17,
2350002,TDU30920,Auto Rejected,2025-03-08 16:53:22,2025-04-24,Australia,3,
2350003,TDU30921,Auto Rejected,2025-03-08 18:12:48,2025-05-03,Australia,10,
2350004,TDU30922,Rejected,2025-03-08 18:49:34,2025-05-15,Australia,12,
2350005,TDU30923,Auto Rejected,2025-03-08 19:38:27,2025-04-12,Australia,10,
2350006,TDU30924,Rejected,2025-03-08 21:00:25,2025-05-03,Australia,2,
2350007,TDU30925,Rejected,2025-03-08 21:12:22,2025-05-03,Australia,6,
2350008,TDU30926,Auto Rejected,2025-03-08 22:29:27,2025-04-08,Australia,2,
2350009,TDU25525G,Rejected,2025-03-08 22:46:40,2025-07-02,Australia,15,
2350010,TDU30927,Rejected,2025-03-08 23:10:32,2025-04-09,Australia,3,
2350011,TDU30928,Rejected,2025-03-08 23:54:14,2025-07-06,Australia,3,
2350012,TDU30929,Auto Rejected,2025-03-08 23:55:03,2025-04-08,Australia,2,
2350013,TDU30930,Rejected,2025-03-09 00:12:53,2025-04-12,Australia,2,
2350014,TDU30931,Rejected,2025-03-09 00:56:53,2025-04-09,Australia,3,
2350015,TDU30932,Rejected,2025-03-10 14:41:50,2025-04-20,Australia,2,
2350016,TDU30933,Rejected,2025-03-10 15:05:14,2025-06-22,Australia,2,
2350017,TDU30934,Rejected,2025-03-10 15:23:56,2025-07-19,Australia,8,
2350018,TDU30935,Rejected,2025-03-10 15:48:10,2025-05-17,Australia,3,
2350019,TDU30936,Accounts - Reconciliation,2025-03-10 16:34:23,2025-05-22,Australia,2,
2350020,TDU30937,Auto Rejected,2025-03-10 16:52:45,2025-05-02,Australia,5,
2350021,TDU30938,Rejected,2025-03-10 18:43:37,2025-05-12,Australia,2,
2350022,TDU25526G,Rejected,2025-03-10 20:17:22,2025-06-10,Australia,85,
2350023,TDU30939,Rejected,2025-03-10 20:19:20,2025-05-05,Australia,2,
2350024,TDU30940,Rejected,2025-03-10 21:35:49,2025-07-19,Australia,8,
2350025,TDU30941,Rejected,2025-03-10 22:02:51,2025-05-17,Australia,2,
2350026,TDU30942,Rejected,2025-03-10 22:28:53,2025-05-08,Australia,4,
2350027,TDU30943,Rejected,2025-03-10 23:37:33,2025-05-28,Australia,4,
2350028,TDU30944,Rejected,2025-03-11 14:43:52,2025-05-15,Australia,4,
2350029,TDU30945,Auto Rejected,2025-03-11 16:54:34,2025-04-18,Australia,5,
2350030,TDU30946,Rejected,2025-03-11 17:52:08,2025-06-01,Australia,3,
2350031,TDU30947,Auto Rejected,2025-03-11 18:30:43,2025-06-02,Australia,12,
2350032,TDU30948,Rejected,2025-03-11 19:00:13,2025-05-16,Australia,4,
2350033,TDU30949,Auto Rejected,2025-03-11 20:09:13,2025-04-20,Australia,4,
2350034,TDU30950,Auto Rejected,2025-03-11 20:44:14,2025-03-16,Australia,3,
2350035,TDU30951,Auto Rejected,2025-03-11 22:44:55,2025-03-19,Australia,11,
2350036,TDU30952,Rejected,2025-03-11 23:13:57,2025-05-10,Australia,8,
2350037,TDU30953,Rejected,2025-03-11 23:31:34,2025-04-21,Australia,9,
2350038,TDU30954,Auto Rejected,2025-03-12 00:19:22,2025-04-29,Australia,3,
2350039,TDU30955,Rejected,2025-03-12 00:33:22,2025-05-10,Australia,2,
2350040,TDU30956,Auto Rejected,2025-03-12 00:53:24,2025-03-29,Australia,2,
2350041,TDU30957,Auto Rejected,2025-03-12 15:54:35,2025-04-30,Australia,2,
2350042,TDU30958,Rejected,2025-03-12 17:00:37,2025-05-21,Australia,4,
2350043,TDU30959,Rejected,2025-03-12 18:04:20,2025-04-20,Australia,4,
2350044,TDU30960,Rejected,2025-03-12 20:44:33,2025-06-02,Australia,4,
2350045,TDU25527G,Rejected,2025-03-12 21:43:22,2025-09-04,Australia,60,
2350046,TDU30961,Rejected,2025-03-12 22:12:40,2025-05-29,Australia,2,
2350047,TDU30962,Rejected,2025-03-12 22:37:27,2025-05-20,Australia,3,
2350048,TDU30963,Accounts - Reconciliation,2025-03-12 23:39:51,2025-04-01,Australia,3,
2350049,TDU30964,Auto Rejected,2025-03-13 15:36:36,2025-03-28,Australia,8,
2350050,TDU30965,Auto Rejected,2025-03-13 16:07:14,2025-03-15,Australia,2,
2350051,TDU25528G,Auto Rejected,2025-03-13 16:42:51,2025-09-12,Australia,34,
2350052,TDU30966,Rejected,2025-03-13 17:15:47,2025-05-06,Australia,5,
2350053,TDU25529G,Rejected,2025-03-13 17:36:28,2025-05-15,Australia,20,
2350054,TDU30967,Rejected,2025-03-13 17:47:25,2025-05-02,Australia,2,
2350055,TDU30968,Rejected,2025-03-13 18:07:39,2025-05-26,Australia,3,
2350056,TDU30969,On Ground,2025-03-13 18:34:21,2025-03-16,Australia,2,
2350057,TDU30970,Rejected,2025-03-13 18:40:58,2025-09-01,Australia,3,
2350058,TDU30971,Auto Rejected,2025-03-13 19:04:01,2025-04-15,Australia,3,
2350059,TDU30972,Auto Rejected,2025-03-13 20:01:02,2025-04-24,Australia,1,
2350060,TDU30973,Rejected,2025-03-13 20:53:56,2025-05-05,Australia,2,
2350061,TDU25530G,Rejected,2025-03-13 21:41:44,2025-09-23,Australia,19,
2350062,TDU30974,Auto Rejected,2025-03-13 22:01:53,2025-04-28,Australia,3,
2350063,TDU30975,Auto Rejected,2025-03-13 22:32:19,2025-04-05,Australia,2,
2350064,TDU30976,Accounts - Reconciliation,2025-03-13 23:38:06,2025-12-01,Australia,2,
2350065,TDU25531G,Auto Rejected,2025-03-14 09:51:00,2025-09-04,New Zealand,20,
2350066,TDU30977,Auto Rejected,2025-03-14 18:43:59,2025-03-15,Australia,2,
2350067,TDU30978,Rejected,2025-03-15 17:52:37,2025-04-24,Australia,10,
2350068,TDU30979,Rejected,2025-03-15 22:02:36,2025-05-04,Australia,3,
2350069,TDU30980,Auto Rejected,2025-03-15 22:33:35,2025-06-15,Australia,2,
2350070,TDU30981,Rejected,2025-03-15 23:33:31,2025-05-15,Australia,4,
2350071,TDU30982,Auto Rejected,2025-03-16 00:12:01,2025-03-21,Australia,5,
2350072,TDU30983,Rejected,2025-03-16 00:46:51,2025-11-15,Australia,2,
2350073,TDU25532G,Rejected,2025-03-16 12:30:20,2025-03-25,Australia,20,
2350074,TDU30984,Rejected After Confrmation QA completed,2025-03-17 09:58:32,2025-10-09,Australia,2,
2350075,TDU30985,Auto Rejected,2025-03-17 13:39:54,2025-04-09,Australia,15,
2350076,TDU30986,Auto Rejected,2025-03-17 13:51:44,2025-04-11,Australia,2,
2350077,TDU30987,Auto Rejected,2025-03-17 14:19:30,2025-04-15,Australia,4,
2350078,TDU30988,Auto Rejected,2025-03-17 14:53:13,2025-05-07,Australia,12,
2350079,TDU30989,Rejected,2025-03-17 15:25:16,2025-04-30,Australia,3,
2350080,TDU25533G,Rejected,2025-03-17 15:26:49,2026-03-25,Australia,20,
2350081,TDU30990,Accounts - Reconciliation,2025-03-17 15:49:14,2025-05-24,Australia,5,
2350082,TDU30991,Rejected,2025-03-17 16:22:39,2025-05-24,Australia,5,
2350083,TDU30992,Rejected,2025-03-17 16:33:54,2025-05-26,Australia,2,
2350084,TDU30993,Auto Rejected,2025-03-17 17:24:59,2025-08-27,Australia,12,
2350085,TDU30994,Rejected,2025-03-17 17:31:53,2025-05-15,Australia,12,
2350086,TDU30995,Auto Rejected,2025-03-17 17:55:38,2025-05-20,Australia,10,
2350087,TDU30996,Auto Rejected,2025-03-17 18:21:26,2025-04-04,Australia,2,
2350088,TDU30997,Auto Rejected,2025-03-17 18:50:07,2025-04-09,Australia,8,
2350089,TDU30998,Auto Rejected,2025-03-17 19:24:19,2025-04-23,Australia,4,
2350090,TDU30999,Auto Rejected,2025-03-17 20:55:25,2025-03-30,Australia,2,
2350091,TDU31000,On Ground,2025-03-17 23:10:53,2025-03-24,Australia,3,
2350092,TDU25534G,Rejected,2025-03-17 23:46:10,2025-07-08,Australia,2500,
2350093,TDU31001,Rejected,2025-03-18 01:28:35,2025-05-24,Australia,12,
2350094,TDU25535G,Auto Rejected,2025-03-18 10:07:28,2025-07-15,Australia,20,
2350095,TDU31002,Rejected,2025-03-18 13:45:51,2025-05-08,Australia,10,
2350096,TDU31003,Rejected,2025-03-18 14:05:00,2025-05-10,Australia,4,
2350097,TDU31004,Accounts - Reconciliation,2025-03-18 15:29:41,2025-04-23,Australia,4,
2350098,TDU31005,Auto Rejected,2025-03-18 16:03:46,2025-05-01,Australia,6,
2350099,TDU31006,Rejected,2025-03-18 16:20:27,2025-05-22,Australia,7,
2350100,TDU31007,Auto Rejected,2025-03-18 18:52:08,2025-05-12,Australia,4,
2350101,TDU31008,Auto Rejected,2025-03-18 19:17:48,2025-05-25,Australia,2,
2350102,TDU31009,Rejected,2025-03-18 19:27:41,2025-05-09,Australia,9,
2350103,TDU31010,Accounts - Reconciliation,2025-03-18 20:41:31,2025-04-20,Australia,3,
2350104,TDU25536G,Rejected,2025-03-18 20:41:34,2025-05-15,New Zealand,24,
2350105,TDU31011,Auto Rejected,2025-03-18 21:43:38,2025-04-06,Australia,2,
2350106,TDU31012,Auto Rejected,2025-03-18 22:20:05,2025-03-30,Australia,2,
2350107,TDU31013,Rejected,2025-03-18 22:32:09,2025-05-05,Australia,2,
2350108,TDU31014,Rejected,2025-03-18 22:50:00,2025-05-06,Australia,3,
2350109,TDU31015,Rejected,2025-03-18 23:02:13,2025-05-17,Australia,7,
2350110,TDU31016,Rejected,2025-03-18 23:39:58,2025-06-23,Australia,2,
2350111,TDU31017,Rejected,2025-03-18 23:44:30,2025-06-23,Australia,2,
2350112,TDU31018,Rejected,2025-03-19 00:03:10,2025-05-15,Australia,4,
2350113,TDU25537G,Rejected,2025-03-19 00:33:25,2025-07-08,Australia,2550,
2350114,TDU25538G,Rejected,2025-03-19 01:16:48,2025-10-04,Australia,50,
2350115,TDU25539G,Rejected,2025-03-19 01:35:01,2025-05-27,Australia,17,
2350116,TDU31019,On Ground,2025-03-19 12:43:05,2025-03-28,Australia,6,
2350117,TDU31020,Auto Rejected,2025-03-19 14:09:04,2025-05-20,Australia,15,
2350118,TDU25540G,Rejected,2025-03-19 14:37:12,2025-05-20,Australia,20,
2350119,TDU31021,Rejected,2025-03-19 15:10:40,2025-05-05,Australia,2,
2350120,TDU25541G,Rejected,2025-03-19 15:52:12,2025-05-10,New Zealand,36,
2350121,TDU31022,Auto Rejected,2025-03-19 16:40:13,2025-05-22,Australia,3,
2350122,TDU31023,Rejected,2025-03-19 17:04:42,2025-12-21,Australia,5,
2350123,TDU31024,Auto Rejected,2025-03-19 18:39:55,2025-04-01,Australia,3,
2350124,TDU31025,Accounts - Reconciliation,2025-03-19 19:10:15,2025-05-05,Australia,3,
2350125,TDU31026,Rejected,2025-03-19 19:31:05,2025-05-11,Australia,11,
2350126,TDU25542G,Rejected,2025-03-19 20:29:35,2025-05-10,New Zealand,36,
2350127,TDU31027,Auto Rejected,2025-03-19 20:49:50,2025-05-01,Australia,4,
2350128,TDU31028,Rejected,2025-03-19 21:25:15,2025-06-04,Australia,4,
2350129,TDU31029,Rejected,2025-03-19 21:53:01,2025-05-15,Australia,3,
2350130,TDU31030,Rejected After Confrmation QA pending,2025-03-19 22:53:06,2025-04-13,Australia,2,
2350131,TDU31031,Rejected,2025-03-19 23:30:17,2025-07-16,Australia,2,
2350132,TDU25543G,Auto Rejected,2025-03-20 14:49:11,2025-07-16,Australia,30,
2350133,TDU31032,Rejected,2025-03-20 15:46:05,2026-01-03,Australia,8,
2350134,TDU25544G,Rejected,2025-03-20 15:49:36,2025-06-07,Australia,45,
2350135,TDU25545G,Rejected,2025-03-20 16:04:39,2025-07-01,Australia,34,
2350136,TDU31033,Rejected,2025-03-20 16:41:17,2025-05-05,Australia,6,
2350137,TDU31034,Rejected,2025-03-20 18:54:14,2025-07-04,Australia,4,
2350138,TDU31035,Rejected,2025-03-20 19:17:59,2025-05-01,Australia,4,
2350139,TDU31036,Rejected,2025-03-20 20:06:59,2025-05-11,Australia,8,
2350140,TDU31037,Rejected,2025-03-20 20:45:56,2025-12-01,Australia,8,
2350141,TDU31038,Rejected,2025-03-20 21:14:08,2025-05-20,Australia,4,
2350142,TDU31039,Auto Rejected,2025-03-20 21:35:07,2025-04-01,Australia,2,
2350143,TDU31040,Rejected,2025-03-20 22:33:50,2025-04-25,Australia,2,
2350144,TDU31041,Auto Rejected,2025-03-21 15:00:04,2025-12-26,Australia,6,
2350145,TDU25546G,Auto Rejected,2025-03-21 15:23:17,2025-04-01,Australia,16,
2350146,TDU25547G,Rejected,2025-03-21 17:48:46,2025-06-02,Australia,60,
2350147,TDU31042,Auto Rejected,2025-03-21 19:21:52,2025-04-12,Australia,2,
2350148,TDU31043,Auto Rejected,2025-03-21 20:36:31,2025-05-21,Australia,19,
2350149,TDU31044,Rejected,2025-03-21 21:06:14,2025-06-14,Australia,3,
2350150,TDU31045,Rejected,2025-03-21 21:52:12,2025-05-14,Australia,4,
2350151,TDU31046,Rejected,2025-03-21 23:16:44,2025-04-22,Australia,8,
2350152,TDU31047,Rejected,2025-03-22 00:05:27,2025-04-26,Australia,6,
2350153,TDU31048,Rejected,2025-03-22 00:15:51,2025-05-07,Australia,12,
2350154,TDU31049,Rejected,2025-03-22 15:37:50,2025-05-10,Australia,4,
2350155,TDU31050,Auto Rejected,2025-03-22 16:06:35,2025-05-06,Australia,2,
2350156,TDU31051,Rejected,2025-03-22 16:39:46,2025-04-20,Australia,3,
2350157,TDU31052,Auto Rejected,2025-03-22 16:47:07,2025-03-30,Australia,2,
2350158,TDU25548G,Rejected,2025-03-22 17:07:01,2025-10-25,New Zealand,25,
2350159,TDU31053,Rejected,2025-03-22 17:30:06,2025-04-09,Australia,4,
2350160,TDU31054,Rejected,2025-03-22 18:13:37,2025-05-20,Australia,2,
2350161,TDU31055,Rejected,2025-03-22 18:23:07,2025-05-19,Australia,4,
2350162,TDU25549G,Auto Rejected,2025-03-22 18:37:07,2025-05-01,New Zealand,17,
2350163,TDU31056,Auto Rejected,2025-03-22 22:39:22,2025-04-14,Australia,4,
2350164,TDU31057,Rejected,2025-03-22 23:25:41,2025-04-25,Australia,2,
2350165,TDU31058,Auto Rejected,2025-03-24 13:51:01,2025-06-14,Australia,9,
2350166,TDU31059,Auto Rejected,2025-03-24 15:03:28,2025-03-24,Australia,2,
2350167,TDU25550G,Rejected,2025-03-24 16:21:17,2025-11-09,Australia,16,
2350168,TDU31060,Rejected,2025-03-24 16:39:04,2025-06-09,Australia,11,
2350169,TDU25551G,Rejected,2025-03-24 16:47:25,2025-05-15,Australia,20,
2350170,TDU31061,Accounts - Reconciliation,2025-03-24 17:20:06,2025-05-13,Australia,4,
2350171,TDU25552G,Accounts - Reconciliation,2025-02-26 14:53:06,2025-04-13,Australia,17,
2350172,TDU31062,Rejected,2025-03-24 17:45:14,2025-05-05,Australia,4,
2350173,TDU31063,Rejected,2025-03-24 18:18:39,2025-04-12,Australia,6,
2350174,TDU31064,Auto Rejected,2025-03-24 18:35:55,2025-04-01,Australia,2,
2350175,TDU25553G,Rejected,2025-03-24 18:49:42,2025-05-12,Australia,100,
2350176,TDU31065,Rejected,2025-03-24 19:12:50,2025-06-23,Australia,2,
2350177,TDU31066,Rejected,2025-03-24 19:24:17,2025-04-14,Australia,3,
2350178,TDU31067,Rejected,2025-03-24 19:35:23,2025-05-05,Australia,4,
2350179,TDU31068,Auto Rejected,2025-03-24 19:38:21,2025-03-30,Australia,2,
2350180,TDU31069,Rejected,2025-03-24 21:27:21,2025-04-14,Australia,4,
2350181,TDU31070,Auto Rejected,2025-03-24 21:46:18,2025-05-08,Australia,3,
2350182,TDU31071,Rejected,2025-03-24 21:56:52,2025-04-12,Australia,4,
2350183,TDU31072,Rejected,2025-03-24 22:01:22,2025-09-01,Australia,1,
2350184,TDU31073,Rejected,2025-03-24 23:26:03,2025-05-14,Australia,4,
2350185,TDU31074,Auto Rejected,2025-03-25 00:09:52,2025-04-02,Australia,2,
2350186,TDU31075,Rejected,2025-03-25 02:49:58,2025-05-05,Australia,7,
2350187,TDU31076,Rejected,2025-03-25 03:19:59,2025-05-19,Australia,4,
2350188,TDU31077,Auto Rejected,2025-03-25 04:13:31,2025-04-01,Australia,4,
2350189,TDU31078,On Ground,2025-03-25 14:16:28,2025-04-19,Australia,2,
2350190,TDU25554G,Auto Rejected,2025-03-25 15:17:20,2025-05-15,Australia,17,
2350191,TDU25555G,Auto Rejected,2025-03-25 15:20:04,2025-05-15,Australia,17,
2350192,TDU31079,Auto Rejected,2025-03-25 16:57:07,2025-04-19,Australia,11,
2350193,TDU31080,Rejected,2025-03-25 17:30:47,2025-04-06,Australia,3,
2350194,TDU31081,Auto Rejected,2025-03-25 18:02:48,2025-04-01,Australia,6,
2350195,TDU31082,Rejected,2025-03-25 18:05:55,2025-10-16,Australia,6,
2350196,TDU31083,Auto Rejected,2025-03-25 18:13:50,2025-04-01,Australia,8,
2350197,TDU31084,Auto Rejected,2025-03-25 18:16:18,2025-04-01,Australia,10,
2350198,TDU31085,Rejected,2025-03-25 18:31:39,2025-04-16,Australia,2,
2350199,TDU31086,Rejected,2025-03-25 18:41:35,2025-04-28,Australia,3,
2350200,TDU31087,Auto Rejected,2025-03-25 19:18:05,2025-05-14,Australia,9,
2350201,TDU31088,Rejected,2025-03-25 19:48:11,2025-05-20,Australia,11,
2350202,TDU25556G,Auto Rejected,2025-03-25 20:31:35,2025-08-16,Australia,40,
2350203,TDU31089,Auto Rejected,2025-03-25 20:41:55,2025-06-12,Australia,14,
2350204,TDU31090,Rejected,2025-03-25 20:57:10,2025-06-16,Australia,4,
2350205,TDU31091,On Ground,2025-03-25 21:59:45,2025-04-04,Australia,2,
2350206,TDU31092,Accounts - Reconciliation,2025-03-25 22:11:09,2025-09-24,Australia,3,
2350207,TDU31093,Rejected,2025-03-25 22:17:42,2025-05-15,Australia,11,
2350208,TDU31094,Auto Rejected,2025-03-25 22:44:07,2025-04-14,Australia,2,
2350209,TDU25557G,Rejected,2025-03-26 09:50:19,2025-05-29,Australia,30,
2350210,TDU31095,Rejected,2025-03-26 15:38:32,2025-04-15,Australia,3,
2350211,TDU31096,Rejected,2025-03-26 15:41:52,2025-06-14,Australia,2,
2350212,TDU31097,Rejected,2025-03-26 16:38:52,2025-05-25,Australia,2,
2350213,TDU25558G,Rejected,2025-03-26 16:47:10,2025-05-26,Australia,19,
2350214,TDU31098,Rejected,2025-03-26 17:24:24,2025-05-23,Australia,9,
2350215,TDU31099,Rejected,2025-03-26 17:34:29,2025-10-07,Australia,2,
2350216,TDU25559G,Auto Rejected,2025-03-26 17:36:19,2025-05-06,Australia,34,
2350217,TDU25560G,Rejected,2025-03-26 19:50:47,2025-06-01,Australia,80,
2350218,TDU25561G,Rejected,2025-03-26 20:24:35,2025-10-10,Australia,50,
2350219,TDU31100,Auto Rejected,2025-03-26 20:44:50,2025-04-06,Australia,2,
2350220,TDU31101,Auto Rejected,2025-03-26 20:51:53,2025-04-20,Australia,2,
2350221,TDU31102,Rejected,2025-03-26 22:44:10,2025-06-09,Australia,11,
2350222,TDU31103,On Ground,2025-03-26 22:50:40,2025-03-27,Australia,3,
2350223,TDU31104,Rejected,2025-03-27 00:07:21,2025-06-07,Australia,3,
2350224,TDU25562G,Accepted,2025-03-27 01:32:00,2025-05-13,Australia,119,
2350225,TDU25563G,Rejected,2025-03-27 01:34:18,2025-05-01,Australia,295,
2350226,TDU25564G,Rejected,2025-03-27 01:39:56,2025-05-16,Australia,295,
2350227,TDU25565G,Rejected,2025-03-27 02:05:28,2025-11-01,Australia,150,
2350228,TDU31105,Auto Rejected,2025-03-27 10:52:14,2025-06-12,Australia,5,
2350229,TDU25566G,Rejected,2025-03-21 20:36:31,2025-05-21,Australia,19,
2350230,TDU31106,On Ground,2025-03-27 16:53:31,2025-04-19,Australia,8,
2350231,TDU25567G,Rejected,2025-03-27 17:42:48,2025-07-04,Australia,60,
2350232,TDU31107,Auto Rejected,2025-03-27 18:32:18,2025-04-06,Australia,4,
2350233,TDU31108,Auto Rejected,2025-03-27 18:49:56,2025-04-06,Australia,4,
2350234,TDU31109,Auto Rejected,2025-03-27 18:50:23,2025-04-06,Australia,4,
2350235,TDU31110,Rejected,2025-03-27 20:41:02,2025-05-30,Australia,4,
2350236,TDU25568G,Rejected,2025-03-27 20:52:26,2025-06-28,Australia,60,
2350237,TDU31111,Rejected After Confrmation QA completed,2025-03-27 20:52:47,2025-04-21,Australia,4,
2350238,TDU31112,Rejected,2025-03-27 21:17:16,2025-06-13,Australia,2,
2350239,TDU31113,Rejected,2025-03-27 21:41:01,2025-06-08,Australia,3,
2350240,TDU25569G,Rejected,2025-03-27 22:08:35,2025-06-26,Australia,60,
2350241,TDU31114,Rejected,2025-03-27 23:04:28,2025-04-07,Australia,2,
2350242,TDU31115,Rejected,2025-03-27 23:20:21,2025-04-14,Australia,2,
2350243,TDU31116,Accounts - Reconciliation,2025-03-28 00:03:22,2025-04-22,Australia,3,
2350244,TDU31117,Rejected,2025-03-28 00:07:01,2025-05-30,Australia,4,
2350245,TDU31118,Accounts - Reconciliation,2025-03-28 10:26:15,2025-09-15,Australia,4,
2350246,TDU31119,Rejected,2025-03-28 12:29:05,2025-06-10,Australia,2,
2350247,TDU31120,Rejected,2025-03-28 12:38:23,2025-04-11,Australia,4,
2350248,TDU31121,Rejected,2025-03-28 12:45:52,2025-06-18,Australia,6,
2350249,TDU31122,Rejected,2025-03-28 13:06:04,2025-05-22,Australia,3,
2350250,TDU31123,Rejected,2025-03-28 15:58:13,2025-05-27,Australia,6,
2350251,TDU31124,Rejected,2025-03-28 16:53:19,2025-07-09,Australia,4,
2350252,TDU31125,Rejected,2025-03-28 17:00:00,2025-05-16,Australia,3,
2350253,TDU31126,On Ground,2025-03-28 18:29:22,2025-04-13,Australia,8,
2350254,TDU31127,Rejected,2025-03-28 18:44:55,2025-08-09,Australia,4,
2350255,TDU31128,Accounts - Reconciliation,2025-03-28 21:17:09,2025-05-11,Australia,3,
2350256,TDU31129,Accounts - Reconciliation,2025-03-28 23:45:56,2025-05-06,Australia,2,
2350257,TDU25570G,Rejected,2025-03-29 00:14:29,2025-09-23,Australia,40,
2350258,TDU25571G,Rejected,2025-03-29 14:42:03,2025-09-23,Australia,16,
2350259,TDU31130,Rejected,2025-03-29 17:53:03,2025-05-10,Australia,3,
2350260,TDU31131,Rejected,2025-03-29 17:57:04,2025-05-17,Australia,4,
2350262,TDU31132,Rejected,2025-03-29 18:57:53,2025-07-02,Australia,2,
2350263,TDU31133,Auto Rejected,2025-03-29 21:28:29,2025-04-05,Australia,3,
2350264,TDU31134,Rejected,2025-03-29 21:41:53,2025-06-05,Australia,2,
2350265,TDU25573G,Rejected,2025-03-29 22:43:37,2025-06-10,Australia,18,
2350266,TDU31135,Auto Rejected,2025-03-29 22:47:28,2025-08-30,Australia,8,
2350267,TDU31136,On Ground,2025-03-29 23:02:27,2025-04-17,Australia,3,
2350268,TDU25574G,Auto Rejected,2025-02-24 13:41:15,2025-06-11,Australia,17,
2350269,TDU31137,Auto Rejected,2025-03-31 13:10:44,2025-06-27,Australia,12,
2350270,TDU31138,Rejected,2025-03-31 16:18:50,2025-05-19,Australia,2,
2350271,TDU31139,Rejected,2025-03-31 16:21:28,2025-05-20,Australia,8,
2350272,TDU31140,Rejected,2025-03-31 16:30:58,2025-05-19,Australia,2,
2350273,TDU25575G,Rejected,2025-03-31 17:34:29,2025-09-23,Australia,40,
2350274,TDU25576G,Rejected,2025-03-31 13:10:44,2025-06-27,Australia,12,
2350275,TDU25577G,Rejected,2025-03-31 19:02:17,2025-08-05,Australia,30,
2350276,TDU31141,Rejected,2025-03-31 22:22:07,2025-12-03,Australia,2,
2350277,TDU31142,Rejected,2025-03-31 23:12:38,2025-07-06,Australia,3,
2350278,TDU31143,Rejected,2025-03-31 23:16:21,2025-07-06,Australia,3,
2350279,TDU31144,Rejected,2025-03-31 23:31:00,2025-06-05,Australia,5,
2350280,TDU25578G,Rejected,2025-03-31 23:48:56,2025-07-27,Australia,20,
2350281,TDU25579G,Auto Rejected,2025-04-01 10:31:14,2025-04-10,Australia,100,
2350282,TDU31145,Auto Rejected,2025-04-01 11:52:48,2025-08-11,Australia,12,
2350283,TDU31146,Rejected,2025-04-01 14:41:19,2025-05-05,Australia,3,
2350284,TDU31147,Rejected,2025-04-01 16:43:05,2025-06-07,Australia,4,
2350285,TDU31148,Rejected,2025-04-01 17:31:07,2025-05-15,Australia,6,
2350286,TDU31149,Auto Rejected,2025-04-01 19:26:27,2025-05-22,Australia,4,
2350287,TDU25580G,Auto Rejected,2025-04-01 19:31:21,2025-06-10,New Zealand,70,
2350288,TDU25581G,Rejected,2025-04-01 22:18:10,2025-05-19,Australia,16,
2350289,TDU25582G,Rejected,2025-03-19 14:09:04,2025-05-20,Australia,15,
2350290,TDU31150,Rejected,2025-04-01 23:19:11,2025-05-20,Australia,8,
2350291,TDU31151,Rejected,2025-04-02 01:28:32,2025-05-15,Australia,4,
2350292,TDU31152,On Ground,2025-04-02 11:26:45,2025-04-14,Australia,4,
2350293,TDU25583G,Auto Rejected,2025-04-02 12:04:33,2025-12-03,New Zealand,60,
2350294,TDU31153,Rejected,2025-04-02 14:45:22,2025-08-05,Australia,3,
2350295,TDU25584G,Rejected,2025-03-25 20:41:55,2025-06-12,Australia,14,
2350296,TDU25585G,Rejected,2025-04-02 16:31:31,2025-06-12,Australia,14,
2350297,TDU31154,Rejected,2025-04-02 16:45:15,2025-10-23,Australia,6,
2350298,TDU31155,Rejected,2025-04-02 19:49:15,2025-05-17,Australia,2,
2350299,TDU31156,Auto Rejected,2025-04-02 21:15:29,2025-04-28,Australia,4,
2350300,TDU31157,Rejected,2025-04-02 22:48:20,2025-08-16,Australia,3,
2350301,TDU31158,Rejected,2025-04-02 22:57:05,2025-05-01,Australia,2,
2350302,TDU31159,Rejected,2025-04-02 23:27:07,2025-06-01,Australia,4,
2350303,TDU25586G,Rejected,2025-04-03 00:17:01,2025-08-15,Australia,17,
2350304,TDU25587G,Rejected,2025-04-03 00:27:28,2025-08-15,Australia,17,
2350305,TDU25588G,Rejected,2025-04-03 01:00:16,2025-06-15,New Zealand,140,
2350306,TDU31160,Rejected,2025-04-03 15:23:49,2025-05-09,Australia,4,
2350307,TDU31161,Auto Rejected,2025-04-03 16:38:36,2025-05-05,Australia,2,
2350308,TDU31162,Rejected,2025-04-03 17:29:00,2025-05-20,Australia,11,
2350309,TDU25589G,Auto Rejected,2025-04-03 19:26:42,2025-11-10,Australia,30,
2350310,TDU25590G,Rejected,2025-04-03 19:31:16,2025-11-10,Australia,25,
2350311,TDU31163,Rejected,2025-04-03 20:06:54,2025-05-20,Australia,3,
2350312,TDU31164,Rejected,2025-04-03 21:22:46,2025-07-03,Australia,2,
2350313,TDU31165,Rejected,2025-04-03 21:24:23,2025-05-07,Australia,10,
2350314,TDU31166,Rejected,2025-04-03 21:44:49,2025-06-02,Australia,2,
2350315,TDU31167,Auto Rejected,2025-04-03 22:08:13,2025-08-20,Australia,12,
2350316,TDU31168,Rejected,2025-04-03 22:40:25,2025-05-12,Australia,3,
2350320,TDU25594G,Rejected,2025-04-03 23:35:30,2025-11-09,Australia,16,
2350321,TDU31169,Rejected,2025-04-04 14:45:58,2025-04-20,Australia,2,
2350322,TDU31170,Auto Rejected,2025-04-04 15:50:04,2025-04-10,Australia,2,
2350323,TDU31171,Rejected,2025-04-04 16:17:44,2025-05-21,Australia,11,
2350324,TDU31172,Rejected,2025-04-04 18:27:26,2025-05-25,Australia,8,
2350325,TDU31173,Rejected,2025-04-04 21:06:28,2025-05-08,Australia,4,
2350326,TDU25595G,Rejected,2025-04-04 21:15:05,2025-09-10,Australia,20,
2350327,TDU31174,Rejected,2025-04-04 21:23:11,2025-06-22,Australia,3,
2350328,TDU31175,Rejected,2025-04-04 22:17:24,2025-10-25,Australia,3,
2350329,TDU31176,Rejected,2025-04-04 22:25:08,2025-05-03,Australia,5,
2350330,TDU31177,Rejected,2025-04-04 22:34:02,2025-05-20,Australia,4,
2350331,TDU31178,Rejected,2025-04-04 22:42:11,2025-05-08,Australia,4,
2350332,TDU31179,Rejected,2025-04-04 23:07:00,2025-04-17,Australia,5,
2350333,TDU25596G,Rejected,2025-04-04 23:12:52,2025-09-10,Australia,20,
2350334,TDU31180,Rejected,2025-04-04 23:27:20,2025-06-20,Australia,7,
2350335,TDU25597G,Rejected,2025-04-04 23:49:31,2025-08-05,Australia,20,
2350336,TDU25598G,Accounts - Reconciliation,2025-04-05 00:48:32,2025-10-24,Australia,65,
2350337,TDU31181,Auto Rejected,2025-04-05 16:07:45,2025-05-04,Australia,4,
2350338,TDU31182,Auto Rejected,2025-04-05 16:34:18,2025-06-10,Australia,10,
2350339,TDU31183,Rejected,2025-04-05 17:00:44,2025-06-15,Australia,3,
2350341,TDU25600G,Rejected,2025-04-03 22:08:13,2025-08-20,Australia,12,
2350342,TDU31184,Auto Rejected,2025-04-05 21:41:10,2025-05-01,Australia,3,
2350343,TDU31185,Rejected,2025-04-05 22:53:19,2025-04-27,Australia,7,
2350344,TDU31186,Auto Rejected,2025-04-06 19:55:21,2025-05-26,Australia,11,
2350345,TDU31187,Auto Rejected,2025-04-06 20:34:49,2025-05-18,Australia,11,
2350346,TDU25601G,Rejected,2025-04-06 20:34:49,2025-05-18,Australia,11,
2350347,TDU25602G,Auto Rejected,2025-04-07 12:43:16,2025-09-04,New Zealand,60,
2350348,TDU25603G,Auto Rejected,2025-04-07 14:16:50,2025-09-12,Australia,60,
2350349,TDU25604G,Auto Rejected,2025-04-07 14:20:49,2025-09-12,Australia,60,
2350350,TDU25605G,Auto Rejected,2025-04-07 14:21:31,2025-09-12,Australia,60,
2350351,TDU31188,Auto Rejected,2025-04-07 15:54:01,2025-07-04,Australia,2,
2350352,TDU31189,Rejected,2025-04-07 15:55:32,2025-06-02,Australia,4,
2350353,TDU31190,Rejected,2025-04-07 16:21:09,2025-04-16,Australia,3,
2350354,TDU31191,Rejected,2025-04-07 16:21:13,2025-05-16,Australia,3,
2350355,TDU31192,Rejected,2025-04-07 16:47:38,2025-04-24,Australia,1,
2350356,TDU31193,Accounts - Reconciliation,2025-04-07 21:31:18,2025-05-15,Australia,7,
2350357,TDU31194,Rejected,2025-04-07 22:07:53,2025-06-22,Australia,3,
2350358,TDU25606G,Rejected,2025-04-08 00:12:19,2025-09-20,Australia,30,
2350359,TDU25607G,Rejected,2025-04-08 00:49:24,2025-06-12,New Zealand,12,
2350360,TDU31195,Auto Rejected,2025-04-08 11:19:17,2025-10-01,Australia,4,
2350361,TDU25608G,Auto Rejected,2025-04-08 11:27:20,2025-09-04,Australia,60,
2350362,TDU31196,Auto Rejected,2025-04-08 12:20:16,2025-06-17,Australia,11,
2350363,TDU31197,Rejected,2025-04-08 15:20:31,2025-10-01,Australia,7,
2350364,TDU31198,Rejected,2025-04-08 16:07:18,2025-05-07,Australia,4,
2350365,TDU31199,Auto Rejected,2025-04-08 16:41:33,2025-04-18,Australia,4,
2350366,TDU31200,Rejected,2025-04-08 17:00:50,2025-05-26,Australia,3,
2350367,TDU31201,Rejected,2025-04-08 17:12:53,2025-05-07,Australia,8,
2350368,TDU31202,Auto Rejected,2025-04-08 17:38:30,2025-04-21,Australia,3,
2350369,TDU31203,Rejected,2025-04-08 17:59:21,2025-05-21,Australia,4,
2350370,TDU31204,On Ground,2025-04-08 19:52:46,2025-04-15,Australia,3,
2350371,TDU31205,Rejected,2025-04-08 20:31:17,2025-05-20,Australia,8,
2350372,TDU31206,Rejected,2025-04-08 20:58:52,2025-05-13,Australia,2,
2350373,TDU31207,Auto Rejected,2025-04-08 21:52:10,2025-04-11,Australia,5,
2350374,TDU31208,Auto Rejected,2025-04-08 22:23:33,2025-05-26,Australia,2,
2350375,TDU25609G,On Ground,2025-01-13 17:28:27,2025-05-11,Australia,11,
2350376,TDU31209,Rejected,2025-04-08 22:46:01,2025-05-30,Australia,4,
2350377,TDU31210,Rejected,2025-04-09 00:05:36,2025-08-20,Australia,4,
2350378,TDU31211,Rejected,2025-04-09 00:37:44,2025-05-08,Australia,2,
2350379,TDU31212,Auto Rejected,2025-04-09 13:48:54,2025-04-22,Australia,1,
2350380,TDU31213,Rejected,2025-04-09 14:33:13,2025-05-15,Australia,3,
2350381,TDU31214,Auto Rejected,2025-04-09 14:57:09,2025-04-25,Australia,7,
2350382,TDU31215,Rejected,2025-04-09 15:03:43,2025-05-09,Australia,10,
2350383,TDU31216,Rejected,2025-04-09 20:29:12,2025-06-21,Australia,3,
2350385,TDU31217,Rejected,2025-04-09 20:47:42,2025-05-15,Australia,3,
2350386,TDU31218,Rejected,2025-04-09 21:03:51,2025-05-15,Australia,3,
2350387,TDU31219,Rejected,2025-04-09 21:46:12,2025-07-12,Australia,2,
2350388,TDU31220,Auto Rejected,2025-04-09 21:47:39,2025-05-23,Australia,15,
2350389,TDU31221,Rejected,2025-04-09 21:50:37,2025-11-23,Australia,7,
2350391,TDU31222,Rejected,2025-04-09 22:46:35,2025-05-04,Australia,6,
2350392,TDU31223,Rejected,2025-04-09 23:28:58,2025-05-07,Australia,3,
2350393,TDU31224,Auto Rejected,2025-04-09 23:54:14,2025-05-20,Australia,11,
2350394,TDU25612G,Rejected,2025-04-09 21:47:39,2025-06-23,Australia,15,
2350395,TDU26266,Auto Rejected,2025-04-10 12:48:04,2025-04-12,Australia,6,
2350396,TDU27238,Auto Rejected,2025-04-10 12:51:01,2025-04-13,Australia,5,
2350397,TDU25586,Auto Rejected,2025-04-10 12:55:45,2025-04-16,Australia,4,
2350398,TDU27014,Auto Rejected,2025-04-10 13:00:11,2025-04-18,Australia,4,
2350399,TDU26882,Auto Rejected,2025-04-10 13:03:56,2025-04-25,Australia,3,
2350400,TDU26972,Rejected,2025-04-10 13:06:57,2025-05-10,Australia,5,
2350401,TDU24863,Rejected,2025-04-10 13:09:00,2025-05-24,Australia,4,
2350402,TDU27078,Accounts - Reconciliation,2025-04-10 13:10:53,2025-07-13,Australia,3,
2350403,TDU31225,On Ground,2025-04-10 16:03:56,2025-04-13,Australia,4,
2350404,TDU31226,Auto Rejected,2025-04-10 16:11:34,2025-05-06,Australia,12,
2350405,TDU25613G,Auto Rejected,2025-04-10 16:11:34,2025-05-06,Australia,12,
2350406,TDU31227,Rejected,2025-04-10 17:44:59,2025-06-14,Australia,4,
2350407,TDU31228,Rejected,2025-04-10 18:02:01,2025-05-09,Australia,10,
2350408,TDU31229,Rejected,2025-04-10 18:55:46,2025-05-10,Australia,3,
2350409,TDU31230,Auto Rejected,2025-04-10 19:48:16,2025-05-03,Australia,7,
2350410,TDU31231,Auto Rejected,2025-04-10 19:52:51,2025-05-03,Australia,7,
2350411,TDU31232,Rejected,2025-04-10 21:32:41,2025-05-30,Australia,4,
2350412,TDU31233,Rejected,2025-04-10 21:45:50,2025-05-18,Australia,2,
2350413,TDU31234,Auto Rejected,2025-04-10 21:50:41,2025-05-26,Australia,15,
2350414,TDU31235,Auto Rejected,2025-04-10 21:55:01,2025-05-22,Australia,4,
2350415,TDU25614G,Rejected,2025-04-10 21:50:41,2025-05-26,Australia,15,
2350416,TDU25615G,Rejected,2025-04-09 23:54:14,2025-05-21,Australia,11,
2350417,TDU31236,Rejected,2025-04-10 22:26:32,2025-05-20,Australia,4,
2350418,TDU31237,Auto Rejected,2025-04-10 23:18:38,2025-05-06,Australia,12,
2350419,TDU25616G,Rejected,2025-04-10 23:18:38,2025-05-06,Australia,12,
2350420,TDU31238,Accounts - Reconciliation,2025-04-10 23:23:10,2025-05-16,Australia,2,
2350421,TDU31239,Rejected,2025-04-11 00:00:06,2025-05-10,Australia,3,
2350422,TDU31240,Accounts - Reconciliation,2025-04-11 00:02:09,2025-05-19,Australia,4,
2350423,TDU25617G,Rejected,2025-04-11 00:26:53,2025-08-20,New Zealand,30,
2350424,TDU31241,On Ground,2025-04-11 09:18:23,2025-05-01,Australia,6,
2350425,TDU31242,Auto Rejected,2025-04-11 16:49:45,2025-05-21,Australia,4,
2350426,TDU31243,Auto Rejected,2025-04-11 16:52:48,2025-05-03,Australia,2,
2350427,TDU31244,Rejected,2025-04-11 17:02:46,2025-06-01,Australia,8,
2350428,TDU31245,Rejected,2025-04-11 17:06:46,2025-06-04,Australia,3,
2350429,TDU25618G,Rejected,2025-04-11 17:55:48,2025-10-09,New Zealand,15,
2350430,TDU25619G,Rejected,2025-03-25 16:57:07,2025-04-19,Australia,11,
2350431,TDU25620G,Accounts - Reconciliation,2025-04-11 20:15:31,2025-11-11,Australia,44,
2350432,TDU31246,Rejected,2025-04-11 20:24:09,2025-07-05,Australia,4,
2350433,TDU31247,Rejected,2025-04-11 20:54:29,2025-05-03,Australia,3,
2350434,TDU25621G,Accounts - Reconciliation,2025-04-11 20:54:40,2025-09-13,Australia,15,
2350435,TDU25622G,Accounts - Reconciliation,2025-04-11 21:18:22,2025-11-17,New Zealand,45,
2350436,TDU25623G,Rejected,2025-04-11 21:41:02,2025-06-25,Australia,48,
2350437,TDU31248,Rejected,2025-04-11 21:44:17,2025-05-20,Australia,11,
2350438,TDU31249,Rejected,2025-04-11 21:59:36,2025-07-27,Australia,2,
2350439,TDU25624G,Rejected,2025-04-11 22:03:26,2025-10-15,Australia,65,
2350440,TDU31250,Rejected,2025-04-11 22:04:36,2025-09-01,Australia,3,
2350441,TDU25625G,Rejected,2025-04-11 23:15:07,2025-10-09,New Zealand,15,
2350442,TDU31251,Rejected,2025-04-12 00:12:22,2025-06-01,Australia,7,
2350443,TDU31252,Rejected,2025-04-12 16:00:42,2025-06-13,Australia,10,
2350444,TDU25626G,Rejected,2025-04-12 16:03:53,2025-08-11,Australia,20,
2350445,TDU25627G,Rejected,2025-04-12 16:50:02,2025-08-15,Australia,50,
2350446,TDU31253,Auto Rejected,2025-04-12 17:31:26,2025-04-29,Australia,3,
2350447,TDU25628G,Auto Rejected,2025-04-12 17:53:05,2025-07-15,Australia,30,
2350448,TDU31254,Accounts - Reconciliation,2025-04-12 17:54:55,2025-05-14,Australia,2,
2350449,TDU31255,Accounts - Reconciliation,2025-04-12 18:14:33,2025-07-18,Australia,7,
2350450,TDU31256,Rejected,2025-04-12 18:38:01,2025-08-23,Australia,8,
2350451,TDU31257,Rejected,2025-04-12 18:55:00,2025-10-24,Australia,4,
2350452,TDU31258,Rejected,2025-04-12 20:46:32,2025-05-28,Australia,4,
2350453,TDU25629G,Rejected,2025-04-12 21:11:54,2026-03-15,Australia,34,
2350454,TDU31259,Accounts - Reconciliation,2025-04-12 21:29:18,2025-06-25,Australia,5,
2350455,TDU31260,Rejected,2025-04-12 22:11:13,2025-12-21,Australia,2,
2350456,TDU25630G,Auto Rejected,2025-04-12 22:17:24,2025-03-08,New Zealand,34,
2350457,TDU31261,Rejected,2025-04-13 00:27:33,2025-10-13,Australia,2,
2350458,TDU31262,Auto Rejected,2025-04-13 15:05:10,2025-09-16,Australia,12,
2350459,TDU31263,Rejected,2025-04-13 17:31:22,2025-05-07,Australia,5,
2350460,TDU31264,Rejected,2025-04-13 18:48:56,2025-05-20,Australia,8,
2350462,TDU31265,Accounts - Reconciliation,2025-04-14 11:06:22,2025-11-08,Australia,1,
2350463,TDU25632G,Rejected,2025-04-14 12:46:43,2025-07-01,Australia,30,
2350464,TDU25633G,Rejected,2025-04-14 13:10:09,2025-07-20,Australia,18,
2350465,TDU25634G,Rejected,2025-04-14 13:20:48,2025-09-03,Australia,100,
2350466,TDU31266,Auto Rejected,2025-04-14 14:04:00,2025-04-30,Australia,6,
2350467,TDU31267,Rejected,2025-04-14 14:56:22,2025-05-26,Australia,4,
2350468,TDU31268,Rejected,2025-04-14 16:30:35,2025-08-01,Australia,2,
2350469,TDU31269,Rejected,2025-04-14 16:37:19,2025-08-08,Australia,2,
2350470,TDU31270,Rejected,2025-04-14 17:28:44,2025-05-23,Australia,6,
2350471,TDU31271,Accounts - Reconciliation,2025-04-14 17:33:48,2025-05-01,Australia,2,
2350472,TDU31272,Rejected,2025-04-14 17:52:04,2025-05-15,Australia,2,
2350473,TDU31273,Auto Rejected,2025-04-14 17:53:15,2025-05-01,Australia,3,
2350474,TDU31274,On Ground,2025-04-14 20:46:21,2025-04-15,Australia,2,
2350475,TDU31275,Rejected,2025-04-14 21:14:39,2025-05-06,Australia,5,
2350476,TDU31276,Auto Rejected,2025-04-14 21:16:39,2025-05-03,Australia,4,
2350477,TDU31277,Rejected,2025-04-14 21:24:32,2025-05-20,Australia,7,
2350478,TDU25635G,Rejected,2025-04-14 22:07:13,2025-07-05,New Zealand,15,
2350479,TDU31278,Rejected,2025-04-14 22:24:34,2025-06-20,Australia,10,
2350480,TDU25636G,Auto Rejected,2025-04-15 11:57:42,2025-07-15,Australia,40,
2350481,TDU31279,Rejected,2025-04-15 13:07:09,2025-07-28,Australia,4,
2350482,TDU31280,Auto Rejected,2025-04-15 15:12:28,2025-04-30,Australia,6,
2350484,TDU31281,Rejected,2025-04-15 16:56:14,2025-06-01,Australia,1,
2350485,TDU31282,Accounts - Reconciliation,2025-04-15 17:02:48,2025-08-26,Australia,2,
2350486,TDU31283,Rejected,2025-04-15 17:07:27,2025-08-15,Australia,10,
2350487,TDU31284,Rejected,2025-04-15 17:28:27,2025-06-23,Australia,4,
2350488,TDU31285,Accounts - Reconciliation,2025-04-15 17:35:54,2025-08-26,Australia,2,
2350489,TDU31286,Rejected,2025-04-15 18:12:07,2025-08-04,Australia,2,
2350490,TDU31287,Rejected,2025-04-15 18:22:17,2025-07-28,Australia,8,
2350491,TDU31288,Rejected,2025-04-15 18:29:31,2025-06-09,Australia,3,
2350492,TDU31289,Rejected,2025-04-15 19:51:13,2025-12-15,Australia,2,
2350493,TDU31290,Rejected,2025-04-15 19:53:57,2025-05-31,Australia,4,
2350494,TDU31291,On Ground,2025-04-15 20:26:44,2025-05-02,Australia,4,
2350495,TDU31292,Rejected,2025-04-15 21:23:12,2025-10-18,Australia,11,
2350496,TDU31293,Rejected,2025-04-15 21:32:44,2025-05-05,Australia,1,
2350497,TDU31294,Rejected,2025-04-15 22:27:43,2025-05-11,Australia,11,
2350498,TDU31295,Rejected,2025-04-15 22:50:03,2025-08-15,Australia,10,
2350499,TDU25638G,Auto Rejected,2025-04-16 10:10:52,2025-09-04,Australia,20,
2350500,TDU31296,Rejected,2025-04-16 15:48:44,2025-08-10,Australia,4,
2350501,TDU31297,Rejected,2025-04-16 15:58:14,2025-06-06,Australia,6,
2350502,TDU31298,Rejected,2025-04-16 16:10:10,2025-05-23,Australia,4,
2350503,TDU31299,Auto Rejected,2025-04-16 16:10:56,2025-05-25,Australia,15,
2350504,TDU31300,Rejected,2025-04-16 16:35:18,2025-04-23,Australia,3,
2350505,TDU31301,Rejected,2025-04-16 16:48:40,2025-06-06,Australia,6,
2350506,TDU25639G,Rejected,2025-04-16 16:58:58,2025-10-30,Australia,16,
2350507,TDU31302,Accounts - Reconciliation,2025-04-16 18:33:13,2025-05-06,Australia,9,
2350508,TDU31303,Auto Rejected,2025-04-16 19:10:20,2025-05-05,Australia,3,
2350509,TDU25640G,Rejected,2025-04-16 19:47:48,2025-06-15,New Zealand,18,
2350510,TDU31304,Rejected,2025-04-16 21:14:03,2025-06-11,Australia,2,
2350511,TDU31305,Rejected,2025-04-16 22:16:47,2025-05-22,Australia,3,
2350512,TDU31306,Rejected,2025-04-16 22:31:36,2025-12-23,Australia,2,
2350513,TDU31307,Rejected,2025-04-16 22:33:49,2025-05-20,Australia,3,
2350514,TDU31308,Rejected,2025-04-16 23:38:26,2025-06-26,Australia,3,
2350515,TDU31309,Rejected,2025-04-17 02:11:18,2025-04-19,Australia,1,
2350516,TDU31310,Rejected,2025-04-17 02:27:02,2025-04-19,Australia,1,
2350517,TDU25641G,Auto Rejected,2025-04-17 02:48:08,2025-04-19,Australia,1,
2350518,TDU25642G,Rejected,2025-04-17 13:41:59,2025-08-10,Australia,90,
2350519,TDU25643G,Rejected,2025-04-17 14:20:55,2025-07-15,Australia,30,
2350520,TDU25644G,Accounts - Reconciliation,2025-04-17 14:25:16,2025-08-18,Australia,64,
2350521,TDU31311,Rejected,2025-04-17 14:59:30,2025-06-05,Australia,6,
2350522,TDU31312,Rejected,2025-04-17 15:08:07,2025-06-26,Australia,2,
2350523,TDU31313,Rejected,2025-04-17 15:36:30,2025-05-25,Australia,10,
2350524,TDU31314,Accounts - Reconciliation,2025-04-17 16:01:02,2025-05-10,Australia,3,
2350525,TDU31315,Rejected,2025-04-17 16:37:25,2025-09-04,Australia,10,
2350526,TDU31316,Rejected,2025-04-17 17:30:07,2025-05-25,Australia,11,
2350527,TDU31317,Rejected,2025-04-17 17:40:30,2025-09-04,Australia,10,
2350528,TDU31318,Rejected,2025-04-17 19:40:47,2025-05-08,Australia,2,
2350529,TDU31319,Accounts - Reconciliation,2025-04-17 19:57:13,2025-05-17,Australia,4,
2350530,TDU31320,Auto Rejected,2025-04-17 21:40:36,2025-06-10,Australia,3,
2350531,TDU31321,Auto Rejected,2025-04-17 22:04:39,2025-07-25,Australia,10,
2350532,TDU31322,Rejected,2025-04-17 22:13:47,2025-04-25,Australia,4,
2350533,TDU31323,Rejected,2025-04-17 23:08:45,2025-05-09,Australia,8,
2350534,TDU31324,On Ground,2025-04-18 00:03:43,2025-04-24,Australia,3,
2350535,TDU25645G,Rejected,2025-04-16 16:10:56,2025-05-25,Australia,11,
2350536,TDU31325,Accounts - Reconciliation,2025-04-18 15:50:23,2025-05-23,Australia,3,
2350537,TDU31326,Rejected,2025-04-18 16:04:39,2025-09-24,Australia,3,
2350538,TDU25646G,Rejected,2025-04-06 19:55:21,2025-05-26,Australia,8,
2350539,TDU31327,Auto Rejected,2025-04-18 16:19:48,2025-05-25,Australia,11,
2350540,TDU31328,Rejected,2025-04-18 16:52:09,2025-05-22,Australia,6,
2350541,TDU25647G,Rejected,2025-04-18 17:13:27,2025-06-01,Australia,36,
2350542,TDU31329,Auto Rejected,2025-04-18 18:13:27,2025-04-19,Australia,3,
2350543,TDU31330,Rejected,2025-04-18 18:50:45,2025-07-04,Australia,4,
2350544,TDU31331,Rejected,2025-04-18 19:06:10,2025-05-01,Australia,4,
2350545,TDU25648G,Rejected,2025-04-18 19:32:14,2025-08-15,Australia,100,
2350546,TDU25649G,Rejected,2025-04-18 20:14:33,2025-10-22,Australia,40,
2350547,TDU31332,Rejected,2025-04-18 20:50:20,2025-06-16,Australia,4,
2350548,TDU31333,Rejected,2025-04-18 20:51:33,2025-08-26,Australia,6,
2350549,TDU31334,Rejected,2025-04-18 21:54:46,2025-06-16,Australia,4,
2350550,TDU31335,Rejected,2025-04-18 22:41:23,2025-08-04,Australia,5,
2350551,TDU31336,Accounts - Reconciliation,2025-04-18 23:19:23,2025-05-17,Australia,3,
2350552,TDU31337,Accounts - Reconciliation,2025-04-18 23:52:06,2025-09-27,Australia,4,
2350553,TDU31338,Auto Rejected,2025-04-19 11:37:12,2025-08-19,Australia,6,
2350554,TDU25650G,Auto Rejected,2025-04-19 13:10:58,2025-07-30,Australia,35,
2350555,TDU31339,Auto Rejected,2025-04-19 16:23:53,2025-05-03,Australia,7,
2350556,TDU25651G,Accounts - Reconciliation,2025-04-19 16:36:16,2025-06-12,Australia,15,
2350557,TDU31340,Rejected,2025-04-19 17:40:42,2025-11-30,Australia,6,
2350558,TDU25652G,Rejected,2025-04-18 16:19:48,2025-05-25,Australia,11,
2350559,TDU31341,Rejected,2025-04-19 18:54:25,2025-11-16,Australia,10,
2350560,TDU31342,Rejected After Confrmation QA completed,2025-04-19 19:14:42,2025-09-27,Australia,2,
2350561,TDU25653G,Rejected,2025-04-19 19:18:22,2025-06-10,Australia,38,
2350562,TDU31343,Rejected,2025-04-19 19:55:44,2025-06-09,Australia,3,
2350563,TDU31344,Rejected,2025-04-19 20:03:58,2025-06-06,Australia,6,
2350564,TDU31345,Rejected After Confrmation QA completed,2025-04-19 20:40:38,2025-07-25,Australia,5,
2350565,TDU31346,Accounts - Reconciliation,2025-04-19 21:49:40,2025-11-12,Australia,10,
2350566,TDU31347,Rejected,2025-04-19 22:37:57,2025-05-14,Australia,3,
2350567,TDU31348,Rejected,2025-04-19 22:58:54,2025-06-23,Australia,5,
2350568,TDU25654G,Rejected,2025-04-21 11:49:16,2025-10-23,Australia,50,
2350569,TDU31349,Rejected,2025-04-21 15:08:34,2025-05-13,Australia,2,
2350570,TDU31350,Rejected,2025-04-21 15:37:37,2025-11-05,Australia,2,
2350571,TDU31351,Rejected,2025-04-21 16:25:46,2025-05-14,Australia,3,
2350572,TDU31352,Rejected,2025-04-21 17:06:47,2025-06-01,Australia,7,
2350573,TDU31353,On Ground,2025-04-21 17:23:26,2025-05-07,Australia,10,
2350574,TDU31354,Rejected,2025-04-21 17:27:17,2025-07-15,Australia,4,
2350575,TDU31355,Rejected,2025-04-21 19:50:18,2025-10-09,Australia,5,
2350576,TDU25655G,Rejected,2025-04-21 20:03:36,2025-09-13,New Zealand,18,
2350577,TDU31356,Rejected,2025-04-21 20:54:46,2025-06-13,Australia,6,
2350578,TDU31357,Rejected,2025-04-21 21:34:30,2025-12-09,Australia,4,
2350579,TDU31358,Auto Rejected,2025-04-21 21:50:05,2025-07-19,Australia,7,
2350580,TDU31359,Auto Rejected,2025-04-21 22:01:31,2025-06-16,Australia,4,
2350581,TDU31360,Rejected,2025-04-21 22:44:44,2025-05-30,Australia,8,
2350582,TDU25656G,Auto Rejected,2025-04-22 10:44:52,2025-06-08,Australia,30,
2350583,TDU31361,Accounts - Reconciliation,2025-04-22 11:35:27,2025-06-16,Australia,5,
2350584,TDU31362,Accounts - Reconciliation,2025-04-22 12:35:46,2025-04-25,Australia,2,
2350585,TDU31363,Rejected,2025-04-22 13:55:33,2025-05-25,Australia,8,
2350586,TDU31364,Rejected,2025-04-22 16:36:38,2025-11-24,Australia,10,
2350587,TDU31365,Accounts - Reconciliation,2025-04-22 16:38:28,2025-07-20,Australia,7,
2350588,TDU31366,Rejected,2025-04-22 18:00:26,2025-06-05,Australia,2,
2350589,TDU31367,Rejected,2025-04-22 18:15:20,2025-11-18,Australia,10,
2350590,TDU31368,Rejected,2025-04-22 19:14:08,2025-11-18,Australia,10,
2350591,TDU31369,Rejected,2025-04-22 20:13:59,2025-05-13,Australia,2,
2350592,TDU31370,Rejected,2025-04-22 21:11:24,2025-05-13,Australia,2,
2350593,TDU31371,Rejected,2025-04-22 21:11:25,2025-05-13,Australia,2,
2350594,TDU31372,On Ground,2025-04-22 22:42:43,2025-05-02,Australia,2,
2350595,TDU31373,Auto Rejected,2025-04-22 22:56:39,2025-05-03,Australia,6,
2350596,TDU25657G,Rejected,2025-04-23 09:43:41,2025-07-11,Australia,27,
2350597,TDU25658G,Auto Rejected,2025-04-23 11:59:25,2025-09-11,Australia,40,
2350598,TDU25659G,Auto Rejected,2025-04-23 14:19:46,2025-09-02,New Zealand,64,
2350599,TDU31374,Rejected,2025-04-23 16:14:47,2025-05-15,Australia,4,
2350600,TDU31375,Rejected,2025-04-23 16:27:31,2025-06-15,Australia,3,
2350601,TDU31376,Rejected,2025-04-23 17:02:48,2025-06-21,Australia,2,
2350602,TDU25660G,Rejected,2025-04-23 17:37:33,2026-03-12,New Zealand,28,
2350603,TDU31377,Auto Rejected,2025-04-23 17:56:42,2025-05-12,Australia,12,
2350604,TDU31378,Rejected,2025-04-23 18:10:32,2025-05-14,Australia,7,
2350605,TDU25661G,Rejected,2025-04-23 18:21:18,2025-07-20,Australia,50,
2350606,TDU31379,Rejected After Confrmation QA completed,2025-04-23 19:43:05,2025-05-14,Australia,4,
2350607,TDU31380,Auto Rejected,2025-04-23 19:49:14,2025-06-21,Australia,4,
2350608,TDU31381,Rejected,2025-04-23 21:08:12,2025-05-16,Australia,11,
2350609,TDU31382,Accounts - Reconciliation,2025-04-23 23:24:48,2025-05-08,Australia,10,
2350610,TDU31383,Rejected,2025-04-23 23:44:34,2025-04-27,Australia,4,
2350611,TDU25662G,Rejected,2025-04-24 12:23:47,2025-07-12,Australia,25,
2350613,TDU31385,Rejected,2025-04-24 16:16:17,2025-09-23,Australia,5,
2350614,TDU31386,Rejected,2025-04-24 16:22:37,2025-09-28,Australia,8,
2350615,TDU31387,Auto Rejected,2025-04-24 17:27:01,2025-06-14,Australia,13,
2350616,TDU31388,Rejected,2025-04-24 17:46:00,2025-06-11,Australia,6,
2350617,TDU25663G,Accounts - Reconciliation,2025-04-24 18:00:35,2025-05-08,Australia,14,
2350618,TDU31389,Rejected After Confrmation QA completed,2025-04-24 19:41:49,2025-05-23,Australia,3,
2350619,TDU31390,Rejected,2025-04-24 20:21:32,2025-06-11,Australia,6,
2350620,TDU31391,Rejected,2025-04-24 21:39:50,2025-05-12,Australia,2,
2350621,TDU25664G,Rejected,2025-04-24 22:21:24,2026-03-25,Australia,30,
2350622,TDU31392,Rejected,2025-04-24 22:43:24,2025-06-28,Australia,2,
2350623,TDU25665G,Rejected,2025-02-18 19:35:54,2025-06-15,Australia,11,
2350624,TDU25666G,Auto Rejected,2025-04-25 11:56:37,2025-06-16,Australia,30,
2350625,TDU25667G,PRE QA - pending,2025-04-25 12:17:02,2025-12-29,Australia,25,
2350626,TDU25668G,Rejected,2025-04-25 15:09:10,2025-10-25,Australia,30,
2350627,TDU25669G,Rejected,2025-04-25 15:44:36,2025-10-31,New Zealand,30,
2350628,TDU25670G,Rejected,2025-04-25 15:48:23,2025-11-16,Australia,37,
2350629,TDU31393,Rejected,2025-04-25 22:07:41,2025-06-07,Australia,4,
2350630,TDU31394,Rejected,2025-04-25 22:22:29,2025-08-24,Australia,7,
2350631,TDU31395,Rejected,2025-04-25 22:22:34,2025-08-24,Australia,7,
2350632,TDU31396,Rejected,2025-04-25 22:22:41,2025-08-24,Australia,7,
2350633,TDU31397,Rejected,2025-04-25 22:23:20,2025-08-24,Australia,7,
2350634,TDU31398,Rejected,2025-04-25 22:23:29,2025-08-24,Australia,7,
2350635,TDU31399,Rejected,2025-04-25 22:24:42,2025-08-24,Australia,7,
2350636,TDU31400,Rejected,2025-04-25 22:25:56,2025-08-24,Australia,7,
2350637,TDU31401,Rejected,2025-04-25 22:26:18,2025-08-24,Australia,7,
2350638,TDU31402,Rejected,2025-04-25 22:27:32,2025-08-24,Australia,8,
2350639,TDU31403,Rejected,2025-04-25 22:28:17,2025-08-24,Australia,7,
2350640,TDU31404,Rejected,2025-04-25 22:29:05,2025-08-24,Australia,7,
2350641,TDU31405,Rejected,2025-04-25 22:30:21,2025-08-24,Australia,7,
2350642,TDU31406,Rejected,2025-04-25 22:31:50,2025-08-24,Australia,7,
2350643,TDU31407,Rejected,2025-04-25 22:34:04,2025-08-24,Australia,7,
2350644,TDU31408,Rejected,2025-04-25 22:35:57,2025-08-24,Australia,7,
2350645,TDU25671G,Auto Rejected,2025-04-26 11:56:49,2025-10-05,Australia,55,
2350646,TDU25672G,Rejected,2025-04-23 17:56:42,2025-05-12,Australia,12,
2350647,TDU31409,Rejected,2025-04-26 16:02:43,2025-09-14,Australia,6,
2350648,TDU31410,Rejected,2025-04-26 17:24:33,2025-05-09,Australia,5,
2350649,TDU31411,Rejected,2025-04-26 17:27:14,2025-10-03,Australia,3,
2350650,TDU31412,Rejected,2025-04-26 20:36:39,2025-05-14,Australia,2,
2350651,TDU31413,Accounts - Reconciliation,2025-04-26 20:49:29,2025-05-09,Australia,5,
2350653,TDU31414,Rejected,2025-04-27 20:15:15,2025-07-19,Australia,2,
2350654,TDU25674G,Auto Rejected,2025-04-28 11:07:38,2025-06-10,New Zealand,30,
2350655,TDU31415,Rejected,2025-04-28 15:04:15,2025-06-02,Australia,11,
2350656,TDU31416,Rejected,2025-04-28 15:31:42,2025-09-01,Australia,2,
2350657,TDU31417,Rejected,2025-04-28 15:52:36,2025-05-15,Australia,3,
2350658,TDU31418,Rejected,2025-04-28 16:11:01,2025-06-02,Australia,11,
2350659,TDU31419,Rejected,2025-04-28 17:33:38,2025-06-15,Australia,3,
2350660,TDU31420,Rejected,2025-04-28 18:19:21,2025-05-09,Australia,10,
2350661,TDU31421,Auto Rejected,2025-04-28 19:15:43,2025-05-25,Australia,4,
2350662,TDU31422,Rejected,2025-04-28 22:19:34,2025-06-16,Australia,5,
2350663,TDU31423,Auto Rejected,2025-04-28 22:49:01,2025-09-01,Australia,2,
2350664,TDU31424,Rejected,2025-04-28 22:56:16,2025-07-09,Australia,3,
2350665,TDU31425,Rejected,2025-04-28 23:12:22,2025-09-22,Australia,6,
2350666,TDU31426,Rejected,2025-04-28 23:16:03,2025-06-15,Australia,3,
2350667,TDU31427,Rejected,2025-04-28 23:54:10,2025-06-13,Australia,2,
2350668,TDU31428,Auto Rejected,2025-04-29 14:29:44,2025-12-20,Australia,2,
2350669,TDU31429,Rejected,2025-04-29 14:55:14,2025-05-25,Australia,2,
2350670,TDU31430,Accounts - Reconciliation,2025-04-29 15:27:43,2025-05-11,Australia,2,
2350671,TDU31431,Rejected,2025-04-29 15:47:45,2025-05-20,Australia,5,
2350672,TDU31432,Rejected,2025-04-29 16:20:22,2025-07-15,Australia,2,
2350673,TDU31433,Rejected,2025-04-29 20:31:58,2025-08-05,Australia,2,
2350674,TDU31434,Rejected,2025-04-29 20:35:30,2025-05-23,Australia,4,
2350675,TDU31435,Rejected,2025-04-29 20:51:47,2025-09-18,Australia,2,
2350676,TDU31436,On Ground,2025-04-29 21:37:50,2025-05-01,Australia,6,
2350677,TDU31437,Rejected,2025-04-29 21:51:13,2025-05-16,Australia,4,
2350678,TDU31438,Auto Rejected,2025-04-29 22:10:31,2025-05-20,Australia,4,
2350679,TDU31439,Rejected,2025-04-29 22:22:07,2025-05-09,Australia,2,
2350680,TDU31440,Rejected,2025-04-29 22:27:07,2025-08-03,Australia,5,
2350681,TDU31441,Auto Rejected,2025-04-29 22:38:31,2025-09-04,Australia,6,
2350682,TDU31442,Rejected,2025-04-29 23:16:15,2025-09-10,Australia,11,
2350683,TDU31443,Auto Rejected,2025-04-30 00:21:59,2025-06-01,Australia,7,
2350684,TDU25675G,Rejected,2025-04-30 01:11:55,2025-05-15,New Zealand,44,
2350685,TDU31444,Rejected,2025-04-30 14:50:10,2025-06-25,Australia,6,
2350686,TDU25676G,Auto Rejected,2025-04-30 16:11:14,2025-07-01,Australia,15,
2350687,TDU31445,Auto Rejected,2025-04-30 17:12:52,2025-09-30,Australia,4,
2350688,TDU31446,Rejected,2025-04-30 17:25:44,2025-06-13,Australia,3,
2350689,TDU25677G,Rejected,2025-04-30 17:42:10,2025-06-20,Australia,15,
2350690,TDU31447,Rejected,2025-04-30 19:39:03,2025-07-09,Australia,6,
2350691,TDU31448,Auto Rejected,2025-04-30 19:49:05,2025-05-04,Australia,2,
2350692,TDU31449,Rejected,2025-04-30 20:04:55,2025-09-20,Australia,3,
2350693,TDU25678G,Rejected After Confrmation QA completed,2025-04-30 20:15:22,2025-10-22,Australia,16,
2350694,TDU31450,Rejected,2025-04-30 20:38:13,2025-05-23,Australia,2,
2350695,TDU31451,Rejected,2025-04-30 20:43:47,2025-11-09,Australia,2,
2350696,TDU31452,Rejected,2025-04-30 21:59:03,2025-06-24,Australia,4,
2350697,TDU31453,Rejected,2025-04-30 22:07:10,2025-09-10,Australia,11,
2350698,TDU31454,Rejected,2025-04-30 22:37:29,2025-06-08,Australia,4,
2350699,TDU31455,Rejected,2025-04-30 22:53:45,2025-05-12,Australia,7,
2350700,TDU25679G,Auto Rejected,2025-05-01 08:49:10,2025-10-25,Australia,30,
2350701,TDU25680G,Rejected,2025-05-01 21:25:54,2025-10-10,Australia,100,
2350702,TDU25681G,Rejected After Confrmation QA completed,2025-05-01 22:19:12,2025-10-12,New Zealand,16,
2350703,TDU25682G,Rejected,2025-05-02 00:41:13,2025-10-02,New Zealand,100,
2350704,TDU25683G,Rejected,2025-05-02 01:09:15,2025-08-20,Australia,60,
2350705,TDU25684G,Rejected,2025-05-02 11:15:49,2025-05-12,Australia,111,
2350706,TDU31456,Auto Rejected,2025-05-02 15:00:37,2025-09-08,Australia,3,
2350707,TDU31457,Auto Rejected,2025-05-02 15:32:54,2025-05-05,Australia,8,
2350708,TDU31458,Auto Rejected,2025-05-02 15:33:55,2025-05-05,Australia,8,
2350709,TDU31459,Auto Rejected,2025-05-02 15:34:33,2025-07-05,Australia,8,
2350710,TDU25685G,Rejected,2025-05-02 15:54:18,2025-08-14,Australia,35,
2350711,TDU31460,Rejected,2025-05-02 16:17:42,2025-05-14,Australia,4,
2350712,TDU31461,Auto Rejected,2025-05-02 16:36:04,2025-07-05,Australia,8,
2350713,TDU31462,Rejected,2025-05-02 16:38:04,2025-06-07,Australia,7,
2350714,TDU31463,Rejected,2025-05-02 16:38:10,2025-06-07,Australia,7,
2350715,TDU31464,Rejected,2025-05-02 16:38:13,2025-06-07,Australia,7,
2350716,TDU31465,Auto Rejected,2025-05-02 16:39:08,2025-07-05,Australia,8,
2350717,TDU31466,Rejected,2025-05-02 16:39:39,2025-06-07,Australia,7,
2350718,TDU31467,Accounts - Reconciliation,2025-05-02 17:04:17,2025-05-09,Australia,8,
2350719,TDU31468,Accounts - Reconciliation,2025-05-02 17:20:52,2025-06-05,Australia,2,
2350720,TDU25686G,Accounts - Reconciliation,2025-04-24 17:27:01,2025-06-14,Australia,13,
2350721,TDU31469,Rejected,2025-05-02 17:31:11,2025-06-02,Australia,11,
2350722,TDU31470,Auto Rejected,2025-05-02 17:40:06,2025-10-17,Australia,3,
2350723,TDU25687G,Rejected,2025-05-02 17:47:29,2025-11-10,Australia,45,
2350724,TDU31471,Rejected,2025-05-02 17:59:17,2025-05-17,Australia,12,
2350725,TDU25688G,Auto Rejected,2025-05-02 18:10:38,2025-07-15,Australia,40,
2350726,TDU31472,Rejected,2025-05-02 19:04:16,2025-06-15,Australia,4,
2350727,TDU31473,Rejected,2025-05-02 19:29:20,2025-06-01,Australia,4,
2350728,TDU25689G,Rejected,2025-05-02 19:53:46,2025-10-20,Australia,22,
2350729,TDU31474,Rejected,2025-05-02 20:21:52,2025-06-05,Australia,4,
2350730,TDU31475,Rejected,2025-05-02 20:33:50,2025-06-05,Australia,4,
2350731,TDU31476,On Ground,2025-05-02 20:38:54,2025-05-09,Australia,3,
2350732,TDU31477,Rejected,2025-05-02 20:46:28,2025-12-19,Australia,6,
2350733,TDU31478,Auto Rejected,2025-05-02 21:09:10,2025-06-15,Australia,2,
2350734,TDU31479,Rejected,2025-05-02 21:12:15,2025-05-22,Australia,7,
2350735,TDU31480,Rejected,2025-05-02 21:22:49,2025-08-13,Australia,1,
2350736,TDU31481,Rejected,2025-05-02 21:26:37,2025-10-19,Australia,6,
2350737,TDU31482,Rejected,2025-05-02 21:30:21,2025-07-19,Australia,2,
2350738,TDU31483,Auto Rejected,2025-05-02 21:37:48,2025-08-05,Australia,2,
2350739,TDU31484,Rejected,2025-05-02 22:07:20,2025-09-08,Australia,3,
2350740,TDU31485,Accounts - Reconciliation,2025-05-02 22:13:16,2025-05-07,Australia,8,
2350741,TDU31486,Rejected,2025-05-02 22:21:03,2025-06-10,Australia,3,
2350742,TDU31487,Rejected,2025-05-02 22:21:48,2025-12-03,Australia,5,
2350743,TDU31488,Rejected,2025-05-02 23:31:04,2025-10-19,Australia,6,
2350744,TDU31489,Auto Rejected,2025-05-03 11:39:39,2025-06-22,Australia,3,
2350745,TDU25690G,Auto Rejected,2025-05-03 14:15:18,2025-08-17,Australia,150,
2350746,TDU31490,Auto Rejected,2025-05-03 14:42:11,2025-05-14,Australia,7,
2350747,TDU25691G,Rejected,2025-05-03 15:37:14,2025-08-15,Australia,61,
2350748,TDU31491,Accounts - Reconciliation,2025-05-03 15:52:22,2025-05-14,Australia,2,
2350749,TDU31492,Rejected,2025-05-03 16:14:07,2025-05-21,Australia,4,
2350750,TDU25692G,Rejected,2025-05-03 17:28:38,2025-08-15,Australia,61,
2350751,TDU25693G,Auto Rejected,2025-05-03 17:29:34,2025-09-07,Australia,30,
2350752,TDU31493,Rejected,2025-05-03 17:33:34,2025-06-08,Australia,3,
2350754,TDU31494,Rejected,2025-05-03 18:57:23,2025-11-23,Australia,2,
2350755,TDU31495,Rejected,2025-05-03 22:43:24,2025-06-08,Australia,3,
2350756,TDU31496,Auto Rejected,2025-05-03 23:43:13,2025-07-02,Australia,5,
2350757,TDU31497,Rejected,2025-05-04 12:39:02,2025-05-27,Australia,4,
2350758,TDU31498,Rejected,2025-05-04 14:19:16,2025-06-15,Australia,3,
2350759,TDU25695G,Accounts - Reconciliation,2025-05-04 18:36:38,2026-01-31,Australia,45,
2350760,TDU25696G,Auto Rejected,2025-05-05 00:26:02,2025-07-20,Australia,73,
2350761,TDU25697G,Rejected,2025-05-05 00:48:21,2025-07-25,New Zealand,73,
2350762,TDU25698G,Rejected,2025-05-05 01:05:41,2025-07-25,New Zealand,73,
2350763,TDU25699G,Auto Rejected,2025-05-05 10:09:37,2025-12-02,New Zealand,30,
2350764,TDU31499,Accounts - Reconciliation,2025-05-05 10:51:53,2025-06-23,Australia,3,
2350765,TDU25700G,Auto Rejected,2025-05-05 11:08:16,2025-09-10,New Zealand,30,
2350766,TDU31500,Auto Rejected,2025-05-05 12:58:43,2025-07-12,Australia,6,
2350767,TDU25701G,Rejected,2025-05-05 15:11:43,2025-10-08,Australia,32,
2350768,TDU25702G,Rejected,2025-05-05 18:05:30,2025-10-10,New Zealand,61,
2350769,TDU25703G,Rejected,2025-05-05 20:27:50,2025-07-20,Australia,73,
2350770,TDU31501,Rejected,2025-05-05 23:14:44,2025-08-17,Australia,1,
2350771,TDU31502,On Ground,2025-05-05 23:29:21,2025-05-14,Australia,3,
2350772,TDU31503,Rejected,2025-05-06 00:22:49,2025-07-05,Australia,4,
2350773,TDU25704G,Rejected,2025-05-06 00:46:28,2025-12-30,New Zealand,20,
2350774,TDU25705G,Rejected,2025-05-06 10:34:10,2025-08-01,Australia,66,
2350775,TDU31504,Auto Rejected,2025-05-06 11:11:59,2025-05-18,Australia,15,
2350776,TDU25706G,Rejected,2025-05-06 11:11:59,2025-05-18,Australia,15,
2350777,TDU31505,Auto Rejected,2025-05-06 11:21:28,2025-08-15,Australia,6,
2350778,TDU25707G,Accounts - Reconciliation,2025-05-06 12:05:15,2025-06-02,Australia,20,
2350779,TDU31506,Auto Rejected,2025-05-06 12:13:58,2025-06-05,Australia,8,
2350780,TDU31507,Rejected,2025-05-06 12:21:01,2025-06-25,Australia,2,
2350781,TDU31508,Auto Rejected,2025-05-06 12:29:19,2025-07-12,Australia,6,
2350782,TDU31509,Rejected,2025-05-06 12:32:36,2025-06-23,Australia,2,
2350783,TDU31510,Rejected,2025-05-06 13:14:04,2025-07-02,New Zealand,7,
2350784,TDU31511,Rejected,2025-05-06 13:18:14,2025-07-19,Australia,3,
2350785,TDU31512,Rejected,2025-05-06 14:21:56,2025-06-06,Australia,3,
2350786,TDU31513,Accounts - Reconciliation,2025-05-06 16:46:57,2025-05-17,Australia,2,
2350787,TDU31514,Rejected,2025-05-06 18:15:53,2025-08-15,Australia,4,
2350788,TDU31515,Rejected,2025-05-06 19:56:09,2025-06-26,Australia,2,
2350789,TDU31516,Rejected,2025-05-06 21:08:43,2025-06-01,Australia,7,
2350790,TDU31517,Rejected,2025-05-06 21:56:30,2025-06-08,Australia,3,
2350791,TDU31518,Auto Rejected,2025-05-06 22:24:26,2025-06-13,Australia,7,
2350792,TDU25708G,Rejected,2025-05-07 00:10:28,2025-12-06,Australia,26,
2350793,TDU31519,Rejected,2025-05-07 12:13:55,2025-12-28,Unknown,4,
2350794,TDU31520,Rejected,2025-05-07 12:18:02,2025-12-28,Australia,4,
2350795,TDU31521,Rejected,2025-05-07 12:24:15,2025-05-20,Australia,3,
2350796,TDU31522,Rejected,2025-05-07 12:45:15,2025-05-20,Australia,6,
2350797,TDU31523,Rejected,2025-05-07 12:52:05,2025-05-21,Australia,3,
2350798,TDU31524,Auto Rejected,2025-05-07 12:59:14,2025-05-21,Australia,2,
2350799,TDU25709G,Auto Rejected,2025-05-07 13:16:21,2025-09-08,Australia,32,
2350800,TDU31525,Rejected,2025-05-07 13:21:32,2025-06-29,Australia,9,
2350801,TDU31526,Rejected,2025-05-07 13:31:35,2025-09-13,Australia,8,
2350802,TDU31527,Rejected,2025-05-07 16:00:20,2025-09-28,Australia,4,
2350803,TDU25710G,Auto Rejected,2025-05-07 17:56:39,2025-07-20,New Zealand,80,
2350804,TDU25711G,Rejected,2025-02-07 03:24:39,2025-05-17,Australia,12,
2350805,TDU31528,Rejected,2025-05-08 00:04:37,2025-09-28,Australia,4,
2350806,TDU31529,Auto Rejected,2025-05-08 10:52:01,2025-07-24,Australia,2,
2350807,TDU31530,Auto Rejected,2025-05-08 11:16:48,2025-06-20,New Zealand,12,
2350808,TDU25712G,Accounts - Reconciliation,2025-05-08 12:35:01,2025-09-04,Australia,62,
2350809,TDU31531,Rejected,2025-05-08 12:36:23,2025-09-02,Australia,2,
2350810,TDU31532,Rejected,2025-05-08 12:50:48,2025-05-13,Australia,4,
2350811,TDU31533,On Ground,2025-05-08 13:29:28,2025-05-11,Australia,9,
2350812,TDU31534,Rejected,2025-05-08 14:08:39,2025-06-29,Australia,9,
2350813,TDU31535,Auto Rejected,2025-05-08 16:13:25,2025-06-16,Australia,2,
2350814,TDU31536,Auto Rejected,2025-05-08 16:43:32,2025-06-17,Australia,3,
2350815,TDU31537,Rejected,2025-05-08 18:31:50,2025-09-10,Australia,2,
2350816,TDU31538,Rejected,2025-05-08 18:57:36,2025-09-10,Australia,2,
2350817,TDU31539,Rejected,2025-05-08 19:00:59,2025-09-02,Australia,2,
2350818,TDU31540,Rejected,2025-05-08 21:27:32,2025-06-21,Australia,2,
2350819,TDU31541,Rejected,2025-05-08 22:06:37,2025-07-04,Australia,4,
2350820,TDU31542,Auto Rejected,2025-05-09 00:07:05,2025-07-01,Australia,15,
2350821,TDU31543,Rejected,2025-05-09 01:10:02,2025-06-30,Australia,15,
2350822,TDU25713G,Rejected,2025-05-09 10:09:46,2025-11-15,Australia,202,
2350823,TDU25714G,Auto Rejected,2025-05-09 10:27:54,2025-08-15,Australia,152,
2350824,TDU31544,Rejected,2025-05-09 12:29:27,2025-06-21,Australia,4,
2350826,TDU31546,On Ground,2025-05-09 15:48:21,2025-05-14,Australia,4,
2350827,TDU31547,Rejected,2025-05-09 18:06:16,2025-07-07,Australia,12,
2350828,TDU31548,Rejected,2025-05-09 18:23:10,2025-07-07,Australia,12,
2350829,TDU31549,Rejected After Confrmation QA completed,2025-05-09 18:45:06,2025-05-26,Australia,2,
2350830,TDU31550,Auto Rejected,2025-05-09 19:11:23,2025-05-12,Australia,9,
2350831,TDU31551,Rejected,2025-05-09 19:24:51,2025-05-31,Australia,2,
2350832,TDU25715G,Rejected,2025-05-09 19:52:56,2025-10-25,Australia,35,
2350833,TDU25716G,Rejected,2025-05-09 21:18:53,2025-11-18,Australia,25,
2350834,TDU25717G,Rejected,2025-05-09 22:15:25,2025-07-15,Australia,40,
2350835,TDU25718G,Rejected,2025-05-09 22:37:48,2025-07-15,Australia,40,
2350836,TDU25719G,Rejected,2025-05-09 23:33:49,2025-08-16,Australia,20,
2350837,TDU31552,Auto Rejected,2025-05-10 12:51:29,2025-05-15,Australia,2,
2350838,TDU31553,Rejected,2025-05-10 15:52:46,2026-01-11,Australia,2,
2350839,TDU31554,Rejected,2025-05-10 16:15:39,2025-09-26,Australia,2,
2350840,TDU25720G,Rejected,2025-05-11 20:33:47,2025-07-08,New Zealand,72,
2350841,TDU25721G,Accounts - Reconciliation,2025-05-12 09:51:57,2025-06-26,Australia,18,
2350842,TDU31555,Auto Rejected,2025-05-12 14:36:00,2025-05-24,Australia,3,
2350843,TDU31556,Rejected,2025-05-12 17:16:01,2025-12-07,Australia,2,
2350844,TDU31557,Accounts - Reconciliation,2025-05-12 17:19:39,2025-12-05,Australia,2,
2350845,TDU31558,Auto Rejected,2025-05-12 17:40:17,2025-08-25,Australia,2,
2350846,TDU25722G,Rejected,2025-05-12 17:42:35,2025-07-14,Australia,72,
2350847,TDU31559,Accounts - Reconciliation,2025-05-12 18:28:37,2025-05-18,Australia,9,
2350848,TDU31560,Rejected,2025-05-12 18:57:25,2025-06-17,Australia,3,
2350849,TDU25723G,Rejected,2025-05-12 19:12:22,2026-01-20,Australia,20,
2350850,TDU25724G,Rejected,2025-05-12 19:48:19,2026-01-20,Australia,20,
2350851,TDU31561,Rejected,2025-05-12 19:53:43,2025-09-05,Australia,2,
2350852,TDU25725G,Rejected,2025-05-12 19:56:52,2026-01-24,New Zealand,20,
2350853,TDU31562,Accounts - Reconciliation,2025-05-12 20:03:57,2025-06-30,Australia,6,
2350854,TDU31563,Auto Rejected,2025-05-12 20:14:40,2025-06-17,Australia,3,
2350855,TDU31564,Accounts - Reconciliation,2025-05-12 22:15:21,2025-05-16,Australia,4,
2350856,TDU31565,Rejected,2025-05-12 23:49:25,2025-09-22,Australia,12,
2350857,TDU25726G,Rejected,2025-05-13 12:07:29,2025-05-23,Australia,8,
2350858,TDU31566,Auto Rejected,2025-05-13 12:10:04,2025-05-23,Australia,8,
2350859,TDU31567,Auto Rejected,2025-05-13 12:13:25,2025-06-04,Australia,8,
2350860,TDU31568,Rejected,2025-05-13 12:31:13,2025-09-19,Australia,9,
2350861,TDU25727G,Rejected,2025-05-13 12:34:34,2026-03-06,Australia,26,
2350862,TDU25728G,Rejected,2025-05-13 12:35:30,2026-03-07,Australia,26,
2350863,TDU25729G,Rejected,2025-05-13 12:51:32,2025-08-01,Australia,40,
2350864,TDU31569,Rejected,2025-05-13 15:42:50,2025-05-31,Australia,4,
2350865,TDU31570,Rejected,2025-05-13 17:27:25,2025-08-18,Australia,4,
2350866,TDU31571,Rejected,2025-05-13 17:58:21,2025-08-18,Australia,4,
2350867,TDU31572,Rejected,2025-05-13 19:24:40,2025-12-10,Australia,2,
2350868,TDU31573,Rejected,2025-05-13 19:39:55,2025-05-21,Australia,4,
2350869,TDU25730G,Rejected,2025-05-14 01:24:18,2025-10-24,Australia,70,
2350870,TDU31574,Auto Rejected,2025-05-14 12:09:35,2025-05-23,Australia,15,
2350871,TDU31575,Auto Rejected,2025-05-14 13:39:04,2025-11-02,Australia,2,
2350872,TDU31576,Rejected,2025-05-14 13:41:33,2025-09-04,Australia,6,
2350873,TDU31577,Rejected After Confrmation QA completed,2025-05-14 13:47:53,2025-09-13,Australia,5,
2350874,TDU31578,Rejected,2025-05-14 16:51:31,2025-07-06,Australia,5,
2350875,TDU25731G,Rejected,2025-05-14 18:20:00,2025-06-18,New Zealand,17,
2350876,TDU31579,Accounts - Reconciliation,2025-05-14 19:20:15,2025-12-26,Australia,1,
2350877,TDU31580,Rejected,2025-05-15 00:21:39,2025-06-12,Australia,4,
2350878,TDU31581,Rejected,2025-05-15 11:19:18,2025-12-20,Australia,2,
2350879,TDU31582,Rejected,2025-05-15 12:00:49,2025-05-19,Australia,3,
2350880,TDU31583,Rejected,2025-05-15 23:17:27,2025-06-17,Australia,1,
2350881,TDU31584,Rejected,2025-05-15 23:18:00,2025-10-22,Australia,2,
2350882,TDU31585,Rejected,2025-05-16 00:16:00,2025-08-04,Australia,3,
2350883,TDU25732G,Auto Rejected,2025-05-16 09:49:00,2025-06-26,Australia,18,
2350884,TDU25733G,Rejected,2025-05-16 11:34:59,2025-08-17,Australia,50,
2350885,TDU31586,Rejected,2025-05-16 11:40:26,2025-07-01,Australia,15,
2350886,TDU25734G,Rejected,2025-05-09 00:07:05,2025-07-01,Australia,15,
2350887,TDU25735G,Auto Rejected,2025-05-09 00:07:05,2025-07-01,Australia,15,
2350888,TDU25736G,Rejected,2025-05-16 12:31:27,2025-05-27,Australia,17,
2350889,TDU25737G,Rejected,2025-05-16 13:23:21,2025-07-21,Australia,44,
2350890,TDU25738G,Auto Rejected,2025-05-16 13:41:08,2025-10-13,Australia,20,
2350891,TDU25739G,Rejected,2025-05-16 13:56:30,2025-10-23,Australia,20,
2350892,TDU31587,Rejected,2025-05-16 16:14:47,2025-11-26,Australia,2,
2350893,TDU31588,Rejected,2025-05-16 17:07:08,2025-12-30,Australia,10,
2350894,TDU31589,Rejected,2025-05-16 17:15:17,2025-09-10,Australia,2,
2350895,TDU31590,Rejected After Confrmation QA completed,2025-05-16 17:40:03,2025-06-25,Australia,5,
2350896,TDU25740G,Rejected,2025-05-16 17:43:25,2026-09-01,New Zealand,20,
2350897,TDU25741G,Auto Rejected,2025-05-16 17:59:46,2025-11-10,New Zealand,20,
2350898,TDU31591,On Ground,2025-05-16 18:05:11,2025-05-23,Australia,8,
2350899,TDU31592,Rejected,2025-05-16 18:22:39,2025-10-22,Australia,2,
2350900,TDU31593,Rejected,2025-05-16 18:43:37,2025-09-10,Australia,2,
2350901,TDU31594,Rejected,2025-05-16 20:06:40,2025-06-15,Australia,5,
2350902,TDU25742G,Rejected,2025-05-16 20:25:54,2025-11-19,Australia,20,
2350903,TDU31595,Rejected,2025-05-16 20:38:11,2025-05-28,Australia,6,
2350904,TDU31596,Rejected,2025-05-16 20:53:38,2025-06-15,Australia,5,
2350905,TDU31597,Accounts - Reconciliation,2025-05-16 21:53:34,2025-06-21,Australia,3,
2350906,TDU31598,Rejected,2025-05-16 22:08:54,2025-06-28,Australia,3,
2350907,TDU31599,Rejected,2025-05-16 22:36:44,2025-12-20,Australia,2,
2350908,TDU31600,Rejected,2025-05-16 22:52:47,2025-12-05,Australia,2,
2350909,TDU31601,Auto Rejected,2025-05-16 23:54:28,2025-05-24,Australia,5,
2350910,TDU31602,Auto Rejected,2025-05-17 00:20:36,2025-05-24,Australia,8,
2350911,TDU31603,Rejected,2025-05-17 12:33:50,2025-06-01,Australia,3,
2350912,TDU31604,Auto Rejected,2025-05-17 12:41:32,2025-05-01,Australia,2,
2350913,TDU31605,Rejected,2025-05-17 12:45:44,2025-06-01,Australia,1,
2350914,TDU31606,Rejected,2025-05-17 15:44:37,2025-09-09,Australia,4,
2350915,TDU31607,Rejected,2025-05-17 15:58:53,2025-09-09,Australia,4,
2350916,TDU31608,Rejected,2025-05-17 17:00:15,2025-06-09,Australia,4,
2350917,TDU31609,Rejected,2025-05-17 18:01:00,2025-09-21,Australia,2,
2350918,TDU31610,Rejected,2025-05-17 18:15:48,2025-06-09,Australia,4,
2350919,TDU25743G,Rejected,2025-05-17 18:49:55,2025-08-11,New Zealand,60,
2350920,TDU31611,Rejected,2025-05-17 21:25:30,2025-06-06,Australia,4,
2350921,TDU31612,Auto Rejected,2025-05-17 22:21:28,2025-09-24,Australia,2,
2350922,TDU31613,Auto Rejected,2025-05-17 22:27:48,2025-09-24,Australia,2,
2350923,TDU31614,Auto Rejected,2025-05-18 00:31:30,2025-05-21,Australia,4,
2350924,TDU25744G,Auto Rejected,2025-05-19 11:40:57,2025-08-10,Australia,20,
2350925,TDU25745G,Rejected,2025-05-19 17:39:45,2025-06-02,New Zealand,9,
2350926,TDU31615,Auto Rejected,2025-05-19 17:58:19,2025-06-08,Australia,9,
2350927,TDU31616,Auto Rejected,2025-05-19 18:01:07,2025-09-05,Australia,6,
2350928,TDU25746G,Rejected,2025-05-19 18:44:53,2025-08-06,Australia,60,
2350929,TDU25747G,Rejected,2025-05-19 18:57:57,2025-06-19,Australia,40,
2350930,TDU31617,Rejected,2025-05-19 19:03:35,2025-05-24,Australia,3,
2350931,TDU25748G,Rejected,2025-05-19 21:21:55,2025-10-27,New Zealand,30,
2350932,TDU31618,Rejected,2025-05-20 00:39:16,2025-09-05,Australia,8,
2350933,TDU25749G,Auto Rejected,2025-05-20 15:04:31,2025-10-15,Australia,15,
2350934,TDU31619,Rejected,2025-05-20 15:41:50,2025-05-24,Australia,3,
2350935,TDU31620,Rejected,2025-05-20 18:10:17,2025-12-10,Australia,3,
2350936,TDU31621,Accounts - Reconciliation,2025-05-20 18:22:05,2025-05-23,Australia,2,
2350937,TDU25750G,Rejected,2025-05-20 18:49:13,2025-09-02,New Zealand,65,
2350938,TDU31622,Auto Rejected,2025-05-20 18:52:17,2025-11-08,Australia,15,
2350939,TDU25751G,Accounts - Reconciliation,2025-05-20 19:26:55,2025-11-15,New Zealand,13,
2350940,TDU25752G,Rejected,2025-05-20 20:18:53,2025-09-03,New Zealand,65,
2350941,TDU31623,Rejected,2025-05-20 20:59:21,2025-06-10,Australia,4,
2350942,TDU25753G,Rejected,2025-05-20 21:29:58,2026-01-18,Australia,20,
2350943,TDU31624,Accounts - Reconciliation,2025-05-20 21:36:47,2025-10-03,Australia,3,
2350944,TDU25754G,Rejected,2025-05-20 21:59:36,2026-01-25,New Zealand,20,
2350945,TDU31625,Rejected,2025-05-20 23:12:24,2025-06-08,Australia,5,
2350946,TDU31626,Auto Rejected,2025-05-20 23:16:30,2025-05-26,Australia,8,
2350947,TDU31627,Rejected,2025-05-20 23:37:46,2025-09-26,Australia,2,
2350948,TDU31628,Rejected,2025-05-20 23:47:10,2025-09-26,Australia,2,
2350949,TDU25755G,Rejected,2025-05-20 23:56:18,2026-02-05,New Zealand,20,
2350950,TDU31629,Rejected,2025-05-21 00:14:33,2025-10-29,Australia,5,
2350951,TDU25756G,Rejected,2025-05-21 00:30:27,2025-12-28,New Zealand,18,
2350952,TDU31630,Accounts - Reconciliation,2025-05-21 01:04:22,2025-05-31,Australia,3,
2350953,TDU25757G,Accounts - Reconciliation,2025-05-20 18:52:17,2025-11-08,Australia,13,
2350954,TDU25758G,Rejected,2025-05-21 10:28:24,2025-08-05,Australia,150,
2350955,TDU25759G,Rejected,2025-05-21 13:00:40,2025-09-22,Australia,25,
2350956,TDU25760G,Rejected,2025-05-21 13:26:22,2025-10-02,Australia,16,
2350957,TDU31631,Auto Rejected,2025-05-21 14:36:34,2025-05-26,Australia,4,
2350958,TDU31632,Rejected,2025-05-21 16:13:47,2025-08-14,Australia,3,
2350959,TDU31633,Rejected,2025-05-21 16:20:49,2025-05-22,Australia,1,
2350960,TDU31634,Accounts - Reconciliation,2025-05-21 16:34:57,2025-07-16,Australia,9,
2350961,TDU25761G,Rejected,2025-05-21 17:04:56,2025-08-22,New Zealand,50,
2350962,TDU25762G,Rejected,2025-05-21 17:52:38,2025-08-10,Australia,50,
2350963,TDU31635,Rejected,2025-05-21 18:02:21,2025-10-18,Australia,2,
2350964,TDU25763G,Auto Rejected,2025-05-21 18:17:39,2025-07-29,New Zealand,35,
2350965,TDU31636,Rejected,2025-05-21 19:35:43,2025-09-09,Australia,8,
2350966,TDU31637,Rejected,2025-05-21 20:19:31,2026-02-04,Australia,2,
2350967,TDU25764G,Auto Rejected,2025-05-21 20:45:46,2025-07-25,Australia,35,
2350968,TDU31638,Auto Rejected,2025-05-21 23:55:30,2025-06-30,Australia,12,
2350969,TDU31639,Rejected,2025-05-22 00:49:15,2025-12-23,Australia,3,
2350970,TDU25765G,Rejected,2025-05-22 01:26:48,2025-05-30,New Zealand,11,
2350971,TDU25766G,Rejected,2025-05-22 15:43:13,2025-09-19,Australia,22,
2350972,TDU31640,Accounts - Reconciliation,2025-05-22 16:24:31,2025-06-10,Australia,4,
2350973,TDU31641,Rejected,2025-05-22 17:10:52,2025-07-13,Australia,3,
2350974,TDU31642,Rejected,2025-05-22 18:18:32,2025-07-12,Australia,2,
2350975,TDU31643,Rejected,2025-05-22 18:50:17,2025-10-14,Australia,7,
2350976,TDU31644,Auto Rejected,2025-05-22 20:19:07,2025-10-05,Australia,15,
2350977,TDU25767G,Accounts - Reconciliation,2025-05-22 20:45:12,2025-10-29,Australia,20,
2350978,TDU31645,Rejected,2025-05-22 21:33:41,2025-07-05,Australia,3,
2350979,TDU31646,Rejected,2025-05-22 21:39:24,2025-07-16,Australia,8,
2350980,TDU25768G,Rejected,2025-05-22 20:19:07,2025-10-05,Australia,15,
2350981,TDU31647,Rejected,2025-05-22 22:24:27,2025-07-05,Australia,3,
2350982,TDU31648,Rejected,2025-05-22 22:43:26,2025-08-14,Australia,4,
2350983,TDU31649,Rejected,2025-05-22 23:03:04,2025-09-23,Australia,10,
2350984,TDU31650,Auto Rejected,2025-05-22 23:10:55,2025-07-15,Australia,8,
2350985,TDU31651,Rejected,2025-05-22 23:19:28,2025-07-26,Australia,3,
2350986,TDU31652,Accounts - Reconciliation,2025-05-22 23:21:45,2025-05-31,Australia,3,
2350987,TDU31653,Auto Rejected,2025-05-23 00:14:28,2025-06-04,Australia,8,
2350988,TDU31654,Rejected,2025-05-23 00:23:45,2025-09-12,Australia,3,
2350989,TDU31655,Accounts - Reconciliation,2025-05-23 11:02:08,2025-05-30,Australia,1,
2350990,TDU25769G,Rejected,2025-05-21 23:55:30,2025-06-30,Australia,10,
2350991,TDU25770G,Auto Rejected,2025-05-23 16:49:54,2025-08-24,Australia,20,
2350992,TDU31656,Rejected,2025-05-23 17:02:47,2025-06-07,Australia,4,
2350993,TDU25771G,Auto Rejected,2025-05-23 17:09:32,2025-08-27,New Zealand,30,
2350994,TDU25772G,Auto Rejected,2025-05-23 17:40:15,2025-08-21,Australia,15,
2350995,TDU31657,Rejected,2025-05-23 17:46:05,2025-08-19,Australia,7,
2350996,TDU25773G,Auto Rejected,2025-05-23 17:46:32,2025-07-26,Australia,17,
2350997,TDU31658,Auto Rejected,2025-05-23 20:31:29,2025-06-09,Australia,2,
2350998,TDU31659,Accounts - Reconciliation,2025-05-23 21:18:26,2025-06-16,Australia,4,
2350999,TDU31660,On Ground,2025-05-23 21:21:06,2025-05-26,Australia,5,
2351000,TDU25774G,Rejected,2025-05-23 21:44:08,2025-12-03,New Zealand,20,
2351001,TDU31661,Auto Rejected,2025-05-23 22:26:48,2025-09-01,Australia,4,
2351002,TDU31662,Rejected,2025-05-23 23:31:17,2025-12-23,Australia,7,
2351003,TDU31663,Auto Rejected,2025-05-24 00:33:18,2025-05-28,Australia,3,
2351004,TDU31664,Rejected,2025-05-24 00:42:47,2025-06-15,Australia,4,
2351005,TDU31665,Rejected,2025-05-24 14:36:18,2025-07-07,Australia,4,
2351006,TDU31666,Rejected,2025-05-24 14:36:51,2025-07-07,Australia,4,
2351007,TDU31667,Rejected,2025-05-24 14:37:13,2025-07-07,Australia,4,
2351008,TDU31668,Rejected,2025-05-24 14:38:47,2025-07-07,Australia,4,
2351012,TDU31671,Auto Rejected,2025-05-24 19:15:36,2025-06-05,Australia,4,
2351014,TDU31672,Rejected,2025-05-24 20:24:05,2025-09-19,Australia,4,
2351015,TDU31673,Auto Rejected,2025-05-24 22:19:22,2025-06-30,Australia,3,
2351016,TDU31674,Rejected,2025-05-24 22:59:28,2025-06-18,Australia,4,
2351017,TDU31675,Rejected,2025-05-24 23:32:06,2025-07-25,Australia,4,
2351018,TDU25777G,Rejected,2025-05-25 05:07:10,2025-09-01,Australia,40,
2351019,TDU31676,Rejected,2025-05-25 20:14:09,2025-08-11,Australia,9,
2351020,TDU31677,Auto Rejected,2025-05-25 20:41:17,2025-06-25,Australia,4,
2351021,TDU31678,Rejected,2025-05-25 21:40:38,2025-06-25,Australia,4,
2351022,TDU31679,Rejected,2025-05-25 21:51:28,2025-07-09,Australia,2,
2351023,TDU31680,Auto Rejected,2025-05-25 22:05:09,2025-08-22,Australia,2,
2351024,TDU25778G,Rejected,2025-05-26 00:35:41,2025-11-04,Australia,55,
2351025,TDU25779G,Rejected,2025-05-26 14:06:00,2026-02-05,New Zealand,20,
2351026,TDU31681,Auto Rejected,2025-05-26 19:38:01,2025-05-31,Australia,3,
2351027,TDU31682,Rejected After Confrmation QA completed,2025-05-26 20:20:15,2025-06-29,Australia,5,
2351028,TDU25780G,Rejected,2025-05-26 22:16:39,2025-10-09,New Zealand,16,
2351029,TDU31683,Rejected,2025-05-26 22:31:00,2025-10-19,Australia,6,
2351030,TDU31684,Rejected,2025-05-26 23:15:26,2025-10-19,Australia,2,
2351031,TDU25781G,Rejected,2025-05-26 23:42:53,2025-10-01,Australia,16,
2351032,TDU31685,Rejected,2025-05-26 23:52:13,2025-06-08,Australia,6,
2351033,TDU31686,Rejected,2025-05-27 01:02:10,2025-09-16,Australia,4,
2351034,TDU31687,Auto Rejected,2025-05-27 01:13:59,2025-06-01,Australia,5,
2351035,TDU25782G,Rejected,2025-05-27 05:51:57,2025-08-15,Australia,25,
2351036,TDU25783G,Rejected,2025-05-27 11:44:36,2025-10-22,New Zealand,16,
2351037,TDU25784G,Rejected,2025-05-27 12:07:50,2025-09-19,Australia,22,
2351038,TDU31688,Auto Rejected,2025-05-27 17:02:24,2025-06-07,Australia,4,
2351040,TDU25785G,Rejected,2025-05-27 17:20:58,2025-11-20,Australia,27,
2351041,TDU31690,Rejected,2025-05-27 17:22:07,2025-07-19,Australia,4,
2351042,TDU31691,Accounts - Reconciliation,2025-05-27 17:40:26,2025-05-28,Australia,8,
2351043,TDU31692,Rejected,2025-05-27 17:58:40,2025-06-05,Australia,2,
2351044,TDU31693,Rejected,2025-05-27 19:21:32,2025-06-02,Australia,7,
2351045,TDU31694,Rejected,2025-05-27 19:28:07,2025-06-02,Australia,4,
2351046,TDU31695,Auto Rejected,2025-05-27 20:58:15,2025-07-12,Australia,4,
2351047,TDU31696,Auto Rejected,2025-05-27 21:05:03,2025-07-16,Australia,4,
2351048,TDU31697,Rejected,2025-05-27 21:13:44,2025-07-19,Australia,4,
2351049,TDU31698,Rejected,2025-05-27 21:22:32,2025-07-23,Australia,4,
2351051,TDU31700,Rejected After Confrmation QA completed,2025-05-27 22:16:42,2025-07-29,Australia,2,
2351052,TDU31701,Auto Rejected,2025-05-27 23:44:50,2025-06-07,Australia,4,
2351053,TDU31702,Rejected,2025-05-27 23:57:08,2025-06-15,Australia,3,
2351054,TDU31703,Rejected,2025-05-28 00:45:19,2025-10-22,Australia,7,
2351055,TDU25786G,Rejected,2025-05-28 15:09:08,2025-08-01,Australia,15,
2351056,TDU31704,Rejected,2025-05-28 16:11:18,2025-10-01,Australia,2,
2351057,TDU31705,Auto Rejected,2025-05-28 16:12:14,2025-06-02,Australia,8,
2351058,TDU25787G,Auto Rejected,2025-05-28 17:12:02,2025-09-28,Australia,36,
2351059,TDU25788G,Rejected,2025-05-28 17:20:54,2025-08-20,Australia,180,
2351060,TDU31706,Rejected,2025-05-28 19:08:40,2025-06-29,Australia,4,
2351061,TDU31707,Rejected,2025-05-28 20:21:25,2025-06-21,Australia,10,
2351062,TDU31708,Rejected,2025-05-28 20:36:57,2025-09-23,Australia,4,
2351063,TDU31709,Rejected,2025-05-28 20:45:28,2025-06-25,Australia,3,
2351065,TDU31711,Auto Rejected,2025-05-28 22:14:09,2025-10-15,Australia,4,
2351066,TDU31712,Rejected,2025-05-29 01:02:24,2025-09-10,Australia,2,
2351067,TDU31713,Rejected,2025-05-29 01:19:50,2025-12-19,Australia,9,
2351068,TDU31714,Rejected,2025-05-29 15:17:35,2025-10-06,Australia,2,
2351069,TDU31715,Rejected,2025-05-29 15:26:25,2025-06-16,Australia,5,
2351070,TDU31716,Accounts - Reconciliation,2025-05-29 16:55:33,2025-08-31,Australia,1,
2351074,TDU25789G,Rejected,2025-05-29 17:37:11,2025-11-17,New Zealand,37,
2351076,TDU31721,Accounts - Reconciliation,2025-05-29 18:20:18,2025-12-22,Australia,3,
2351077,TDU25790G,Rejected,2025-05-29 18:38:39,2025-06-18,Australia,11,
2351079,TDU31723,Rejected,2025-05-29 20:21:20,2025-12-26,Australia,2,
2351081,TDU31725,Rejected,2025-05-29 20:59:11,2025-11-20,Australia,2,
2351082,TDU31726,Auto Rejected,2025-05-29 21:16:21,2025-10-25,Australia,4,
2351083,TDU31727,Rejected After Confrmation QA completed,2025-05-29 21:18:36,2025-11-01,Australia,2,
2351084,TDU31728,Rejected,2025-05-29 21:24:41,2025-10-18,Australia,2,
2351085,TDU31729,Rejected,2025-05-29 22:06:16,2025-10-17,Australia,4,
2351086,TDU31730,Rejected,2025-05-29 22:35:36,2025-11-07,Australia,2,
2351087,TDU31731,Rejected,2025-05-29 22:54:46,2025-11-25,Australia,1,
2351088,TDU31732,Rejected,2025-05-29 23:16:59,2025-07-15,Australia,2,
2351089,TDU31733,Rejected,2025-05-29 23:48:14,2025-07-09,New Zealand,5,
2351090,TDU31734,Auto Rejected,2025-05-30 00:24:23,2025-09-10,Australia,1,
2351093,TDU25791G,Accounts - Reconciliation,2025-05-08 11:16:48,2025-06-22,Australia,9,
2351094,TDU25792G,Accounts - Reconciliation,2025-05-30 14:00:07,2025-06-11,Australia,17,
2351095,TDU31737,Rejected,2025-05-30 15:15:01,2025-07-25,Australia,3,
2351096,TDU31738,Rejected,2025-05-30 15:39:46,2025-11-07,Australia,2,
2351098,TDU25793G,Rejected,2025-05-30 16:49:36,2025-07-15,Australia,15,
2351099,TDU31740,Rejected,2025-05-30 17:05:10,2025-11-07,Australia,5,
2351100,TDU25794G,Auto Rejected,2025-05-30 17:08:01,2025-10-24,Australia,20,
2351101,TDU31741,Rejected,2025-05-30 17:30:11,2025-11-07,Australia,10,
2351103,TDU31743,Rejected,2025-05-30 19:57:34,2026-01-15,Australia,2,
2351104,TDU31744,Accounts - Reconciliation,2025-05-30 20:04:52,2025-06-09,Australia,2,
2351105,TDU25795G,Rejected,2025-05-30 20:24:54,2025-11-12,Australia,19,
2351106,TDU31745,Accounts - Reconciliation,2025-05-30 20:43:43,2025-06-11,Australia,3,
2351107,TDU31746,Rejected,2025-05-30 21:23:00,2025-06-19,Australia,3,
2351108,TDU31747,Rejected,2025-05-30 22:37:25,2025-07-09,Australia,5,
2351109,TDU25796G,Auto Rejected,2025-05-31 00:43:25,2025-07-29,Australia,20,
2351110,TDU31748,Rejected,2025-05-31 17:37:43,2025-07-07,Australia,3,
2351111,TDU31749,Rejected,2025-05-31 19:05:28,2025-07-07,Australia,3,
2351112,TDU25797G,Rejected,2025-05-31 19:54:03,2025-07-07,Australia,11,
2351113,TDU31750,Auto Rejected,2025-05-31 19:59:58,2025-07-15,Australia,2,
2351114,TDU25798G,Rejected,2025-05-31 22:36:51,2025-11-01,New Zealand,15,
2351115,TDU31751,Rejected,2025-05-31 22:40:31,2025-06-25,Australia,4,
2351119,TDU31755,Rejected,2025-06-01 18:22:43,2025-07-17,Australia,2,
2351120,TDU25799G,Rejected,2025-06-02 10:15:09,2025-08-20,Australia,30,
2351121,TDU31756,Rejected,2025-06-02 16:39:15,2025-07-15,Australia,2,
2351123,TDU31758,Auto Rejected,2025-06-02 17:29:44,2025-08-20,Australia,1,
2351124,TDU25800G,Auto Rejected,2025-06-02 17:45:10,2025-08-02,Australia,150,
2351125,TDU25801G,On Ground,2025-06-02 18:43:13,2025-07-02,Australia,15,
2351126,TDU25802G,Auto Rejected,2025-06-02 19:01:56,2025-08-15,Australia,90,
2351127,TDU25803G,Auto Rejected,2025-06-02 19:35:25,2025-08-15,Australia,90,
2351129,TDU31760,Rejected,2025-06-02 20:30:35,2025-10-05,Australia,6,
2351131,TDU31762,Rejected,2025-06-02 21:05:35,2025-09-01,Australia,2,
2351132,TDU31763,Rejected,2025-06-02 21:45:51,2025-10-08,Australia,7,
2351133,TDU25804G,Auto Rejected,2025-06-03 10:05:02,2025-09-01,Australia,20,
2351135,TDU31765,Rejected,2025-06-03 13:11:29,2025-08-23,Australia,6,
2351136,TDU25805G,Rejected After Confrmation QA completed,2025-06-03 14:31:55,2025-10-30,Australia,16,
2351142,TDU31771,Auto Rejected,2025-06-03 20:22:27,2025-06-10,Australia,3,
2351143,TDU31772,Rejected,2025-06-03 21:08:43,2025-09-24,Australia,4,
2351144,TDU25806G,Rejected,2025-06-04 10:34:21,2025-10-01,New Zealand,20,
2351145,TDU25807G,Rejected,2025-06-04 12:15:01,2025-10-15,Australia,20,
2351146,TDU25808G,Rejected,2025-06-04 13:20:32,2025-12-08,Australia,39,
2351147,TDU25809G,Rejected,2025-06-04 13:28:59,2025-12-12,New Zealand,39,
2351148,TDU25810G,Rejected,2025-06-04 14:23:02,2025-12-26,Australia,15,
2351149,TDU25811G,Auto Rejected,2025-06-04 14:38:43,2026-01-05,Australia,17,
2351150,TDU31773,Auto Rejected,2025-06-04 16:02:23,2025-09-06,Australia,6,
2351151,TDU25812G,Auto Rejected,2025-06-04 16:07:20,2025-09-01,Australia,14,
2351152,TDU25813G,Auto Rejected,2025-06-04 17:15:56,2026-01-13,New Zealand,17,
2351153,TDU25814G,Auto Rejected,2025-06-04 17:39:48,2025-09-10,Australia,14,
2351154,TDU31774,Accounts - Reconciliation,2025-06-04 20:35:19,2025-09-28,Australia,5,
2351155,TDU31775,Rejected,2025-06-04 20:53:03,2025-06-20,Australia,3,
2351156,TDU31776,Auto Rejected,2025-06-04 21:00:56,2025-07-04,Australia,2,
2351157,TDU31777,Rejected,2025-06-04 21:26:47,2025-06-25,Unknown,6,
2351158,TDU31778,Rejected,2025-06-04 21:48:53,2025-06-08,Australia,2,
2351159,TDU31779,Auto Rejected,2025-06-04 21:52:17,2025-06-25,Unknown,6,
2351160,TDU31780,Auto Rejected,2025-06-04 21:56:16,2025-06-25,Australia,6,
2351161,TDU31781,Rejected After Confrmation QA completed,2025-06-04 22:44:46,2025-12-23,Australia,10,
2351162,TDU31782,Rejected,2025-06-04 23:09:29,2025-06-13,Australia,3,
2351163,TDU31783,Auto Rejected,2025-06-05 00:02:46,2025-10-02,Australia,2,
2351164,TDU25815G,Rejected,2025-06-05 00:17:11,2025-08-20,Australia,180,
2351165,TDU25816G,Rejected,2025-06-05 00:17:59,2025-08-11,Australia,30,
2351166,TDU25817G,Rejected,2025-06-05 00:43:36,2025-09-05,Australia,20,
2351167,TDU25818G,Rejected,2025-06-05 00:56:51,2025-09-12,New Zealand,20,
2351168,TDU25819G,Rejected,2025-06-05 10:33:26,2025-09-05,Australia,17,
2351169,TDU25820G,Rejected,2025-06-05 11:35:21,2025-12-31,New Zealand,15,
2351170,TDU25821G,Rejected,2025-06-05 11:35:41,2025-09-14,Australia,40,
2351171,TDU25822G,Rejected,2025-06-05 11:38:14,2025-12-31,New Zealand,15,
2351178,TDU25823G,Auto Rejected,2025-06-05 17:15:57,2025-09-05,Australia,25,
2351179,TDU25824G,Auto Rejected,2025-06-05 17:25:26,2025-11-27,Australia,15,
2351182,TDU31791,Auto Rejected,2025-06-05 18:45:47,2025-09-13,Australia,2,
2351187,TDU31796,Rejected,2025-06-05 21:41:52,2025-11-24,Australia,2,
2351188,TDU31797,Auto Rejected,2025-06-05 21:42:20,2025-10-05,Australia,2,
2351189,TDU31798,Accounts - Reconciliation,2025-06-05 21:45:27,2025-06-07,Australia,1,
2351190,TDU31799,Rejected,2025-06-05 22:33:50,2025-10-18,Australia,4,
2351191,TDU31800,Rejected,2025-06-05 23:24:24,2025-08-28,Australia,8,
2351192,TDU25826G,Rejected,2025-06-06 00:31:40,2025-12-03,Australia,20,
2351193,TDU31801,Rejected,2025-06-06 00:54:50,2025-08-13,Australia,2,
2351194,TDU25827G,Rejected,2025-06-06 00:58:26,2025-12-30,New Zealand,16,
2351197,TDU25828G,Auto Rejected,2025-06-06 13:17:46,2025-12-03,Australia,15,
2351198,TDU25829G,Rejected,2025-06-06 13:42:02,2025-10-26,Australia,67,
2351199,TDU31804,Rejected,2025-06-06 17:10:38,2025-12-18,Australia,3,
2351201,TDU31806,Auto Rejected,2025-06-06 22:02:03,2025-06-30,Australia,2,
2351202,TDU31807,Accounts - Reconciliation,2025-06-07 00:03:25,2025-06-11,Australia,4,
2351206,TDU31811,Rejected,2025-06-07 19:59:53,2025-06-20,Australia,4,
2351207,TDU31812,Accounts - Reconciliation,2025-06-07 20:45:07,2025-06-22,Australia,2,
2351208,TDU31813,Rejected,2025-06-07 23:30:16,2025-09-17,Australia,2,
2351209,TDU31814,Rejected,2025-06-07 23:37:25,2025-09-17,Australia,4,
2351210,TDU31815,Rejected,2025-06-07 23:40:18,2025-09-17,Australia,4,
2351211,TDU31816,Rejected,2025-06-07 23:50:25,2025-09-17,Australia,2,
2351212,TDU25830G,Rejected,2025-06-08 01:58:10,2025-10-19,Australia,35,
2351213,TDU25831G,Rejected,2025-06-08 01:59:25,2025-10-19,New Zealand,35,
2351216,TDU25832G,Rejected,2025-06-08 19:04:32,2025-11-21,Australia,30,
2351217,TDU25833G,Rejected,2025-06-08 20:13:52,2026-02-27,Australia,40,
2351218,TDU25834G,Rejected,2025-06-08 21:23:23,2025-10-23,Australia,20,
2351219,TDU25835G,Auto Rejected,2025-06-09 01:05:25,2025-07-23,New Zealand,15,
2351220,TDU25836G,Rejected,2025-06-09 01:32:41,2025-12-03,Australia,25,
2351222,TDU31820,Accounts - Reconciliation,2025-06-09 15:07:49,2025-06-10,Australia,6,
2351223,TDU31821,Accounts - Reconciliation,2025-06-09 15:36:07,2025-06-13,Australia,6,
2351224,TDU31822,Rejected,2025-06-09 17:18:34,2025-06-18,Australia,3,
2351225,TDU31823,Accounts - Reconciliation,2025-06-09 19:32:06,2025-09-07,Australia,3,
2351227,TDU25837G,Auto Rejected,2025-06-09 21:16:59,2025-06-23,Australia,26,
2351228,TDU25838G,Rejected,2025-06-09 21:53:39,2025-09-15,Australia,350,
2351229,TDU25839G,Rejected,2025-06-09 21:55:53,2025-09-07,Australia,350,
2351230,TDU25840G,Auto Rejected,2025-06-09 22:08:43,2025-08-13,New Zealand,100,
2351231,TDU25841G,Rejected,2025-06-09 22:15:48,2025-08-10,Australia,60,
2351232,TDU31825,Rejected,2025-06-09 23:38:38,2025-10-15,Australia,4,
2351233,TDU25842G,Auto Rejected,2025-06-10 01:21:09,2025-08-07,Australia,70,
2351234,TDU25843G,Rejected,2025-06-10 02:12:04,2025-09-11,Australia,40,
2351235,TDU31826,Auto Rejected,2025-06-10 08:46:26,2025-06-19,Australia,8,
2351236,TDU25844G,Auto Rejected,2025-06-10 09:36:23,2025-11-08,Australia,15,
2351237,TDU31827,Auto Rejected,2025-06-10 10:26:10,2025-10-11,Australia,2,
2351241,TDU31831,Accounts - Reconciliation,2025-06-10 15:38:49,2025-06-11,Australia,6,
2351242,TDU25845G,Auto Rejected,2025-06-10 16:19:27,2025-11-09,Australia,15,
2351243,TDU25846G,Auto Rejected,2025-06-10 16:21:24,2025-11-15,New Zealand,10,
2351244,TDU25847G,Auto Rejected,2025-06-10 17:03:48,2025-11-10,Australia,12,
2351245,TDU25848G,Rejected,2025-06-10 17:15:42,2026-03-24,New Zealand,20,
2351246,TDU25849G,Rejected,2025-06-10 18:37:51,2025-09-22,Australia,30,
2351247,TDU25850G,Rejected,2025-06-10 18:44:37,2025-09-17,New Zealand,16,
2351249,TDU25851G,Rejected After Confrmation QA pending,2025-06-10 19:38:39,2025-11-20,New Zealand,25,
2351251,TDU25852G,Accounts - Reconciliation,2025-06-10 20:04:05,2025-11-03,Australia,14,
2351255,TDU25853G,Rejected,2025-06-10 20:57:22,2025-10-19,Australia,20,
2351256,TDU25854G,Rejected,2025-06-10 21:33:22,2025-11-01,Australia,25,
2351257,TDU31837,Accounts - Reconciliation,2025-06-10 21:34:42,2025-06-28,Australia,4,
2351258,TDU25855G,Rejected,2025-06-10 21:44:22,2025-11-07,New Zealand,20,
2351260,TDU31839,Rejected,2025-06-11 17:32:07,2025-08-15,Australia,3,
2351261,TDU31840,Rejected,2025-06-11 17:37:28,2025-10-07,Australia,4,
2351262,TDU25856G,Auto Rejected,2025-06-11 18:12:35,2025-09-05,Australia,20,
2351263,TDU25857G,Auto Rejected,2025-06-11 18:21:06,2025-09-01,Australia,14,
2351264,TDU31841,Rejected,2025-06-11 18:57:38,2025-10-08,Australia,4,
2351268,TDU31844,Accounts - Reconciliation,2025-06-11 21:55:19,2025-06-19,Australia,7,
2351269,TDU31845,Accounts - Reconciliation,2025-06-11 22:06:28,2025-06-13,Australia,3,
2351270,TDU31846,Rejected,2025-06-11 23:57:56,2025-10-27,Australia,8,
2351271,TDU31847,Accounts - Reconciliation,2025-06-12 00:20:26,2025-06-15,Australia,4,
2351274,TDU25859G,Auto Rejected,2025-06-12 10:31:22,2025-09-22,Australia,33,
2351275,TDU25860G,Rejected,2025-06-12 11:29:58,2025-08-01,Australia,200,
2351276,TDU25861G,Auto Rejected,2025-06-12 11:33:12,2025-09-10,Australia,125,
2351282,TDU31855,Accounts - Reconciliation,2025-06-12 16:20:31,2025-06-16,Australia,9,
2351284,TDU25863G,Rejected,2025-06-12 17:43:17,2025-11-01,Australia,20,
2351285,TDU25864G,Rejected,2025-06-12 17:51:21,2025-11-08,New Zealand,20,
2351286,TDU31856,Auto Rejected,2025-06-12 18:29:09,2025-09-01,Australia,3,
2351287,TDU25865G,Rejected,2025-06-12 18:36:36,2025-10-28,Australia,25,
2351288,TDU25866G,Rejected,2025-06-12 22:33:58,2025-09-10,New Zealand,59,
2351289,TDU31857,Accounts - Reconciliation,2025-06-12 22:47:47,2025-06-20,Australia,4,
2351290,TDU31858,Auto Rejected,2025-06-12 23:18:45,2026-04-01,Australia,3,
2351291,TDU31859,Auto Rejected,2025-06-12 23:50:50,2025-06-23,Australia,3,
2351295,TDU25867G,Rejected,2025-06-13 10:59:59,2025-10-01,Australia,30,
2351296,TDU31863,Auto Rejected,2025-06-13 11:13:54,2025-06-14,Australia,1,
2351298,TDU31865,Rejected,2025-06-13 16:39:55,2025-08-15,Australia,8,
2351300,TDU31867,Rejected,2025-06-13 19:30:35,2025-08-15,Australia,8,
2351301,TDU31868,Auto Rejected,2025-06-13 19:34:00,2025-07-05,Australia,2,
2351303,TDU31870,Rejected,2025-06-13 20:03:45,2025-12-22,Australia,3,
2351305,TDU31872,Rejected,2025-06-13 20:39:45,2025-12-02,Australia,2,
2351306,TDU31873,Rejected,2025-06-13 20:44:35,2025-08-29,Australia,8,
2351307,TDU25868G,Rejected,2025-06-13 21:14:57,2025-12-21,New Zealand,22,
2351309,TDU31875,Rejected,2025-06-13 23:06:06,2025-10-24,Australia,2,
2351310,TDU25869G,Accounts - Reconciliation,2025-06-13 23:27:42,2026-03-27,Australia,29,
2351311,TDU25870G,On Ground,2025-06-14 00:47:06,2026-04-03,New Zealand,27,
2351314,TDU25871G,Rejected,2025-06-14 15:12:55,2025-10-02,Australia,30,
2351315,TDU25872G,PRE QA - completed,2025-06-14 15:22:11,2025-08-18,Australia,32,
2351316,TDU31878,Rejected,2025-06-14 19:54:50,2025-12-19,Australia,3,
2351317,TDU31879,Rejected,2025-06-14 20:02:08,2025-12-18,Australia,4,
2351318,TDU31880,Accounts - Reconciliation,2025-06-14 20:36:34,2025-09-28,Australia,3,
2351319,TDU25873G,Rejected,2025-06-15 00:21:22,2025-08-11,Australia,31,
2351326,TDU25874G,Rejected,2025-06-16 10:42:46,2025-09-01,Australia,300,
2351327,TDU25875G,Rejected,2025-06-16 11:07:08,2026-03-10,Australia,25,
2351328,TDU25876G,Rejected,2025-06-16 11:31:30,2026-03-15,Australia,25,
2351329,TDU25877G,Rejected,2025-06-16 12:16:44,2025-12-22,Australia,14,
2351331,TDU31888,Auto Rejected,2025-06-16 17:53:17,2025-09-21,Australia,5,
2351332,TDU31889,Rejected,2025-06-16 19:23:16,2025-08-01,Australia,2,
2351335,TDU31892,Rejected,2025-06-16 21:36:55,2025-09-26,Australia,3,
2351336,TDU31893,Auto Rejected,2025-06-16 22:57:48,2025-10-18,Australia,2,
2351338,TDU31895,Auto Rejected,2025-06-17 10:23:45,2025-12-22,Australia,4,
2351339,TDU25878G,Rejected,2025-06-17 11:59:46,2025-09-17,Australia,87,
2351340,TDU31896,Rejected,2025-06-17 14:52:31,2025-07-04,Australia,2,
2351342,TDU31898,Accounts - Reconciliation,2025-06-17 16:40:57,2025-06-23,Australia,4,
2351343,TDU25879G,Rejected,2025-06-17 17:31:39,2025-10-01,New Zealand,15,
2351344,TDU31899,Rejected,2025-06-17 18:11:37,2025-08-14,Australia,4,
2351345,TDU31900,Accounts - Reconciliation,2025-06-17 18:17:35,2025-08-15,Australia,3,
2351348,TDU25880G,Rejected,2025-06-17 20:02:44,2025-10-01,New Zealand,15,
2351350,TDU31904,Auto Rejected,2025-06-17 20:29:48,2026-04-20,Australia,3,
2351352,TDU31906,Rejected,2025-06-17 21:48:14,2025-07-11,Australia,5,
2351353,TDU31907,Accounts - Reconciliation,2025-06-17 22:46:20,2025-06-20,Australia,6,
2351354,TDU25881G,Rejected,2025-06-18 00:18:53,2025-08-28,Australia,33,
2351355,TDU25882G,Rejected After Confrmation QA pending,2025-06-18 00:44:53,2025-10-24,Australia,40,
2351362,TDU31914,Auto Rejected,2025-06-18 15:47:32,2026-02-23,Australia,2,
2351365,TDU31917,Rejected,2025-06-18 16:55:27,2025-10-01,Australia,4,
2351366,TDU31918,Rejected,2025-06-18 17:19:02,2025-10-01,Australia,6,
2351367,TDU31919,Rejected,2025-06-18 17:41:54,2025-10-01,Australia,10,
2351369,TDU31921,Rejected,2025-06-18 21:13:18,2025-10-02,Australia,3,
2351371,TDU31923,Auto Rejected,2025-06-18 22:21:34,2026-04-04,Australia,2,
2351372,TDU31924,Auto Rejected,2025-06-18 22:27:16,2026-01-03,Australia,2,
2351373,TDU31925,Rejected,2025-06-18 23:16:50,2025-09-26,Australia,2,
2351374,TDU25883G,Rejected After Confrmation QA pending,2025-06-19 00:32:01,2026-04-24,Australia,21,
2351375,TDU25884G,Rejected,2025-06-19 01:08:48,2025-11-01,Australia,20,
2351376,TDU25885G,Rejected,2025-06-19 02:47:41,2025-11-01,Australia,20,
2351378,TDU31927,Auto Rejected,2025-06-19 13:47:23,2025-08-12,Australia,4,
2351379,TDU31928,Rejected,2025-06-19 17:32:52,2025-08-11,Australia,7,
2351380,TDU25886G,Auto Rejected,2025-06-19 17:41:18,2025-09-03,Australia,40,
2351381,TDU25887G,Rejected,2025-06-19 19:31:22,2025-09-20,Australia,90,
2351382,TDU31929,Rejected,2025-06-19 21:00:44,2025-11-04,Australia,3,
2351383,TDU31930,Rejected,2025-06-19 21:37:32,2025-11-04,Australia,3,
2351384,TDU31931,Rejected,2025-06-19 21:40:19,2025-12-27,New Zealand,6,
2351386,TDU25888G,Rejected,2025-06-20 00:44:21,2025-10-01,New Zealand,30,
2351388,TDU25889G,Rejected,2025-06-20 11:24:49,2025-12-26,Australia,107,
2351391,TDU25890G,Rejected,2025-06-20 14:00:49,2025-10-30,Australia,225,
2351392,TDU25891G,Rejected,2025-06-20 15:02:40,2025-10-30,Australia,300,
2351394,TDU31937,Rejected,2025-06-20 17:29:08,2025-07-25,Australia,2,
2351397,TDU31940,Rejected,2025-06-20 19:28:22,2025-07-21,Australia,2,
2351400,TDU31943,Rejected,2025-06-20 21:13:19,2025-08-10,Australia,6,
2351401,TDU31944,Auto Rejected,2025-06-20 23:34:06,2025-10-27,Australia,2,
2351402,TDU25892G,Rejected,2025-06-21 00:09:39,2025-10-27,Australia,20,
2351403,TDU25893G,Rejected,2025-06-21 01:04:00,2026-02-01,New Zealand,20,
2351404,TDU25894G,Rejected,2025-06-21 01:30:52,2026-02-10,Australia,20,
2351410,TDU25895G,Rejected,2025-06-21 15:31:25,2025-11-03,Australia,20,
2351411,TDU25896G,Rejected,2025-06-21 16:41:23,2025-10-01,Australia,20,
2351412,TDU25897G,Rejected,2025-06-21 16:51:49,2025-09-05,Australia,25,
2351413,TDU31950,Auto Rejected,2025-06-21 17:24:12,2025-07-16,Australia,2,
2351414,TDU31951,Rejected,2025-06-21 17:40:38,2025-12-09,Australia,2,
2351415,TDU25898G,Rejected,2025-06-21 19:10:34,2025-10-22,Australia,20,
2351416,TDU25899G,Rejected,2025-06-21 20:16:35,2025-08-01,Australia,60,
2351421,TDU25900G,Rejected,2025-06-22 19:22:22,2025-10-24,Australia,20,
2351422,TDU25901G,Rejected,2025-06-22 22:14:35,2025-11-02,New Zealand,20,
2351423,TDU31956,Rejected,2025-06-23 00:24:54,2025-09-30,Australia,10,
2351424,TDU31957,Rejected,2025-06-23 00:46:18,2026-06-10,Australia,4,
2351425,TDU25902G,Auto Rejected,2025-06-23 10:05:48,2025-09-18,Australia,15,
2351426,TDU25903G,Accepted,2025-06-23 11:59:09,2025-09-01,Australia,35,
2351427,TDU25904G,Rejected,2025-06-23 13:19:40,2026-01-25,Australia,60,
2351428,TDU31958,Rejected,2025-06-23 15:15:50,2025-08-27,Australia,5,
2351432,TDU31962,Auto Rejected,2025-06-23 17:18:10,2025-08-12,Australia,5,
2351433,TDU25905G,Rejected,2025-06-23 17:47:32,2025-11-10,Australia,30,
2351434,TDU31963,Rejected,2025-06-23 17:49:04,2025-07-07,Australia,3,
2351435,TDU25906G,Rejected,2025-06-23 18:00:22,2025-11-17,New Zealand,30,
2351436,TDU31964,Rejected,2025-06-23 18:14:57,2025-12-05,Australia,2,
2351437,TDU31965,Auto Rejected,2025-06-23 18:24:39,2025-08-12,Australia,5,
2351438,TDU31966,Rejected,2025-06-23 20:34:45,2025-10-23,Australia,4,
2351440,TDU31968,Rejected,2025-06-23 23:08:54,2025-07-15,Australia,3,
2351445,TDU25908G,Auto Rejected,2025-06-24 10:56:18,2025-07-07,Australia,8,
2351448,TDU31974,Auto Rejected,2025-06-24 13:13:58,2026-02-02,Australia,5,
2351449,TDU25909G,Rejected,2025-06-24 14:46:43,2025-11-01,Australia,20,
2351450,TDU25910G,Rejected,2025-06-24 16:47:59,2025-11-01,Australia,250,
2351451,TDU25911G,Rejected,2025-06-24 16:52:51,2026-12-19,Australia,25,
2351452,TDU31975,Auto Rejected,2025-06-24 17:00:21,2026-03-02,Australia,5,
2351453,TDU25912G,Rejected,2025-06-24 17:03:15,2025-09-15,Australia,12,
2351454,TDU25913G,Rejected,2025-06-24 17:03:43,2025-10-18,Australia,15,
2351456,TDU25914G,Auto Rejected,2025-06-24 20:13:02,2025-08-18,Australia,215,
2351457,TDU31977,Rejected,2025-06-24 21:06:15,2025-07-14,Australia,4,
2351458,TDU25915G,Rejected,2025-06-24 21:08:22,2025-09-21,Australia,50,
2351459,TDU25916G,Rejected,2025-06-24 21:39:35,2025-09-21,Australia,50,
2351460,TDU31978,Rejected,2025-06-24 21:48:21,2025-09-16,Australia,3,
2351461,TDU31979,Auto Rejected,2025-06-24 23:37:04,2026-02-02,Australia,5,
2351462,TDU31980,Rejected,2025-06-25 00:30:57,2025-09-05,Australia,2,
2351464,TDU25917G,Rejected,2025-06-25 10:40:49,2025-10-01,Australia,16,
2351465,TDU25918G,Rejected After Confrmation QA completed,2025-06-25 11:26:05,2025-10-18,New Zealand,25,
2351466,TDU25919G,Auto Rejected,2025-06-25 12:41:10,2025-11-04,Australia,50,
2351467,TDU25920G,Rejected,2025-06-25 13:30:14,2025-12-21,New Zealand,18,
2351469,TDU25921G,Rejected,2025-06-25 15:31:20,2025-07-11,Australia,50,
2351470,TDU25922G,Rejected,2025-06-25 18:08:33,2025-12-13,New Zealand,12,
2351471,TDU31983,Auto Rejected,2025-06-25 19:59:38,2025-09-05,Australia,2,
2351472,TDU31984,Auto Rejected,2025-06-25 20:23:26,2026-03-02,Australia,5,
2351473,TDU31985,Auto Rejected,2025-06-25 20:43:36,2025-09-13,Australia,4,
2351475,TDU31987,Rejected,2025-06-25 21:37:04,2025-12-12,Australia,2,
2351476,TDU25923G,Rejected,2025-06-26 00:27:17,2025-12-13,New Zealand,12,
2351477,TDU31988,Rejected,2025-06-26 00:33:37,2025-11-01,Australia,3,
2351479,TDU25924G,PRE QA - pending,2025-06-26 10:57:21,2026-03-18,Australia,16,
2351480,TDU25925G,On Ground,2025-06-26 13:58:58,2026-03-24,New Zealand,16,
2351483,TDU25926G,Auto Rejected,2025-06-26 17:04:47,2026-01-10,Australia,20,
2351484,TDU31992,Auto Rejected,2025-06-26 17:47:45,2025-08-17,Australia,4,
2351485,TDU31993,Rejected,2025-06-26 18:06:12,2025-10-23,Australia,4,
2351486,TDU25927G,Auto Rejected,2025-06-26 18:08:47,2025-08-25,Australia,14,
2351487,TDU31994,Auto Rejected,2025-06-26 19:31:44,2025-09-15,Australia,2,
2351488,TDU25928G,Rejected,2025-06-26 19:45:33,2025-10-11,Australia,20,
2351489,TDU25929G,Rejected After Confrmation QA completed,2025-06-26 20:08:03,2025-11-11,New Zealand,30,
2351493,TDU25930G,Auto Rejected,2025-06-27 10:45:18,2025-12-03,New Zealand,50,
2351494,TDU25931G,Rejected,2025-06-27 12:42:02,2025-11-10,Australia,16,
2351495,TDU25932G,Rejected,2025-06-27 12:55:44,2025-11-22,Australia,150,
2351496,TDU25933G,Rejected,2025-06-27 13:12:15,2025-11-12,New Zealand,150,
2351499,TDU25934G,Auto Rejected,2025-06-27 17:14:34,2025-08-25,Australia,15,
2351501,TDU32000,Auto Rejected,2025-06-27 21:05:23,2025-11-22,Australia,5,
2351504,TDU32003,Auto Rejected,2025-06-29 20:21:32,2025-07-07,Australia,4,
2351505,TDU25936G,Created,2025-06-30 10:23:06,2026-10-19,Australia,11,
2351506,TDU25937G,Rejected,2025-06-30 14:42:40,2025-08-01,Australia,37,
2351509,TDU25938G,Rejected,2025-06-30 15:13:30,2025-10-11,Australia,16,
2351511,TDU32007,Rejected,2025-06-30 15:52:53,2025-11-11,Australia,2,
2351514,TDU25939G,Auto Rejected,2025-06-30 16:45:57,2026-03-09,Australia,14,
2351515,TDU25940G,Rejected After Confrmation QA completed,2025-06-30 16:48:21,2025-10-19,Australia,14,
2351517,TDU25941G,Rejected,2025-06-30 17:39:22,2025-10-22,Australia,21,
2351520,TDU25942G,Rejected,2025-06-30 18:58:18,2025-09-19,New Zealand,15,
2351528,TDU25943G,Auto Rejected,2025-07-01 09:38:54,2025-08-15,Australia,30,
2351530,TDU25944G,Auto Rejected,2025-07-01 14:27:48,2025-11-11,Australia,7,
2351531,TDU25945G,Auto Rejected,2025-07-01 17:10:17,2025-11-05,Australia,65,
2351532,TDU25946G,Rejected,2025-07-01 17:26:14,2025-11-27,New Zealand,20,
2351533,TDU25947G,Rejected,2025-07-01 18:00:33,2025-11-01,Australia,60,
2351545,TDU32032,Rejected,2025-07-02 13:41:42,2025-10-24,Australia,2,
2351546,TDU32033,Rejected,2025-07-02 14:18:07,2025-10-30,Australia,2,
2351550,TDU32035,Rejected,2025-07-02 15:06:03,2025-10-18,Australia,2,
2351552,TDU32037,Rejected,2025-07-02 15:43:37,2025-10-22,Australia,2,
2351553,TDU32038,Rejected,2025-07-02 16:00:48,2025-11-07,Australia,2,
2351554,TDU32039,Rejected,2025-07-02 16:23:42,2025-11-05,Australia,2,
2351555,TDU25950G,Rejected,2025-07-02 16:37:26,2025-11-02,Australia,15,
2351557,TDU25951G,Rejected,2025-07-02 17:00:11,2025-09-15,Australia,60,
2351558,TDU25952G,Auto Rejected,2025-07-02 17:26:09,2025-07-24,Australia,11,
2351559,TDU25953G,Accepted,2025-07-02 17:54:13,2025-09-15,Australia,75,
2351561,TDU25954G,Rejected,2025-07-02 18:59:20,2026-03-07,Australia,30,
2351562,TDU25955G,Rejected,2025-07-02 19:14:04,2026-03-13,New Zealand,30,
2351563,TDU32042,Rejected,2025-07-02 19:42:44,2025-11-01,Australia,2,
2351564,TDU32043,Rejected,2025-07-02 20:08:53,2025-10-30,Australia,2,
2351566,TDU25956G,Rejected,2025-07-02 20:16:28,2025-10-17,Australia,20,
2351573,TDU32050,Rejected,2025-07-03 15:49:53,2025-07-13,Australia,9,
2351574,TDU25958G,Rejected,2025-07-03 16:18:22,2025-09-01,Australia,75,
2351575,TDU25959G,Rejected,2025-07-03 17:17:30,2025-10-05,Australia,40,
2351576,TDU25960G,Auto Rejected,2025-07-03 17:40:35,2026-01-05,Australia,15,
2351578,TDU25961G,Rejected,2025-07-03 18:02:31,2026-05-04,Australia,15,
2351579,TDU32052,Accounts - Reconciliation,2025-07-03 18:02:57,2025-07-15,Australia,3,
2351581,TDU32054,Accounts - Reconciliation,2025-07-03 19:27:25,2025-08-28,Australia,4,
2351584,TDU32057,Accounts - Reconciliation,2025-07-03 21:15:41,2025-08-28,Australia,4,
2351587,TDU25962G,Rejected,2025-07-04 11:41:27,2025-12-01,New Zealand,80,
2351595,TDU25963G,Rejected,2025-07-04 16:02:30,2025-09-15,Australia,600,
2351596,TDU32067,Rejected,2025-07-04 16:43:14,2025-10-04,Australia,4,
2351599,TDU25964G,Rejected,2025-07-04 17:31:26,2026-01-19,Australia,14,
2351601,TDU25965G,Auto Rejected,2025-07-04 17:50:42,2025-08-20,Australia,15,
2351606,TDU25966G,Rejected,2025-07-04 20:03:54,2026-01-10,New Zealand,14,
2351607,TDU25967G,Rejected,2025-07-04 21:32:18,2025-12-24,Australia,30,
2351609,TDU32076,Rejected,2025-07-04 22:00:23,2025-12-30,Australia,10,
2351610,TDU32077,Auto Rejected,2025-07-04 22:01:01,2025-12-30,Australia,11,
2351611,TDU25968G,Rejected,2025-07-04 22:01:01,2025-12-30,Australia,11,
2351612,TDU25969G,Rejected,2025-07-04 22:03:17,2025-08-21,Australia,30,
2351614,TDU25970G,Rejected,2025-07-04 22:58:54,2025-12-23,New Zealand,11,
2351616,TDU25971G,Rejected,2025-07-05 00:15:06,2026-01-17,New Zealand,30,
2351618,TDU25972G,Rejected,2025-07-05 00:46:28,2025-10-10,New Zealand,16,
2351625,TDU32087,Auto Rejected,2025-07-05 13:44:13,2025-07-05,Australia,2,
2351627,TDU32089,Rejected,2025-07-05 16:36:42,2025-07-12,Australia,3,
2351631,TDU25973G,Rejected,2025-07-05 20:43:40,2026-03-01,Australia,30,
2351632,TDU32093,Auto Rejected,2025-07-05 20:52:35,2025-07-14,Australia,1,
2351634,TDU32095,Auto Rejected,2025-07-05 21:17:59,2025-07-07,Australia,4,
2351635,TDU32096,Auto Rejected,2025-07-05 21:37:51,2025-07-12,Australia,2,
2351636,TDU25974G,Rejected,2025-07-05 21:48:35,2025-10-23,Australia,11,
2351637,TDU32097,Accounts - Reconciliation,2025-07-05 22:33:54,2025-07-09,Australia,3,
2351639,TDU25975G,Auto Rejected,2025-07-05 23:46:27,2025-09-05,Australia,24,
2351640,TDU32099,Auto Rejected,2025-07-06 10:47:16,2025-07-13,Australia,7,
2351641,TDU32100,Auto Rejected,2025-07-06 12:29:24,2025-07-06,Australia,3,
2351642,TDU32101,Auto Rejected,2025-07-06 14:08:12,2025-07-07,Australia,5,
2351643,TDU32102,Auto Rejected,2025-07-06 14:58:15,2025-07-11,Australia,3,
2351644,TDU32103,Auto Rejected,2025-07-06 18:22:10,2025-07-08,Australia,3,
2351645,TDU32104,Auto Rejected,2025-07-06 18:27:20,2025-07-07,Australia,1,
2351646,TDU32105,Auto Rejected,2025-07-06 19:21:17,2025-07-07,Australia,2,
2351647,TDU32106,Auto Rejected,2025-07-06 19:29:33,2025-07-07,Australia,1,
2351648,TDU32107,Auto Rejected,2025-07-07 00:07:25,2025-07-08,Australia,4,
2351649,TDU32108,Auto Rejected,2025-07-07 13:53:33,2025-07-07,Australia,4,
2351650,TDU32109,Auto Rejected,2025-07-07 14:01:23,2025-07-07,Australia,4,
2351651,TDU32110,Auto Rejected,2025-07-07 14:08:10,2025-07-07,Australia,3,
2351662,TDU32121,Rejected,2025-07-07 22:54:21,2025-09-25,Australia,8,
2351665,TDU32124,Accounts - Reconciliation,2025-07-08 11:22:57,2025-07-18,New Zealand,3,
2351666,TDU25976G,Rejected,2025-07-08 11:41:11,2025-09-12,New Zealand,28,
2351667,TDU25977G,Rejected,2025-07-08 12:22:34,2025-11-03,Australia,80,
2351668,TDU25978G,Auto Rejected,2025-07-08 12:25:48,2025-11-11,New Zealand,80,
2351670,TDU32126,Rejected,2025-07-08 15:47:31,2025-07-23,Australia,2,
2351672,TDU25979G,Rejected,2025-07-08 16:48:08,2025-10-18,Australia,15,
2351674,TDU32129,Rejected,2025-07-08 17:20:38,2025-07-23,Australia,2,
2351678,TDU32133,Rejected,2025-07-08 18:36:24,2025-12-12,Australia,2,
2351679,TDU32134,Rejected,2025-07-08 20:05:40,2025-10-07,Australia,2,
2351680,TDU25980G,Auto Rejected,2025-07-08 20:47:19,2025-09-10,Australia,250,
2351681,TDU32135,Auto Rejected,2025-07-08 20:59:24,2025-09-14,Australia,7,
2351690,TDU25981G,Rejected,2025-07-09 17:11:10,2025-10-20,Australia,12,
2351691,TDU25982G,Rejected,2025-07-09 17:27:31,2025-10-20,Australia,12,
2351695,TDU25983G,Auto Rejected,2025-07-09 18:38:50,2025-11-11,Australia,20,
2351698,TDU25984G,Auto Rejected,2025-07-09 21:32:13,2026-03-10,Australia,20,
2351703,TDU25985G,Auto Rejected,2025-07-10 01:39:55,2026-03-10,Australia,15,
2351704,TDU25986G,Auto Rejected,2025-07-10 13:17:57,2025-09-05,Australia,24,
2351705,TDU25987G,Rejected,2025-07-10 14:00:58,2026-03-12,Australia,30,
2351706,TDU25988G,Rejected,2025-07-10 14:20:03,2026-05-02,Australia,20,
2351707,TDU25989G,Rejected,2025-07-10 14:43:15,2025-10-21,Australia,40,
2351708,TDU25990G,Rejected,2025-07-10 15:01:36,2025-10-17,New Zealand,20,
2351713,TDU32157,Rejected,2025-07-10 18:28:49,2025-09-07,Australia,2,
2351715,TDU32159,Auto Rejected,2025-07-10 19:32:13,2026-03-09,Australia,2,
2351716,TDU32160,Rejected,2025-07-10 20:22:03,2025-09-05,Australia,7,
2351718,TDU32162,Auto Rejected,2025-07-10 20:45:59,2026-03-09,Australia,2,
2351720,TDU32164,Auto Rejected,2025-07-10 20:54:41,2026-02-05,Australia,7,
2351721,TDU32165,Rejected,2025-07-10 21:22:03,2025-09-05,Australia,7,
2351722,TDU32166,Auto Rejected,2025-07-10 21:59:10,2026-03-09,Australia,2,
2351723,TDU32167,Rejected,2025-07-10 22:16:27,2025-09-05,Australia,7,
2351724,TDU32168,Auto Rejected,2025-07-10 22:43:34,2026-03-10,Australia,2,
2351726,TDU32170,Rejected,2025-07-11 00:15:47,2025-11-18,Australia,2,
2351729,TDU32173,Auto Rejected,2025-07-11 02:29:58,2026-03-10,Australia,2,
2351730,TDU32174,Rejected,2025-07-11 03:13:12,2025-10-16,Australia,4,
2351731,TDU25991G,Auto Rejected,2025-07-11 09:23:13,2026-04-06,Australia,20,
2351732,TDU25992G,Auto Rejected,2025-07-11 12:19:32,2025-09-05,Australia,24,
2351733,TDU32175,Rejected,2025-07-11 15:06:50,2025-10-16,Australia,4,
2351736,TDU32177,Rejected,2025-07-11 15:56:59,2026-03-11,New Zealand,10,
2351738,TDU32179,Auto Rejected,2025-07-11 16:54:27,2025-10-16,Australia,2,
2351740,TDU25994G,Auto Rejected,2025-07-11 20:00:08,2026-03-10,Australia,15,
2351745,TDU25995G,Auto Rejected,2025-07-12 01:01:31,2026-03-10,Australia,10,
2351747,TDU32186,Auto Rejected,2025-07-12 02:03:21,2025-11-13,Australia,10,
2351751,TDU32190,Auto Rejected,2025-07-12 13:43:03,2025-07-12,Australia,1,
2351752,TDU32191,Auto Rejected,2025-07-12 13:55:03,2025-07-12,Australia,1,
2351754,TDU32193,Rejected,2025-07-12 14:54:41,2025-09-25,Australia,10,
2351762,TDU25996G,Accounts - Reconciliation,2025-07-14 09:18:32,2026-04-09,Australia,30,
2351763,TDU25997G,Rejected,2025-07-14 09:36:38,2026-04-09,Australia,40,
2351764,TDU25998G,Auto Rejected,2025-07-14 10:44:57,2025-09-22,New Zealand,15,
2351765,TDU25999G,Auto Rejected,2025-07-14 10:57:44,2025-09-22,Australia,15,
2351766,TDU32201,Accounts - Reconciliation,2025-07-14 11:50:16,2025-07-28,New Zealand,4,
2351770,TDU32205,Rejected,2025-07-14 14:05:43,2025-09-17,Australia,6,
2351771,TDU32206,Rejected,2025-07-14 14:45:13,2025-10-24,Australia,3,
2351774,TDU26000G,Rejected,2025-07-14 16:49:30,2026-01-06,Australia,20,
2351777,TDU26001G,Rejected,2025-07-14 17:39:14,2026-03-11,Australia,15,
2351778,TDU26002G,Rejected,2025-07-14 17:59:59,2025-09-15,Australia,25,
2351783,TDU26004G,Auto Rejected,2025-07-14 22:10:16,2026-03-10,Australia,15,
2351785,TDU32214,Accounts - Reconciliation,2025-07-14 23:45:41,2025-08-06,Australia,3,
2351786,TDU32215,Auto Rejected,2025-07-15 01:25:46,2025-08-16,Australia,4,
2351787,TDU26006G,Auto Rejected,2025-07-15 10:02:15,2025-12-01,Australia,20,
2351788,TDU26007G,On Ground,2025-07-15 10:18:32,2026-04-01,New Zealand,14,
2351789,TDU26008G,Rejected,2025-07-15 12:13:24,2026-03-11,New Zealand,15,
2351790,TDU26009G,Rejected,2025-07-15 14:18:10,2025-09-18,New Zealand,60,
2351791,TDU26010G,Rejected,2025-07-15 15:00:59,2026-02-12,New Zealand,16,
2351792,TDU26011G,Rejected,2025-07-15 15:18:15,2025-11-15,New Zealand,15,
2351793,TDU32216,Rejected,2025-07-15 18:27:35,2025-12-22,Australia,2,
2351794,TDU26012G,Rejected,2025-07-15 19:48:19,2026-03-11,Australia,15,
2351795,TDU32217,Rejected,2025-07-15 20:56:14,2025-11-06,Australia,4,
2351797,TDU32219,Auto Rejected,2025-07-15 21:47:53,2025-09-19,Australia,3,
2351799,TDU32221,Auto Rejected,2025-07-15 22:19:00,2025-10-17,Australia,4,
2351801,TDU32222,Auto Rejected,2025-07-15 22:25:25,2025-09-23,Australia,2,
2351802,TDU32223,Rejected,2025-07-15 23:04:21,2025-11-19,Australia,8,
2351803,TDU32224,Auto Rejected,2025-07-16 00:22:06,2025-09-05,Australia,2,
2351805,TDU32226,Rejected After Confrmation QA completed,2025-07-16 01:11:45,2025-11-18,Australia,2,
2351806,TDU32227,Auto Rejected,2025-07-16 02:03:34,2025-08-10,Australia,2,
2351807,TDU32228,Auto Rejected,2025-07-16 10:50:19,2025-10-15,Australia,4,
2351808,TDU26014G,Rejected,2025-07-16 11:23:51,2026-01-26,Australia,12,
2351809,TDU26015G,Auto Rejected,2025-07-16 12:15:45,2025-11-01,Australia,15,
2351810,TDU26016G,Rejected,2025-07-16 12:36:21,2026-02-03,New Zealand,12,
2351811,TDU26017G,Rejected,2025-07-16 13:30:27,2026-01-15,Australia,20,
2351812,TDU32229,Rejected,2025-07-16 15:31:00,2026-03-10,Australia,2,
2351814,TDU32231,Rejected,2025-07-16 17:17:53,2025-08-14,Australia,4,
2351815,TDU32232,Rejected,2025-07-16 17:25:41,2026-03-10,Australia,2,
2351816,TDU26018G,Rejected,2025-07-16 17:27:48,2025-10-03,Australia,16,
2351817,TDU26019G,Rejected,2025-07-16 17:49:04,2026-04-06,Australia,25,
2351818,TDU32233,Rejected,2025-07-16 18:01:22,2026-03-10,Australia,3,
2351819,TDU32234,Rejected,2025-07-16 18:51:41,2026-03-10,Australia,3,
2351820,TDU32235,Rejected,2025-07-16 19:18:22,2025-12-11,Australia,2,
2351821,TDU32236,Auto Rejected,2025-07-16 19:20:06,2025-12-12,Australia,3,
2351823,TDU32238,Rejected,2025-07-16 19:53:13,2025-08-12,Australia,7,
2351824,TDU32239,Rejected,2025-07-16 20:22:37,2025-09-22,Australia,2,
2351825,TDU32240,Rejected,2025-07-16 20:27:18,2026-03-10,Australia,2,
2351826,TDU32241,Rejected,2025-07-16 20:34:07,2025-10-17,Australia,4,
2351827,TDU32242,Accounts - Reconciliation,2025-07-16 21:56:05,2025-09-25,Australia,4,
2351828,TDU32243,Rejected,2025-07-16 21:59:05,2026-03-10,Australia,2,
2351830,TDU26020G,Rejected,2025-07-17 01:08:23,2025-10-23,New Zealand,30,
2351831,TDU32245,Rejected,2025-07-17 10:22:13,2025-10-01,Australia,10,
2351832,TDU26021G,Rejected,2025-07-17 12:16:58,2025-10-22,New Zealand,16,
2351833,TDU32246,Accounts - Reconciliation,2025-07-17 13:29:52,2025-10-09,Australia,2,
2351834,TDU26022G,Rejected,2025-07-17 13:36:44,2025-11-11,Australia,30,
2351835,TDU26023G,Accounts - Reconciliation,2025-07-17 14:45:34,2025-08-06,Australia,15,
2351836,TDU32247,Rejected,2025-07-17 15:36:45,2025-09-27,Australia,4,
2351837,TDU32248,Auto Rejected,2025-07-17 18:29:52,2025-09-04,Australia,6,
2351838,TDU32249,Auto Rejected,2025-07-17 18:37:44,2025-09-07,Australia,3,
2351839,TDU32250,Rejected,2025-07-17 18:58:49,2026-02-10,Australia,10,
2351840,TDU32251,Auto Rejected,2025-07-17 19:38:13,2025-07-20,Australia,4,
2351841,TDU32252,Rejected,2025-07-17 20:42:26,2025-10-23,Australia,6,
2351842,TDU26024G,Auto Rejected,2025-07-17 21:24:15,2026-03-10,New Zealand,15,
2351843,TDU32253,Rejected,2025-07-17 21:31:42,2025-12-15,Australia,2,
2351844,TDU32254,Rejected,2025-07-17 22:12:09,2025-10-18,Australia,4,
2351845,TDU32255,Rejected,2025-07-17 23:15:52,2025-09-14,Australia,2,
2351846,TDU32256,Accounts - Reconciliation,2025-07-18 01:30:34,2025-08-10,Australia,5,
2351847,TDU26025G,Rejected,2025-07-18 01:48:51,2026-01-11,Australia,12,
2351848,TDU26026G,Accounts - Reconciliation,2025-07-18 10:09:41,2025-09-22,New Zealand,15,
2351850,TDU26027G,Rejected,2025-07-18 12:31:57,2025-11-11,Australia,30,
2351855,TDU32261,Rejected,2025-07-18 16:03:49,2025-07-24,Australia,10,
2351856,TDU26029G,Rejected,2025-07-18 16:23:54,2025-10-25,Australia,20,
2351857,TDU26030G,Rejected,2025-07-18 16:48:06,2026-05-25,Australia,20,
2351858,TDU26031G,Rejected,2025-07-18 16:55:46,2025-11-01,New Zealand,20,
2351859,TDU32262,Rejected,2025-07-18 17:15:04,2025-09-20,Australia,4,
2351860,TDU32263,Rejected,2025-07-18 17:50:23,2025-12-10,Australia,2,
2351861,TDU26032G,Rejected,2025-07-18 17:57:27,2025-09-12,New Zealand,30,
2351862,TDU32264,Auto Rejected,2025-07-18 18:05:16,2026-03-10,Australia,2,
2351863,TDU32265,Rejected,2025-07-18 19:14:27,2026-01-14,Australia,2,
2351864,TDU32266,Rejected After Confrmation QA completed,2025-07-18 20:06:48,2025-10-16,Australia,4,
2351865,TDU32267,Auto Rejected,2025-07-18 20:36:36,2026-03-10,Australia,2,
2351866,TDU32268,Auto Rejected,2025-07-18 21:25:29,2026-04-20,Australia,3,
2351868,TDU32270,Rejected,2025-07-18 23:32:15,2025-07-31,Australia,1,
2351869,TDU32271,Rejected,2025-07-18 23:57:18,2025-09-04,Australia,2,
2351870,TDU32272,Rejected,2025-07-19 00:11:59,2025-10-29,Australia,7,
2351872,TDU26033G,Rejected,2025-07-19 17:41:32,2025-11-10,Australia,165,
2351874,TDU32275,Rejected,2025-07-19 19:05:07,2025-10-20,Australia,3,
2351875,TDU32276,Rejected,2025-07-19 19:16:30,2025-08-16,Australia,2,
2351876,TDU32277,Accounts - Reconciliation,2025-07-19 19:52:33,2025-11-17,Australia,8,
2351879,TDU32280,Auto Rejected,2025-07-19 20:33:37,2026-02-17,Australia,6,
2351880,TDU26034G,Rejected,2025-07-20 01:51:56,2025-11-01,New Zealand,65,
2351881,TDU26035G,Rejected,2025-07-20 02:28:24,2026-08-01,Australia,300,
2351882,TDU26036G,Auto Rejected,2025-07-21 10:09:37,2026-01-12,Australia,40,
2351883,TDU32281,Auto Rejected,2025-07-21 15:04:08,2025-09-27,Australia,20,
2351884,TDU26037G,Rejected,2025-07-21 15:04:08,2025-09-27,New Zealand,20,
2351885,TDU32282,Auto Rejected,2025-07-21 17:44:24,2026-01-10,Australia,2,
2351886,TDU32283,Auto Rejected,2025-07-21 18:27:17,2025-09-05,Australia,2,
2351887,TDU32284,Rejected,2025-07-21 18:27:20,2025-10-06,Australia,4,
2351888,TDU32285,Accounts - Reconciliation,2025-07-21 18:40:02,2025-08-25,Australia,1,
2351889,TDU32286,Auto Rejected,2025-07-21 18:41:03,2025-11-09,Australia,1,
2351890,TDU32287,Rejected,2025-07-21 18:45:14,2025-10-22,Australia,2,
2351891,TDU32288,Rejected,2025-07-21 19:19:10,2026-01-16,Australia,2,
2351892,TDU32289,Rejected After Confrmation QA pending,2025-07-21 20:29:51,2025-11-13,Australia,2,
2351893,TDU32290,Rejected,2025-07-21 22:09:24,2025-10-01,Australia,4,
2351896,TDU26038G,Rejected,2025-07-22 10:32:51,2026-04-01,Australia,30,
2351897,TDU26039G,Rejected,2025-07-22 10:55:57,2025-10-06,Australia,15,
2351898,TDU32293,Rejected,2025-07-22 13:41:41,2025-11-21,Australia,5,
2351899,TDU32294,Rejected,2025-07-22 15:14:54,2025-10-19,Australia,3,
2351900,TDU26040G,Auto Rejected,2025-07-22 16:25:54,2025-09-03,Australia,27,
2351901,TDU32295,Rejected,2025-07-22 16:34:22,2025-09-22,Australia,3,
2351905,TDU32299,Rejected,2025-07-22 17:17:46,2025-09-21,Australia,3,
2351907,TDU26041G,Rejected,2025-07-22 17:43:34,2026-02-22,New Zealand,15,
2351908,TDU32301,Rejected,2025-07-22 20:48:54,2025-11-14,Australia,10,
2351909,TDU32302,Rejected,2025-07-22 21:04:31,2025-11-10,Australia,4,
2351910,TDU32303,Rejected,2025-07-22 21:06:53,2026-03-10,Australia,2,
2351911,TDU32304,Rejected,2025-07-22 21:44:44,2025-10-15,Australia,2,
2351913,TDU32306,Rejected,2025-07-22 21:58:20,2025-10-23,Australia,2,
2351914,TDU32307,Auto Rejected,2025-07-22 22:16:57,2026-03-10,Australia,2,
2351916,TDU32309,Rejected,2025-07-22 22:23:52,2026-01-04,Australia,2,
2351917,TDU32310,Rejected After Confrmation QA pending,2025-07-22 22:56:34,2026-03-09,Australia,2,
2351918,TDU32311,Rejected,2025-07-23 00:08:52,2025-12-10,Australia,2,
2351919,TDU32312,Accounts - Reconciliation,2025-07-23 00:23:07,2025-08-28,Australia,2,
2351920,TDU32313,Rejected,2025-07-23 00:49:56,2025-10-10,Australia,2,
2351921,TDU32314,Rejected,2025-07-23 01:02:50,2025-11-25,Australia,6,
2351922,TDU26042G,Rejected,2025-07-23 12:38:24,2025-09-17,Australia,12,
2351923,TDU26043G,Auto Rejected,2025-07-23 13:08:02,2026-06-15,Australia,12,
2351924,TDU26044G,Auto Rejected,2025-07-23 13:20:16,2025-09-26,Australia,12,
2351925,TDU26045G,Rejected,2025-07-23 13:21:34,2025-09-26,New Zealand,12,
2351926,TDU26046G,Rejected,2025-07-23 13:30:36,2025-09-01,New Zealand,60,
2351927,TDU32315,Rejected,2025-07-23 16:55:02,2025-10-22,Australia,10,
2351928,TDU32316,Accounts - Reconciliation,2025-07-23 18:12:51,2025-10-25,New Zealand,4,
2351935,TDU32323,Rejected,2025-07-23 21:45:48,2026-01-16,Australia,3,
2351938,TDU26047G,Rejected,2025-07-24 06:05:25,2025-09-01,New Zealand,60,
2351939,TDU26048G,Auto Rejected,2025-07-24 10:25:09,2025-11-17,New Zealand,40,
2351940,TDU26049G,Rejected,2025-07-24 12:50:06,2026-04-01,Australia,30,
2351941,TDU26050G,Rejected,2025-07-24 13:20:51,2025-11-13,New Zealand,14,
2351943,TDU32327,Accounts - Reconciliation,2025-07-24 15:45:30,2025-12-02,Australia,2,
2351947,TDU32331,Rejected,2025-07-24 17:00:05,2025-12-16,Australia,4,
2351948,TDU32332,Rejected,2025-07-24 17:07:19,2025-12-16,Australia,5,
2351954,TDU32338,Auto Rejected,2025-07-24 19:54:19,2025-10-02,Australia,10,
2351956,TDU32340,Rejected,2025-07-24 22:31:42,2025-12-23,Australia,2,
2351960,TDU26051G,Rejected,2025-07-25 16:12:21,2025-10-21,Australia,14,
2351961,TDU26052G,Rejected,2025-07-25 17:06:37,2025-11-17,New Zealand,35,
2351962,TDU32344,Rejected,2025-07-25 17:50:09,2025-10-10,Australia,2,
2351963,TDU26053G,Rejected,2025-07-25 18:08:47,2026-02-15,New Zealand,13,
2351964,TDU26054G,Rejected,2025-07-25 18:30:01,2025-10-21,Australia,14,
2351965,TDU26055G,Rejected,2025-07-25 19:56:32,2026-09-01,Australia,20,
2351967,TDU26056G,Auto Rejected,2025-07-25 20:47:18,2025-09-08,New Zealand,20,
2351969,TDU32347,Accounts - Reconciliation,2025-07-25 21:07:10,2025-09-26,Australia,2,
2351972,TDU26057G,Auto Rejected,2025-07-25 22:44:22,2025-10-24,Australia,20,
2351977,TDU26059G,Rejected,2025-07-26 06:31:42,2025-11-02,New Zealand,20,
2351982,TDU26060G,Rejected,2025-07-26 22:55:26,2025-09-20,New Zealand,120,
2351986,TDU26061G,Rejected,2025-07-27 16:21:26,2025-10-01,New Zealand,200,
2351987,TDU26062G,Rejected,2025-07-27 17:00:31,2025-11-13,New Zealand,14,
2351988,TDU26063G,Rejected,2025-07-27 18:26:41,2025-11-23,Australia,14,
2351989,TDU26064G,Rejected,2025-07-27 20:06:34,2025-11-05,Australia,14,
2351990,TDU26065G,Auto Rejected,2025-07-28 17:13:31,2025-11-17,Australia,23,
2351991,TDU32360,Auto Rejected,2025-07-28 19:16:16,2026-03-10,New Zealand,2,
2351992,TDU26066G,Rejected,2025-07-28 19:19:16,2025-10-21,New Zealand,25,
2351997,TDU32365,Auto Rejected,2025-07-28 21:07:39,2025-08-21,Australia,4,
2352000,TDU32368,Auto Rejected,2025-07-28 22:55:31,2026-03-10,New Zealand,2,
2352003,TDU32370,Auto Rejected,2025-07-29 00:25:10,2026-03-10,New Zealand,2,
2352005,TDU32372,Auto Rejected,2025-07-29 10:49:10,2026-01-01,Australia,2,
2352006,TDU32373,Auto Rejected,2025-07-29 10:53:09,2026-01-05,New Zealand,2,
2352007,TDU26068G,Rejected,2025-07-29 13:08:17,2025-10-01,Australia,75,
2352008,TDU32374,Accounts - Reconciliation,2025-07-29 14:11:31,2025-11-11,Australia,6,
2352009,TDU32375,Auto Rejected,2025-07-29 14:57:04,2026-04-20,Australia,3,
2352010,TDU32376,Accounts - Reconciliation,2025-07-29 16:02:50,2025-08-31,Australia,2,
2352012,TDU32378,Auto Rejected,2025-07-29 16:36:12,2026-03-10,New Zealand,2,
2352014,TDU26069G,Auto Rejected,2025-07-29 16:49:23,2025-10-13,Australia,25,
2352015,TDU26070G,Rejected,2025-07-29 16:57:48,2026-02-16,Australia,15,
2352017,TDU26071G,Rejected,2025-07-29 17:41:52,2025-10-23,Australia,15,
2352018,TDU26072G,Rejected,2025-07-29 17:50:47,2025-10-23,Australia,11,
2352019,TDU26073G,Rejected,2025-07-29 17:52:53,2026-02-25,New Zealand,15,
2352020,TDU32381,Accounts - Reconciliation,2025-07-29 19:17:53,2025-08-11,Australia,7,
2352022,TDU32383,Auto Rejected,2025-07-29 20:26:03,2025-08-28,Australia,4,
2352024,TDU32385,Auto Rejected,2025-07-29 20:48:57,2025-08-28,Australia,4,
2352026,TDU32386,Rejected,2025-07-29 21:03:20,2025-12-03,Australia,2,
2352027,TDU26075G,Rejected,2025-07-29 21:17:24,2025-10-23,Australia,11,
2352028,TDU32387,Auto Rejected,2025-07-29 21:30:48,2026-03-10,New Zealand,2,
2352031,TDU32390,Auto Rejected,2025-07-29 22:21:23,2025-08-21,Australia,4,
2352032,TDU32391,Auto Rejected,2025-07-29 22:31:27,2025-08-24,Australia,4,
2352035,TDU32394,Auto Rejected,2025-07-29 23:36:54,2025-09-27,Australia,2,
2352036,TDU32395,Auto Rejected,2025-07-30 01:38:44,2026-03-10,New Zealand,2,
2352037,TDU26076G,Accounts - Reconciliation,2025-07-30 12:57:44,2025-11-01,Australia,17,
2352038,TDU32396,Accounts - Reconciliation,2025-07-30 15:43:00,2025-10-07,Australia,2,
2352045,TDU32402,Rejected,2025-07-30 17:19:30,2025-08-06,Australia,3,
2352047,TDU26078G,Auto Rejected,2025-07-30 18:12:26,2025-07-21,Australia,14,
2352048,TDU32404,Auto Rejected,2025-07-30 18:14:08,2025-08-18,Australia,6,
2352050,TDU26079G,Auto Rejected,2025-07-30 18:51:24,2025-09-07,Australia,200,
2352051,TDU32406,Auto Rejected,2025-07-30 19:35:43,2025-08-06,Australia,3,
2352054,TDU26080G,Rejected After Confrmation QA completed,2025-07-30 21:03:08,2025-10-02,Australia,30,
2352056,TDU26081G,Auto Rejected,2025-07-30 21:59:27,2025-09-07,Australia,200,
2352059,TDU32412,Rejected,2025-07-31 00:04:11,2025-11-22,Australia,2,
2352061,TDU26082G,Rejected,2025-07-31 14:31:53,2025-10-20,Australia,77,
2352062,TDU32414,Rejected,2025-07-31 14:41:03,2025-09-09,Australia,10,
2352064,TDU32415,Auto Rejected,2025-07-31 16:11:11,2025-10-15,Australia,4,
2352069,TDU32420,Accounts - Reconciliation,2025-07-31 17:51:26,2025-09-24,Australia,2,
2352075,TDU26084G,Auto Rejected,2025-07-31 22:57:03,2025-10-23,Australia,11,
2352077,TDU32427,Rejected,2025-07-31 23:33:26,2025-09-26,Australia,4,
2352078,TDU32428,Rejected,2025-07-31 23:52:59,2025-11-08,Australia,8,
2352079,TDU32429,Rejected,2025-08-01 00:14:53,2025-11-08,Australia,8,
2352081,TDU26085G,Auto Rejected,2025-08-01 02:58:50,2025-09-07,Australia,200,
2352082,TDU26086G,Auto Rejected,2025-08-01 09:20:37,2025-12-22,New Zealand,15,
2352083,TDU32431,Accounts - Reconciliation,2025-08-01 14:49:47,2026-03-09,Australia,2,
2352084,TDU32432,Rejected,2025-08-01 15:12:06,2025-10-18,Australia,4,
2352086,TDU32433,Accounts - Reconciliation,2025-08-01 16:28:27,2025-11-07,New Zealand,2,
2352087,TDU32434,Auto Rejected,2025-08-01 16:45:32,2025-08-22,New Zealand,5,
2352088,TDU26088G,Rejected,2025-08-01 17:54:11,2025-09-01,Australia,40,
2352093,TDU32438,Rejected,2025-08-01 21:31:07,2026-01-06,Australia,4,
2352096,TDU32441,Rejected,2025-08-01 22:34:35,2025-12-08,Australia,5,
2352098,TDU32443,Auto Rejected,2025-08-01 23:23:11,2026-03-10,New Zealand,2,
2352099,TDU26090G,Rejected,2025-08-02 05:41:47,2026-02-13,Australia,16,
2352101,TDU26091G,Rejected,2025-08-02 15:26:51,2025-11-13,New Zealand,12,
2352103,TDU32446,Rejected,2025-08-02 18:12:48,2025-12-30,Australia,2,
2352106,TDU32447,Auto Rejected,2025-08-02 20:45:30,2026-03-10,New Zealand,2,
2352108,TDU26095G,Rejected,2025-08-02 22:59:36,2025-11-09,Australia,21,
2352109,TDU26096G,Rejected,2025-08-03 02:47:33,2026-03-01,New Zealand,45,
2352111,TDU26097G,Rejected,2025-08-04 12:48:56,2025-10-01,Australia,14,
2352112,TDU26098G,Auto Rejected,2025-08-04 13:12:01,2025-11-12,Australia,175,
2352113,TDU32449,Auto Rejected,2025-08-04 14:07:38,2025-11-02,Australia,3,
2352114,TDU26099G,Rejected,2025-08-04 15:01:15,2026-02-16,Australia,30,
2352115,TDU32450,Auto Rejected,2025-08-04 15:24:37,2025-12-23,Australia,5,
2352118,TDU32453,Auto Rejected,2025-08-04 17:17:30,2025-12-26,New Zealand,5,
2352119,TDU32454,Rejected,2025-08-04 17:22:48,2025-10-01,Australia,2,
2352120,TDU32455,Auto Rejected,2025-08-04 17:35:23,2025-11-02,Australia,3,
2352122,TDU32457,Rejected,2025-08-04 18:34:20,2025-12-25,Australia,2,
2352124,TDU26100G,Auto Rejected,2025-08-04 20:25:52,2025-10-20,Australia,26,
2352125,TDU26101G,Auto Rejected,2025-08-04 20:42:44,2025-10-20,Australia,26,
2352126,TDU32459,Rejected,2025-08-04 20:46:14,2025-09-30,Australia,4,
2352129,TDU26102G,Auto Rejected,2025-08-04 21:40:51,2026-02-26,Australia,15,
2352130,TDU26103G,Rejected,2025-08-04 22:17:06,2025-10-17,Australia,12,
2352133,TDU26104G,Rejected,2025-08-04 22:51:59,2025-10-17,Australia,15,
2352136,TDU26105G,Auto Rejected,2025-08-05 10:11:38,2026-03-01,New Zealand,15,
2352137,TDU26106G,On Ground,2025-08-05 12:43:48,2026-04-10,New Zealand,14,
2352139,TDU32467,Rejected,2025-08-05 15:28:31,2025-12-25,Australia,4,
2352142,TDU32470,Auto Rejected,2025-08-05 19:07:52,2025-09-05,Australia,10,
2352143,TDU26107G,Rejected,2025-08-05 19:14:34,2025-10-02,Australia,30,
2352147,TDU32474,Auto Rejected,2025-08-05 22:04:58,2025-08-27,Australia,2,
2352149,TDU32476,Rejected,2025-08-05 22:12:42,2026-03-16,Australia,4,
2352150,TDU32477,Auto Rejected,2025-08-05 22:49:14,2025-09-26,Australia,7,
2352151,TDU26108G,Rejected,2025-08-05 23:21:27,2026-02-24,Australia,20,
2352152,TDU26109G,Rejected,2025-08-06 05:49:54,2025-09-20,New Zealand,305,
2352153,TDU26110G,Rejected,2025-08-06 11:34:53,2026-04-01,Australia,30,
2352154,TDU32478,Auto Rejected,2025-08-06 15:06:53,2025-08-18,Australia,2,
2352155,TDU26111G,Accounts - Reconciliation,2025-08-06 15:49:57,2025-08-07,Australia,24,
2352158,TDU32481,Accounts - Reconciliation,2025-08-06 17:24:53,2025-09-01,Australia,4,
2352161,TDU32484,Rejected After Confrmation QA completed,2025-08-06 20:58:18,2025-10-30,Australia,4,
2352168,TDU32491,Rejected,2025-08-07 00:08:43,2025-12-16,Australia,2,
2352170,TDU26112G,Rejected,2025-08-07 15:05:13,2025-10-19,New Zealand,11,
2352171,TDU32493,Rejected,2025-08-07 15:11:27,2025-12-15,Australia,1,
2352173,TDU32495,Accounts - Reconciliation,2025-08-07 15:54:55,2025-10-27,New Zealand,3,
2352174,TDU26113G,Rejected,2025-08-07 16:10:04,2025-10-28,Australia,50,
2352175,TDU32496,Accounts - Reconciliation,2025-08-07 16:27:22,2025-10-24,New Zealand,4,
2352176,TDU26114G,Rejected,2025-08-07 16:37:31,2025-10-09,Australia,25,
2352179,TDU32498,Rejected,2025-08-07 17:12:55,2025-10-01,New Zealand,3,
2352180,TDU26116G,Accounts - Reconciliation,2025-08-07 17:18:05,2025-10-28,Australia,12,
2352182,TDU32500,Rejected,2025-08-07 17:38:19,2025-12-10,Australia,2,
2352184,TDU26117G,Rejected,2025-08-07 17:41:22,2026-02-01,Australia,15,
2352185,TDU26118G,Rejected,2025-08-07 18:15:53,2026-02-16,Australia,30,
2352188,TDU26119G,Rejected,2025-08-07 18:54:39,2025-10-24,Australia,70,
2352189,TDU26120G,Auto Rejected,2025-08-07 19:27:06,2026-05-24,Australia,20,
2352190,TDU26121G,Auto Rejected,2025-08-07 19:31:52,2025-12-31,New Zealand,18,
2352191,TDU32504,Auto Rejected,2025-08-07 19:59:20,2025-08-22,New Zealand,5,
2352194,TDU32507,Auto Rejected,2025-08-07 21:26:36,2025-11-07,New Zealand,2,
2352197,TDU32510,Rejected,2025-08-07 23:04:46,2025-12-17,New Zealand,2,
2352199,TDU32512,Rejected,2025-08-07 23:08:30,2025-10-14,Australia,2,
2352201,TDU26122G,Auto Rejected,2025-08-08 00:17:11,2025-11-03,Australia,24,
2352202,TDU26123G,Auto Rejected,2025-08-08 12:42:02,2025-11-11,Australia,250,
2352203,TDU26124G,Rejected,2025-08-08 14:36:59,2025-12-15,New Zealand,13,
2352204,TDU32514,Rejected,2025-08-08 14:57:40,2025-10-08,Australia,2,
2352205,TDU32515,Rejected,2025-08-08 15:54:48,2025-10-13,Australia,8,
2352206,TDU32516,Auto Rejected,2025-08-08 16:51:46,2025-10-23,New Zealand,3,
2352207,TDU32517,Rejected,2025-08-08 16:55:35,2025-10-25,Australia,2,
2352208,TDU32518,Rejected,2025-08-08 17:14:25,2026-03-01,Australia,3,
2352209,TDU32519,Rejected,2025-08-08 17:37:26,2025-12-13,Australia,2,
2352210,TDU32520,Auto Rejected,2025-08-08 17:47:07,2025-08-15,Australia,10,
2352211,TDU32521,Auto Rejected,2025-08-08 18:51:31,2025-12-12,New Zealand,3,
2352212,TDU32522,Rejected,2025-08-08 19:28:45,2025-12-24,Australia,3,
2352213,TDU32523,Rejected,2025-08-08 19:28:45,2025-12-24,New Zealand,3,
2352217,TDU32527,Auto Rejected,2025-08-08 20:43:23,2025-08-11,Australia,9,
2352218,TDU32528,Auto Rejected,2025-08-08 20:45:43,2025-08-15,Australia,7,
2352219,TDU32529,Rejected,2025-08-08 21:04:37,2025-12-17,New Zealand,2,
2352223,TDU32533,Rejected,2025-08-08 22:33:24,2025-12-15,Australia,5,
2352226,TDU32536,Accounts - Reconciliation,2025-08-08 23:29:36,2025-08-11,Australia,1,
2352227,TDU26125G,Auto Rejected,2025-08-08 23:43:50,2025-09-07,Australia,200,
2352228,TDU32537,On Ground,2025-08-09 14:39:50,2025-08-14,Australia,1,
2352229,TDU26126G,Auto Rejected,2025-08-11 10:20:52,2026-05-06,Australia,60,
2352230,TDU26127G,Rejected,2025-08-11 11:30:16,2025-10-01,Australia,11,
2352231,TDU26128G,Rejected,2025-08-11 11:33:56,2025-09-22,New Zealand,12,
2352232,TDU26129G,Rejected,2025-08-11 11:51:44,2025-12-10,New Zealand,60,
2352233,TDU26130G,Rejected,2025-08-11 13:19:00,2026-06-01,Australia,25,
2352234,TDU26131G,Auto Rejected,2025-08-11 14:09:59,2025-09-05,Australia,15,
2352235,TDU32538,Rejected,2025-08-11 16:12:31,2025-10-26,Australia,5,
2352236,TDU32539,On Ground,2025-08-11 16:24:46,2025-08-12,Australia,5,
2352237,TDU32540,On Ground,2025-08-11 16:39:59,2025-12-25,Australia,9,
2352238,TDU32541,Rejected After Confrmation QA pending,2025-08-11 16:50:22,2025-12-25,Australia,6,
2352239,TDU32542,Auto Rejected,2025-08-11 17:06:33,2025-11-05,Australia,12,
2352240,TDU26132G,Rejected,2025-08-11 17:08:04,2026-01-10,New Zealand,11,
2352241,TDU32543,Auto Rejected,2025-08-11 17:11:36,2025-08-24,Australia,2,
2352242,TDU32544,Rejected,2025-08-11 17:16:07,2025-11-05,Australia,5,
2352243,TDU32545,Rejected,2025-08-11 17:16:56,2025-11-09,Australia,7,
2352244,TDU32546,Rejected,2025-08-11 18:11:17,2025-12-04,Australia,2,
2352245,TDU32547,Rejected,2025-08-11 18:11:17,2025-12-04,Australia,2,
2352246,TDU32548,Rejected,2025-08-11 18:30:40,2025-11-24,Australia,2,
2352247,TDU26133G,Rejected,2025-08-11 19:08:47,2026-11-20,Australia,250,
2352248,TDU26134G,Auto Rejected,2025-08-11 19:09:36,2025-11-11,Australia,250,
2352252,TDU26135G,Accounts - Reconciliation,2025-08-11 20:27:35,2025-11-05,Australia,23,
2352253,TDU26136G,Rejected After Confrmation QA pending,2025-08-11 20:34:53,2026-01-24,Australia,30,
2352254,TDU26137G,Rejected After Confrmation QA pending,2025-08-11 20:42:05,2026-02-14,Australia,30,
2352255,TDU26138G,Accepted,2025-08-11 20:55:32,2026-03-21,Australia,14,
2352256,TDU32552,Rejected,2025-08-11 20:56:13,2025-11-24,Australia,2,
2352259,TDU32555,Rejected,2025-08-11 22:25:14,2025-09-27,Australia,4,
2352260,TDU32556,Rejected,2025-08-11 22:35:06,2026-01-14,Australia,8,
2352261,TDU26139G,Accounts - Reconciliation,2025-08-11 22:42:01,2025-11-11,Australia,15,
2352262,TDU26140G,Rejected After Confrmation QA pending,2025-08-11 22:45:21,2026-01-30,Australia,30,
2352263,TDU26141G,Rejected After Confrmation QA pending,2025-08-11 22:49:52,2026-02-20,Australia,30,
2352264,TDU26142G,Accounts - Reconciliation,2025-08-11 22:54:44,2026-03-27,Australia,8,
2352265,TDU32557,Rejected,2025-08-11 22:57:35,2025-11-25,Australia,2,
2352266,TDU32558,Rejected,2025-08-11 23:05:22,2025-12-24,Australia,3,
2352267,TDU32559,Auto Rejected,2025-08-11 23:07:27,2025-09-27,Australia,4,
2352268,TDU32560,Rejected,2025-08-11 23:15:12,2026-02-20,Australia,2,
2352269,TDU32561,Accounts - Reconciliation,2025-08-12 09:52:33,2025-08-29,Australia,2,
2352270,TDU26143G,Rejected,2025-08-12 13:07:12,2026-03-06,New Zealand,20,
2352271,TDU26144G,Auto Rejected,2025-08-12 15:01:01,2025-09-30,Australia,20,
2352272,TDU32562,Rejected,2025-08-12 15:46:25,2025-10-21,New Zealand,9,
2352274,TDU32564,Rejected,2025-08-12 16:39:07,2025-11-08,New Zealand,6,
2352277,TDU32567,Rejected,2025-08-12 17:34:02,2025-12-27,Australia,10,
2352278,TDU32568,Rejected,2025-08-12 17:34:02,2025-12-27,Australia,10,
2352279,TDU26145G,Rejected,2025-08-12 17:34:29,2025-10-01,Australia,120,
2352280,TDU32569,Auto Rejected,2025-08-12 17:56:15,2025-08-16,Australia,4,
2352281,TDU32570,Rejected,2025-08-12 19:22:35,2025-11-09,Australia,9,
2352282,TDU32571,Rejected,2025-08-12 20:23:04,2025-11-09,Australia,9,
2352283,TDU32572,Rejected,2025-08-12 20:40:16,2025-10-15,New Zealand,2,
2352284,TDU32573,Rejected,2025-08-12 20:51:32,2025-12-15,New Zealand,2,
2352285,TDU32574,Auto Rejected,2025-08-12 21:06:58,2025-10-20,Australia,8,
2352286,TDU32575,Rejected,2025-08-12 21:32:14,2025-10-17,Australia,2,
2352287,TDU32576,Rejected,2025-08-12 21:40:21,2025-10-18,Australia,3,
2352288,TDU26146G,Auto Rejected,2025-08-12 21:56:12,2025-09-30,Australia,20,
2352289,TDU32577,Rejected,2025-08-12 22:13:38,2025-11-25,Australia,2,
2352291,TDU32578,Rejected,2025-08-12 22:22:50,2025-10-17,Australia,2,
2352292,TDU32579,Rejected,2025-08-12 22:22:59,2025-11-25,Australia,2,
2352293,TDU32580,Rejected,2025-08-12 22:22:59,2025-11-25,Australia,2,
2352294,TDU32581,Rejected,2025-08-12 22:51:18,2026-01-15,Australia,2,
2352295,TDU32582,Rejected,2025-08-12 23:15:31,2025-12-14,Australia,2,
2352296,TDU26148G,Auto Rejected,2025-08-13 04:11:22,2025-11-01,Australia,20,
2352297,TDU26149G,Auto Rejected,2025-08-13 10:03:20,2025-11-29,Australia,23,
2352298,TDU26150G,Rejected,2025-08-13 11:31:40,2025-11-09,Australia,17,
2352299,TDU26151G,Rejected,2025-08-13 11:48:02,2025-11-26,Australia,16,
2352300,TDU32583,Accounts - Reconciliation,2025-08-13 13:02:15,2025-08-22,Australia,3,
2352301,TDU32584,Rejected,2025-08-13 15:41:23,2025-11-07,New Zealand,2,
2352302,TDU32585,Rejected,2025-08-13 16:30:41,2025-10-13,Australia,4,
2352303,TDU32586,Rejected,2025-08-13 16:35:19,2025-10-13,Australia,4,
2352304,TDU32587,Rejected,2025-08-13 17:11:09,2025-10-08,Australia,4,
2352305,TDU32588,Rejected,2025-08-13 17:34:15,2025-10-22,Australia,3,
2352306,TDU32589,Rejected,2025-08-13 17:38:19,2025-10-22,Australia,3,
2352307,TDU32590,Rejected,2025-08-13 17:53:21,2025-12-17,New Zealand,2,
2352308,TDU32591,Rejected,2025-08-13 18:06:59,2025-11-21,Australia,2,
2352309,TDU32592,Rejected,2025-08-13 18:29:30,2025-12-23,Australia,2,
2352311,TDU32594,Auto Rejected,2025-08-13 20:28:33,2026-03-25,New Zealand,2,
2352312,TDU32595,Rejected,2025-08-13 20:52:02,2025-08-25,Australia,2,
2352313,TDU32596,Rejected,2025-08-13 21:50:23,2025-12-21,Australia,7,
2352314,TDU32597,On Ground,2025-08-13 22:42:21,2025-12-20,New Zealand,2,
2352315,TDU32598,Rejected,2025-08-13 22:46:08,2025-10-25,Australia,4,
2352316,TDU26152G,Rejected,2025-08-14 09:18:28,2026-04-09,Australia,40,
2352317,TDU26153G,Rejected,2025-08-14 16:17:25,2025-10-24,New Zealand,12,
2352318,TDU26154G,Rejected,2025-08-14 16:22:56,2025-11-13,Australia,15,
2352319,TDU32599,Rejected,2025-08-14 16:31:30,2025-12-21,Australia,2,
2352320,TDU26155G,Rejected,2025-08-14 16:33:49,2025-10-06,Australia,16,
2352321,TDU26156G,Rejected After Confrmation QA pending,2025-08-14 16:53:26,2026-02-25,Australia,30,
2352322,TDU26157G,Auto Rejected,2025-08-14 17:18:29,2025-10-22,Australia,11,
2352323,TDU32600,Rejected,2025-08-14 17:30:36,2025-10-15,New Zealand,4,
2352324,TDU32601,Rejected,2025-08-14 17:59:47,2026-01-14,New Zealand,2,
2352325,TDU32602,Auto Rejected,2025-08-14 19:07:44,2025-10-02,New Zealand,2,
2352327,TDU32604,Auto Rejected,2025-08-14 19:58:19,2025-08-24,Australia,3,
2352329,TDU32605,Rejected,2025-08-14 22:03:00,2025-12-07,New Zealand,2,
2352331,TDU26159G,Auto Rejected,2025-08-14 22:56:45,2026-01-04,Australia,16,
2352332,TDU26160G,Auto Rejected,2025-08-14 23:00:27,2026-02-24,Australia,16,
2352333,TDU32607,Auto Rejected,2025-08-14 23:27:32,2025-10-23,New Zealand,2,
2352334,TDU26161G,Auto Rejected,2025-08-15 02:11:33,2026-02-25,Australia,16,
2352335,TDU26162G,Auto Rejected,2025-08-15 02:16:58,2025-11-30,Australia,16,
2352336,TDU26163G,Auto Rejected,2025-08-15 02:16:58,2026-02-25,Australia,16,
2352337,TDU32608,Auto Rejected,2025-08-15 10:29:18,2025-08-29,Australia,2,
2352338,TDU26164G,Rejected After Confrmation QA pending,2025-08-15 15:37:27,2027-01-11,New Zealand,13,
2352339,TDU26165G,Rejected,2025-08-15 15:57:17,2025-10-31,Australia,100,
2352340,TDU26166G,Rejected,2025-08-15 18:30:24,2025-10-01,New Zealand,55,
2352341,TDU26167G,Rejected,2025-08-16 04:22:26,2025-11-01,Australia,88,
2352342,TDU26168G,Accounts - Reconciliation,2025-08-16 05:25:32,2025-10-30,Australia,49,
2352343,TDU32609,Rejected,2025-08-16 15:33:21,2025-11-08,Australia,5,
2352344,TDU32610,Auto Rejected,2025-08-16 16:21:32,2026-01-05,Australia,6,
2352345,TDU32611,Rejected,2025-08-16 16:34:28,2025-10-19,Australia,3,
2352346,TDU26169G,Rejected,2025-08-16 16:56:30,2025-10-23,Australia,12,
2352347,TDU32612,Rejected After Confrmation QA completed,2025-08-16 17:38:50,2025-09-27,Australia,3,
2352349,TDU26170G,Rejected,2025-08-16 19:49:19,2025-11-06,Australia,15,
2352352,TDU32616,Accounts - Reconciliation,2025-08-16 21:33:15,2026-01-06,Australia,4,
2352353,TDU32617,Rejected,2025-08-16 21:57:38,2026-01-17,Australia,3,
2352354,TDU32618,Rejected,2025-08-16 22:59:33,2025-12-10,Australia,3,
2352355,TDU32619,Rejected,2025-08-16 23:06:23,2025-10-25,Australia,2,
2352356,TDU26171G,Auto Rejected,2025-08-17 22:06:57,2025-10-30,Australia,100,
2352357,TDU26172G,Rejected,2025-08-18 00:50:50,2025-10-04,Australia,83,
2352358,TDU26173G,Auto Rejected,2025-08-18 13:51:50,2025-11-02,Australia,55,
2352359,TDU26174G,Rejected,2025-08-18 14:11:01,2026-01-10,Australia,50,
2352360,TDU26175G,Rejected,2025-08-18 14:27:18,2025-10-11,Australia,30,
2352361,TDU32620,Rejected,2025-08-18 15:19:43,2025-11-24,Australia,4,
2352362,TDU32621,Rejected,2025-08-18 15:31:40,2025-12-01,New Zealand,2,
2352363,TDU32622,Rejected,2025-08-18 15:48:01,2026-05-10,Australia,3,
2352365,TDU32623,Auto Rejected,2025-08-18 16:11:22,2025-10-21,New Zealand,2,
2352367,TDU32624,Accounts - Reconciliation,2025-08-18 16:49:21,2025-10-30,New Zealand,2,
2352368,TDU32625,Rejected,2025-08-18 17:31:10,2025-09-19,Australia,4,
2352369,TDU26178G,Rejected,2025-08-18 18:12:34,2025-12-23,Australia,13,
2352370,TDU26179G,Auto Rejected,2025-08-18 18:51:17,2026-01-15,Australia,12,
2352371,TDU32626,Rejected,2025-08-18 19:14:56,2025-12-15,New Zealand,2,
2352372,TDU26180G,Rejected After Confrmation QA completed,2025-08-18 19:55:55,2025-10-16,Australia,30,
2352373,TDU32627,Rejected,2025-08-18 20:24:52,2025-12-01,New Zealand,4,
2352374,TDU32628,Rejected,2025-08-18 20:34:23,2025-12-20,New Zealand,3,
2352375,TDU32629,Rejected,2025-08-18 21:11:45,2025-10-22,Australia,4,
2352376,TDU32630,Accounts - Reconciliation,2025-08-18 21:27:01,2025-12-09,New Zealand,2,
2352377,TDU32631,Rejected,2025-08-18 22:24:31,2025-10-02,New Zealand,2,
2352378,TDU32632,Rejected,2025-08-18 22:58:13,2025-12-24,Australia,8,
2352379,TDU32633,Auto Rejected,2025-08-19 09:09:44,2025-08-25,Australia,4,
2352380,TDU32634,Rejected,2025-08-19 13:22:48,2025-10-20,Australia,5,
2352381,TDU26181G,Rejected,2025-08-19 14:18:55,2026-02-24,Australia,20,
2352384,TDU32635,Auto Rejected,2025-08-19 16:04:32,2025-09-12,Australia,2,
2352385,TDU32636,Rejected,2025-08-19 16:13:33,2025-12-01,Australia,4,
2352386,TDU32637,Auto Rejected,2025-08-19 16:23:45,2025-09-15,New Zealand,7,
2352387,TDU32638,Rejected,2025-08-19 17:07:15,2026-02-03,Australia,6,
2352388,TDU32639,Auto Rejected,2025-08-19 17:23:23,2025-08-26,New Zealand,2,
2352389,TDU32640,Rejected,2025-08-19 17:52:26,2025-11-25,New Zealand,5,
2352390,TDU26184G,Rejected,2025-08-19 17:59:47,2026-02-03,Australia,14,
2352391,TDU32641,Rejected,2025-08-19 18:13:05,2026-02-03,Australia,6,
2352392,TDU26185G,Rejected,2025-08-19 18:23:49,2026-02-03,Australia,14,
2352393,TDU26186G,Rejected After Confrmation QA completed,2025-08-19 19:07:33,2025-12-28,Australia,30,
2352395,TDU26187G,Rejected After Confrmation QA completed,2025-08-19 19:27:55,2025-12-22,Australia,30,
2352398,TDU32645,Auto Rejected,2025-08-19 20:02:05,2025-09-03,New Zealand,2,
2352399,TDU32646,Rejected,2025-08-19 20:04:10,2025-12-23,Australia,5,
2352402,TDU32649,Auto Rejected,2025-08-19 20:41:16,2026-03-29,New Zealand,2,
2352404,TDU32651,Accounts - Reconciliation,2025-08-19 21:08:22,2025-10-23,New Zealand,4,
2352405,TDU26188G,Rejected After Confrmation QA completed,2025-08-19 21:18:20,2025-11-21,Australia,30,
2352406,TDU26189G,Rejected,2025-08-19 21:31:50,2025-11-13,Australia,20,
2352407,TDU32652,Rejected,2025-08-19 22:00:17,2025-11-19,New Zealand,4,
2352409,TDU32654,Rejected,2025-08-19 22:40:13,2025-11-08,Australia,3,
2352413,TDU32658,Rejected,2025-08-19 23:47:26,2025-12-19,Australia,1,
2352414,TDU26190G,Rejected,2025-08-19 23:48:30,2026-03-01,Australia,30,
2352415,TDU26191G,Auto Rejected,2025-08-20 01:31:12,2025-11-25,Australia,22,
2352417,TDU26192G,Auto Rejected,2025-08-20 15:45:45,2025-09-10,Australia,20,
2352419,TDU32661,Rejected,2025-08-20 16:58:06,2025-10-20,New Zealand,8,
2352420,TDU26193G,Rejected,2025-08-20 17:10:54,2026-08-22,Australia,75,
2352421,TDU32662,Rejected,2025-08-20 17:30:10,2026-01-11,New Zealand,4,
2352422,TDU32663,Rejected,2025-08-20 17:51:08,2025-12-19,Australia,2,
2352423,TDU32664,Auto Rejected,2025-08-20 17:53:40,2026-02-13,Australia,2,
2352424,TDU32665,Accounts - Reconciliation,2025-08-20 18:26:14,2025-11-09,Australia,2,
2352425,TDU26194G,Rejected After Confrmation QA pending,2025-08-20 18:52:36,2025-11-23,New Zealand,20,
2352427,TDU32667,Rejected,2025-08-20 19:32:30,2026-02-04,Australia,2,
2352428,TDU32668,Rejected,2025-08-20 20:15:11,2026-02-19,New Zealand,2,
2352430,TDU32669,Rejected,2025-08-20 21:22:34,2025-09-26,Australia,7,
2352431,TDU32670,Rejected,2025-08-20 21:36:58,2025-11-15,New Zealand,2,
2352432,TDU32671,Rejected,2025-08-20 22:00:10,2025-10-27,New Zealand,5,
2352433,TDU32672,Rejected,2025-08-20 22:01:56,2026-01-16,Australia,2,
2352434,TDU32673,Rejected,2025-08-20 22:22:29,2026-03-05,New Zealand,10,
2352435,TDU32674,Rejected,2025-08-20 22:35:49,2025-10-24,Australia,4,
2352436,TDU32675,Rejected,2025-08-20 22:56:41,2025-12-22,Australia,4,
2352437,TDU32676,Rejected,2025-08-20 23:04:17,2026-02-06,Australia,2,
2352438,TDU26196G,Rejected,2025-08-21 14:08:09,2026-04-01,Australia,75,
2352439,TDU26197G,Rejected,2025-08-21 14:32:58,2026-05-20,Australia,58,
2352440,TDU26198G,Rejected,2025-08-21 14:51:06,2025-11-25,Australia,40,
2352441,TDU32677,Rejected,2025-08-21 15:18:19,2025-10-20,Australia,6,
2352442,TDU32678,Auto Rejected,2025-08-21 15:19:12,2025-09-11,Australia,4,
2352443,TDU32679,Rejected,2025-08-21 15:45:00,2026-03-17,Australia,8,
2352445,TDU32681,Accounts - Reconciliation,2025-08-21 15:51:25,2025-10-29,New Zealand,2,
2352446,TDU26199G,Auto Rejected,2025-08-21 16:33:19,2025-09-14,New Zealand,15,
2352448,TDU32683,Created,2025-08-21 16:52:03,2026-12-21,New Zealand,10,
2352449,TDU32684,Auto Rejected,2025-08-21 16:53:42,2025-09-09,Australia,3,
2352450,TDU32685,Rejected,2025-08-21 17:03:30,2025-12-20,Australia,3,
2352451,TDU32686,Rejected,2025-08-21 17:41:24,2025-12-04,New Zealand,6,
2352452,TDU32687,Rejected,2025-08-21 17:58:41,2025-12-21,Australia,6,
2352453,TDU32688,Rejected,2025-08-21 18:15:09,2025-09-22,Australia,2,
2352454,TDU32689,Rejected,2025-08-21 18:28:26,2025-11-15,Australia,2,
2352456,TDU32691,Rejected,2025-08-21 19:21:52,2025-10-10,New Zealand,2,
2352457,TDU32692,Rejected,2025-08-21 20:05:46,2025-12-25,New Zealand,2,
2352458,TDU32693,Rejected,2025-08-21 20:24:58,2026-01-07,Australia,2,
2352459,TDU32694,Rejected,2025-08-21 21:29:53,2025-11-01,New Zealand,2,
2352460,TDU32695,Rejected,2025-08-21 21:33:39,2025-12-09,Australia,2,
2352462,TDU26201G,Rejected,2025-08-21 22:14:48,2026-05-12,New Zealand,13,
2352465,TDU32697,Rejected,2025-08-21 22:53:27,2025-12-08,New Zealand,2,
2352466,TDU32698,Rejected,2025-08-21 23:00:43,2025-09-13,Australia,5,
2352467,TDU32699,Rejected,2025-08-21 23:31:59,2025-11-17,Australia,2,
2352468,TDU32700,Rejected,2025-08-21 23:42:27,2025-11-08,Australia,2,
2352469,TDU32701,Accounts - Reconciliation,2025-08-22 00:23:44,2025-09-04,Australia,1,
2352470,TDU26203G,Rejected,2025-08-22 00:56:25,2025-10-30,Australia,40,
2352471,TDU26204G,Rejected,2025-08-22 04:28:13,2026-01-21,Australia,100,
2352472,TDU26205G,Auto Rejected,2025-08-22 09:51:16,2025-11-15,New Zealand,20,
2352473,TDU26206G,Rejected,2025-08-22 09:54:10,2025-11-16,New Zealand,20,
2352474,TDU26207G,Rejected,2025-08-22 14:14:07,2025-11-28,Australia,20,
2352475,TDU26208G,Rejected,2025-08-22 15:35:15,2025-09-04,Australia,35,
2352476,TDU26209G,Rejected,2025-08-22 15:59:44,2025-09-15,Australia,20,
2352478,TDU26211G,Accepted,2025-08-22 16:36:39,2025-09-04,Australia,38,
2352479,TDU32702,Rejected,2025-08-22 16:44:05,2025-11-16,Australia,5,
2352480,TDU26212G,Rejected,2025-08-22 17:08:52,2025-10-30,Australia,15,
2352481,TDU26213G,Rejected,2025-08-22 17:10:39,2026-01-05,Australia,20,
2352482,TDU32703,Rejected,2025-08-22 18:09:18,2025-09-18,Australia,2,
2352483,TDU32704,Accounts - Reconciliation,2025-08-22 18:14:12,2025-10-29,New Zealand,4,
2352484,TDU32705,Rejected,2025-08-22 19:09:28,2025-10-23,Australia,2,
2352485,TDU26214G,Rejected,2025-08-22 19:24:08,2025-10-27,Australia,65,
2352486,TDU32706,Rejected,2025-08-22 20:42:34,2025-10-29,New Zealand,2,
2352487,TDU32707,Rejected,2025-08-22 20:52:46,2025-11-26,Australia,2,
2352488,TDU32708,Rejected,2025-08-22 21:01:35,2025-11-26,Australia,2,
2352489,TDU32709,Accounts - Reconciliation,2025-08-22 21:01:45,2025-09-08,Australia,8,
2352490,TDU32710,Rejected,2025-08-22 21:19:15,2025-12-03,New Zealand,2,
2352491,TDU32711,Rejected,2025-08-22 21:35:22,2025-12-25,Australia,4,
2352492,TDU32712,Rejected,2025-08-22 21:41:46,2025-10-28,New Zealand,4,
2352493,TDU32713,Rejected,2025-08-22 21:54:20,2025-11-29,Australia,2,
2352494,TDU32714,Auto Rejected,2025-08-22 22:02:51,2025-10-24,Australia,7,
2352496,TDU26215G,Rejected,2025-08-22 22:08:44,2025-12-09,Australia,20,
2352498,TDU32717,Auto Rejected,2025-08-22 22:39:12,2025-09-20,New Zealand,2,
2352499,TDU32718,Rejected,2025-08-22 22:49:26,2025-11-06,Australia,2,
2352500,TDU32719,Rejected,2025-08-22 22:58:45,2025-10-17,Australia,3,
2352501,TDU32720,Rejected,2025-08-22 23:19:16,2025-11-14,New Zealand,10,
2352502,TDU32721,Accounts - Reconciliation,2025-08-22 23:29:25,2025-11-06,Australia,4,
2352504,TDU32723,Rejected,2025-08-23 15:01:06,2025-12-06,Australia,7,
2352505,TDU32724,Accounts - Reconciliation,2025-08-23 15:11:39,2025-08-28,Australia,3,
2352506,TDU32725,Rejected,2025-08-23 15:51:36,2025-10-15,New Zealand,4,
2352507,TDU32726,Rejected,2025-08-23 15:53:57,2026-01-21,Australia,2,
2352508,TDU32727,Rejected,2025-08-23 16:11:10,2025-11-26,Australia,2,
2352510,TDU32728,Auto Rejected,2025-08-23 16:29:19,2025-10-24,Australia,4,
2352511,TDU32729,Rejected,2025-08-23 16:40:57,2025-12-24,Australia,3,
2352512,TDU26217G,Rejected,2025-08-23 17:17:21,2025-09-07,New Zealand,11,
2352513,TDU32730,Rejected,2025-08-23 17:19:41,2026-01-05,Australia,5,
2352517,TDU32734,Rejected,2025-08-23 19:29:38,2025-12-05,Australia,2,
2352518,TDU32735,Rejected,2025-08-23 20:24:27,2025-09-25,New Zealand,2,
2352519,TDU32736,Rejected,2025-08-23 20:44:38,2026-01-14,New Zealand,5,
2352520,TDU32737,Auto Rejected,2025-08-23 20:45:58,2025-09-22,Australia,5,
2352523,TDU32740,Rejected,2025-08-23 21:34:31,2025-12-17,Australia,4,
2352525,TDU32742,Rejected,2025-08-23 21:48:08,2025-12-24,Australia,2,
2352526,TDU32743,Rejected,2025-08-23 22:03:20,2025-11-06,New Zealand,4,
2352530,TDU32747,Rejected,2025-08-23 22:50:53,2026-06-17,Australia,3,
2352531,TDU32748,Rejected,2025-08-23 23:22:26,2025-12-08,New Zealand,2,
2352532,TDU32749,Rejected,2025-08-23 23:41:42,2025-12-08,New Zealand,2,
2352533,TDU32750,Rejected,2025-08-23 23:47:49,2025-09-16,Australia,6,
2352535,TDU32752,Auto Rejected,2025-08-23 23:50:57,2025-10-28,New Zealand,10,
2352536,TDU32753,Rejected,2025-08-24 00:04:31,2025-10-19,Australia,3,
2352538,TDU32755,Rejected,2025-08-24 00:16:26,2025-10-23,Australia,2,
2352540,TDU26218G,Rejected,2025-08-25 07:07:34,2026-05-25,Australia,20,
2352541,TDU26219G,Auto Rejected,2025-08-25 09:39:48,2026-01-13,Australia,20,
2352542,TDU26220G,Auto Rejected,2025-08-25 09:57:18,2025-10-01,Australia,21,
2352547,TDU32761,Rejected,2025-08-25 17:21:08,2025-09-17,Australia,2,
2352548,TDU32762,Rejected,2025-08-25 17:26:39,2025-10-01,Australia,2,
2352549,TDU32763,Rejected,2025-08-25 19:09:57,2025-10-17,Australia,5,
2352550,TDU32764,Rejected,2025-08-25 19:28:06,2025-09-14,Australia,2,
2352551,TDU32765,Auto Rejected,2025-08-25 19:53:28,2025-10-23,Australia,3,
2352553,TDU32767,Rejected,2025-08-25 20:51:14,2025-10-21,Australia,5,
2352554,TDU32768,Rejected,2025-08-25 20:54:10,2025-09-05,New Zealand,6,
2352555,TDU32769,Rejected,2025-08-25 21:39:47,2025-12-06,Australia,2,
2352556,TDU32770,Rejected,2025-08-25 21:47:58,2025-12-25,Australia,2,
2352558,TDU26221G,Rejected,2025-08-25 21:58:45,2025-10-10,New Zealand,20,
2352559,TDU32772,Rejected,2025-08-25 22:58:06,2026-02-11,Australia,6,
2352560,TDU32773,Rejected,2025-08-25 23:13:47,2025-12-21,Australia,4,
2352561,TDU26222G,Auto Rejected,2025-08-26 01:39:28,2025-11-01,Australia,15,
2352562,TDU26223G,Rejected,2025-08-26 04:17:37,2025-11-03,Australia,44,
2352563,TDU32774,Auto Rejected,2025-08-26 13:43:49,2026-03-16,New Zealand,2,
2352564,TDU32775,Rejected,2025-08-26 15:35:36,2025-11-15,Australia,2,
2352565,TDU32776,Rejected,2025-08-26 15:41:34,2025-11-14,Australia,2,
2352566,TDU26224G,Rejected,2025-08-26 15:51:51,2026-03-16,New Zealand,6,
2352567,TDU32777,Rejected,2025-08-26 17:06:29,2025-10-09,Australia,2,
2352569,TDU32779,On Ground,2025-08-26 17:38:10,2025-12-20,New Zealand,2,
2352571,TDU32781,Rejected,2025-08-26 18:04:18,2025-10-23,Australia,11,
2352573,TDU32783,Rejected,2025-08-26 19:23:58,2025-10-16,Australia,7,
2352574,TDU32784,Rejected,2025-08-26 19:48:57,2025-12-26,New Zealand,3,
2352575,TDU32785,Auto Rejected,2025-08-26 20:29:04,2026-03-16,New Zealand,2,
2352576,TDU32786,Rejected,2025-08-26 20:51:10,2025-11-05,Australia,2,
2352578,TDU32788,Rejected,2025-08-26 21:06:48,2026-03-16,Australia,2,
2352579,TDU32789,Rejected,2025-08-26 21:20:18,2026-03-16,Australia,2,
2352580,TDU32790,Rejected,2025-08-26 21:23:58,2026-03-16,Australia,2,
2352581,TDU32791,Rejected,2025-08-26 21:41:39,2025-12-24,Australia,3,
2352582,TDU32792,Rejected,2025-08-26 21:46:33,2025-11-20,New Zealand,2,
2352583,TDU32793,Rejected,2025-08-26 22:15:45,2026-01-26,Australia,3,
2352584,TDU32794,Rejected,2025-08-26 22:28:40,2025-12-03,New Zealand,2,
2352585,TDU26225G,Rejected After Confrmation QA completed,2025-08-26 23:22:10,2025-10-23,Australia,11,
2352586,TDU32795,Rejected After Confrmation QA completed,2025-08-26 23:32:03,2025-10-24,New Zealand,3,
2352588,TDU32797,Rejected,2025-08-27 20:34:34,2025-12-26,New Zealand,3,
2352589,TDU32798,Accounts - Reconciliation,2025-08-27 20:59:51,2026-01-19,New Zealand,2,
2352590,TDU32799,Rejected,2025-08-27 22:02:40,2026-01-09,Australia,2,
2352591,TDU32800,Rejected,2025-08-27 22:28:21,2025-12-01,New Zealand,8,
2352592,TDU32801,Rejected,2025-08-27 23:16:46,2025-11-13,New Zealand,2,
2352593,TDU32802,Rejected,2025-08-27 23:21:57,2025-11-07,Australia,2,
2352594,TDU26226G,Rejected,2025-08-28 05:44:23,2025-11-18,Australia,20,
2352595,TDU26227G,Rejected,2025-08-28 06:00:05,2026-01-15,New Zealand,30,
2352596,TDU26228G,Auto Rejected,2025-08-28 09:24:01,2026-06-01,Australia,20,
2352597,TDU26229G,Auto Rejected,2025-08-28 09:52:43,2026-06-01,Australia,20,
2352598,TDU26230G,Rejected,2025-08-28 14:53:51,2026-02-20,New Zealand,100,
2352599,TDU32803,Auto Rejected,2025-08-28 15:39:40,2025-10-23,New Zealand,4,
2352602,TDU32806,Auto Rejected,2025-08-28 16:03:42,2025-10-26,Australia,2,
2352603,TDU32807,Auto Rejected,2025-08-28 16:27:44,2025-09-12,New Zealand,2,
2352604,TDU32808,Rejected,2025-08-28 17:33:32,2025-10-05,New Zealand,2,
2352605,TDU32809,Rejected,2025-08-28 18:15:41,2025-12-20,Australia,2,
2352606,TDU32810,Rejected,2025-08-28 18:16:48,2025-12-15,New Zealand,3,
2352607,TDU32811,Rejected,2025-08-28 18:44:33,2025-12-15,New Zealand,3,
2352608,TDU32812,Rejected,2025-08-28 19:12:00,2025-12-23,Australia,2,
2352610,TDU32814,Rejected,2025-08-28 19:22:22,2025-12-12,Australia,2,
2352611,TDU32815,Rejected,2025-08-28 19:49:29,2025-10-18,New Zealand,4,
2352612,TDU32816,Rejected,2025-08-28 19:56:59,2025-10-22,Australia,3,
2352613,TDU32817,Rejected,2025-08-28 20:18:52,2026-01-11,Australia,2,
2352614,TDU32818,Rejected,2025-08-28 20:39:38,2025-12-08,New Zealand,2,
2352615,TDU32819,Rejected,2025-08-28 21:19:38,2025-12-28,Australia,2,
2352616,TDU32820,Auto Rejected,2025-08-28 21:27:46,2026-01-20,New Zealand,2,
2352617,TDU32821,Rejected,2025-08-28 21:50:05,2025-12-29,New Zealand,2,
2352618,TDU32822,Rejected,2025-08-28 21:56:08,2025-12-21,Australia,4,
2352619,TDU26231G,Rejected,2025-08-28 21:58:43,2026-04-20,Australia,15,
2352620,TDU26232G,Rejected After Confrmation QA pending,2025-08-28 22:10:31,2025-12-21,Australia,12,
2352621,TDU32823,On Ground,2025-08-28 22:18:03,2025-12-26,New Zealand,8,
2352622,TDU32824,Accounts - Reconciliation,2025-08-28 22:25:05,2025-10-16,Australia,4,
2352623,TDU32825,Auto Rejected,2025-08-28 22:26:48,2025-10-23,Australia,4,
2352624,TDU32826,Rejected,2025-08-28 22:40:54,2025-10-23,Australia,4,
2352625,TDU32827,Auto Rejected,2025-08-28 23:07:39,2026-01-28,Australia,2,
2352627,TDU32828,Rejected,2025-08-28 23:19:49,2025-11-08,Australia,2,
2352628,TDU32829,Rejected,2025-08-28 23:23:06,2025-09-20,New Zealand,2,
2352629,TDU26234G,Rejected After Confrmation QA pending,2025-08-28 23:38:38,2025-11-09,New Zealand,23,
2352636,TDU32831,Rejected,2025-08-29 16:06:47,2025-12-18,Australia,4,
2352637,TDU32832,Rejected,2025-08-29 16:26:15,2025-12-02,Australia,2,
2352638,TDU32833,Rejected,2025-08-29 16:59:18,2025-09-26,Australia,2,
2352639,TDU32834,Rejected After Confrmation QA completed,2025-08-29 17:17:48,2025-11-03,New Zealand,2,
2352640,TDU26240G,Rejected,2025-08-29 17:19:24,2026-01-08,Australia,25,
2352641,TDU26241G,Rejected,2025-08-29 18:28:30,2026-03-16,Australia,10,
2352643,TDU32836,Accounts - Reconciliation,2025-08-29 18:54:22,2025-10-28,New Zealand,6,
2352644,TDU32837,Auto Rejected,2025-08-29 19:05:59,2026-03-16,Australia,8,
2352645,TDU32838,Auto Rejected,2025-08-29 19:37:41,2026-03-16,Australia,8,
2352646,TDU32839,Auto Rejected,2025-08-29 19:39:57,2026-03-16,Australia,8,
2352647,TDU32840,Rejected,2025-08-29 19:45:24,2025-11-17,New Zealand,2,
2352648,TDU32841,Rejected,2025-08-29 20:14:18,2025-10-05,Australia,2,
2352649,TDU32842,Rejected,2025-08-29 20:16:48,2025-09-07,Australia,3,
2352651,TDU32844,Rejected,2025-08-29 20:44:12,2026-01-02,Australia,8,
2352653,TDU32846,Rejected,2025-08-29 21:22:36,2025-11-23,Australia,2,
2352654,TDU32847,Rejected,2025-08-29 21:35:46,2025-10-13,Australia,1,
2352655,TDU32848,Rejected,2025-08-29 21:36:27,2026-02-26,New Zealand,2,
2352656,TDU26242G,Rejected,2025-08-29 21:52:55,2025-12-16,New Zealand,14,
2352657,TDU32849,Rejected,2025-08-29 22:21:48,2026-01-13,Australia,2,
2352658,TDU32850,Rejected,2025-08-29 22:45:11,2026-01-25,New Zealand,2,
2352659,TDU32851,Rejected,2025-08-29 22:52:36,2026-01-01,Australia,2,
2352660,TDU32852,Rejected,2025-08-29 23:16:16,2026-01-24,New Zealand,6,
2352661,TDU32853,Rejected,2025-08-29 23:19:39,2025-12-15,New Zealand,2,
2352662,TDU32854,Rejected,2025-08-29 23:43:55,2025-12-23,Australia,3,
2352663,TDU32855,Auto Rejected,2025-08-29 23:45:34,2025-11-03,New Zealand,4,
2352664,TDU26243G,Auto Rejected,2025-08-30 15:17:18,2025-12-01,New Zealand,65,
2352665,TDU32856,Rejected,2025-08-30 16:29:13,2025-10-01,Australia,2,
2352666,TDU32857,Rejected,2025-08-30 16:38:01,2025-12-01,Australia,2,
2352667,TDU32858,Rejected,2025-08-30 17:01:14,2025-12-12,New Zealand,4,
2352669,TDU32860,Rejected After Confrmation QA completed,2025-08-30 17:35:03,2025-10-29,Australia,3,
2352670,TDU32861,Rejected,2025-08-30 17:36:59,2025-10-13,Australia,10,
2352671,TDU32862,Auto Rejected,2025-08-30 17:43:52,2025-09-27,New Zealand,4,
2352672,TDU32863,Rejected,2025-08-30 18:21:14,2026-02-02,Australia,2,
2352673,TDU32864,Rejected,2025-08-30 18:43:44,2025-12-22,New Zealand,2,
2352674,TDU32865,Rejected,2025-08-30 18:49:18,2025-10-16,Australia,4,
2352675,TDU32866,On Ground,2025-08-30 19:09:21,2025-12-15,New Zealand,2,
2352676,TDU32867,Rejected,2025-08-30 19:12:18,2025-11-20,New Zealand,2,
2352677,TDU32868,Auto Rejected,2025-08-30 20:06:13,2025-11-01,New Zealand,6,
2352678,TDU32869,Rejected,2025-08-30 20:35:20,2025-12-28,Australia,3,
2352679,TDU32870,Rejected,2025-08-30 20:45:38,2025-12-28,Australia,3,
2352681,TDU26244G,Rejected,2025-08-30 21:09:46,2025-11-03,Australia,18,
2352682,TDU32872,Auto Rejected,2025-08-30 21:35:45,2025-11-01,New Zealand,4,
2352683,TDU32873,Accounts - Reconciliation,2025-08-30 21:36:36,2025-10-18,Australia,4,
2352684,TDU32874,Accounts - Reconciliation,2025-08-30 21:56:11,2025-10-22,Australia,5,
2352685,TDU26245G,Rejected,2025-08-11 17:06:33,2025-11-05,Australia,12,
2352686,TDU32875,Rejected,2025-08-30 21:59:37,2026-02-26,New Zealand,2,
2352689,TDU32878,Rejected,2025-08-30 22:36:31,2025-12-27,Australia,3,
2352690,TDU32879,Auto Rejected,2025-08-30 22:39:06,2025-09-21,Australia,3,
2352691,TDU32880,Rejected,2025-08-30 22:46:45,2025-10-30,New Zealand,2,
2352694,TDU32883,Rejected,2025-08-30 23:13:23,2025-11-21,Australia,2,
2352695,TDU32884,Rejected,2025-08-30 23:21:37,2025-12-10,Australia,2,
2352696,TDU26246G,Rejected,2025-09-01 14:49:17,2025-12-15,Australia,100,
2352697,TDU26247G,Rejected,2025-09-01 14:53:33,2025-12-07,New Zealand,100,
2352698,TDU26248G,Rejected,2025-09-01 14:56:44,2026-06-28,Australia,100,
2352699,TDU26249G,Rejected,2025-09-01 15:02:51,2026-06-20,New Zealand,100,
2352700,TDU32885,Rejected,2025-09-01 15:31:13,2026-03-16,Australia,2,
2352701,TDU32886,Rejected,2025-09-01 15:41:54,2026-03-16,Australia,2,
2352702,TDU32887,Accounts - Reconciliation,2025-09-01 15:47:48,2025-09-02,Australia,2,
2352703,TDU32888,Rejected,2025-09-01 15:59:41,2026-03-16,Australia,2,
2352704,TDU32889,Rejected,2025-09-01 16:52:55,2026-03-16,Australia,2,
2352705,TDU32890,Rejected,2025-09-01 17:02:54,2026-03-16,Australia,2,
2352706,TDU32891,Rejected,2025-09-01 17:05:28,2025-10-29,New Zealand,5,
2352707,TDU32892,Rejected,2025-09-01 17:30:39,2026-03-16,Australia,2,
2352708,TDU32893,Rejected,2025-09-01 17:41:10,2025-11-21,New Zealand,2,
2352709,TDU32894,Rejected,2025-09-01 17:55:07,2026-03-16,Australia,2,
2352710,TDU32895,Rejected,2025-09-01 18:18:36,2026-03-16,Australia,2,
2352712,TDU32897,Rejected,2025-09-01 18:43:30,2026-02-19,Australia,2,
2352713,TDU26250G,Rejected,2025-09-01 19:53:19,2025-12-01,Australia,22,
2352714,TDU32898,Rejected,2025-09-01 19:55:37,2025-12-18,New Zealand,2,
2352715,TDU32899,Rejected,2025-09-01 20:01:36,2025-10-25,New Zealand,2,
2352716,TDU26251G,Rejected,2025-09-01 20:44:17,2025-12-13,New Zealand,50,
2352717,TDU26252G,Rejected,2025-09-01 20:47:35,2025-12-13,New Zealand,50,
2352718,TDU32900,Rejected,2025-09-01 21:56:28,2025-12-05,Australia,4,
2352719,TDU32901,Rejected,2025-09-01 22:26:14,2025-12-15,New Zealand,4,
2352720,TDU32902,Rejected,2025-09-01 22:47:54,2025-11-18,Australia,6,
2352721,TDU26253G,Rejected,2025-09-01 23:04:56,2025-11-13,Australia,90,
2352722,TDU32903,Rejected,2025-09-01 23:17:57,2026-01-07,Australia,2,
2352725,TDU32906,Auto Rejected,2025-09-01 23:35:10,2025-11-01,Australia,2,
2352726,TDU26254G,Rejected,2025-09-01 23:43:02,2026-02-02,Australia,20,
2352727,TDU32907,Rejected,2025-09-02 00:36:14,2025-11-08,New Zealand,2,
2352728,TDU32908,Rejected,2025-09-02 00:55:49,2026-02-01,New Zealand,2,
2352729,TDU32909,Rejected,2025-09-02 15:23:51,2025-12-06,Australia,3,
2352730,TDU32910,Auto Rejected,2025-09-02 16:28:03,2025-11-05,Australia,2,
2352731,TDU32911,Rejected After Confrmation QA pending,2025-09-02 16:37:02,2025-12-04,Australia,2,
2352732,TDU32912,Accounts - Reconciliation,2025-09-02 17:04:50,2025-11-05,New Zealand,1,
2352733,TDU26255G,Auto Rejected,2025-09-02 17:21:48,2025-11-01,Australia,50,
2352734,TDU26256G,Rejected,2025-09-02 17:40:10,2025-12-16,Australia,17,
2352735,TDU32913,Rejected,2025-09-02 18:06:29,2025-12-01,New Zealand,2,
2352736,TDU32914,Rejected,2025-09-02 18:11:52,2025-09-19,Australia,1,
2352738,TDU32916,Rejected,2025-09-02 18:37:36,2025-12-15,Australia,3,
2352739,TDU32917,Auto Rejected,2025-09-02 19:07:49,2025-10-17,Australia,4,
2352740,TDU26257G,Rejected,2025-09-02 19:11:56,2025-12-21,Australia,20,
2352741,TDU32918,Accounts - Reconciliation,2025-09-02 19:30:15,2025-10-26,Australia,2,
2352743,TDU32919,Rejected,2025-09-02 19:53:15,2025-11-02,Australia,4,
2352744,TDU32920,Rejected,2025-09-02 20:00:06,2025-11-13,New Zealand,9,
2352745,TDU26259G,Rejected,2025-09-02 20:54:33,2026-02-05,Australia,10,
2352748,TDU32923,Rejected,2025-09-02 22:10:51,2025-11-12,Australia,3,
2352749,TDU32924,Rejected,2025-09-02 22:32:49,2025-12-20,Australia,2,
2352750,TDU32925,Rejected,2025-09-02 23:09:52,2025-10-18,Australia,3,
2352751,TDU32926,Rejected After Confrmation QA completed,2025-09-03 00:16:00,2025-10-05,Australia,2,
2352753,TDU32927,Rejected,2025-09-03 16:18:16,2025-12-27,Australia,2,
2352754,TDU32928,Auto Rejected,2025-09-03 17:09:51,2025-11-12,Australia,3,
2352755,TDU26261G,Auto Rejected,2025-09-03 17:17:04,2025-10-19,New Zealand,19,
2352756,TDU32929,Rejected,2025-09-03 18:55:38,2025-11-30,New Zealand,2,
2352757,TDU32930,On Ground,2025-09-03 19:06:45,2025-11-30,New Zealand,2,
2352758,TDU26262G,Rejected,2025-09-03 19:39:00,2025-12-21,Australia,12,
2352759,TDU32931,Rejected,2025-09-03 19:43:15,2026-01-05,Australia,11,
2352760,TDU32932,Rejected,2025-09-03 19:45:42,2025-12-26,New Zealand,8,
2352761,TDU26263G,Auto Rejected,2025-09-03 19:58:58,2025-10-19,Australia,20,
2352762,TDU26264G,Rejected,2025-09-03 20:17:28,2025-12-18,Australia,14,
2352763,TDU32933,Accounts - Reconciliation,2025-09-03 20:18:01,2025-12-01,New Zealand,2,
2352765,TDU32935,Rejected,2025-09-04 14:55:54,2025-12-15,Australia,4,
2352766,TDU32936,On Ground,2025-09-04 15:07:26,2025-12-26,New Zealand,4,
2352767,TDU32937,Rejected,2025-09-04 16:59:15,2026-01-24,Australia,2,
2352768,TDU32938,Rejected,2025-09-04 17:14:29,2025-10-16,Australia,9,
2352769,TDU32939,Rejected,2025-09-04 17:46:03,2026-01-05,Australia,4,
2352770,TDU32940,Rejected,2025-09-04 17:48:27,2025-12-21,New Zealand,6,
2352771,TDU32941,Rejected,2025-09-04 17:57:53,2025-12-18,New Zealand,10,
2352772,TDU26265G,Rejected,2025-09-04 18:00:16,2025-10-23,Australia,11,
2352773,TDU32942,Rejected,2025-09-04 18:05:40,2026-01-03,New Zealand,2,
2352774,TDU32943,Rejected,2025-09-04 18:06:34,2026-01-15,New Zealand,2,
2352775,TDU32944,Rejected,2025-09-04 18:24:34,2025-10-23,Australia,10,
2352776,TDU26266G,Rejected,2025-09-04 18:32:24,2026-03-23,New Zealand,20,
2352777,TDU26267G,Rejected,2025-09-04 20:06:06,2026-04-07,Australia,30,
2352779,TDU26268G,Auto Rejected,2025-09-04 20:42:21,2025-11-01,Australia,59,
2352781,TDU32946,Rejected,2025-09-04 21:42:23,2025-12-28,Australia,4,
2352782,TDU32947,Rejected,2025-09-04 21:58:29,2026-01-26,Australia,4,
2352783,TDU26270G,Auto Rejected,2025-09-04 22:10:58,2025-11-01,Australia,60,
2352784,TDU26271G,Rejected,2025-09-04 22:31:08,2025-11-20,Australia,40,
2352785,TDU32948,Rejected,2025-09-04 22:46:18,2025-12-17,Australia,2,
2352787,TDU32950,Rejected,2025-09-04 23:24:21,2026-01-03,Australia,2,
2352788,TDU26272G,Rejected,2025-09-04 23:44:29,2025-12-18,Australia,20,
2352789,TDU32951,Rejected,2025-09-05 00:13:50,2025-10-30,Australia,6,
2352790,TDU26273G,Rejected,2025-09-05 00:26:49,2026-02-20,Australia,25,
2352791,TDU26274G,Rejected,2025-09-05 01:02:13,2026-03-10,Australia,25,
2352792,TDU26275G,Rejected,2025-09-05 01:11:02,2026-03-17,New Zealand,25,
2352793,TDU26276G,Auto Rejected,2025-09-05 01:33:32,2025-11-09,New Zealand,23,
2352794,TDU26277G,Rejected,2025-09-05 01:48:02,2026-03-11,Australia,29,
2352795,TDU26278G,Rejected,2025-09-05 02:00:58,2026-02-05,New Zealand,40,
2352796,TDU26279G,Rejected,2025-09-05 15:40:52,2026-02-20,Australia,25,
2352798,TDU26280G,Auto Rejected,2025-09-05 15:58:46,2025-12-02,Australia,18,
2352799,TDU32953,Rejected,2025-09-05 16:16:14,2025-12-22,New Zealand,2,
2352800,TDU26281G,Rejected,2025-09-05 16:43:04,2026-02-12,New Zealand,20,
2352802,TDU32954,Rejected,2025-09-05 16:53:26,2025-11-14,Australia,5,
2352803,TDU32955,Rejected,2025-09-05 17:10:49,2025-11-14,Australia,5,
2352804,TDU32956,Rejected,2025-09-05 17:27:26,2025-11-29,New Zealand,2,
2352805,TDU26283G,Rejected,2025-09-05 17:35:13,2026-02-04,Australia,20,
2352806,TDU32957,Auto Rejected,2025-09-05 17:35:17,2025-09-21,New Zealand,4,
2352808,TDU26284G,Rejected,2025-09-05 18:08:32,2026-04-13,New Zealand,19,
2352809,TDU32959,Rejected,2025-09-05 18:20:14,2026-01-09,Australia,2,
2352811,TDU32960,Rejected,2025-09-05 19:01:44,2026-02-23,Australia,3,
2352812,TDU26286G,Rejected,2025-09-05 19:10:39,2025-11-15,Australia,13,
2352813,TDU26287G,Rejected,2025-09-05 19:28:46,2026-04-05,Australia,19,
2352815,TDU32962,Accounts - Reconciliation,2025-09-05 19:46:34,2025-10-07,Australia,2,
2352816,TDU26288G,Rejected,2025-09-05 20:04:53,2025-11-23,New Zealand,13,
2352817,TDU32963,Auto Rejected,2025-09-05 20:31:13,2025-09-22,Australia,5,
2352818,TDU32964,Rejected,2025-09-05 21:11:05,2025-11-19,Australia,2,
2352819,TDU32965,Rejected,2025-09-05 21:29:25,2025-12-20,Australia,2,
2352820,TDU32966,Rejected,2025-09-05 21:40:14,2025-11-25,Australia,2,
2352822,TDU26290G,Rejected,2025-09-05 21:46:28,2025-12-01,Australia,15,
2352823,TDU32967,Rejected,2025-09-05 22:07:39,2025-12-02,Australia,2,
2352824,TDU32968,Rejected,2025-09-05 22:17:00,2025-12-15,Australia,2,
2352826,TDU32969,Rejected,2025-09-05 22:32:36,2025-12-25,Australia,4,
2352827,TDU32970,Rejected,2025-09-05 23:09:15,2025-11-12,Australia,6,
2352828,TDU32971,Rejected,2025-09-05 23:47:54,2025-11-29,New Zealand,2,
2352829,TDU32972,Rejected,2025-09-06 00:06:33,2025-10-20,Australia,2,
2352830,TDU32973,Rejected,2025-09-06 00:47:08,2025-10-15,Australia,2,
2352831,TDU32974,Rejected,2025-09-06 01:03:42,2025-12-22,Australia,4,
2352832,TDU32975,Rejected,2025-09-06 13:47:40,2026-02-12,New Zealand,3,
2352833,TDU26292G,Auto Rejected,2025-09-06 14:10:11,2025-11-22,New Zealand,13,
2352836,TDU32978,Rejected,2025-09-06 16:57:17,2026-03-02,New Zealand,2,
2352837,TDU32979,Auto Rejected,2025-09-06 17:31:48,2025-09-21,Australia,1,
2352838,TDU32980,Rejected,2025-09-06 17:43:59,2025-12-10,New Zealand,2,
2352839,TDU32981,Auto Rejected,2025-09-06 18:07:36,2025-11-07,New Zealand,4,
2352840,TDU32982,Auto Rejected,2025-09-06 18:15:11,2025-11-01,Australia,4,
2352841,TDU32983,Rejected,2025-09-06 18:24:12,2026-02-16,New Zealand,4,
2352842,TDU32984,Rejected,2025-09-06 18:26:49,2025-12-02,Australia,2,
2352843,TDU32985,Rejected,2025-09-06 18:33:25,2025-12-10,Australia,2,
2352844,TDU32986,Rejected,2025-09-06 18:37:35,2025-11-25,Australia,2,
2352845,TDU32987,Rejected,2025-09-06 19:06:45,2026-01-26,Australia,4,
2352846,TDU32988,Rejected,2025-09-06 19:30:08,2025-12-20,New Zealand,4,
2352847,TDU32989,Rejected,2025-09-06 19:41:29,2025-12-20,New Zealand,4,
2352848,TDU32990,Rejected,2025-09-06 20:06:05,2025-12-02,Australia,2,
2352849,TDU32991,Rejected,2025-09-06 20:07:41,2026-01-25,New Zealand,3,
2352850,TDU32992,Rejected,2025-09-06 20:52:25,2026-02-10,New Zealand,2,
2352851,TDU32993,Rejected,2025-09-06 20:57:44,2025-11-21,Australia,2,
2352852,TDU32994,Rejected,2025-09-06 21:12:58,2025-12-05,New Zealand,2,
2352854,TDU32996,Rejected,2025-09-06 21:33:20,2025-11-29,New Zealand,4,
2352855,TDU32997,Rejected,2025-09-06 21:56:21,2025-11-09,Australia,7,
2352856,TDU32998,Rejected,2025-09-06 21:59:49,2025-11-09,Australia,10,
2352858,TDU33000,Rejected,2025-09-06 22:27:24,2026-03-12,New Zealand,3,
2352859,TDU33001,Rejected,2025-09-06 22:34:43,2025-09-30,New Zealand,2,
2352860,TDU33002,Rejected,2025-09-06 22:36:32,2025-09-30,New Zealand,2,
2352861,TDU33003,Rejected,2025-09-06 22:39:39,2025-10-04,Australia,3,
2352862,TDU33004,Rejected,2025-09-06 23:03:18,2025-10-11,Australia,3,
2352863,TDU33005,Auto Rejected,2025-09-06 23:27:30,2025-09-22,Australia,5,
2352864,TDU33006,Rejected,2025-09-06 23:32:50,2025-12-05,Australia,4,
2352865,TDU33007,Accounts - Reconciliation,2025-09-06 23:49:54,2025-12-01,New Zealand,2,
2352866,TDU33008,Rejected,2025-09-06 23:53:08,2025-12-18,Australia,4,
2352867,TDU33009,Rejected,2025-09-07 00:05:06,2026-02-19,Australia,2,
2352868,TDU33010,Rejected,2025-09-07 00:05:24,2025-10-02,Australia,4,
2352869,TDU26293G,Auto Rejected,2025-09-07 00:26:03,2025-10-23,Australia,13,
2352870,TDU33011,Rejected,2025-09-07 00:55:45,2025-11-17,Australia,2,
2352871,TDU33012,Auto Rejected,2025-09-07 01:09:01,2025-09-13,Australia,2,
2352872,TDU26294G,Auto Rejected,2025-09-08 10:40:53,2025-09-11,Australia,14,
2352873,TDU26295G,Rejected,2025-09-08 13:11:52,2025-12-17,Australia,21,
2352874,TDU33013,Auto Rejected,2025-09-08 14:34:52,2025-11-24,Australia,2,
2352876,TDU26296G,Rejected,2025-09-08 16:09:29,2025-11-01,New Zealand,60,
2352877,TDU33015,Rejected,2025-09-08 16:28:05,2025-10-25,Australia,9,
2352878,TDU33016,Rejected,2025-09-08 16:35:38,2025-10-25,Australia,9,
2352879,TDU26297G,Rejected,2025-09-08 16:40:12,2025-11-01,New Zealand,60,
2352880,TDU33017,Rejected,2025-09-08 16:57:15,2025-12-17,Australia,2,
2352881,TDU26298G,Auto Rejected,2025-09-08 17:00:41,2025-11-10,New Zealand,70,
2352882,TDU33018,Rejected,2025-09-08 17:43:36,2026-05-03,Australia,3,
2352883,TDU26299G,Rejected,2025-09-08 17:56:29,2026-01-20,Australia,30,
2352884,TDU33019,Rejected,2025-09-08 19:32:31,2025-11-10,Australia,3,
2352885,TDU33020,Rejected,2025-09-08 19:46:36,2025-11-10,Australia,3,
2352886,TDU33021,Rejected,2025-09-08 20:06:10,2025-09-29,Australia,2,
2352887,TDU26300G,Auto Rejected,2025-09-08 20:27:58,2025-10-29,Australia,20,
2352889,TDU33023,Rejected,2025-09-08 21:07:44,2025-12-08,New Zealand,5,
2352890,TDU33024,Rejected,2025-09-08 21:14:10,2025-12-01,Australia,2,
2352891,TDU33025,Accounts - Reconciliation,2025-09-08 21:16:22,2025-10-04,Australia,4,
2352892,TDU33026,Rejected,2025-09-08 22:19:06,2025-12-06,New Zealand,2,
2352893,TDU33027,Rejected,2025-09-08 22:27:06,2025-10-31,New Zealand,2,
2352894,TDU33028,Rejected,2025-09-08 22:37:08,2025-09-18,Australia,4,
2352895,TDU33029,Rejected,2025-09-08 22:50:09,2025-12-22,Australia,5,
2352896,TDU33030,Accounts - Reconciliation,2025-09-08 23:05:26,2026-01-20,New Zealand,1,
2352897,TDU33031,Rejected,2025-09-08 23:14:04,2025-11-05,Australia,2,
2352898,TDU33032,Rejected,2025-09-08 23:15:38,2025-11-03,New Zealand,2,
2352900,TDU26301G,Accepted,2025-09-09 11:31:51,2025-12-03,New Zealand,57,
2352901,TDU33034,Rejected,2025-09-09 15:48:26,2025-09-28,Australia,2,
2352902,TDU33035,Rejected,2025-09-09 16:53:20,2026-01-08,New Zealand,2,
2352903,TDU33036,Auto Rejected,2025-09-09 17:34:37,2025-11-01,New Zealand,2,
2352904,TDU33037,Rejected,2025-09-09 17:34:57,2025-12-21,Australia,4,
2352906,TDU33039,Rejected,2025-09-09 19:53:27,2025-12-01,Australia,3,
2352907,TDU33040,Rejected,2025-09-09 21:06:57,2025-12-01,Australia,4,
2352908,TDU33041,Rejected,2025-09-09 21:59:57,2025-12-25,Australia,3,
2352909,TDU33042,Rejected,2025-09-09 23:02:48,2025-12-21,Australia,4,
2352910,TDU33043,Auto Rejected,2025-09-09 23:15:47,2026-01-14,Australia,2,
2352911,TDU33044,Rejected,2025-09-09 23:23:48,2026-02-10,Australia,4,
2352912,TDU26302G,Auto Rejected,2025-09-10 13:31:19,2026-04-24,Australia,72,
2352913,TDU26303G,Rejected,2025-09-10 14:32:13,2026-02-01,Australia,300,
2352915,TDU33046,Rejected,2025-09-10 15:31:02,2025-12-21,New Zealand,4,
2352916,TDU33047,Rejected,2025-09-10 16:33:12,2025-10-24,New Zealand,3,
2352917,TDU33048,Rejected,2025-09-10 16:52:46,2025-12-22,New Zealand,3,
2352920,TDU33049,Rejected,2025-09-10 17:52:47,2025-12-10,New Zealand,4,
2352921,TDU26306G,Rejected,2025-09-10 17:59:24,2026-01-19,Australia,15,
2352922,TDU33050,Rejected,2025-09-10 18:10:46,2026-01-06,New Zealand,2,
2352923,TDU33051,Accounts - Reconciliation,2025-09-10 18:21:38,2025-10-09,Australia,4,
2352924,TDU33052,Rejected,2025-09-10 19:30:33,2026-11-05,Australia,2,
2352925,TDU33053,Rejected,2025-09-10 19:48:10,2025-10-16,New Zealand,6,
2352926,TDU33054,Rejected,2025-09-10 19:58:10,2025-11-02,New Zealand,4,
2352928,TDU33056,Rejected,2025-09-10 20:15:24,2025-12-19,Australia,3,
2352930,TDU33058,Rejected,2025-09-10 21:56:05,2026-02-26,Australia,4,
2352931,TDU33059,Rejected,2025-09-10 22:37:28,2025-09-25,New Zealand,4,
2352932,TDU33060,Rejected,2025-09-10 23:20:00,2026-01-23,New Zealand,2,
2352933,TDU33061,Rejected,2025-09-10 23:24:09,2025-12-02,Australia,2,
2352934,TDU33062,Rejected,2025-09-11 00:40:43,2025-10-28,Australia,3,
2352935,TDU26307G,Auto Rejected,2025-09-11 10:11:39,2026-04-01,New Zealand,20,
2352936,TDU26308G,Rejected,2025-09-11 15:19:19,2025-11-30,New Zealand,10,
2352937,TDU26309G,Rejected,2025-09-11 15:24:01,2026-02-12,Australia,12,
2352938,TDU33063,Rejected,2025-09-11 16:04:57,2026-03-01,Australia,2,
2352939,TDU33064,Rejected,2025-09-11 16:17:28,2026-01-10,New Zealand,10,
2352940,TDU26310G,Rejected,2025-09-11 17:00:21,2025-11-20,Australia,10,
2352941,TDU33065,Rejected,2025-09-11 17:07:17,2026-01-26,New Zealand,4,
2352942,TDU26311G,Rejected,2025-09-11 17:18:55,2026-03-12,Australia,22,
2352943,TDU33066,Rejected,2025-09-11 17:30:00,2025-11-07,New Zealand,2,
2352944,TDU33067,Rejected,2025-09-11 17:49:09,2026-01-30,Australia,2,
2352945,TDU26312G,Rejected,2025-09-11 17:53:31,2026-03-24,New Zealand,22,
2352946,TDU33068,Rejected,2025-09-11 18:14:56,2026-04-08,New Zealand,3,
2352947,TDU33069,Rejected,2025-09-11 18:16:34,2025-10-24,Australia,8,
2352948,TDU33070,Rejected,2025-09-11 18:28:25,2025-12-23,Australia,9,
2352949,TDU33071,Rejected,2025-09-11 18:53:22,2025-12-21,Australia,6,
2352950,TDU33072,Rejected,2025-09-11 20:36:45,2025-12-06,New Zealand,3,
2352951,TDU33073,Rejected,2025-09-11 20:37:47,2026-01-10,Australia,10,
2352952,TDU26313G,Rejected,2025-09-11 20:37:54,2026-02-24,Australia,12,
2352953,TDU33074,Auto Rejected,2025-09-11 20:41:06,2025-11-01,New Zealand,2,
2352954,TDU33075,Rejected,2025-09-11 20:49:33,2026-01-13,New Zealand,10,
2352955,TDU33076,Rejected,2025-09-11 21:22:07,2025-12-25,Australia,4,
2352956,TDU26314G,Rejected,2025-09-11 21:54:21,2026-02-01,New Zealand,14,
2352957,TDU33077,Rejected,2025-09-11 21:56:49,2025-12-26,Australia,1,
2352958,TDU33078,Rejected,2025-09-11 22:15:46,2025-12-04,Australia,4,
2352959,TDU33079,Accounts - Reconciliation,2025-09-11 22:22:28,2025-10-10,Australia,2,
2352960,TDU33080,Rejected,2025-09-11 22:32:14,2025-10-18,Australia,4,
2352961,TDU33081,Accounts - Reconciliation,2025-09-11 22:39:31,2025-12-05,New Zealand,5,
2352962,TDU33082,Rejected,2025-09-11 23:03:11,2026-02-05,Australia,3,
2352963,TDU26315G,Rejected,2025-09-11 23:06:58,2025-12-28,Australia,14,
2352964,TDU33083,Rejected After Confrmation QA completed,2025-09-11 23:19:29,2025-10-30,Australia,6,
2352965,TDU33084,Rejected,2025-09-11 23:19:52,2025-11-05,New Zealand,2,
2352966,TDU33085,Auto Rejected,2025-09-12 01:30:07,2025-09-19,Australia,6,
2352967,TDU26316G,Rejected,2025-09-12 12:15:30,2026-04-05,New Zealand,60,
2352968,TDU26317G,Rejected,2025-09-12 14:03:07,2025-12-15,New Zealand,13,
2352969,TDU33086,Accounts - Reconciliation,2025-09-12 14:41:04,2026-01-26,New Zealand,4,
2352970,TDU33087,Rejected,2025-09-12 15:07:22,2025-12-15,New Zealand,4,
2352971,TDU33088,Rejected,2025-09-12 15:39:32,2026-03-08,Australia,2,
2352973,TDU33090,Rejected,2025-09-12 15:56:59,2026-03-01,New Zealand,3,
2352974,TDU33091,Rejected,2025-09-12 16:24:01,2026-02-05,New Zealand,2,
2352975,TDU33092,Rejected,2025-09-12 16:43:43,2025-10-20,New Zealand,2,
2352976,TDU26318G,Rejected,2025-09-12 16:47:31,2026-01-25,Australia,21,
2352977,TDU33093,Rejected,2025-09-12 16:57:29,2025-11-25,New Zealand,2,
2352978,TDU33094,Rejected,2025-09-12 17:12:06,2025-11-25,New Zealand,6,
2352979,TDU33095,Rejected,2025-09-12 17:18:00,2025-12-25,Australia,3,
2352980,TDU33096,Rejected,2025-09-12 17:20:35,2025-12-04,New Zealand,10,
2352981,TDU33097,Rejected,2025-09-12 17:35:22,2026-02-05,Australia,3,
2352982,TDU33098,Accounts - Reconciliation,2025-09-12 17:38:20,2025-09-27,Australia,6,
2352983,TDU33099,Rejected,2025-09-12 19:18:07,2026-01-19,New Zealand,2,
2352984,TDU33100,Rejected,2025-09-12 19:47:36,2025-11-16,New Zealand,2,
2352985,TDU33101,Rejected,2025-09-12 19:56:43,2025-11-16,Australia,6,
2352986,TDU33102,Rejected,2025-09-12 20:04:58,2025-11-16,Australia,6,
2352987,TDU33103,Rejected,2025-09-12 20:23:31,2025-12-24,New Zealand,2,
2352988,TDU33104,Rejected,2025-09-12 20:29:07,2025-10-30,New Zealand,4,
2352989,TDU33105,Rejected,2025-09-12 20:42:56,2025-12-13,Australia,6,
2352990,TDU33106,Rejected,2025-09-12 20:57:00,2025-09-30,Australia,2,
2352991,TDU33107,Rejected,2025-09-12 21:03:13,2025-12-26,Australia,2,
2352992,TDU33108,Rejected,2025-09-12 21:28:01,2025-10-20,New Zealand,2,
2352993,TDU33109,Rejected After Confrmation QA completed,2025-09-12 22:02:15,2025-10-26,Australia,6,
2352994,TDU33110,Rejected,2025-09-12 22:03:45,2026-01-16,Australia,2,
2352995,TDU33111,Auto Rejected,2025-09-12 22:30:55,2026-03-23,Australia,4,
2352996,TDU33112,Rejected,2025-09-12 22:36:06,2025-10-01,Australia,2,
2352998,TDU33113,Rejected,2025-09-12 22:38:56,2025-12-20,New Zealand,2,
2352999,TDU33114,Auto Rejected,2025-09-12 22:39:37,2026-03-23,Australia,2,
2353000,TDU33115,Auto Rejected,2025-09-12 22:42:13,2026-03-23,Australia,2,
2353001,TDU33116,Auto Rejected,2025-09-12 22:43:23,2026-03-23,Australia,2,
2353002,TDU33117,Auto Rejected,2025-09-12 22:44:33,2026-03-23,Australia,2,
2353003,TDU33118,Rejected,2025-09-12 23:03:56,2025-12-10,Australia,4,
2353004,TDU33119,Rejected,2025-09-12 23:12:29,2026-01-06,New Zealand,4,
2353005,TDU33120,Rejected,2025-09-13 15:07:17,2025-11-21,New Zealand,5,
2353006,TDU33121,Rejected,2025-09-13 15:23:40,2025-12-07,New Zealand,8,
2353007,TDU33122,Rejected,2025-09-13 15:31:42,2025-10-24,Australia,2,
2353008,TDU33123,Rejected,2025-09-13 15:58:59,2025-11-28,Australia,8,
2353009,TDU26320G,Auto Rejected,2025-09-13 16:03:24,2025-11-11,New Zealand,42,
2353010,TDU26321G,Rejected,2025-09-13 16:29:00,2025-12-21,Australia,13,
2353011,TDU33124,Auto Rejected,2025-09-13 16:34:08,2025-09-14,Australia,3,
2353012,TDU33125,Rejected,2025-09-13 17:15:17,2026-04-08,New Zealand,10,
2353013,TDU33126,Rejected,2025-09-13 17:34:29,2025-12-10,New Zealand,2,
2353014,TDU26322G,Rejected,2025-09-13 18:03:17,2025-11-03,New Zealand,44,
2353015,TDU33127,On Ground,2025-09-13 18:15:48,2025-12-27,Australia,2,
2353016,TDU26323G,On Ground,2025-09-13 18:22:10,2026-04-17,New Zealand,65,
2353018,TDU33129,Auto Rejected,2025-09-13 20:16:39,2025-10-10,Australia,5,
2353019,TDU33130,Rejected,2025-09-13 20:23:05,2025-11-15,New Zealand,5,
2353020,TDU33131,Rejected,2025-09-13 20:53:21,2026-04-15,Australia,10,
2353021,TDU33132,Accounts - Reconciliation,2025-09-13 21:36:21,2025-12-06,Australia,2,
2353023,TDU33133,Rejected,2025-09-15 15:14:59,2025-12-10,New Zealand,2,
2353025,TDU33135,Rejected,2025-09-15 16:21:40,2025-12-27,Australia,5,
2353026,TDU33136,Rejected,2025-09-15 18:11:43,2026-03-16,Australia,7,
2353027,TDU33137,Rejected,2025-09-15 18:13:25,2025-09-28,Australia,3,
2353028,TDU33138,Rejected,2025-09-15 18:33:31,2025-10-25,New Zealand,6,
2353029,TDU26325G,Rejected,2025-09-15 19:04:34,2025-12-29,Australia,13,
2353030,TDU33139,Rejected,2025-09-15 19:59:02,2025-12-02,New Zealand,6,
2353033,TDU33142,Rejected,2025-09-15 20:30:14,2025-12-12,New Zealand,2,
2353034,TDU33143,Rejected,2025-09-15 20:49:16,2025-12-13,Australia,2,
2353035,TDU33144,Rejected,2025-09-15 21:53:32,2025-10-27,Australia,2,
2353036,TDU33145,Accounts - Reconciliation,2025-09-15 23:19:29,2026-01-05,New Zealand,4,
2353037,TDU33146,Accounts - Reconciliation,2025-09-15 23:29:55,2025-11-10,Australia,2,
2353038,TDU33147,PRE QA - pending,2025-09-15 23:32:56,2025-11-17,New Zealand,2,
2353039,TDU33148,Rejected,2025-09-16 15:05:11,2025-09-30,Australia,1,
2353040,TDU33149,Rejected,2025-09-16 15:34:31,2026-01-16,New Zealand,2,
2353042,TDU33151,Rejected,2025-09-16 16:01:43,2026-01-16,Australia,2,
2353043,TDU33152,Rejected,2025-09-16 16:29:49,2025-12-20,Australia,4,
2353044,TDU33153,Accounts - Reconciliation,2025-09-16 16:43:13,2025-09-22,Australia,5,
2353045,TDU33154,Rejected,2025-09-16 17:08:16,2026-01-03,New Zealand,2,
2353046,TDU33155,Rejected,2025-09-16 17:29:55,2025-11-05,Australia,4,
2353047,TDU26326G,Rejected,2025-09-16 17:53:47,2025-12-24,Australia,14,
2353048,TDU33156,Auto Rejected,2025-09-16 19:08:04,2025-09-27,Australia,2,
2353049,TDU33157,Rejected,2025-09-16 19:30:26,2025-12-04,Australia,2,
2353050,TDU33158,Rejected,2025-09-16 20:29:17,2026-02-23,New Zealand,10,
2353051,TDU33159,Rejected,2025-09-16 20:41:12,2025-10-06,Australia,2,
2353052,TDU33160,Rejected,2025-09-16 20:51:22,2025-11-19,Australia,2,
2353053,TDU33161,Rejected,2025-09-16 21:05:13,2025-12-22,New Zealand,2,
2353054,TDU33162,Rejected,2025-09-16 21:32:01,2025-10-27,Australia,2,
2353055,TDU33163,Rejected,2025-09-16 21:36:01,2025-11-08,New Zealand,2,
2353056,TDU33164,Rejected,2025-09-16 21:38:33,2025-11-13,Australia,2,
2353057,TDU33165,Auto Rejected,2025-09-16 21:48:15,2025-09-22,New Zealand,2,
2353058,TDU33166,Rejected,2025-09-16 21:49:47,2025-09-23,Australia,6,
2353059,TDU33167,Rejected,2025-09-16 22:06:06,2025-10-19,Australia,4,
2353060,TDU33168,Rejected,2025-09-16 22:11:48,2025-12-01,Australia,3,
2353061,TDU33169,Rejected,2025-09-16 22:16:26,2025-09-23,Australia,6,
2353062,TDU33170,Rejected,2025-09-16 22:17:36,2025-12-26,Australia,2,
2353063,TDU33171,Rejected,2025-09-16 22:37:35,2025-11-16,Australia,2,
2353064,TDU33172,Rejected,2025-09-16 22:40:56,2025-10-18,Australia,1,
2353065,TDU33173,Rejected,2025-09-16 22:56:13,2025-10-09,Australia,4,
2353066,TDU33174,Rejected,2025-09-16 23:03:09,2025-11-16,Australia,2,
2353067,TDU33175,Rejected,2025-09-16 23:20:11,2026-03-08,Australia,8,
2353068,TDU33176,Rejected,2025-09-16 23:20:46,2026-01-13,New Zealand,2,
2353069,TDU26327G,Accepted,2025-09-17 09:29:15,2025-12-10,Australia,250,
2353070,TDU33177,Auto Rejected,2025-09-17 09:43:49,2025-09-26,New Zealand,20,
2353071,TDU26328G,Auto Rejected,2025-09-17 09:43:49,2025-09-26,New Zealand,20,
2353072,TDU26329G,Rejected,2025-09-17 15:10:51,2026-03-11,Australia,29,
2353073,TDU33178,Rejected,2025-09-17 15:16:40,2025-12-19,New Zealand,4,
2353075,TDU33180,Rejected,2025-09-17 15:41:05,2025-12-12,Australia,2,
2353076,TDU33181,Rejected,2025-09-17 15:56:08,2025-11-25,New Zealand,2,
2353078,TDU26330G,Auto Rejected,2025-09-17 16:02:12,2026-01-26,Australia,31,
2353079,TDU33183,Rejected,2025-09-17 16:05:10,2025-12-12,Australia,2,
2353080,TDU26331G,Rejected,2025-09-17 16:13:05,2026-03-10,New Zealand,20,
2353082,TDU26332G,Rejected,2025-09-17 16:16:06,2026-02-04,New Zealand,15,
2353083,TDU26333G,Rejected,2025-09-17 16:35:01,2026-03-10,New Zealand,20,
2353084,TDU33185,Rejected,2025-09-17 16:48:34,2026-02-21,New Zealand,2,
2353085,TDU33186,Rejected After Confrmation QA pending,2025-09-17 16:50:31,2025-11-12,Australia,3,
2353086,TDU26334G,Rejected,2025-09-17 17:38:02,2026-02-04,New Zealand,15,
2353087,TDU26335G,Auto Rejected,2025-09-17 17:51:12,2026-03-16,New Zealand,40,
2353088,TDU26336G,Rejected,2025-09-17 18:01:24,2026-03-16,New Zealand,40,
2353090,TDU26338G,Rejected,2025-09-17 18:38:13,2026-03-22,Australia,40,
2353091,TDU26339G,Rejected,2025-09-17 18:41:51,2026-03-16,New Zealand,40,
2353092,TDU33187,Rejected,2025-09-17 18:44:48,2025-10-13,Australia,3,
2353093,TDU33188,Auto Rejected,2025-09-17 19:14:08,2025-09-19,Australia,4,
2353094,TDU33189,Rejected,2025-09-17 19:15:29,2025-12-15,Australia,2,
2353095,TDU33190,Rejected,2025-09-17 19:18:39,2025-09-19,Australia,4,
2353096,TDU33191,Rejected,2025-09-17 19:22:13,2025-12-20,New Zealand,2,
2353097,TDU33192,Rejected,2025-09-17 19:49:30,2025-12-24,New Zealand,2,
2353098,TDU33193,Auto Rejected,2025-09-17 20:22:28,2025-10-19,Australia,5,
2353099,TDU26340G,Rejected,2025-09-17 20:28:07,2026-05-06,Australia,18,
2353100,TDU33194,Rejected,2025-09-17 20:39:52,2025-12-28,New Zealand,4,
2353101,TDU33195,Rejected,2025-09-17 20:56:08,2026-01-05,New Zealand,2,
2353102,TDU33196,Accounts - Reconciliation,2025-09-17 21:27:00,2026-02-06,Australia,2,
2353103,TDU33197,Rejected,2025-09-17 22:05:07,2025-12-11,New Zealand,8,
2353105,TDU33198,Rejected,2025-09-17 22:42:44,2026-01-04,New Zealand,8,
2353106,TDU33199,Rejected,2025-09-17 22:46:00,2025-11-28,Australia,2,
2353107,TDU33200,Rejected,2025-09-17 22:47:39,2026-01-28,New Zealand,2,
2353108,TDU33201,Rejected,2025-09-17 23:03:43,2025-11-15,New Zealand,2,
2353109,TDU33202,Auto Rejected,2025-09-17 23:05:46,2026-04-20,Australia,2,
2353110,TDU33203,Rejected,2025-09-17 23:26:48,2026-01-19,New Zealand,8,
2353111,TDU26342G,Auto Rejected,2025-09-17 23:47:17,2026-02-21,Australia,1010,
2353112,TDU33204,Auto Rejected,2025-09-18 01:39:20,2025-10-26,Australia,4,
2353113,TDU26343G,Rejected,2025-09-18 11:20:11,2025-12-10,Australia,46,
2353114,TDU33205,Auto Rejected,2025-09-18 14:46:12,2025-11-01,Australia,2,
2353115,TDU33206,Rejected,2025-09-18 15:17:56,2025-10-06,New Zealand,4,
2353116,TDU33207,Rejected,2025-09-18 15:30:36,2025-09-27,Australia,3,
2353118,TDU33208,Rejected,2025-09-18 16:24:40,2025-10-06,New Zealand,3,
2353119,TDU26345G,Rejected,2025-09-18 16:32:38,2026-04-21,Australia,40,
2353120,TDU33209,Rejected,2025-09-18 16:33:47,2025-12-06,New Zealand,2,
2353121,TDU33210,Rejected,2025-09-18 16:50:23,2025-10-13,Australia,4,
2353122,TDU33211,Rejected,2025-09-18 17:02:44,2026-02-21,Australia,4,
2353123,TDU33212,Rejected,2025-09-18 17:03:58,2025-12-08,Australia,2,
2353124,TDU26346G,Rejected,2025-09-18 17:14:26,2026-01-28,Australia,30,
2353125,TDU33213,Rejected,2025-09-18 17:36:07,2026-01-07,New Zealand,4,
2353126,TDU33214,Rejected,2025-09-18 18:20:38,2025-12-26,Australia,3,
2353127,TDU33215,Rejected,2025-09-18 18:37:01,2025-11-15,Australia,4,
2353128,TDU33216,Rejected,2025-09-18 19:25:48,2026-03-08,Australia,2,
2353129,TDU33217,Rejected,2025-09-18 20:20:57,2026-01-07,Australia,4,
2353130,TDU33218,Rejected,2025-09-18 21:00:56,2025-12-01,New Zealand,10,
2353131,TDU26347G,Rejected,2025-09-18 21:33:03,2025-10-23,Australia,11,
2353132,TDU33219,Rejected,2025-09-18 21:36:21,2025-11-16,New Zealand,4,
2353133,TDU33220,Rejected,2025-09-18 21:54:03,2026-03-18,New Zealand,2,
2353134,TDU33221,Rejected,2025-09-18 22:02:30,2025-11-26,Australia,2,
2353135,TDU33222,Rejected,2025-09-18 22:32:59,2025-11-25,New Zealand,2,
2353136,TDU33223,Rejected,2025-09-18 22:40:46,2025-12-25,Australia,4,
2353137,TDU33224,Rejected,2025-09-18 22:49:05,2025-11-16,New Zealand,2,
2353138,TDU33225,Rejected,2025-09-18 23:03:39,2025-12-15,Australia,2,
2353139,TDU33226,Rejected,2025-09-18 23:06:11,2025-12-20,Australia,3,
2353140,TDU33227,Rejected,2025-09-18 23:13:34,2025-12-29,Australia,2,
2353141,TDU33228,Rejected,2025-09-18 23:17:12,2025-12-09,New Zealand,2,
2353142,TDU33229,Rejected,2025-09-18 23:24:39,2025-12-11,Australia,4,
2353143,TDU33230,Auto Rejected,2025-09-19 16:52:06,2025-12-18,New Zealand,6,
2353144,TDU33231,Auto Rejected,2025-09-19 17:49:52,2026-03-24,Australia,8,
2353145,TDU33232,Rejected,2025-09-19 18:14:15,2026-03-18,New Zealand,5,
2353147,TDU33234,Rejected,2025-09-19 19:13:53,2025-12-10,New Zealand,4,
2353149,TDU33235,Rejected,2025-09-19 19:47:20,2025-12-10,Australia,4,
2353150,TDU33236,Rejected,2025-09-19 20:31:45,2025-12-02,New Zealand,3,
2353151,TDU33237,Rejected,2025-09-19 20:50:18,2025-11-08,New Zealand,2,
2353152,TDU26349G,Rejected,2025-09-19 21:09:17,2026-03-25,Australia,12,
2353153,TDU33238,Auto Rejected,2025-09-19 21:36:37,2025-10-11,Australia,2,
2353154,TDU33239,Auto Rejected,2025-09-19 22:11:57,2025-10-26,Australia,7,
2353155,TDU33240,Rejected,2025-09-19 22:19:17,2025-12-24,New Zealand,7,
2353157,TDU33242,Auto Rejected,2025-09-19 22:54:39,2025-10-28,Australia,4,
2353158,TDU33243,Rejected,2025-09-20 00:01:46,2026-02-25,New Zealand,4,
2353159,TDU33244,Rejected After Confrmation QA pending,2025-09-20 15:00:26,2025-12-05,New Zealand,2,
2353160,TDU33245,Rejected,2025-09-20 15:21:19,2025-10-18,Australia,2,
2353161,TDU33246,Rejected,2025-09-20 15:42:03,2025-10-13,Australia,2,
2353162,TDU33247,Accounts - Reconciliation,2025-09-20 16:36:37,2025-10-23,New Zealand,4,
2353163,TDU26350G,Rejected,2025-09-20 16:46:07,2026-05-13,Australia,14,
2353164,TDU33248,Rejected,2025-09-20 19:04:17,2025-12-15,New Zealand,2,
2353165,TDU33249,Rejected,2025-09-20 20:32:51,2026-01-16,Australia,2,
2353166,TDU33250,Rejected,2025-09-20 20:33:52,2026-01-27,New Zealand,2,
2353169,TDU33253,Rejected,2025-09-20 21:22:20,2025-12-23,New Zealand,4,
2353170,TDU33254,Rejected,2025-09-20 21:28:19,2026-01-06,Australia,2,
2353171,TDU33255,Rejected,2025-09-20 22:56:50,2025-12-25,Australia,4,
2353172,TDU33256,Rejected,2025-09-20 23:10:09,2026-02-25,New Zealand,8,
2353173,TDU33257,Auto Rejected,2025-09-20 23:16:38,2025-12-13,Australia,2,
2353174,TDU33258,Rejected,2025-09-20 23:28:14,2025-11-14,Australia,2,
2353175,TDU33259,Rejected,2025-09-20 23:33:00,2025-12-02,Australia,2,
2353176,TDU33260,Rejected,2025-09-20 23:50:07,2025-12-25,New Zealand,4,
2353177,TDU33261,Rejected,2025-09-21 00:16:13,2025-12-20,Australia,6,
2353178,TDU26351G,Auto Rejected,2025-09-21 09:45:01,2025-11-04,Australia,20,
2353179,TDU26352G,Rejected,2025-09-21 09:55:17,2025-12-26,Australia,26,
2353180,TDU26353G,Auto Rejected,2025-09-21 20:56:22,2025-11-15,Australia,25,
2353181,TDU26354G,Auto Rejected,2025-09-21 20:57:57,2025-11-15,Australia,25,
2353182,TDU33262,Auto Rejected,2025-09-21 22:03:39,2025-11-16,New Zealand,1,
2353183,TDU26355G,Auto Rejected,2025-09-22 10:05:07,2025-12-20,Australia,20,
2353184,TDU26356G,Rejected,2025-09-22 10:17:35,2025-11-12,Australia,20,
2353185,TDU26357G,Rejected,2025-09-22 11:59:21,2026-02-04,Australia,30,
2353186,TDU33263,Rejected,2025-09-22 14:18:13,2025-12-24,Australia,3,
2353187,TDU26358G,Rejected,2025-09-22 14:38:25,2025-10-25,New Zealand,21,
2353191,TDU26359G,Rejected,2025-09-22 16:57:39,2026-03-06,Australia,24,
2353192,TDU33267,Auto Rejected,2025-09-22 17:21:22,2025-11-23,New Zealand,2,
2353193,TDU33268,Auto Rejected,2025-09-22 17:52:45,2025-12-20,Australia,5,
2353194,TDU33269,Rejected,2025-09-22 17:57:05,2025-11-15,Australia,2,
2353195,TDU33270,Rejected,2025-09-22 18:01:13,2026-02-18,Australia,2,
2353197,TDU33272,Auto Rejected,2025-09-22 19:30:13,2025-10-01,Australia,2,
2353199,TDU33274,Auto Rejected,2025-09-22 22:00:22,2025-10-04,New Zealand,2,
2353200,TDU33275,Rejected,2025-09-22 22:09:22,2026-02-13,Australia,2,
2353201,TDU33276,Rejected,2025-09-22 22:31:07,2025-12-02,Australia,2,
2353202,TDU33277,Rejected,2025-09-22 22:48:15,2025-11-07,Australia,2,
2353205,TDU33280,Rejected,2025-09-22 22:59:47,2026-04-08,Australia,5,
2353206,TDU33281,Rejected,2025-09-22 23:01:15,2025-11-07,Australia,2,
2353207,TDU33282,On Ground,2025-09-22 23:05:27,2025-12-24,Australia,2,
2353209,TDU33284,Rejected,2025-09-22 23:12:23,2025-12-12,Australia,2,
2353210,TDU33285,Rejected,2025-09-22 23:29:44,2026-04-21,New Zealand,5,
2353211,TDU33286,Rejected,2025-09-22 23:30:42,2025-12-20,Australia,7,
2353212,TDU26360G,Rejected,2025-09-23 09:43:22,2026-02-24,Australia,18,
2353213,TDU26361G,Rejected,2025-09-23 10:11:21,2026-03-07,New Zealand,18,
2353214,TDU26362G,Auto Rejected,2025-09-23 10:15:35,2026-03-29,New Zealand,26,
2353215,TDU26363G,Rejected,2025-09-23 10:41:08,2026-05-06,Australia,18,
2353216,TDU26364G,Rejected,2025-09-23 11:06:46,2026-05-13,Australia,14,
2353217,TDU26365G,Rejected,2025-09-23 13:52:37,2025-12-15,New Zealand,12,
2353218,TDU26366G,Rejected,2025-09-23 14:24:36,2025-11-18,New Zealand,40,
2353219,TDU26367G,Rejected,2025-09-23 14:43:34,2025-11-23,New Zealand,40,
2353220,TDU33287,Rejected,2025-09-23 15:20:09,2025-12-27,Australia,2,
2353221,TDU33288,Rejected,2025-09-23 16:18:08,2025-12-04,Australia,2,
2353222,TDU26368G,Auto Rejected,2025-09-23 16:55:58,2026-04-24,New Zealand,20,
2353223,TDU26369G,Rejected,2025-09-23 16:58:07,2025-11-15,Australia,40,
2353224,TDU33289,Rejected,2025-09-23 17:23:07,2025-12-06,Australia,2,
2353225,TDU33290,Auto Rejected,2025-09-23 17:58:33,2025-09-26,Australia,6,
2353226,TDU33291,Rejected,2025-09-23 18:06:34,2025-11-26,New Zealand,6,
2353227,TDU26370G,Auto Rejected,2025-09-23 18:42:33,2025-10-11,New Zealand,22,
2353229,TDU33293,Rejected,2025-09-23 19:57:54,2025-12-25,Australia,5,
2353230,TDU33294,Accounts - Reconciliation,2025-09-23 20:50:13,2025-10-01,Australia,2,
2353231,TDU33295,Rejected After Confrmation QA completed,2025-09-23 21:16:42,2025-09-30,Australia,3,
2353232,TDU26371G,Rejected,2025-09-23 21:19:31,2025-10-23,Australia,11,
2353234,TDU33297,Rejected,2025-09-23 22:06:35,2025-12-15,Australia,2,
2353235,TDU33298,Auto Rejected,2025-09-23 22:17:22,2025-10-18,Australia,4,
2353236,TDU26372G,Rejected,2025-09-23 22:24:54,2025-12-15,New Zealand,11,
2353237,TDU33299,Rejected,2025-09-23 22:39:10,2025-11-21,Australia,5,
2353238,TDU33300,Rejected,2025-09-23 23:23:58,2025-12-15,New Zealand,4,
2353240,TDU26374G,Rejected,2025-09-24 10:22:33,2026-04-16,Australia,15,
2353241,TDU26375G,Rejected,2025-09-24 11:02:37,2025-12-10,New Zealand,16,
2353242,TDU33301,Auto Rejected,2025-09-24 13:19:57,2026-03-01,New Zealand,3,
2353243,TDU33302,Auto Rejected,2025-09-24 15:48:20,2025-09-30,Australia,4,
2353244,TDU33303,Rejected,2025-09-24 16:02:42,2025-11-10,Australia,2,
2353245,TDU33304,Accounts - Reconciliation,2025-09-24 16:17:17,2025-11-16,New Zealand,1,
2353246,TDU33305,Rejected,2025-09-24 17:02:01,2025-11-12,New Zealand,2,
2353247,TDU33306,Rejected,2025-09-24 17:51:19,2025-12-14,New Zealand,10,
2353248,TDU33307,Auto Rejected,2025-09-24 19:49:56,2025-11-02,New Zealand,2,
2353249,TDU33308,On Ground,2025-09-24 20:00:24,2025-11-22,Australia,2,
2353250,TDU33309,Rejected,2025-09-24 20:31:05,2026-01-03,New Zealand,10,
2353252,TDU33311,Rejected,2025-09-24 21:16:16,2025-12-08,Australia,2,
2353253,TDU33312,Rejected,2025-09-24 21:19:56,2026-01-03,New Zealand,3,
2353254,TDU33313,Rejected,2025-09-24 22:24:11,2025-12-26,Australia,2,
2353255,TDU33314,Rejected,2025-09-24 22:25:27,2025-12-15,Australia,4,
2353256,TDU33315,Rejected,2025-09-24 22:25:27,2025-12-15,Australia,4,
2353257,TDU33316,Rejected,2025-09-24 22:29:38,2025-11-09,Australia,8,
2353258,TDU33317,Auto Rejected,2025-09-25 15:40:02,2025-10-31,New Zealand,2,
2353260,TDU33318,Auto Rejected,2025-09-25 15:56:52,2026-03-02,Australia,2,
2353261,TDU33319,Rejected,2025-09-25 16:03:26,2026-01-02,Australia,8,
2353262,TDU33320,Rejected,2025-09-25 16:22:35,2025-11-17,Australia,5,
2353263,TDU33321,Rejected,2025-09-25 16:46:45,2025-11-10,Australia,2,
2353264,TDU33322,Rejected,2025-09-25 17:31:55,2025-12-23,New Zealand,2,
2353267,TDU33325,Rejected,2025-09-25 17:54:03,2025-12-17,Australia,4,
2353269,TDU33327,Rejected,2025-09-25 18:27:38,2025-12-17,Australia,4,
2353270,TDU33328,Rejected,2025-09-25 18:39:39,2026-01-05,Australia,2,
2353271,TDU26377G,Auto Rejected,2025-09-25 18:39:51,2025-11-01,Australia,59,
2353273,TDU33330,Rejected,2025-09-25 19:54:33,2026-02-16,Australia,2,
2353274,TDU33331,Rejected,2025-09-25 20:04:30,2025-12-16,Australia,2,
2353275,TDU33332,Accounts - Reconciliation,2025-09-25 20:06:43,2025-10-19,Australia,2,
2353277,TDU33334,Rejected,2025-09-25 21:14:33,2025-10-25,Australia,1,
2353279,TDU33336,Accounts - Reconciliation,2025-09-25 22:43:41,2026-01-18,Australia,4,
2353280,TDU33337,Rejected After Confrmation QA pending,2025-09-25 22:47:24,2025-11-14,Australia,4,
2353281,TDU33338,Rejected,2025-09-25 23:10:49,2026-01-20,Australia,2,
2353282,TDU33339,Rejected,2025-09-25 23:25:22,2025-10-18,Australia,2,
2353283,TDU33340,Rejected,2025-09-25 23:26:43,2025-10-26,Australia,4,
2353284,TDU33341,Rejected,2025-09-26 15:31:30,2025-12-19,Australia,4,
2353285,TDU33342,Accounts - Reconciliation,2025-09-26 16:25:00,2025-12-02,Australia,4,
2353286,TDU26378G,Rejected,2025-09-26 16:58:48,2026-01-18,New Zealand,12,
2353287,TDU33343,Rejected,2025-09-26 17:35:55,2026-03-01,Australia,4,
2353291,TDU26379G,Rejected,2025-09-26 21:54:57,2025-10-23,Australia,11,
2353292,TDU33347,Rejected,2025-09-26 22:00:25,2025-12-20,New Zealand,3,
2353293,TDU26380G,Auto Rejected,2025-09-26 22:25:02,2025-11-15,New Zealand,38,
2353298,TDU33352,Rejected,2025-09-26 23:08:58,2025-11-06,Australia,4,
2353300,TDU26381G,Auto Rejected,2025-09-26 23:53:19,2025-11-15,New Zealand,38,
2353301,TDU26382G,Rejected,2025-09-27 03:46:53,2025-11-15,New Zealand,38,
2353302,TDU26383G,Rejected,2025-09-27 13:31:45,2026-03-01,Australia,15,
2353303,TDU26384G,Rejected,2025-09-27 14:42:12,2026-06-03,Australia,500,
2353304,TDU26385G,Rejected,2025-09-27 15:32:21,2026-02-01,Australia,12,
2353305,TDU26386G,Auto Rejected,2025-09-27 15:35:45,2025-05-15,Australia,40,
2353307,TDU33355,Rejected,2025-09-27 16:29:45,2025-12-26,Australia,2,
2353308,TDU33356,Rejected,2025-09-27 16:30:46,2025-11-11,Australia,3,
2353309,TDU33357,Rejected,2025-09-27 16:35:15,2025-12-22,New Zealand,2,
2353310,TDU33358,Rejected,2025-09-27 16:48:33,2025-12-16,Australia,2,
2353311,TDU33359,Rejected,2025-09-27 18:11:18,2025-12-06,Australia,10,
2353312,TDU33360,Rejected,2025-09-27 20:08:23,2026-01-10,Australia,3,
2353313,TDU33361,Rejected,2025-09-27 20:22:28,2026-01-15,Australia,2,
2353315,TDU33362,Rejected,2025-09-27 20:37:27,2025-12-20,Australia,2,
2353318,TDU33364,Rejected,2025-09-27 21:21:28,2025-11-08,Australia,7,
2353319,TDU33365,Rejected,2025-09-27 21:29:47,2025-12-02,Australia,4,
2353322,TDU26389G,Rejected,2025-09-27 22:40:30,2026-01-20,Australia,16,
2353323,TDU33368,Rejected,2025-09-27 22:42:56,2025-10-15,Australia,3,
2353324,TDU33369,Rejected,2025-09-27 23:02:43,2025-10-15,Australia,3,
2353325,TDU33370,Rejected,2025-09-27 23:11:12,2025-10-23,Australia,4,
2353326,TDU26390G,Rejected,2025-09-29 09:58:54,2026-07-23,Australia,40,
2353327,TDU33371,Auto Rejected,2025-09-29 11:18:19,2025-11-24,Australia,2,
2353328,TDU33372,On Ground,2025-09-29 13:00:25,2025-10-07,Australia,1,
2353329,TDU26391G,Auto Rejected,2025-09-29 13:19:04,2026-04-19,Australia,31,
2353330,TDU33373,Accounts - Reconciliation,2025-09-29 15:59:38,2025-12-14,Australia,3,
2353331,TDU33374,Rejected,2025-09-29 16:07:18,2025-12-10,Australia,2,
2353332,TDU33375,Rejected,2025-09-29 17:35:30,2025-12-20,Australia,3,
2353334,TDU33376,Rejected,2025-09-29 20:13:18,2026-02-15,New Zealand,2,
2353335,TDU33377,Rejected,2025-09-29 20:25:04,2025-11-15,Australia,2,
2353336,TDU33378,Rejected,2025-09-29 20:41:34,2026-02-20,Australia,1,
2353340,TDU33381,Auto Rejected,2025-09-29 22:34:38,2025-10-19,Australia,1,
2353344,TDU33385,Rejected,2025-09-29 22:45:28,2026-01-22,New Zealand,4,
2353345,TDU33386,Rejected,2025-09-29 22:49:07,2025-11-06,Australia,4,
2353346,TDU33387,Rejected,2025-09-29 23:28:47,2025-12-28,New Zealand,3,
2353349,TDU33390,Rejected After Confrmation QA pending,2025-09-30 16:13:03,2026-02-07,New Zealand,2,
2353351,TDU33392,Rejected,2025-09-30 17:32:39,2026-01-15,New Zealand,2,
2353352,TDU33393,Rejected,2025-09-30 17:42:41,2025-12-22,New Zealand,4,
2353353,TDU26394G,Rejected,2025-09-30 18:03:23,2026-02-11,Australia,20,
2353354,TDU33394,Rejected,2025-09-30 19:35:26,2025-11-15,Australia,2,
2353355,TDU33395,Auto Rejected,2025-09-30 19:41:07,2025-11-02,New Zealand,2,
2353356,TDU33396,Auto Rejected,2025-09-30 19:54:00,2026-01-24,New Zealand,2,
2353357,TDU33397,Rejected,2025-09-30 20:04:58,2025-12-28,New Zealand,2,
2353360,TDU33400,Rejected,2025-09-30 22:25:25,2025-12-03,Australia,8,
2353361,TDU26395G,Payment Received - Release Vouchers,2025-10-01 10:58:39,2025-10-13,Australia,24,
2353362,TDU33401,Auto Rejected,2025-10-01 15:19:00,2025-11-09,Australia,4,
2353363,TDU33402,Rejected,2025-10-01 15:21:46,2025-11-04,New Zealand,8,
2353364,TDU33403,Rejected,2025-10-01 15:37:31,2026-01-29,Australia,2,
2353365,TDU33404,Rejected,2025-10-01 15:57:55,2025-12-21,Australia,3,
2353366,TDU33405,On Ground,2025-10-01 16:43:40,2025-12-22,Australia,4,
2353367,TDU33406,Rejected,2025-10-01 19:10:21,2026-06-05,Australia,4,
2353369,TDU33408,Rejected,2025-10-01 20:00:37,2026-05-04,New Zealand,2,
2353370,TDU33409,Accounts - Reconciliation,2025-10-01 20:08:41,2025-10-25,New Zealand,3,
2353373,TDU33412,Rejected,2025-10-01 21:38:45,2026-06-10,New Zealand,4,
2353374,TDU33413,Rejected,2025-10-01 21:55:36,2025-11-10,New Zealand,2,
2353375,TDU33414,Accounts - Reconciliation,2025-10-01 22:36:33,2025-10-31,New Zealand,4,
2353377,TDU33416,Rejected,2025-10-01 23:20:19,2025-12-10,New Zealand,3,
2353378,TDU33417,Rejected,2025-10-01 23:30:12,2026-02-25,New Zealand,2,
2353379,TDU33418,Rejected,2025-10-01 23:54:54,2025-12-28,New Zealand,2,
2353381,TDU26396G,Auto Rejected,2025-10-02 09:57:28,2026-03-03,Australia,30,
2353382,TDU26397G,Rejected,2025-10-02 12:49:35,2026-04-15,New Zealand,20,
2353383,TDU33420,Accounts - Reconciliation,2025-10-02 15:04:37,2025-10-30,New Zealand,4,
2353384,TDU33421,Rejected,2025-10-02 15:25:36,2025-12-01,New Zealand,7,
2353385,TDU33422,Rejected,2025-10-02 15:33:23,2026-01-15,New Zealand,2,
2353386,TDU33423,Rejected,2025-10-02 15:54:41,2026-01-15,Australia,10,
2353387,TDU26398G,Rejected,2025-10-02 16:05:08,2026-04-11,New Zealand,30,
2353388,TDU33424,Rejected,2025-10-02 16:43:06,2025-11-14,New Zealand,4,
2353389,TDU33425,Rejected,2025-10-02 17:15:50,2025-12-07,New Zealand,2,
2353390,TDU33426,Rejected,2025-10-02 17:41:38,2025-12-22,Australia,3,
2353391,TDU33427,Rejected,2025-10-02 17:56:15,2025-12-20,New Zealand,10,
2353392,TDU33428,Rejected,2025-10-02 18:32:04,2025-10-25,New Zealand,3,
2353393,TDU26399G,Rejected,2025-10-02 19:06:32,2025-12-22,Australia,44,
2353394,TDU26400G,Rejected,2025-10-02 19:08:38,2025-12-22,Australia,44,
2353395,TDU26401G,Rejected,2025-10-02 19:11:12,2026-01-24,Australia,44,
2353396,TDU26402G,Rejected,2025-10-02 19:14:18,2026-02-14,Australia,44,
2353397,TDU26403G,Rejected,2025-10-02 19:15:57,2026-03-21,Australia,44,
2353398,TDU26404G,Rejected,2025-10-02 19:23:49,2025-12-22,Australia,44,
2353399,TDU26405G,Rejected,2025-10-02 19:26:36,2026-01-24,Australia,44,
2353400,TDU26406G,Rejected,2025-10-02 19:27:43,2026-02-14,Australia,44,
2353401,TDU26407G,Rejected,2025-10-02 19:29:40,2026-03-21,Australia,44,
2353402,TDU26408G,Auto Rejected,2025-10-03 09:46:53,2026-03-13,New Zealand,20,
2353403,TDU33429,Auto Rejected,2025-10-03 11:48:17,2026-01-15,Australia,10,
2353407,TDU33433,Rejected,2025-10-04 16:50:31,2026-02-16,New Zealand,2,
2353408,TDU33434,Rejected,2025-10-04 16:56:16,2026-05-01,New Zealand,2,
2353409,TDU33435,Rejected,2025-10-04 17:04:14,2026-01-25,New Zealand,5,
2353410,TDU33436,Rejected,2025-10-04 17:17:21,2026-01-20,New Zealand,2,
2353411,TDU33437,Rejected,2025-10-04 17:50:23,2025-11-22,New Zealand,4,
2353412,TDU33438,Rejected,2025-10-04 19:41:44,2025-12-02,Australia,2,
2353413,TDU33439,Rejected,2025-10-04 20:11:02,2025-11-07,Australia,2,
2353416,TDU33442,Rejected,2025-10-04 20:41:53,2025-11-20,Australia,3,
2353417,TDU33443,Rejected,2025-10-04 21:05:40,2025-11-15,Australia,2,
2353418,TDU33444,Rejected,2025-10-04 21:08:15,2025-11-15,Australia,2,
2353420,TDU26409G,Rejected,2025-10-06 11:00:26,2026-02-15,New Zealand,19,
2353421,TDU26410G,Rejected,2025-10-06 11:05:13,2025-10-25,Australia,19,
2353422,TDU26411G,Rejected,2025-10-06 12:12:35,2026-02-01,Australia,250,
2353424,TDU33447,Rejected,2025-10-06 16:10:35,2025-11-25,New Zealand,2,
2353425,TDU33448,Rejected,2025-10-06 17:21:54,2025-12-09,Australia,2,
2353426,TDU33449,Rejected After Confrmation QA pending,2025-10-06 17:36:55,2025-12-10,New Zealand,3,
2353427,TDU33450,Accounts - Reconciliation,2025-10-06 18:15:57,2026-01-10,New Zealand,4,
2353428,TDU33451,Rejected,2025-10-06 18:55:46,2025-11-26,New Zealand,3,
2353430,TDU33453,Rejected,2025-10-06 19:26:30,2025-12-15,New Zealand,2,
2353431,TDU33454,Rejected,2025-10-06 19:44:08,2025-12-13,New Zealand,5,
2353433,TDU26412G,Auto Rejected,2025-10-06 20:54:16,2026-01-15,Australia,14,
2353436,TDU33458,Accounts - Reconciliation,2025-10-06 22:52:13,2026-01-13,Australia,3,
2353438,TDU33460,Auto Rejected,2025-10-06 23:07:00,2025-10-26,Australia,4,
2353443,TDU26413G,Rejected,2025-10-07 10:53:41,2026-05-11,Australia,30,
2353444,TDU26414G,Rejected,2025-10-07 11:09:37,2026-04-13,Australia,15,
2353445,TDU33465,Auto Rejected,2025-10-07 12:46:15,2026-01-24,New Zealand,10,
2353446,TDU33466,Accounts - Reconciliation,2025-10-07 13:14:55,2026-03-10,Australia,3,
2353447,TDU33467,Rejected,2025-10-07 13:20:04,2025-11-22,Australia,6,
2353449,TDU33469,Accounts - Reconciliation,2025-10-07 16:01:04,2025-10-17,Australia,1,
2353451,TDU33471,Rejected,2025-10-07 19:52:49,2025-12-21,New Zealand,2,
2353452,TDU33472,Auto Rejected,2025-10-07 20:17:32,2025-01-28,New Zealand,2,
2353454,TDU33474,Rejected,2025-10-07 21:03:08,2026-01-20,New Zealand,2,
2353455,TDU26415G,Rejected,2025-10-07 21:38:37,2026-01-28,New Zealand,16,
2353456,TDU33475,Rejected,2025-10-07 22:05:15,2025-11-11,Australia,3,
2353457,TDU33476,Rejected,2025-10-07 22:18:45,2025-12-03,New Zealand,9,
2353460,TDU33479,Rejected,2025-10-07 23:15:29,2025-12-15,New Zealand,2,
2353461,TDU33480,Rejected,2025-10-07 23:35:02,2025-12-15,New Zealand,2,
2353463,TDU33482,Rejected,2025-10-08 00:11:58,2025-12-21,New Zealand,2,
2353464,TDU26416G,PRE QA - pending,2025-10-08 11:49:50,2026-02-25,Australia,38,
2353465,TDU33483,Rejected After Confrmation QA completed,2025-10-08 15:07:43,2025-11-18,Australia,4,
2353466,TDU33484,Rejected,2025-10-08 15:57:55,2025-12-29,Australia,4,
2353467,TDU33485,Rejected,2025-10-08 16:00:15,2025-12-13,New Zealand,5,
2353468,TDU33486,Accounts - Reconciliation,2025-10-08 16:22:29,2025-12-25,New Zealand,2,
2353469,TDU26417G,Auto Rejected,2025-10-08 16:32:41,2026-05-23,Australia,18,
2353470,TDU33487,Rejected,2025-10-08 19:39:05,2025-12-08,New Zealand,5,
2353472,TDU33489,Rejected,2025-10-08 20:25:33,2026-05-05,New Zealand,2,
2353473,TDU33490,Rejected,2025-10-08 20:29:01,2026-01-23,Australia,2,
2353474,TDU33491,Rejected,2025-10-08 20:40:26,2025-12-18,Australia,3,
2353476,TDU33493,Accounts - Reconciliation,2025-10-08 21:07:46,2025-12-28,New Zealand,6,
2353478,TDU26418G,Rejected,2025-10-08 22:14:33,2026-01-02,Australia,12,
2353479,TDU33495,Rejected,2025-10-08 22:43:30,2026-02-04,Australia,1,
2353480,TDU33496,Rejected,2025-10-08 23:13:42,2026-01-05,Australia,8,
2353481,TDU33497,Rejected,2025-10-08 23:19:51,2026-06-10,Australia,4,
2353483,TDU33499,Rejected,2025-10-08 23:25:54,2025-12-26,Australia,3,
2353485,TDU26419G,Auto Rejected,2025-10-09 11:19:20,2025-11-23,Australia,140,
2353486,TDU26420G,Rejected,2025-10-09 11:57:32,2026-02-15,Australia,150,
2353487,TDU26421G,Rejected,2025-10-09 12:08:42,2026-02-28,Australia,40,
2353488,TDU26422G,Rejected,2025-10-09 12:38:37,2026-03-01,New Zealand,20,
2353489,TDU33501,Accounts - Reconciliation,2025-10-09 16:12:55,2025-12-23,New Zealand,2,
2353490,TDU33502,Rejected,2025-10-09 17:13:22,2026-03-25,New Zealand,2,
2353491,TDU33503,Accounts - Reconciliation,2025-10-09 17:16:10,2025-12-29,Australia,2,
2353493,TDU33505,Rejected,2025-10-09 18:46:39,2025-12-26,New Zealand,2,
2353495,TDU33506,Rejected,2025-10-09 20:50:21,2026-01-25,New Zealand,5,
2353497,TDU33508,Rejected,2025-10-09 21:00:38,2025-11-18,Australia,4,
2353500,TDU33511,Rejected,2025-10-09 21:52:53,2025-12-22,Australia,7,
2353502,TDU26424G,Rejected,2025-10-10 11:52:11,2025-11-12,Australia,20,
2353503,TDU26425G,Rejected,2025-10-10 13:00:13,2026-01-05,New Zealand,20,
2353504,TDU26426G,Rejected,2025-10-10 14:08:46,2026-04-04,Australia,30,
2353505,TDU33513,Accounts - Reconciliation,2025-10-10 15:36:26,2025-12-23,New Zealand,2,
2353506,TDU33514,Rejected,2025-10-10 16:07:58,2026-02-21,Australia,2,
2353507,TDU33515,Rejected,2025-10-10 16:43:50,2026-02-26,Australia,2,
2353508,TDU33516,Rejected,2025-10-10 16:58:16,2026-03-20,Australia,4,
2353509,TDU33517,Rejected,2025-10-10 17:54:44,2025-11-19,New Zealand,6,
2353512,TDU33520,Rejected,2025-10-10 21:00:18,2025-11-15,Australia,2,
2353514,TDU33522,Rejected,2025-10-10 21:45:40,2025-12-08,New Zealand,4,
2353517,TDU33525,Rejected,2025-10-10 23:00:43,2026-02-04,New Zealand,2,
2353519,TDU33527,Rejected,2025-10-11 00:03:19,2026-02-12,New Zealand,4,
2353520,TDU33528,Rejected,2025-10-11 00:15:48,2025-11-18,New Zealand,2,
2353521,TDU33529,Rejected,2025-10-11 16:07:31,2025-12-17,New Zealand,2,
2353522,TDU33530,Rejected,2025-10-11 16:10:26,2026-03-01,Australia,2,
2353524,TDU33532,Rejected,2025-10-11 17:54:57,2025-12-25,Australia,2,
2353525,TDU33533,Rejected,2025-10-11 19:20:08,2025-12-27,Australia,2,
2353526,TDU33534,Rejected,2025-10-11 19:49:26,2025-12-27,Australia,2,
2353527,TDU33535,Accounts - Reconciliation,2025-10-11 20:28:16,2025-12-05,Australia,2,
2353528,TDU33536,Rejected,2025-10-11 20:46:17,2025-12-13,Australia,2,
2353531,TDU26427G,Rejected,2025-10-13 11:53:45,2026-03-08,New Zealand,40,
2353532,TDU33539,Rejected,2025-10-13 15:48:35,2025-12-11,New Zealand,2,
2353533,TDU26428G,Auto Rejected,2025-10-13 16:39:01,2026-01-08,Australia,20,
2353534,TDU33540,Auto Rejected,2025-10-13 18:40:55,2026-03-16,New Zealand,5,
2353537,TDU33543,Rejected,2025-10-13 19:50:36,2025-12-30,New Zealand,5,
2353538,TDU26429G,Rejected,2025-10-13 20:27:23,2025-11-15,New Zealand,38,
2353539,TDU26430G,Rejected,2025-10-13 21:08:10,2025-12-01,Australia,250,
2353541,TDU33545,Rejected After Confrmation QA completed,2025-10-13 21:13:29,2025-11-01,Australia,3,
2353542,TDU33546,Rejected,2025-10-13 21:30:50,2025-11-16,New Zealand,2,
2353543,TDU33547,Rejected,2025-10-13 21:57:12,2026-01-15,New Zealand,6,
2353544,TDU33548,Rejected,2025-10-13 22:19:08,2025-11-20,Australia,4,
2353545,TDU33549,Rejected,2025-10-13 22:21:48,2026-02-09,New Zealand,2,
2353546,TDU33550,Rejected,2025-10-13 23:21:31,2025-12-16,New Zealand,6,
2353548,TDU26431G,Rejected,2025-10-14 11:29:50,2026-02-11,Australia,30,
2353549,TDU33552,Rejected,2025-10-14 16:13:01,2026-03-21,New Zealand,2,
2353550,TDU33553,Auto Rejected,2025-10-14 17:30:54,2025-10-31,Australia,4,
2353551,TDU33554,Accounts - Reconciliation,2025-10-14 17:42:02,2026-02-21,New Zealand,2,
2353553,TDU33556,Accounts - Reconciliation,2025-10-14 21:14:20,2025-11-04,New Zealand,1,
2353556,TDU33559,On Ground,2025-10-14 22:36:32,2025-12-16,New Zealand,2,
2353559,TDU33562,Rejected,2025-10-14 23:42:28,2026-03-16,New Zealand,8,
2353560,TDU33563,Rejected,2025-10-15 00:00:00,2025-11-05,New Zealand,2,
2353561,TDU26432G,Rejected,2025-10-15 13:00:21,2026-05-05,Australia,18,
2353562,TDU26433G,Rejected,2025-10-15 13:19:39,2026-02-10,Australia,15,
2353563,TDU26434G,Rejected,2025-10-15 15:05:22,2026-02-09,Australia,15,
2353564,TDU26435G,Rejected,2025-10-15 15:11:24,2026-02-23,New Zealand,15,
2353565,TDU33564,On Ground,2025-10-15 16:29:53,2025-10-19,Australia,1,
2353566,TDU33565,Auto Rejected,2025-10-15 17:30:02,2025-10-23,Australia,11,
2353567,TDU26436G,Rejected,2025-10-15 17:30:02,2025-10-23,Australia,11,
2353568,TDU33566,Accounts - Reconciliation,2025-10-15 17:45:31,2025-10-23,Australia,7,
2353571,TDU33569,Rejected,2025-10-15 21:46:40,2025-11-23,New Zealand,2,
2353574,TDU33572,Accounts - Reconciliation,2025-10-15 23:09:49,2025-10-30,Australia,6,
2353576,TDU26437G,Auto Rejected,2025-10-15 23:53:44,2025-10-20,Australia,12,
2353577,TDU26438G,Rejected,2025-10-16 12:55:19,2026-03-20,Australia,14,
2353578,TDU26439G,Created,2025-10-16 13:23:28,2026-09-01,Australia,14,
2353579,TDU33574,Rejected,2025-10-16 16:58:13,2025-12-10,New Zealand,2,
2353580,TDU26440G,Rejected,2025-10-16 17:50:50,2026-01-10,New Zealand,59,
2353581,TDU33575,Accounts - Reconciliation,2025-10-16 18:36:35,2026-01-15,Australia,8,
2353584,TDU26441G,Auto Rejected,2025-10-16 20:09:00,2026-05-20,Australia,30,
2353585,TDU33578,Rejected,2025-10-16 20:17:30,2026-02-15,New Zealand,2,
2353587,TDU26442G,Auto Rejected,2025-10-16 20:47:34,2026-05-20,Australia,30,
2353588,TDU33580,Rejected,2025-10-16 22:03:12,2026-01-04,Australia,2,
2353591,TDU26445G,Auto Rejected,2025-10-16 22:41:41,2025-11-05,Australia,11,
2353594,TDU33583,Auto Rejected,2025-10-16 23:23:22,2025-11-01,Australia,5,
2353597,TDU33586,Rejected,2025-10-16 23:46:06,2026-02-25,Australia,4,
2353598,TDU33587,Accounts - Reconciliation,2025-10-17 00:04:20,2025-10-27,Australia,3,
2353600,TDU33589,Rejected,2025-10-17 12:03:21,2026-02-01,New Zealand,1,
2353601,TDU26446G,Rejected,2025-10-17 17:46:34,2026-02-01,Australia,30,
2353604,TDU33592,Rejected,2025-10-17 18:37:03,2025-11-15,New Zealand,3,
2353610,TDU33598,Rejected,2025-10-17 21:20:14,2026-01-13,New Zealand,4,
2353612,TDU33600,Auto Rejected,2025-10-17 21:44:31,2026-04-01,New Zealand,14,
2353615,TDU33603,Auto Rejected,2025-10-17 22:45:55,2026-01-10,Australia,4,
2353616,TDU33604,Accounts - Reconciliation,2025-10-17 23:20:21,2025-12-08,New Zealand,2,
2353618,TDU33606,Auto Rejected,2025-10-18 00:21:20,2025-11-09,New Zealand,5,
2353620,TDU33608,Rejected,2025-10-18 17:35:02,2026-03-01,New Zealand,6,
2353621,TDU33609,Rejected,2025-10-18 18:35:06,2026-03-01,New Zealand,6,
2353622,TDU33610,Rejected,2025-10-18 20:39:26,2026-01-12,Australia,10,
2353624,TDU33612,Rejected,2025-10-18 21:33:41,2025-11-06,Australia,2,
2353625,TDU33613,Rejected,2025-10-18 21:44:49,2026-04-14,New Zealand,8,
2353626,TDU33614,Rejected,2025-10-18 21:57:34,2025-12-07,Australia,2,
2353627,TDU33615,Rejected,2025-10-18 22:05:50,2025-12-05,New Zealand,2,
2353628,TDU33616,Rejected,2025-10-18 22:13:03,2026-04-04,Australia,4,
2353629,TDU33617,Rejected,2025-10-18 22:19:26,2025-11-30,New Zealand,2,
2353630,TDU33618,Rejected,2025-10-18 23:06:46,2025-12-22,New Zealand,4,
2353632,TDU26447G,Rejected,2025-10-20 04:58:48,2026-05-01,New Zealand,20,
2353633,TDU26448G,Rejected,2025-10-20 07:00:35,2026-08-17,Australia,75,
2353634,TDU26449G,Rejected,2025-10-20 07:34:57,2025-11-25,Australia,23,
2353635,TDU26450G,Rejected,2025-10-20 08:35:52,2025-12-01,Australia,20,
2353636,TDU26451G,Created,2025-10-20 09:51:32,2026-11-20,New Zealand,30,
2353637,TDU33620,Auto Rejected,2025-10-20 11:18:23,2026-01-19,Australia,2,
2353638,TDU26452G,Auto Rejected,2025-10-20 11:26:18,2026-06-22,Australia,20,
2353640,TDU33622,Rejected,2025-10-21 16:28:28,2026-01-04,New Zealand,2,
2353641,TDU33623,Rejected,2025-10-21 17:33:30,2026-06-01,Australia,2,
2353642,TDU33624,Rejected,2025-10-21 17:37:12,2026-06-07,New Zealand,2,
2353643,TDU33625,On Ground,2025-10-21 17:55:00,2025-11-06,New Zealand,2,
2353647,TDU33629,Rejected,2025-10-21 19:28:33,2026-01-07,Australia,6,
2353648,TDU33630,Rejected,2025-10-21 20:06:38,2025-11-13,New Zealand,2,
2353649,TDU33631,Rejected,2025-10-21 20:36:23,2026-05-07,New Zealand,3,
2353652,TDU33634,Rejected,2025-10-21 22:13:05,2025-12-01,New Zealand,2,
2353653,TDU33635,Rejected,2025-10-21 22:26:53,2026-01-11,Australia,4,
2353655,TDU33637,On Ground,2025-10-22 11:00:19,2025-11-17,Australia,4,
2353656,TDU33638,Auto Rejected,2025-10-22 16:39:03,2026-01-15,New Zealand,2,
2353657,TDU33639,Rejected,2025-10-22 17:16:27,2026-02-01,Australia,10,
2353658,TDU33640,Rejected,2025-10-22 17:24:00,2026-02-07,New Zealand,10,
2353661,TDU26453G,Rejected,2025-10-22 21:17:08,2026-05-06,New Zealand,35,
2353663,TDU26454G,Rejected,2025-10-22 21:26:29,2026-05-01,Australia,35,
2353664,TDU33644,Auto Rejected,2025-10-22 21:28:50,2025-11-05,Australia,1,
2353666,TDU33646,Rejected,2025-10-22 22:32:33,2026-03-15,New Zealand,2,
2353668,TDU33648,Rejected,2025-10-22 23:03:04,2025-11-15,New Zealand,2,
2353670,TDU33650,Rejected,2025-10-22 23:22:50,2026-05-22,Australia,5,
2353672,TDU33652,Auto Rejected,2025-10-22 23:33:00,2025-11-03,Australia,2,
2353674,TDU33654,Rejected,2025-10-22 23:38:01,2025-12-26,New Zealand,3,
2353675,TDU33655,Rejected,2025-10-22 23:56:43,2026-05-15,New Zealand,5,
2353676,TDU33656,Rejected,2025-10-23 00:18:12,2026-01-10,New Zealand,2,
2353677,TDU33657,Rejected,2025-10-23 10:48:31,2026-08-08,Australia,6,
2353680,TDU33659,Rejected,2025-10-23 19:07:44,2026-01-09,Australia,3,
2353682,TDU33661,Rejected,2025-10-23 19:23:28,2025-12-24,Australia,2,
2353690,TDU33669,Rejected,2025-10-23 23:28:23,2025-12-21,Australia,2,
2353692,TDU33671,Rejected,2025-10-24 16:06:55,2026-01-15,New Zealand,2,
2353693,TDU33672,Rejected,2025-10-24 17:09:34,2025-11-20,Australia,2,
2353694,TDU33673,Rejected,2025-10-24 17:20:03,2025-12-25,Australia,4,
2353695,TDU26456G,Rejected,2025-10-24 18:11:55,2026-01-15,Australia,20,
2353696,TDU33674,Rejected,2025-10-24 19:04:59,2026-04-25,Australia,8,
2353697,TDU33675,Rejected,2025-10-24 20:01:27,2025-12-17,Australia,3,
2353698,TDU33676,Accounts - Reconciliation,2025-10-24 20:28:43,2025-11-28,Australia,1,
2353699,TDU33677,Rejected,2025-10-24 22:22:04,2025-12-06,New Zealand,2,
2353700,TDU33678,Rejected,2025-10-25 15:52:24,2025-12-19,New Zealand,2,
2353701,TDU33679,Accounts - Reconciliation,2025-10-25 17:28:17,2025-12-13,New Zealand,3,
2353703,TDU33681,Rejected,2025-10-25 18:47:28,2026-03-28,New Zealand,4,
2353704,TDU33682,Accounts - Reconciliation,2025-10-25 19:31:25,2026-02-27,New Zealand,2,
2353705,TDU33683,Rejected,2025-10-25 22:05:42,2026-02-10,Australia,4,
2353706,TDU33684,Auto Rejected,2025-10-25 22:27:26,2025-11-20,Australia,2,
2353707,TDU26457G,Rejected,2025-10-25 22:42:07,2025-11-27,Australia,11,
2353709,TDU33686,Rejected,2025-10-26 00:08:31,2026-02-17,Australia,6,
2353710,TDU26458G,Auto Rejected,2025-10-27 09:42:37,2026-05-04,Australia,15,
2353711,TDU26459G,Auto Rejected,2025-10-27 10:11:56,2026-05-07,New Zealand,15,
2353712,TDU33687,Auto Rejected,2025-10-27 10:42:48,2025-12-20,Australia,6,
2353713,TDU33688,Rejected,2025-10-27 16:55:31,2025-12-18,New Zealand,4,
2353714,TDU33689,On Ground,2025-10-27 16:57:38,2025-11-08,Australia,12,
2353715,TDU26460G,Rejected,2025-10-27 17:14:15,2026-03-27,Australia,30,
2353716,TDU33690,Rejected,2025-10-27 17:27:18,2025-12-27,Australia,3,
2353717,TDU33691,Rejected,2025-10-27 17:49:28,2025-11-21,New Zealand,4,
2353718,TDU33692,Rejected,2025-10-27 18:25:46,2026-03-28,New Zealand,3,
2353719,TDU33693,Rejected,2025-10-27 18:51:07,2025-12-15,New Zealand,2,
2353720,TDU33694,Rejected,2025-10-27 19:27:12,2026-01-21,New Zealand,2,
2353721,TDU33695,Rejected,2025-10-27 20:56:35,2025-12-17,Australia,2,
2353722,TDU33696,Rejected,2025-10-27 21:12:50,2026-03-15,Australia,4,
2353724,TDU33698,Rejected,2025-10-27 21:29:22,2026-02-15,Australia,2,
2353725,TDU33699,Rejected,2025-10-27 21:44:25,2026-01-10,Australia,2,
2353727,TDU33701,Rejected,2025-10-27 21:55:46,2025-12-24,Australia,5,
2353728,TDU26461G,Rejected,2025-10-27 22:09:48,2025-12-06,Australia,120,
2353729,TDU26462G,Auto Rejected,2025-10-27 22:25:08,2025-12-06,Australia,120,
2353732,TDU26463G,Rejected,2025-10-27 22:55:02,2026-01-19,New Zealand,20,
2353733,TDU33704,Accounts - Reconciliation,2025-10-27 23:11:19,2025-12-30,Australia,9,
2353734,TDU33705,Rejected,2025-10-27 23:25:46,2025-12-22,Australia,2,
2353736,TDU33707,Rejected,2025-10-28 00:14:46,2026-01-26,New Zealand,3,
2353738,TDU33709,Rejected,2025-10-28 00:23:57,2026-01-10,New Zealand,2,
2353739,TDU26464G,Auto Rejected,2025-10-28 10:56:06,2026-05-16,Australia,60,
2353740,TDU26465G,Auto Rejected,2025-10-28 11:16:53,2026-05-16,New Zealand,60,
2353741,TDU33710,Rejected,2025-10-28 16:29:24,2026-02-04,New Zealand,3,
2353742,TDU33711,Accounts - Reconciliation,2025-10-28 18:48:54,2026-01-10,Australia,6,
2353743,TDU33712,Rejected,2025-10-28 19:05:57,2025-12-12,New Zealand,6,
2353746,TDU33715,Rejected,2025-10-28 22:20:19,2026-01-02,New Zealand,3,
2353747,TDU33716,Rejected,2025-10-28 22:42:35,2025-12-25,Australia,3,
2353748,TDU33717,Rejected,2025-10-28 23:34:49,2026-04-10,Australia,3,
2353751,TDU33720,Rejected,2025-10-28 23:59:02,2026-03-13,Australia,3,
2353752,TDU33721,Rejected,2025-10-29 00:21:55,2025-12-01,Australia,2,
2353753,TDU33722,Rejected,2025-10-29 00:24:27,2025-12-16,Australia,2,
2353754,TDU26466G,Rejected,2025-10-29 07:35:48,2026-03-10,New Zealand,30,
2353755,TDU26467G,Rejected,2025-10-29 07:45:20,2026-03-15,Australia,30,
2353756,TDU26468G,Auto Rejected,2025-10-29 13:09:05,2025-10-29,Australia,12,
2353757,TDU33723,Rejected,2025-10-29 17:00:42,2025-12-03,New Zealand,3,
2353758,TDU33724,Rejected,2025-10-29 17:30:59,2025-11-30,New Zealand,2,
2353759,TDU33725,Accounts - Reconciliation,2025-10-29 18:46:35,2026-01-03,New Zealand,5,
2353760,TDU33726,Rejected,2025-10-29 19:38:47,2025-12-27,New Zealand,2,
2353762,TDU26470G,Rejected,2025-10-29 21:15:10,2026-05-01,Australia,25,
2353763,TDU33727,Rejected,2025-10-29 21:24:33,2025-11-25,New Zealand,2,
2353764,TDU26471G,Rejected After Confrmation QA pending,2025-10-29 21:48:20,2026-05-18,Australia,25,
2353769,TDU33732,Rejected,2025-10-30 00:01:15,2026-03-07,New Zealand,4,
2353770,TDU26472G,Rejected,2025-10-30 00:21:22,2026-03-16,New Zealand,11,
2353773,TDU33734,Rejected,2025-10-30 16:37:33,2026-01-28,Australia,10,
2353774,TDU33735,Auto Rejected,2025-10-30 17:30:19,2026-01-17,Australia,3,
2353775,TDU33736,On Ground,2025-10-30 17:56:06,2025-11-03,Australia,1,
2353776,TDU33737,Rejected,2025-10-30 18:22:09,2026-01-23,Australia,10,
2353777,TDU33738,Rejected,2025-10-30 18:37:35,2026-01-23,Australia,10,
2353778,TDU33739,Auto Rejected,2025-10-30 18:40:16,2025-10-14,Australia,7,
2353779,TDU33740,Rejected,2025-10-30 18:41:12,2025-12-14,Australia,7,
2353780,TDU33741,Rejected,2025-10-30 19:17:08,2026-03-13,Australia,3,
2353781,TDU33742,On Ground,2025-10-30 19:29:11,2025-11-01,Australia,4,
2353782,TDU33743,Rejected,2025-10-30 20:05:26,2026-04-25,New Zealand,2,
2353783,TDU33744,Rejected,2025-10-30 21:44:28,2025-12-14,Australia,7,
2353784,TDU33745,Rejected,2025-10-30 22:12:39,2026-01-09,Australia,2,
2353785,TDU33746,Rejected,2025-10-30 22:27:32,2026-01-09,Australia,2,
2353786,TDU26474G,Auto Rejected,2025-10-30 23:02:41,2026-04-15,Australia,700,
2353787,TDU33747,Rejected After Confrmation QA pending,2025-10-30 23:14:09,2025-12-13,Australia,4,
2353788,TDU33748,Rejected,2025-10-30 23:23:02,2026-01-13,New Zealand,2,
2353790,TDU33750,Rejected,2025-10-31 00:24:10,2026-05-10,New Zealand,10,
2353792,TDU33752,Rejected,2025-10-31 00:38:37,2026-05-02,Australia,10,
2353794,TDU33754,Rejected,2025-10-31 01:21:59,2026-04-30,New Zealand,2,
2353795,TDU33755,Rejected,2025-10-31 01:31:02,2026-04-26,Australia,2,
2353796,TDU26475G,Rejected,2025-10-31 05:23:23,2026-04-15,Australia,700,
2353797,TDU26476G,Rejected,2025-10-31 07:10:38,2026-04-15,Australia,700,
2353798,TDU26477G,Rejected,2025-10-31 07:13:51,2026-04-16,Australia,300,
2353799,TDU33756,Rejected,2025-10-31 17:25:09,2026-01-06,New Zealand,2,
2353800,TDU33757,Rejected,2025-10-31 17:46:15,2025-12-29,Australia,2,
2353801,TDU33758,Rejected,2025-10-31 18:27:32,2025-12-24,New Zealand,2,
2353802,TDU33759,Accounts - Reconciliation,2025-10-31 18:55:01,2026-02-04,New Zealand,2,
2353803,TDU33760,Rejected,2025-10-31 20:41:51,2025-12-05,New Zealand,2,
2353804,TDU33761,Rejected,2025-10-31 21:43:43,2025-12-21,New Zealand,5,
2353806,TDU33763,Accounts - Reconciliation,2025-10-31 22:44:46,2026-05-17,Australia,7,
2353809,TDU33766,Rejected,2025-11-01 00:37:21,2026-01-29,New Zealand,4,
2353810,TDU33767,Rejected,2025-11-01 00:52:12,2026-02-01,New Zealand,2,
2353811,TDU33768,Rejected,2025-11-01 01:17:04,2025-12-29,New Zealand,6,
2353813,TDU33770,Accounts - Reconciliation,2025-11-01 01:44:42,2025-12-27,New Zealand,3,
2353814,TDU33771,Rejected,2025-11-01 15:51:16,2026-01-15,New Zealand,2,
2353815,TDU33772,Rejected,2025-11-01 17:03:35,2025-12-24,New Zealand,4,
2353816,TDU33773,Rejected,2025-11-01 18:05:45,2025-11-16,New Zealand,2,
2353818,TDU33775,Rejected,2025-11-01 19:45:38,2026-03-01,New Zealand,4,
2353820,TDU33777,Rejected,2025-11-01 20:13:59,2025-11-13,New Zealand,2,
2353821,TDU33778,Rejected,2025-11-01 20:27:01,2025-12-10,New Zealand,4,
2353822,TDU33779,Rejected,2025-11-01 20:52:56,2026-02-09,New Zealand,2,
2353823,TDU33780,Rejected,2025-11-01 20:55:47,2025-11-25,Australia,4,
2353824,TDU33781,Auto Rejected,2025-11-01 22:22:47,2026-01-20,Australia,2,
2353825,TDU33782,Rejected,2025-11-01 22:36:48,2025-12-27,Australia,3,
2353827,TDU33784,On Ground,2025-11-01 23:27:09,2025-12-04,Australia,3,
2353828,TDU33785,Rejected,2025-11-01 23:32:53,2026-02-15,Australia,2,
2353829,TDU33786,Rejected,2025-11-01 23:40:16,2025-12-10,Australia,4,
2353831,TDU33787,Auto Rejected,2025-11-01 23:55:31,2025-11-10,Australia,2,
2353833,TDU33789,Accounts - Reconciliation,2025-11-02 00:37:45,2025-12-10,Australia,6,
2353835,TDU33791,Rejected,2025-11-02 01:06:12,2026-06-05,Australia,2,
2353836,TDU33792,Rejected,2025-11-02 01:24:39,2025-11-25,Australia,1,
2353838,TDU33794,Rejected,2025-11-02 01:52:35,2025-12-29,Australia,2,
2353839,TDU33795,Rejected,2025-11-02 14:39:39,2025-12-13,New Zealand,2,
2353840,TDU33796,Rejected,2025-11-02 15:09:25,2026-02-18,New Zealand,8,
2353841,TDU33797,Rejected,2025-11-02 15:16:41,2026-02-15,Australia,8,
2353842,TDU33798,Auto Rejected,2025-11-02 15:23:53,2026-01-18,New Zealand,2,
2353843,TDU33799,Rejected,2025-11-02 15:33:03,2026-01-12,Australia,2,
2353844,TDU33800,Rejected,2025-11-02 15:39:56,2026-01-19,Australia,2,
2353845,TDU33801,Rejected,2025-11-02 15:49:30,2026-01-15,Australia,2,
2353846,TDU33802,Rejected,2025-11-02 16:08:01,2026-07-18,Australia,4,
2353847,TDU33803,Rejected,2025-11-02 16:18:15,2026-01-12,Australia,1,
2353848,TDU26479G,Rejected,2025-11-02 16:26:11,2026-03-02,Australia,12,
2353849,TDU33804,Rejected,2025-11-02 16:55:22,2026-03-16,New Zealand,2,
2353850,TDU33805,Rejected,2025-11-02 17:04:27,2025-12-04,Australia,5,
2353851,TDU33806,Rejected,2025-11-02 17:09:05,2026-01-16,Australia,2,
2353852,TDU33807,Rejected,2025-11-03 17:20:30,2025-12-08,Australia,1,
2353853,TDU33808,Rejected,2025-11-03 18:06:36,2025-12-18,Australia,4,
2353854,TDU33809,Rejected,2025-11-03 20:01:10,2025-12-16,New Zealand,2,
2353856,TDU33810,Rejected,2025-11-03 20:41:20,2025-12-06,New Zealand,2,
2353857,TDU33811,Rejected,2025-11-03 20:55:55,2025-12-30,New Zealand,3,
2353858,TDU33812,Rejected,2025-11-03 22:30:23,2025-12-20,Australia,3,
2353859,TDU33813,Rejected,2025-11-03 22:32:46,2026-07-15,New Zealand,2,
2353860,TDU33814,Rejected,2025-11-03 22:54:14,2026-02-14,New Zealand,4,
2353861,TDU33815,Rejected,2025-11-03 22:58:06,2026-02-19,Australia,2,
2353862,TDU26481G,Rejected,2025-11-04 01:37:14,2026-02-19,Australia,20,
2353863,TDU26482G,Rejected,2025-11-04 02:06:09,2026-03-08,New Zealand,17,
2353864,TDU26483G,Rejected,2025-11-04 02:07:58,2026-03-11,Australia,25,
2353865,TDU33816,Rejected,2025-11-04 17:08:16,2025-11-13,Australia,3,
2353866,TDU33817,Rejected,2025-11-04 17:43:58,2025-12-15,New Zealand,2,
2353867,TDU33818,Auto Rejected,2025-11-04 18:32:48,2026-01-20,New Zealand,2,
2353868,TDU33819,Rejected,2025-11-04 19:11:52,2026-01-25,New Zealand,2,
2353869,TDU33820,Rejected,2025-11-04 19:39:30,2025-12-05,New Zealand,2,
2353871,TDU33822,On Ground,2025-11-04 21:50:10,2025-11-12,Australia,2,
2353872,TDU33823,Rejected,2025-11-04 22:21:09,2025-12-27,New Zealand,2,
2353874,TDU33825,Auto Rejected,2025-11-04 22:34:36,2025-12-22,New Zealand,10,
2353876,TDU26484G,Rejected,2025-11-04 23:10:49,2026-04-15,Australia,70,
2353878,TDU33828,Accounts - Reconciliation,2025-11-04 23:35:51,2025-11-19,Australia,4,
2353879,TDU33829,Rejected,2025-11-05 00:00:04,2026-01-12,Australia,4,
2353880,TDU33830,Rejected,2025-11-05 00:15:11,2025-12-26,New Zealand,4,
2353881,TDU26485G,Rejected,2025-11-05 03:35:59,2026-03-20,Australia,40,
2353882,TDU26486G,Rejected,2025-11-05 03:41:31,2026-02-19,New Zealand,20,
2353883,TDU26487G,Rejected,2025-11-05 06:17:59,2026-03-25,New Zealand,20,
2353884,TDU26488G,Rejected,2025-11-05 06:41:58,2026-04-06,New Zealand,16,
2353885,TDU26489G,Auto Rejected,2025-11-05 11:37:59,2026-06-03,Australia,30,
2353886,TDU26490G,Accepted,2025-11-05 15:38:52,2026-09-03,Australia,43,
2353887,TDU33831,Rejected,2025-11-05 16:40:32,2025-12-10,New Zealand,2,
2353888,TDU26491G,Auto Rejected,2025-11-05 16:43:32,2026-06-05,Australia,30,
2353889,TDU33832,Rejected,2025-11-05 17:29:25,2025-12-18,New Zealand,4,
2353892,TDU33835,Rejected,2025-11-05 18:28:55,2026-02-24,New Zealand,4,
2353896,TDU26492G,Rejected,2025-11-05 19:40:16,2026-03-23,New Zealand,12,
2353899,TDU33840,Auto Rejected,2025-11-05 21:00:26,2026-01-25,Australia,15,
2353901,TDU26494G,Rejected,2025-11-05 21:52:32,2025-12-20,Australia,16,
2353903,TDU26495G,Rejected,2025-11-05 22:32:56,2026-02-08,New Zealand,16,
2353905,TDU33844,Rejected,2025-11-05 22:41:25,2026-05-26,New Zealand,3,
2353908,TDU33847,On Ground,2025-11-06 00:02:59,2025-11-23,New Zealand,2,
2353910,TDU26496G,Rejected,2025-11-06 00:31:49,2026-03-01,Australia,10,
2353913,TDU26497G,Auto Rejected,2025-11-06 09:58:19,2026-06-03,Australia,30,
2353914,TDU26498G,Auto Rejected,2025-11-06 10:10:15,2026-06-09,New Zealand,30,
2353915,TDU33851,Auto Rejected,2025-11-06 13:21:14,2026-02-20,New Zealand,7,
2353916,TDU33852,Auto Rejected,2025-11-06 14:43:19,2026-01-22,Australia,1,
2353917,TDU33853,On Ground,2025-11-06 16:38:23,2025-11-08,Australia,3,
2353919,TDU26499G,Rejected,2025-11-06 19:12:50,2026-01-25,New Zealand,14,
2353920,TDU33855,On Ground,2025-11-06 19:58:01,2025-11-16,New Zealand,3,
2353921,TDU33856,Rejected,2025-11-06 21:50:28,2025-12-08,New Zealand,2,
2353922,TDU26500G,Rejected,2025-11-06 21:52:07,2025-12-26,Australia,20,
2353923,TDU33857,Rejected,2025-11-06 22:16:27,2025-11-22,New Zealand,4,
2353924,TDU33858,Rejected,2025-11-06 22:50:05,2026-01-22,New Zealand,2,
2353925,TDU33859,Rejected,2025-11-06 23:01:40,2025-12-24,Australia,2,
2353926,TDU33860,Rejected,2025-11-06 23:22:25,2025-12-05,New Zealand,2,
2353927,TDU33861,Auto Rejected,2025-11-07 00:32:57,2025-11-18,Australia,2,
2353931,TDU33865,Auto Rejected,2025-11-07 13:28:15,2025-11-08,Australia,2,
2353932,TDU33866,Rejected,2025-11-07 16:14:04,2026-03-25,New Zealand,2,
2353933,TDU33867,Rejected,2025-11-07 16:16:36,2025-12-19,Australia,8,
2353934,TDU33868,Accounts - Reconciliation,2025-11-07 17:05:36,2026-01-13,New Zealand,3,
2353935,TDU33869,Rejected After Confrmation QA pending,2025-11-07 17:10:44,2026-01-10,Australia,3,
2353936,TDU33870,Rejected,2025-11-07 18:17:49,2026-01-16,New Zealand,8,
2353937,TDU33871,Auto Rejected,2025-11-07 18:49:17,2025-12-25,Australia,3,
2353938,TDU26501G,Rejected,2025-11-07 19:09:26,2026-03-08,Australia,30,
2353939,TDU33872,Rejected,2025-11-07 20:18:58,2025-12-15,New Zealand,5,
2353941,TDU33874,Rejected,2025-11-07 20:32:59,2025-12-15,New Zealand,5,
2353943,TDU33876,Rejected,2025-11-07 21:50:49,2025-11-22,New Zealand,4,
2353944,TDU33877,On Ground,2025-11-07 22:34:58,2025-12-27,Australia,1,
2353945,TDU26502G,Rejected,2025-11-07 22:43:10,2026-01-14,Australia,15,
2353946,TDU33878,Rejected After Confrmation QA pending,2025-11-07 22:51:58,2026-02-17,Australia,8,
2353947,TDU26503G,Rejected,2025-11-07 23:23:49,2026-02-15,New Zealand,30,
2353948,TDU33879,Rejected,2025-11-07 23:27:31,2026-01-10,Australia,3,
2353949,TDU26504G,Rejected,2025-11-08 05:55:49,2026-02-16,Australia,40,
2353950,TDU26505G,Rejected,2025-11-08 06:36:50,2026-01-12,Australia,100,
2353951,TDU26506G,Accounts - Reconciliation,2025-11-08 07:05:35,2026-02-25,Australia,23,
2353953,TDU33881,Rejected,2025-11-08 15:41:57,2026-02-24,New Zealand,2,
2353954,TDU33882,On Ground,2025-11-08 16:18:32,2025-11-13,Australia,1,
2353955,TDU33883,Rejected,2025-11-08 16:20:27,2025-12-21,Australia,8,
2353956,TDU33884,Auto Rejected,2025-11-08 16:31:20,2025-11-17,Australia,4,
2353957,TDU33885,Rejected,2025-11-08 16:44:29,2025-12-20,Australia,6,
2353958,TDU33886,Rejected,2025-11-08 16:49:25,2025-12-26,New Zealand,6,
2353959,TDU33887,Auto Rejected,2025-11-08 16:53:31,2025-12-20,Australia,3,
2353960,TDU33888,Rejected,2025-11-08 17:02:16,2025-12-12,Australia,8,
2353961,TDU33889,Rejected,2025-11-08 17:21:28,2025-12-12,Australia,2,
2353962,TDU33890,Rejected,2025-11-08 17:29:04,2025-12-16,New Zealand,2,
2353963,TDU33891,Rejected,2025-11-08 18:01:55,2026-02-12,Australia,8,
2353964,TDU33892,Rejected,2025-11-08 18:08:54,2026-02-21,New Zealand,8,
2353965,TDU33893,Rejected,2025-11-08 19:12:47,2026-01-10,New Zealand,2,
2353966,TDU33894,Rejected,2025-11-08 19:52:04,2025-12-15,Australia,2,
2353967,TDU33895,Auto Rejected,2025-11-08 20:41:41,2025-11-29,Australia,3,
2353968,TDU33896,Auto Rejected,2025-11-08 21:11:28,2026-01-29,Australia,2,
2353969,TDU26507G,Rejected,2025-11-08 21:55:19,2026-02-27,New Zealand,13,
2353970,TDU33897,Rejected,2025-11-08 22:01:05,2025-12-20,Australia,4,
2353972,TDU33899,Rejected,2025-11-08 23:12:34,2025-12-20,Australia,4,
2353974,TDU33901,Rejected,2025-11-08 23:27:47,2026-01-10,New Zealand,2,
2353975,TDU33902,Rejected,2025-11-08 23:45:41,2026-01-10,New Zealand,2,
2353976,TDU33903,Rejected,2025-11-08 23:55:16,2026-02-21,New Zealand,5,
2353977,TDU33904,Rejected,2025-11-09 00:06:26,2026-02-15,Australia,5,
2353978,TDU26508G,Created,2025-11-10 10:23:43,2026-09-04,Australia,25,
2353979,TDU26509G,Created,2025-11-10 10:37:04,2026-08-28,Australia,11,
2353980,TDU26510G,On Ground,2025-11-10 12:15:58,2026-02-14,Australia,25,
2353981,TDU33905,Rejected,2025-11-10 16:12:15,2026-02-10,New Zealand,2,
2353982,TDU33906,Rejected,2025-11-10 17:34:49,2026-03-30,New Zealand,8,
2353984,TDU33908,Rejected,2025-11-10 18:03:24,2025-12-24,New Zealand,2,
2353985,TDU33909,Rejected,2025-11-10 19:13:07,2026-02-18,New Zealand,2,
2353986,TDU33910,Auto Rejected,2025-11-10 20:29:38,2025-12-23,Australia,2,
2353988,TDU33912,Auto Rejected,2025-11-10 22:13:20,2026-01-10,Australia,2,
2353989,TDU33913,Rejected,2025-11-10 23:27:14,2025-12-10,New Zealand,2,
2353991,TDU33915,Rejected,2025-11-10 23:39:56,2025-12-08,New Zealand,2,
2353993,TDU33917,Rejected,2025-11-10 23:55:09,2026-01-10,New Zealand,4,
2353994,TDU33918,Rejected,2025-11-11 00:18:16,2025-12-29,New Zealand,2,
2353997,TDU26512G,Rejected,2025-11-11 02:26:18,2026-01-10,New Zealand,59,
2353998,TDU33920,Auto Rejected,2025-11-11 11:16:18,2026-02-18,Australia,10,
2353999,TDU33921,Rejected,2025-11-11 16:13:25,2026-05-15,New Zealand,7,
2354001,TDU33923,Rejected,2025-11-11 17:05:03,2026-03-15,New Zealand,3,
2354002,TDU33924,Rejected,2025-11-11 17:09:59,2026-02-05,Australia,2,
2354003,TDU33925,Rejected,2025-11-11 17:53:44,2026-01-20,New Zealand,2,
2354004,TDU33926,Rejected,2025-11-11 18:01:27,2025-12-21,Australia,2,
2354006,TDU33928,On Ground,2025-11-11 18:40:31,2025-12-04,New Zealand,2,
2354007,TDU33929,Rejected,2025-11-11 18:59:54,2026-02-21,New Zealand,3,
2354008,TDU33930,On Ground,2025-11-11 19:31:56,2026-01-26,New Zealand,4,
2354009,TDU26513G,Rejected,2025-11-11 20:03:16,2026-07-10,New Zealand,11,
2354010,TDU26514G,Rejected,2025-11-11 20:07:42,2026-05-21,Australia,100,
2354011,TDU33931,Rejected,2025-11-11 20:42:07,2025-11-20,New Zealand,3,
2354012,TDU33932,Accounts - Reconciliation,2025-11-11 21:13:45,2026-01-08,New Zealand,2,
2354013,TDU33933,Rejected,2025-11-11 21:36:32,2025-12-19,New Zealand,3,
2354015,TDU33935,Rejected,2025-11-11 23:16:20,2026-02-10,New Zealand,2,
2354017,TDU33937,Auto Rejected,2025-11-11 23:55:45,2026-01-25,Australia,8,
2354020,TDU33940,Auto Rejected,2025-11-12 09:25:20,2025-12-03,Australia,4,
2354021,TDU33941,Auto Rejected,2025-11-12 10:27:53,2025-12-18,Australia,14,
2354022,TDU26515G,Auto Rejected,2025-11-12 10:27:53,2025-12-18,Australia,14,
2354023,TDU33942,Rejected,2025-11-12 16:41:15,2026-02-15,New Zealand,2,
2354024,TDU33943,Auto Rejected,2025-11-12 16:56:48,2026-06-01,Australia,7,
2354025,TDU33944,Rejected,2025-11-12 17:26:08,2026-02-06,New Zealand,3,
2354026,TDU33945,Rejected,2025-11-12 18:02:23,2025-12-24,Australia,2,
2354027,TDU33946,Rejected,2025-11-12 18:18:09,2026-01-31,New Zealand,4,
2354028,TDU33947,Rejected,2025-11-12 18:31:18,2026-01-14,Australia,2,
2354029,TDU33948,Rejected,2025-11-12 18:55:04,2025-12-10,New Zealand,4,
2354030,TDU33949,Rejected,2025-11-12 19:47:44,2025-12-20,New Zealand,2,
2354031,TDU33950,Rejected,2025-11-12 19:57:19,2026-03-10,New Zealand,2,
2354032,TDU33951,On Ground,2025-11-12 20:10:37,2025-12-16,New Zealand,4,
2354033,TDU33952,Rejected,2025-11-12 20:33:07,2025-11-20,Australia,2,
2354035,TDU33954,Rejected After Confrmation QA pending,2025-11-12 23:21:25,2026-01-18,New Zealand,3,
2354038,TDU33957,Accounts - Reconciliation,2025-11-13 00:01:40,2025-12-17,New Zealand,2,
2354042,TDU26516G,Rejected,2025-11-13 01:19:44,2026-02-02,New Zealand,11,
2354043,TDU26517G,Rejected,2025-11-13 15:21:27,2026-01-20,Australia,20,
2354044,TDU33961,Rejected,2025-11-13 16:07:03,2025-12-30,New Zealand,8,
2354045,TDU33962,Rejected,2025-11-13 16:27:13,2026-01-01,New Zealand,4,
2354046,TDU33963,Rejected,2025-11-13 16:47:15,2026-01-01,Australia,4,
2354047,TDU33964,Rejected,2025-11-13 17:02:19,2025-12-21,Australia,2,
2354048,TDU33965,Rejected,2025-11-13 17:04:31,2025-12-27,New Zealand,2,
2354049,TDU33966,Rejected,2025-11-13 17:45:29,2026-02-15,New Zealand,3,
2354052,TDU26518G,Rejected,2025-11-13 22:00:34,2026-01-23,Australia,165,
2354054,TDU33970,Accounts - Reconciliation,2025-11-13 23:04:48,2025-12-22,Australia,3,
2354058,TDU26519G,Auto Rejected,2025-11-14 10:25:33,2026-03-04,Australia,35,
2354059,TDU26520G,Rejected,2025-11-14 10:33:14,2025-12-20,Australia,9,
2354060,TDU26521G,Rejected,2025-11-14 14:39:07,2026-04-30,Australia,26,
2354061,TDU26522G,Rejected,2025-11-14 15:02:12,2026-04-08,Australia,15,
2354062,TDU26523G,Auto Rejected,2025-11-14 15:30:44,2026-04-09,Australia,32,
2354066,TDU33977,Auto Rejected,2025-11-14 22:43:43,2025-11-27,Australia,2,
2354067,TDU26524G,Accepted,2025-11-15 00:14:50,2026-02-13,Australia,13,
2354068,TDU26525G,Rejected,2025-11-15 07:31:23,2026-03-10,Australia,25,
2354069,TDU26526G,Rejected,2025-11-15 07:47:09,2026-03-14,New Zealand,25,
2354070,TDU33978,PRE QA - pending,2025-11-15 15:44:50,2026-01-22,New Zealand,2,
2354071,TDU33979,On Ground,2025-11-15 16:07:39,2025-12-09,Australia,3,
2354072,TDU33980,Accounts - Reconciliation,2025-11-15 17:14:25,2026-01-23,New Zealand,2,
2354073,TDU33981,Rejected,2025-11-15 17:50:21,2026-01-20,Australia,2,
2354074,TDU33982,Rejected,2025-11-15 18:14:34,2025-12-29,Australia,4,
2354075,TDU33983,Auto Rejected,2025-11-15 18:39:26,2025-11-22,Australia,6,
2354076,TDU33984,Rejected,2025-11-15 19:10:49,2025-11-21,Australia,3,
2354077,TDU33985,Rejected,2025-11-15 19:26:29,2025-11-28,New Zealand,3,
2354078,TDU33986,Rejected,2025-11-15 19:50:18,2026-02-19,New Zealand,2,
2354079,TDU33987,Rejected,2025-11-15 21:24:32,2025-12-27,New Zealand,2,
2354080,TDU33988,Rejected,2025-11-15 22:01:04,2026-01-30,Australia,3,
2354081,TDU33989,Rejected,2025-11-15 22:01:11,2026-01-09,New Zealand,2,
2354082,TDU33990,Rejected,2025-11-15 22:26:10,2025-12-21,Australia,8,
2354083,TDU33991,Rejected,2025-11-15 22:27:09,2026-02-15,New Zealand,3,
2354084,TDU33992,Rejected,2025-11-15 22:34:51,2026-01-31,Australia,4,
2354085,TDU33993,Rejected,2025-11-15 22:46:58,2026-01-22,New Zealand,4,
2354086,TDU33994,Rejected,2025-11-15 23:13:29,2026-05-04,Australia,3,
2354087,TDU33995,Rejected,2025-11-15 23:17:37,2026-01-23,New Zealand,10,
2354088,TDU33996,Rejected,2025-11-15 23:38:33,2026-05-15,New Zealand,7,
2354089,TDU33997,Rejected,2025-11-16 00:13:59,2026-01-20,New Zealand,2,
2354090,TDU26527G,Created,2025-11-17 10:52:49,2026-08-28,Australia,11,
2354092,TDU33998,Auto Rejected,2025-11-17 16:15:29,2026-01-22,Australia,6,
2354093,TDU33999,Auto Rejected,2025-11-17 16:47:43,2026-01-22,Australia,8,
2354094,TDU34000,Rejected,2025-11-17 17:24:00,2025-12-15,New Zealand,4,
2354095,TDU34001,Rejected,2025-11-17 17:31:30,2025-12-13,Australia,4,
2354096,TDU34002,Rejected,2025-11-17 17:39:58,2025-12-13,Australia,4,
2354097,TDU34003,Rejected,2025-11-17 17:54:23,2025-12-25,Australia,4,
2354098,TDU34004,Rejected,2025-11-17 18:17:28,2026-03-13,Australia,2,
2354099,TDU34005,Rejected,2025-11-17 19:17:13,2025-11-20,Australia,4,
2354100,TDU34006,Rejected,2025-11-17 20:45:24,2026-02-27,Australia,2,
2354101,TDU34007,Rejected,2025-11-17 20:55:28,2026-02-25,New Zealand,2,
2354102,TDU34008,Rejected,2025-11-17 20:57:06,2026-02-21,Australia,2,
2354103,TDU34009,Rejected,2025-11-17 21:42:34,2025-12-16,New Zealand,5,
2354104,TDU26529G,Rejected,2025-11-17 22:16:51,2026-03-17,Australia,31,
2354105,TDU34010,Rejected,2025-11-17 22:22:08,2026-01-02,Australia,4,
2354106,TDU26530G,Rejected,2025-11-17 23:09:26,2026-03-18,New Zealand,31,
2354107,TDU34011,Rejected,2025-11-17 23:13:29,2026-02-02,New Zealand,2,
2354109,TDU26532G,Rejected,2025-11-18 10:09:12,2026-03-21,Australia,30,
2354110,TDU26533G,Rejected,2025-11-18 11:06:05,2026-03-24,Australia,20,
2354111,TDU34012,Rejected,2025-11-18 16:24:55,2026-02-01,New Zealand,2,
2354112,TDU34013,Rejected,2025-11-18 17:16:55,2026-01-10,New Zealand,2,
2354113,TDU34014,Rejected,2025-11-18 17:39:20,2026-02-20,New Zealand,2,
2354114,TDU34015,Accounts - Reconciliation,2025-11-18 18:04:31,2025-11-29,New Zealand,9,
2354117,TDU34018,Rejected,2025-11-18 20:08:51,2026-01-14,Australia,3,
2354118,TDU34019,Rejected,2025-11-18 20:28:09,2026-01-20,New Zealand,2,
2354119,TDU34020,Rejected,2025-11-18 20:29:07,2026-02-08,Australia,6,
2354120,TDU34021,Rejected After Confrmation QA pending,2025-11-18 22:08:49,2026-04-16,Australia,2,
2354121,TDU34022,Rejected,2025-11-18 22:15:03,2026-01-24,Australia,2,
2354122,TDU34023,Rejected,2025-11-18 22:18:08,2026-03-20,New Zealand,2,
2354123,TDU34024,Rejected,2025-11-18 22:25:14,2025-12-21,Australia,4,
2354124,TDU34025,Rejected,2025-11-18 22:27:40,2025-12-21,Australia,4,
2354125,TDU34026,Rejected,2025-11-18 23:20:59,2026-01-30,New Zealand,2,
2354127,TDU26534G,Rejected,2025-11-19 09:22:21,2026-01-20,Australia,13,
2354128,TDU26535G,Auto Rejected,2025-11-19 10:07:17,2026-02-03,Australia,35,
2354129,TDU26536G,Auto Rejected,2025-11-19 10:49:01,2026-05-04,Australia,15,
2354130,TDU26537G,Auto Rejected,2025-11-19 11:43:03,2026-07-14,Australia,14,
2354131,TDU26538G,Auto Rejected,2025-11-19 11:54:10,2026-07-19,New Zealand,14,
2354132,TDU26539G,Auto Rejected,2025-11-19 12:11:23,2026-03-01,Australia,20,
2354133,TDU26540G,Auto Rejected,2025-11-19 12:15:51,2026-03-01,Australia,20,
2354134,TDU26541G,Auto Rejected,2025-11-19 12:20:09,2026-03-01,Australia,20,
2354135,TDU26542G,Auto Rejected,2025-11-19 12:25:29,2026-03-01,Australia,20,
2354136,TDU26543G,Auto Rejected,2025-11-19 12:35:34,2026-03-01,Australia,20,
2354137,TDU26544G,Auto Rejected,2025-11-19 12:41:01,2026-03-01,Australia,20,
2354138,TDU26545G,Auto Rejected,2025-11-19 13:02:51,2026-02-09,New Zealand,76,
2354140,TDU34029,Rejected,2025-11-19 17:01:41,2026-01-10,New Zealand,1,
2354141,TDU26546G,Auto Rejected,2025-11-19 17:27:42,2025-11-20,Australia,13,
2354142,TDU34030,Rejected,2025-11-19 17:48:43,2026-03-10,Australia,6,
2354143,TDU34031,Auto Rejected,2025-11-19 18:26:41,2025-12-21,Australia,12,
2354144,TDU26547G,Accounts - Reconciliation,2025-11-19 18:26:41,2025-12-21,Australia,12,
2354145,TDU34032,Rejected,2025-11-19 19:28:46,2026-05-18,New Zealand,4,
2354146,TDU26548G,Rejected,2025-11-19 19:33:34,2026-03-08,New Zealand,14,
2354147,TDU34033,Rejected,2025-11-19 19:50:55,2026-02-09,Australia,1,
2354148,TDU34034,Rejected,2025-11-19 21:44:05,2026-01-23,New Zealand,2,
2354149,TDU26549G,Rejected,2025-10-17 21:44:31,2026-06-06,New Zealand,25,
2354150,TDU34035,Rejected,2025-11-19 22:43:09,2025-12-28,New Zealand,2,
2354151,TDU34036,On Ground,2025-11-19 23:14:16,2025-12-17,New Zealand,2,
2354154,TDU26550G,Rejected,2025-11-19 23:41:14,2026-10-01,Australia,15,
2354155,TDU26551G,Rejected,2025-11-20 01:08:48,2026-10-05,New Zealand,15,
2354156,TDU26552G,Rejected,2025-11-20 06:03:22,2026-04-13,Australia,25,
2354157,TDU26553G,Rejected,2025-11-20 06:18:13,2026-04-19,New Zealand,25,
2354158,TDU26554G,Rejected,2025-11-20 06:49:55,2026-04-22,New Zealand,30,
2354159,TDU34039,Accounts - Reconciliation,2025-11-20 09:52:16,2026-04-13,New Zealand,9,
2354160,TDU26555G,Auto Rejected,2025-11-20 15:25:09,2026-01-06,Australia,30,
2354162,TDU34041,Rejected,2025-11-20 16:40:22,2026-01-01,Australia,4,
2354163,TDU34042,Rejected,2025-11-20 16:50:20,2026-01-07,Australia,3,
2354164,TDU34043,Rejected,2025-11-20 17:02:15,2026-01-01,Australia,4,
2354165,TDU34044,Rejected,2025-11-20 17:14:51,2026-01-01,Australia,4,
2354166,TDU34045,Rejected,2025-11-20 17:35:40,2025-12-24,Australia,4,
2354167,TDU34046,Rejected,2025-11-20 17:47:07,2026-03-01,Australia,2,
2354168,TDU34047,Rejected,2025-11-20 17:55:46,2026-01-10,New Zealand,7,
2354170,TDU34049,Rejected,2025-11-20 18:35:01,2026-01-24,Australia,6,
2354173,TDU34050,Rejected,2025-11-20 19:03:13,2026-01-04,Australia,7,
2354174,TDU34051,Rejected,2025-11-20 19:23:42,2025-12-18,New Zealand,4,
2354176,TDU34053,Rejected,2025-11-20 20:37:21,2026-01-20,New Zealand,4,
2354178,TDU34055,Accounts - Reconciliation,2025-11-20 21:45:37,2025-12-09,New Zealand,8,
2354180,TDU34057,Accounts - Reconciliation,2025-11-20 22:58:36,2026-02-08,New Zealand,2,
2354182,TDU26558G,Rejected,2025-11-20 23:43:09,2026-04-14,New Zealand,13,
2354183,TDU34059,Auto Rejected,2025-11-21 00:14:43,2026-02-17,New Zealand,2,
2354184,TDU26559G,Auto Rejected,2025-11-21 08:04:24,2026-01-11,New Zealand,16,
2354185,TDU26560G,Rejected,2025-11-21 08:56:55,2026-03-05,Australia,25,
2354186,TDU26561G,Rejected,2025-11-21 09:20:12,2026-03-10,New Zealand,25,
2354187,TDU26562G,Auto Rejected,2025-11-21 09:43:30,2026-05-11,Australia,70,
2354188,TDU34060,On Ground,2025-11-21 10:21:17,2025-12-02,Australia,3,
2354189,TDU26563G,Auto Rejected,2025-11-21 11:37:04,2026-03-24,Australia,20,
2354190,TDU26564G,Rejected,2025-11-21 11:39:39,2026-03-24,Australia,20,
2354191,TDU26565G,Auto Rejected,2025-11-21 11:50:30,2026-01-15,Australia,40,
2354192,TDU26566G,Auto Rejected,2025-11-21 11:55:21,2026-04-21,New Zealand,19,
2354193,TDU26567G,Rejected,2025-11-21 12:18:39,2026-06-25,Australia,30,
2354194,TDU26568G,Auto Rejected,2025-11-21 15:58:04,2026-02-04,Australia,30,
2354195,TDU34061,Rejected,2025-11-21 16:23:32,2025-12-28,Australia,4,
2354196,TDU34062,Accounts - Reconciliation,2025-11-21 17:05:32,2025-12-31,New Zealand,5,
2354197,TDU34063,Rejected,2025-11-21 18:16:30,2026-01-18,New Zealand,3,
2354198,TDU34064,Rejected,2025-11-21 18:30:43,2025-12-25,Australia,4,
2354200,TDU34066,Rejected,2025-11-21 19:44:53,2026-01-09,New Zealand,1,
2354201,TDU26569G,Rejected,2025-11-05 21:00:26,2026-02-01,Australia,15,
2354202,TDU34067,Rejected,2025-11-21 21:07:33,2026-01-02,New Zealand,4,
2354203,TDU34068,Rejected,2025-11-21 21:31:50,2026-02-14,Australia,2,
2354205,TDU34070,Rejected,2025-11-21 21:49:27,2026-01-04,New Zealand,5,
2354206,TDU26570G,Rejected,2025-11-21 22:19:31,2026-05-23,Australia,16,
2354207,TDU34071,Rejected,2025-11-21 22:37:46,2026-02-14,New Zealand,2,
2354209,TDU34073,Rejected,2025-11-21 23:02:38,2025-12-04,New Zealand,2,
2354211,TDU34075,Rejected,2025-11-22 00:13:52,2026-01-21,New Zealand,2,
2354213,TDU34077,Rejected,2025-11-22 00:30:34,2025-12-23,New Zealand,3,
2354215,TDU26571G,Rejected,2025-11-22 06:34:50,2026-05-30,New Zealand,15,
2354216,TDU26572G,Rejected,2025-11-22 07:16:46,2026-03-18,New Zealand,11,
2354217,TDU26573G,Rejected,2025-11-22 07:50:40,2026-03-12,Australia,11,
2354218,TDU34079,Rejected,2025-11-22 16:34:11,2025-12-19,New Zealand,4,
2354220,TDU34081,Rejected,2025-11-22 16:40:36,2026-03-01,New Zealand,2,
2354221,TDU34082,Rejected,2025-11-22 16:51:58,2025-12-15,New Zealand,2,
2354222,TDU34083,Rejected,2025-11-22 17:15:54,2026-01-19,New Zealand,2,
2354225,TDU26574G,Rejected,2025-11-22 17:33:32,2026-05-01,New Zealand,12,
2354226,TDU26575G,Rejected,2025-11-22 17:43:51,2026-04-25,Australia,12,
2354227,TDU34086,Rejected,2025-11-22 17:55:35,2025-12-16,New Zealand,5,
2354228,TDU34087,Rejected,2025-11-22 18:29:57,2025-12-16,New Zealand,5,
2354229,TDU34088,Rejected,2025-11-22 18:38:12,2026-05-12,Australia,2,
2354231,TDU34090,Rejected,2025-11-22 19:01:37,2026-03-03,Australia,8,
2354232,TDU34091,Rejected,2025-11-22 20:27:36,2026-02-11,New Zealand,2,
2354234,TDU34093,Rejected,2025-11-22 21:51:15,2026-03-01,New Zealand,2,
2354235,TDU26576G,Rejected,2025-11-22 21:59:52,2026-03-16,New Zealand,12,
2354236,TDU34094,Rejected,2025-11-22 22:33:42,2026-02-04,Australia,6,
2354237,TDU34095,Rejected,2025-11-22 22:38:04,2026-01-27,New Zealand,6,
2354238,TDU26577G,Requote,2025-11-24 07:04:22,2026-05-14,New Zealand,15,
2354239,TDU26578G,Rejected,2025-11-24 07:40:10,2026-03-20,Australia,15,
2354240,TDU26579G,Rejected,2025-11-24 07:41:27,2026-03-27,New Zealand,15,
2354241,TDU26580G,Auto Rejected,2025-11-24 10:45:28,2026-07-19,Australia,14,
2354242,TDU26581G,Auto Rejected,2025-11-24 13:19:06,2026-01-15,Australia,51,
2354243,TDU34096,Accounts - Reconciliation,2025-11-24 15:51:35,2025-12-08,Australia,4,
2354244,TDU34097,Rejected,2025-11-24 16:44:34,2026-04-03,Australia,7,
2354245,TDU34098,Rejected,2025-11-24 16:44:53,2025-12-25,New Zealand,2,
2354246,TDU26582G,Rejected,2025-11-24 16:59:22,2026-02-20,Australia,40,
2354247,TDU26583G,Rejected,2025-11-24 17:08:50,2026-02-08,Australia,20,
2354248,TDU34099,Rejected,2025-11-24 17:32:47,2026-04-26,Australia,9,
2354249,TDU34100,Rejected,2025-11-24 18:17:48,2026-01-12,Australia,2,
2354250,TDU34101,Rejected,2025-11-24 19:30:27,2026-05-22,New Zealand,5,
2354251,TDU34102,Rejected,2025-11-24 19:57:18,2025-12-24,Australia,7,
2354252,TDU26584G,Rejected,2025-11-24 20:09:59,2026-03-28,Australia,20,
2354253,TDU34103,Rejected,2025-11-24 20:22:35,2025-12-30,Australia,2,
2354254,TDU26585G,Rejected,2025-11-24 20:36:18,2026-07-28,Australia,18,
2354255,TDU34104,Rejected,2025-11-24 20:50:26,2026-01-03,New Zealand,7,
2354256,TDU34105,Rejected,2025-11-24 20:52:34,2025-12-06,Australia,4,
2354257,TDU34106,Rejected,2025-11-24 21:46:41,2026-03-20,New Zealand,3,
2354258,TDU34107,Rejected,2025-11-24 21:54:15,2025-12-21,Australia,3,
2354259,TDU34108,Rejected,2025-11-24 22:14:44,2025-12-02,Australia,2,
2354261,TDU34110,Rejected,2025-11-24 22:37:59,2026-02-11,New Zealand,2,
2354262,TDU26586G,Rejected,2025-11-24 23:13:37,2026-05-10,New Zealand,21,
2354264,TDU34112,Rejected,2025-11-24 23:22:24,2026-02-06,New Zealand,4,
2354266,TDU34114,PRE QA - pending,2025-11-25 13:37:02,2025-12-15,Australia,3,
2354267,TDU34115,Rejected,2025-11-25 15:43:58,2026-06-18,Australia,2,
2354268,TDU34116,Rejected,2025-11-25 16:10:29,2025-12-23,Australia,3,
2354270,TDU34118,Rejected,2025-11-25 17:39:23,2026-02-16,New Zealand,2,
2354271,TDU34119,Rejected,2025-11-25 18:07:15,2025-12-23,Australia,2,
2354272,TDU26587G,Rejected,2025-11-25 18:09:29,2026-05-02,Australia,30,
2354273,TDU34120,Rejected,2025-11-25 18:43:38,2025-12-19,Australia,5,
2354274,TDU34121,Rejected,2025-11-25 19:16:50,2026-01-10,New Zealand,6,
2354275,TDU26588G,Auto Rejected,2025-11-25 21:06:48,2026-03-18,Australia,12,
2354276,TDU34122,Rejected,2025-11-25 21:31:53,2026-05-01,Australia,6,
2354277,TDU26589G,Rejected,2025-11-25 21:43:15,2026-02-15,New Zealand,18,
2354278,TDU34123,Rejected,2025-11-25 21:47:23,2026-03-10,Australia,2,
2354279,TDU34124,On Ground,2025-11-25 22:30:32,2025-12-25,New Zealand,3,
2354281,TDU34126,Rejected After Confrmation QA pending,2025-11-25 22:46:06,2026-04-18,New Zealand,2,
2354282,TDU26590G,Rejected,2025-11-25 22:56:40,2026-05-27,Australia,20,
2354283,TDU34127,Rejected,2025-11-25 23:01:07,2026-01-27,New Zealand,2,
2354286,TDU34130,Rejected,2025-11-26 00:20:19,2025-12-20,Australia,3,
2354287,TDU26591G,Rejected,2025-11-26 00:41:40,2026-04-23,Australia,30,
2354288,TDU26592G,Rejected,2025-11-26 13:41:47,2026-05-08,New Zealand,30,
2354289,TDU34131,Rejected,2025-11-26 16:00:15,2025-12-24,Australia,5,
2354290,TDU34132,Rejected,2025-11-26 16:01:52,2026-01-03,New Zealand,5,
2354291,TDU34133,Rejected,2025-11-26 16:51:55,2026-02-08,Australia,3,
2354292,TDU26593G,Rejected,2025-11-26 16:59:49,2026-04-13,Australia,75,
2354293,TDU26594G,Accepted,2025-11-26 17:15:44,2026-10-05,Australia,40,
2354294,TDU34134,Rejected,2025-11-26 17:28:02,2026-01-18,New Zealand,4,
2354295,TDU34135,Accounts - Reconciliation,2025-11-26 17:40:44,2026-03-08,Australia,5,
2354296,TDU34136,Auto Rejected,2025-11-26 18:11:09,2026-01-11,Australia,4,
2354297,TDU34137,Rejected,2025-11-26 18:40:23,2025-12-20,Australia,5,
2354298,TDU34138,Rejected,2025-11-26 19:27:20,2026-02-09,New Zealand,2,
2354299,TDU34139,Rejected,2025-11-26 19:40:29,2025-12-20,New Zealand,5,
2354300,TDU34140,Auto Rejected,2025-11-26 20:54:59,2025-12-21,Australia,7,
2354301,TDU34141,Rejected,2025-11-26 22:06:57,2025-12-20,New Zealand,5,
2354302,TDU34142,Rejected,2025-11-26 22:13:41,2025-12-20,New Zealand,5,
2354303,TDU34143,Rejected,2025-11-26 22:34:34,2025-12-29,New Zealand,5,
2354306,TDU34146,Rejected,2025-11-26 23:31:59,2026-04-10,New Zealand,2,
2354309,TDU34149,Rejected,2025-11-27 00:09:07,2026-02-19,New Zealand,3,
2354310,TDU26595G,Auto Rejected,2025-11-27 09:59:15,2026-03-22,Australia,16,
2354311,TDU34150,Auto Rejected,2025-11-27 10:14:51,2025-12-08,Australia,5,
2354312,TDU34151,Rejected,2025-11-27 14:56:01,2025-12-11,Australia,4,
2354313,TDU34152,Rejected,2025-11-27 15:09:37,2026-03-15,Australia,8,
2354314,TDU26596G,Auto Rejected,2025-11-27 15:12:33,2026-01-15,New Zealand,217,
2354315,TDU34153,Rejected,2025-11-27 15:13:41,2026-04-02,Australia,6,
2354316,TDU34154,Rejected,2025-11-27 16:20:46,2026-03-08,New Zealand,4,
2354319,TDU34157,Auto Rejected,2025-11-27 17:45:09,2026-01-24,New Zealand,7,
2354320,TDU26597G,Rejected,2025-11-27 18:02:44,2026-04-23,Australia,30,
2354321,TDU34158,Rejected,2025-11-27 20:33:24,2026-04-22,New Zealand,4,
2354325,TDU34162,Rejected,2025-11-27 21:51:28,2026-01-05,New Zealand,2,
2354328,TDU34165,Rejected,2025-11-27 23:56:19,2026-01-17,Australia,4,
2354329,TDU26598G,Rejected,2025-11-28 00:14:48,2026-03-29,New Zealand,14,
2354330,TDU34166,Accounts - Reconciliation,2025-11-28 09:53:23,2025-12-09,Australia,5,
2354331,TDU26599G,Rejected,2025-11-28 12:33:05,2026-01-30,Australia,50,
2354332,TDU26600G,Rejected,2025-11-28 13:10:15,2026-05-03,Australia,90,
2354333,TDU26601G,Rejected,2025-11-28 13:38:48,2026-02-13,Australia,300,
2354334,TDU34167,On Ground,2025-11-28 15:28:47,2025-12-25,Australia,4,
2354335,TDU34168,Rejected,2025-11-28 16:40:30,2025-12-24,Australia,5,
2354336,TDU34169,Rejected,2025-11-28 17:18:48,2026-02-04,New Zealand,8,
2354337,TDU34170,Rejected,2025-11-28 18:09:07,2026-01-31,New Zealand,2,
2354338,TDU34171,Rejected,2025-11-28 18:09:16,2026-01-31,New Zealand,2,
2354339,TDU34172,Auto Rejected,2025-11-28 20:18:32,2026-01-15,Australia,2,
2354341,TDU34174,Rejected,2025-11-28 20:41:05,2026-03-27,New Zealand,4,
2354343,TDU34176,Rejected,2025-11-28 21:42:42,2026-03-04,New Zealand,2,
2354345,TDU26602G,Rejected,2025-11-28 22:19:17,2026-01-15,New Zealand,217,
2354346,TDU26603G,Auto Rejected,2025-11-28 22:25:13,2026-01-15,New Zealand,180,
2354347,TDU26604G,Rejected,2025-11-28 22:36:20,2026-04-01,New Zealand,200,
2354348,TDU34178,Rejected,2025-11-28 22:55:20,2026-01-11,New Zealand,1,
2354349,TDU34179,Rejected,2025-11-28 23:56:36,2026-02-14,New Zealand,2,
2354351,TDU34181,Rejected,2025-11-29 15:47:40,2025-12-23,New Zealand,5,
2354352,TDU34182,Rejected,2025-11-29 16:14:16,2025-12-12,New Zealand,4,
2354353,TDU26605G,Rejected,2025-11-29 16:49:12,2026-03-16,New Zealand,12,
2354354,TDU34183,Rejected,2025-11-29 17:26:45,2025-12-05,New Zealand,2,
2354355,TDU34184,Rejected After Confrmation QA pending,2025-11-29 17:52:38,2026-02-26,New Zealand,2,
2354356,TDU34185,Rejected,2025-11-29 18:25:47,2026-01-07,Australia,2,
2354357,TDU34186,Rejected,2025-11-29 19:09:52,2026-01-07,Australia,2,
2354359,TDU26606G,Rejected,2025-11-30 14:26:29,2026-04-14,Australia,32,
2354360,TDU26607G,Rejected,2025-11-30 15:23:58,2026-05-05,Australia,32,
2354361,TDU26608G,Rejected,2025-11-30 15:44:49,2026-01-15,New Zealand,170,
2354362,TDU34188,Accounts - Reconciliation,2025-11-30 17:02:54,2026-03-09,Australia,2,
2354363,TDU26609G,Rejected,2025-12-01 17:33:30,2026-06-05,New Zealand,15,
2354364,TDU26610G,Rejected,2025-12-01 18:05:17,2026-05-19,Australia,25,
2354365,TDU34189,Rejected After Confrmation QA pending,2025-12-01 20:20:15,2025-12-11,Australia,1,
2354366,TDU34190,Auto Rejected,2025-12-01 20:24:50,2026-01-17,Australia,1,
2354367,TDU34191,Rejected After Confrmation QA pending,2025-12-01 20:57:31,2025-12-13,New Zealand,2,
2354368,TDU34192,Rejected,2025-12-01 21:39:11,2026-06-23,Australia,2,
2354369,TDU34193,Rejected,2025-12-01 21:45:10,2025-12-22,Australia,2,
2354372,TDU34196,Rejected,2025-12-01 22:40:43,2025-12-12,Australia,3,
2354373,TDU34197,Accounts - Reconciliation,2025-12-01 23:04:22,2026-05-22,Australia,4,
2354374,TDU34198,On Ground,2025-12-01 23:29:07,2025-12-16,New Zealand,2,
2354376,TDU34200,Rejected,2025-12-01 23:45:58,2026-01-16,New Zealand,4,
2354378,TDU34202,Rejected,2025-12-02 01:01:03,2026-03-20,New Zealand,4,
2354379,TDU34203,Rejected,2025-12-02 01:36:06,2026-04-10,Australia,10,
2354380,TDU34204,Rejected,2025-12-02 01:45:58,2026-01-27,New Zealand,2,
2354381,TDU34205,Rejected,2025-12-02 02:04:40,2025-12-24,Australia,3,
2354382,TDU34206,Rejected,2025-12-02 02:08:59,2025-12-30,New Zealand,3,
2354383,TDU34207,Rejected,2025-12-02 03:17:25,2026-03-24,Australia,2,
2354384,TDU26611G,Rejected,2025-12-02 11:40:52,2026-01-29,Australia,20,
2354385,TDU26612G,Rejected,2025-12-02 18:28:50,2026-01-29,Australia,14,
2354386,TDU34208,Rejected,2025-12-02 18:42:16,2025-12-24,Australia,2,
2354387,TDU34209,Rejected,2025-12-02 20:52:40,2026-02-05,New Zealand,8,
2354388,TDU34210,Auto Rejected,2025-12-02 22:08:11,2025-12-06,New Zealand,5,
2354389,TDU34211,Rejected,2025-12-02 22:13:38,2026-04-03,Australia,2,
2354390,TDU34212,Rejected,2025-12-02 22:15:55,2026-01-23,New Zealand,2,
2354392,TDU34214,Rejected,2025-12-03 00:07:09,2026-01-13,New Zealand,2,
2354393,TDU34215,Rejected,2025-12-03 01:25:36,2026-02-14,New Zealand,4,
2354394,TDU34216,Rejected,2025-12-03 01:51:34,2026-04-03,New Zealand,6,
2354395,TDU34217,Rejected,2025-12-03 02:09:02,2026-05-20,Australia,6,
2354396,TDU34218,Rejected,2025-12-03 02:18:23,2026-03-27,New Zealand,4,
2354397,TDU34219,On Ground,2025-12-03 17:10:16,2025-12-11,Australia,4,
2354398,TDU34220,Rejected,2025-12-03 17:32:16,2025-12-21,Australia,8,
2354399,TDU34221,Rejected,2025-12-03 18:02:11,2025-12-16,New Zealand,2,
2354400,TDU34222,Rejected,2025-12-03 18:16:26,2025-12-25,Australia,2,
2354401,TDU34223,Auto Rejected,2025-12-03 18:44:47,2026-01-10,Australia,2,
2354402,TDU34224,Auto Rejected,2025-12-03 19:16:46,2026-01-10,Australia,2,
2354403,TDU34225,Rejected,2025-12-03 21:30:51,2025-12-19,Australia,4,
2354404,TDU34226,Rejected,2025-12-03 21:53:03,2026-01-20,Australia,2,
2354405,TDU34227,Rejected,2025-12-03 21:59:13,2026-01-21,New Zealand,2,
2354406,TDU34228,Rejected,2025-12-03 22:27:36,2026-02-13,New Zealand,3,
2354407,TDU34229,Rejected,2025-12-03 22:58:22,2026-02-20,New Zealand,8,
2354408,TDU34230,Rejected,2025-12-04 00:43:51,2026-02-26,Australia,4,
2354409,TDU34231,Auto Rejected,2025-12-04 00:51:56,2026-01-05,Australia,6,
2354410,TDU34232,Auto Rejected,2025-12-04 00:58:41,2026-01-06,New Zealand,2,
2354411,TDU34233,Rejected,2025-12-04 01:22:11,2026-02-05,New Zealand,2,
2354412,TDU34234,Rejected,2025-12-04 03:07:56,2026-04-30,Australia,2,
2354413,TDU34235,Rejected,2025-12-04 03:15:03,2026-02-10,Australia,1,
2354414,TDU34236,Accounts - Reconciliation,2025-12-04 03:20:48,2025-12-09,New Zealand,2,
2354415,TDU26613G,Rejected,2025-12-04 07:20:36,2026-05-25,Australia,80,
2354416,TDU26614G,Created,2025-12-04 09:42:33,2026-11-25,Australia,30,
2354417,TDU26615G,Auto Rejected,2025-12-04 10:19:54,2026-03-12,Australia,20,
2354418,TDU26616G,Auto Rejected,2025-12-04 10:46:08,2026-03-12,Australia,20,
2354419,TDU26617G,Rejected,2025-12-04 13:58:23,2026-06-01,Australia,40,
2354420,TDU26618G,Rejected,2025-12-04 14:34:39,2026-02-01,New Zealand,20,
2354421,TDU26619G,Rejected,2025-12-04 14:37:30,2026-02-09,Australia,20,
2354425,TDU34240,Rejected,2025-12-04 22:25:41,2026-03-14,Australia,3,
2354427,TDU26620G,Rejected,2025-12-04 23:00:49,2026-05-22,New Zealand,10,
2354429,TDU34243,Auto Rejected,2025-12-04 23:59:50,2025-12-07,New Zealand,3,
2354430,TDU34244,Rejected,2025-12-05 00:31:41,2026-06-13,New Zealand,3,
2354432,TDU34246,Auto Rejected,2025-12-05 00:55:59,2025-12-13,New Zealand,2,
2354433,TDU34247,Rejected,2025-12-05 01:40:16,2026-01-21,Australia,2,
2354434,TDU34248,Rejected,2025-12-05 02:20:19,2026-04-10,New Zealand,3,
2354435,TDU34249,Rejected,2025-12-05 02:31:59,2026-02-15,New Zealand,2,
2354436,TDU34250,Rejected,2025-12-05 02:51:20,2025-12-22,New Zealand,1,
2354437,TDU34251,Rejected,2025-12-05 03:05:03,2026-03-27,Australia,2,
2354438,TDU26621G,Rejected,2025-12-05 11:30:27,2026-04-01,Australia,15,
2354439,TDU26622G,Rejected,2025-12-05 13:58:24,2026-04-16,Australia,20,
2354440,TDU26623G,Rejected,2025-12-05 14:07:51,2026-06-01,Australia,15,
2354441,TDU26624G,Rejected,2025-12-05 14:11:46,2026-04-19,Australia,60,
2354443,TDU26625G,Rejected,2025-12-05 16:05:52,2026-04-26,New Zealand,20,
2354444,TDU26626G,Rejected,2025-12-05 16:55:14,2026-02-15,Australia,20,
2354446,TDU34254,Rejected,2025-12-05 21:01:28,2026-02-10,New Zealand,2,
2354447,TDU34255,Rejected,2025-12-05 22:58:58,2026-02-20,New Zealand,2,
2354450,TDU34257,Rejected,2025-12-06 00:22:20,2026-03-25,New Zealand,6,
2354451,TDU34258,Rejected,2025-12-06 01:35:47,2026-04-05,Australia,6,
2354452,TDU34259,Rejected,2025-12-06 01:41:25,2026-04-12,New Zealand,6,
2354453,TDU34260,Rejected,2025-12-06 02:43:53,2026-01-04,New Zealand,2,
2354454,TDU34261,Rejected,2025-12-06 03:04:39,2026-01-31,New Zealand,2,
2354455,TDU26628G,Auto Rejected,2025-12-06 09:03:45,2026-04-16,Australia,100,
2354456,TDU34262,On Ground,2025-12-06 10:21:34,2025-12-12,Australia,4,
2354458,TDU34264,Accounts - Reconciliation,2025-12-06 21:54:19,2026-03-25,New Zealand,2,
2354461,TDU34267,On Ground,2025-12-06 23:09:44,2025-12-22,Australia,9,
2354462,TDU34268,Rejected,2025-12-06 23:52:38,2026-06-07,New Zealand,4,
2354463,TDU34269,Rejected,2025-12-07 00:01:22,2026-06-01,Australia,4,
2354464,TDU34270,Rejected After Confrmation QA pending,2025-12-07 00:13:21,2026-02-16,New Zealand,2,
2354466,TDU34272,Rejected,2025-12-07 00:47:50,2026-02-12,New Zealand,8,
2354467,TDU34273,Rejected,2025-12-07 00:47:52,2026-02-21,New Zealand,8,
2354468,TDU34274,On Ground,2025-12-07 01:21:51,2025-12-19,Australia,4,
2354469,TDU34275,Rejected,2025-12-07 01:35:38,2026-03-08,Australia,4,
2354470,TDU34276,Rejected,2025-12-07 02:05:36,2026-03-10,Australia,2,
2354473,TDU34279,Rejected,2025-12-08 18:45:24,2025-12-15,New Zealand,3,
2354474,TDU26629G,Rejected,2025-12-08 20:12:04,2026-02-08,Australia,120,
2354475,TDU34280,Rejected,2025-12-08 20:55:45,2026-03-06,New Zealand,3,
2354476,TDU34281,On Ground,2025-12-08 21:27:23,2025-12-21,Australia,2,
2354477,TDU34282,Auto Rejected,2025-12-08 22:01:27,2025-12-25,Australia,2,
2354478,TDU34283,Rejected,2025-12-08 22:41:45,2025-12-25,New Zealand,2,
2354481,TDU34286,Rejected,2025-12-08 23:48:51,2026-03-25,Australia,2,
2354483,TDU34288,Rejected,2025-12-09 00:06:03,2025-12-22,New Zealand,4,
2354485,TDU34290,Rejected,2025-12-09 00:43:57,2026-04-02,New Zealand,6,
2354487,TDU34292,Rejected,2025-12-09 01:24:39,2026-04-09,New Zealand,4,
2354488,TDU34293,Rejected,2025-12-09 02:08:07,2025-12-24,Australia,4,
2354489,TDU34294,Rejected,2025-12-09 02:27:05,2026-02-10,New Zealand,7,
2354490,TDU26630G,Auto Rejected,2025-12-09 07:13:16,2026-03-12,Australia,200,
2354491,TDU34295,Auto Rejected,2025-12-09 12:55:35,2026-01-03,Australia,2,
2354492,TDU34296,Accounts - Reconciliation,2025-12-09 19:01:55,2025-12-11,Australia,1,
2354493,TDU34297,Auto Rejected,2025-12-09 19:32:06,2025-12-14,New Zealand,3,
2354496,TDU34300,Rejected,2025-12-09 23:51:54,2025-12-15,New Zealand,2,
2354499,TDU34303,Rejected,2025-12-10 00:47:06,2026-02-19,New Zealand,2,
2354501,TDU34305,Rejected,2025-12-10 01:03:12,2026-03-14,New Zealand,2,
2354502,TDU34306,Rejected,2025-12-10 01:15:09,2026-03-03,New Zealand,4,
2354503,TDU34307,Accounts - Reconciliation,2025-12-10 01:33:33,2026-02-11,New Zealand,6,
2354504,TDU34308,Rejected,2025-12-10 03:02:44,2026-04-10,Australia,6,
2354506,TDU34310,Rejected,2025-12-10 18:07:50,2026-03-05,Australia,2,
2354507,TDU34311,Rejected,2025-12-10 18:57:51,2026-02-16,New Zealand,4,
2354508,TDU34312,Rejected,2025-12-10 19:01:29,2026-02-14,Australia,2,
2354511,TDU34313,Rejected,2025-12-10 22:32:30,2026-01-23,New Zealand,2,
2354512,TDU34314,Rejected,2025-12-10 22:38:05,2026-12-01,New Zealand,2,
2354515,TDU34317,Rejected,2025-12-11 02:45:20,2026-02-10,New Zealand,2,
2354516,TDU34318,Rejected,2025-12-11 15:42:48,2026-02-10,Australia,4,
2354517,TDU34319,Accounts - Reconciliation,2025-12-11 16:01:32,2026-02-20,Australia,2,
2354518,TDU34320,Auto Rejected,2025-12-11 16:27:00,2026-01-20,Australia,3,
2354519,TDU34321,Rejected,2025-12-11 16:56:12,2026-02-20,Australia,2,
2354520,TDU34322,Rejected,2025-12-11 17:21:06,2026-03-15,Australia,3,
2354521,TDU34323,Rejected,2025-12-11 18:22:57,2026-02-18,New Zealand,8,
2354526,TDU34325,Rejected,2025-12-11 21:49:08,2025-12-20,Australia,2,
2354527,TDU34326,Rejected,2025-12-11 21:52:49,2025-12-26,New Zealand,2,
2354530,TDU34329,Rejected,2025-12-11 22:27:10,2025-12-28,New Zealand,4,
2354534,TDU34333,Auto Rejected,2025-12-12 00:18:44,2026-01-14,New Zealand,2,
2354536,TDU34335,Rejected,2025-12-12 19:41:59,2026-01-26,New Zealand,5,
2354539,TDU34338,Rejected,2025-12-12 21:55:06,2026-01-30,Australia,2,
2354541,TDU34340,Rejected,2025-12-12 22:38:47,2026-02-09,New Zealand,1,
2354544,TDU34343,Rejected,2025-12-13 17:56:20,2026-05-08,Australia,5,
2354545,TDU34344,Rejected,2025-12-13 18:20:11,2025-12-22,Australia,6,
2354548,TDU34347,Rejected,2025-12-13 20:56:02,2025-12-25,New Zealand,3,
2354551,TDU26636G,Auto Rejected,2025-12-14 09:25:59,2025-12-20,Australia,15,
2354552,TDU26637G,Rejected,2025-12-14 09:37:43,2026-05-14,Australia,12,
2354555,TDU26640G,Rejected,2025-12-15 12:29:33,2026-05-14,Australia,50,
2354556,TDU26641G,Auto Rejected,2025-12-15 14:10:58,2026-01-18,Australia,18,
2354557,TDU34350,Rejected,2025-12-15 16:19:36,2026-02-15,New Zealand,2,
2354558,TDU34351,Rejected,2025-12-15 16:21:47,2026-03-05,Australia,8,
2354559,TDU34352,Rejected,2025-12-15 17:19:10,2026-04-10,New Zealand,3,
2354560,TDU34353,Rejected,2025-12-15 18:16:52,2025-12-20,New Zealand,4,
2354561,TDU34354,On Ground,2025-12-15 19:15:41,2025-12-27,Australia,2,
2354562,TDU34355,Rejected,2025-12-15 20:55:50,2025-12-18,New Zealand,2,
2354563,TDU34356,Rejected,2025-12-15 21:56:13,2025-12-21,New Zealand,2,
2354566,TDU34359,Auto Rejected,2025-12-16 10:53:03,2026-05-09,Australia,2,
2354567,TDU26642G,Rejected,2025-12-16 13:24:45,2026-03-20,Australia,46,
2354568,TDU26643G,On Ground,2025-12-16 14:00:14,2026-03-07,New Zealand,76,
2354569,TDU34360,Auto Rejected,2025-12-16 16:06:09,2026-05-15,Australia,2,
2354570,TDU34361,Rejected,2025-12-16 17:17:48,2025-12-19,Australia,4,
2354571,TDU34362,Accounts - Reconciliation,2025-12-16 20:31:54,2026-01-09,New Zealand,2,
2354572,TDU34363,Rejected,2025-12-16 21:02:00,2026-01-31,New Zealand,3,
2354574,TDU34365,Rejected,2025-12-16 22:02:59,2026-01-27,New Zealand,3,
2354577,TDU34368,Auto Rejected,2025-12-16 22:48:18,2026-01-27,New Zealand,3,
2354578,TDU34369,Rejected,2025-12-16 23:09:10,2026-05-23,New Zealand,10,
2354581,TDU34372,Rejected,2025-12-16 23:29:58,2026-05-18,Australia,10,
2354582,TDU34373,Rejected,2025-12-17 00:20:23,2026-02-05,Australia,3,
2354583,TDU26644G,Created,2025-12-17 09:42:39,2026-08-24,Australia,20,
2354584,TDU34374,Auto Rejected,2025-12-17 10:11:57,2026-05-01,Australia,2,
2354585,TDU34375,Auto Rejected,2025-12-17 10:58:47,2026-04-13,New Zealand,2,
2354586,TDU34376,Rejected,2025-12-17 11:07:48,2026-04-13,New Zealand,7,
2354587,TDU26645G,Auto Rejected,2025-12-17 11:22:34,2026-03-30,Australia,20,
2354588,TDU34377,Auto Rejected,2025-12-17 11:58:17,2026-05-28,Australia,2,
2354589,TDU34378,On Ground,2025-12-17 12:25:45,2026-01-12,Australia,6,
2354590,TDU26646G,Rejected,2025-12-17 17:27:21,2026-05-11,Australia,15,
2354591,TDU26647G,Rejected,2025-12-17 18:14:46,2026-03-08,New Zealand,30,
2354592,TDU26648G,Rejected,2025-12-17 19:09:11,2026-01-20,New Zealand,18,
2354593,TDU34379,Rejected,2025-12-17 19:16:35,2026-01-11,Australia,4,
2354594,TDU34380,Rejected,2025-12-17 20:14:37,2026-01-20,New Zealand,4,
2354595,TDU34381,Rejected,2025-12-17 20:43:20,2026-05-15,Australia,9,
2354596,TDU34382,Rejected,2025-12-17 20:52:08,2026-05-26,Australia,3,
2354597,TDU34383,Rejected,2025-12-17 21:47:12,2026-02-26,New Zealand,2,
2354598,TDU34384,Accounts - Reconciliation,2025-12-17 22:13:47,2026-05-06,Australia,2,
2354600,TDU26649G,Auto Rejected,2025-12-18 10:47:09,2026-05-28,Australia,24,
2354601,TDU34386,Created,2025-12-18 11:25:31,2026-10-05,New Zealand,8,
2354602,TDU34387,PRE QA - completed,2025-12-18 13:21:31,2026-01-13,Australia,1,
2354603,TDU26650G,Rejected,2025-12-18 13:41:43,2026-02-10,Australia,14,
2354604,TDU34388,Rejected After Confrmation QA pending,2025-12-18 17:17:54,2026-01-09,Australia,2,
2354605,TDU34389,Auto Rejected,2025-12-18 17:36:48,2026-01-13,New Zealand,2,
2354606,TDU34390,Auto Rejected,2025-12-18 18:29:09,2026-01-28,New Zealand,4,
2354607,TDU34391,Rejected After Confrmation QA pending,2025-12-18 20:44:11,2026-02-11,Australia,1,
2354610,TDU34394,Rejected,2025-12-18 21:51:51,2026-05-11,New Zealand,2,
2354613,TDU34397,Rejected,2025-12-18 23:06:03,2026-04-17,New Zealand,8,
2354615,TDU34399,Rejected,2025-12-18 23:21:03,2026-04-17,New Zealand,10,
2354616,TDU34400,Rejected,2025-12-18 23:38:38,2026-04-06,New Zealand,5,
2354618,TDU34402,Rejected,2025-12-19 00:07:06,2026-04-07,New Zealand,2,
2354619,TDU34403,Rejected,2025-12-19 00:21:36,2026-04-05,Australia,2,
2354620,TDU34404,Rejected,2025-12-19 16:03:17,2026-03-27,New Zealand,3,
2354621,TDU34405,Rejected,2025-12-19 16:20:55,2026-03-23,New Zealand,2,
2354622,TDU34406,Rejected,2025-12-19 16:58:07,2026-03-11,Australia,2,
2354623,TDU34407,Rejected,2025-12-19 17:30:06,2026-02-24,Australia,2,
2354624,TDU34408,Rejected,2025-12-19 18:52:34,2026-01-27,New Zealand,2,
2354625,TDU34409,Rejected,2025-12-19 19:13:50,2026-01-09,Australia,6,
2354626,TDU26651G,Rejected,2025-12-19 19:28:31,2026-03-02,Australia,12,
2354627,TDU34410,Auto Rejected,2025-12-19 20:53:01,2025-12-21,Australia,5,
2354628,TDU34411,Rejected,2025-12-19 21:12:40,2026-01-24,Australia,2,
2354629,TDU34412,Rejected,2025-12-19 22:01:47,2026-03-01,New Zealand,2,
2354630,TDU34413,On Ground,2025-12-19 23:16:57,2025-12-27,Australia,4,
2354631,TDU34414,Rejected,2025-12-19 23:50:40,2026-05-01,Australia,3,
2354632,TDU34415,Rejected,2025-12-20 11:45:30,2026-03-03,Australia,4,
2354633,TDU34416,Rejected,2025-12-20 13:25:28,2026-03-03,Australia,1,
2354634,TDU34417,Rejected,2025-12-20 15:50:46,2026-05-04,Australia,1,
2354635,TDU34418,Auto Rejected,2025-12-20 16:48:08,2026-01-28,New Zealand,2,
2354636,TDU34419,Rejected,2025-12-20 17:38:37,2026-01-21,Australia,2,
2354637,TDU26652G,Rejected,2025-12-20 17:46:31,2026-03-26,Australia,12,
2354638,TDU34420,Rejected,2025-12-20 18:28:20,2026-01-10,Australia,2,
2354639,TDU34421,Rejected,2025-12-20 20:20:28,2026-04-01,Australia,3,
2354640,TDU34422,Auto Rejected,2025-12-20 20:33:58,2026-03-15,New Zealand,2,
2354641,TDU34423,Auto Rejected,2025-12-20 20:47:55,2026-03-01,Australia,2,
2354642,TDU34424,Auto Rejected,2025-12-20 20:49:28,2026-01-17,Australia,2,
2354643,TDU34425,Accounts - Reconciliation,2025-12-20 21:23:33,2026-01-29,Australia,2,
2354644,TDU34426,Rejected,2025-12-20 21:45:11,2026-01-30,Australia,2,
2354645,TDU26653G,Rejected,2025-12-20 21:53:43,2026-03-01,Australia,12,
2354646,TDU26654G,PRE QA - pending,2025-12-20 22:02:59,2025-12-28,Australia,16,
2354647,TDU34427,Rejected,2025-12-20 22:09:56,2026-03-01,Australia,2,
2354648,TDU34428,Rejected,2025-12-20 22:30:41,2026-02-12,Australia,2,
2354649,TDU34429,Rejected,2025-12-20 23:05:10,2026-05-05,New Zealand,2,
2354650,TDU26655G,Rejected,2025-12-20 23:20:24,2026-03-18,New Zealand,12,
2354651,TDU34430,Rejected,2025-12-21 00:00:02,2026-02-20,New Zealand,2,
2354652,TDU34431,Rejected,2025-12-21 00:14:58,2026-03-10,Australia,8,
2354653,TDU26656G,Rejected,2025-12-22 07:34:38,2026-03-28,New Zealand,100,
2354654,TDU26657G,Auto Rejected,2025-12-22 07:39:39,2026-04-05,Australia,100,
2354655,TDU34432,Auto Rejected,2025-12-22 09:29:32,2026-03-11,Australia,10,
2354656,TDU34433,Created,2025-12-22 10:09:51,2026-11-20,New Zealand,3,
2354657,TDU26658G,Accounts - Reconciliation,2025-12-22 11:25:43,2026-03-04,Australia,16,
2354658,TDU34434,Auto Rejected,2025-12-22 12:09:39,2026-03-05,Australia,4,
2354659,TDU26659G,Auto Rejected,2025-12-22 12:19:19,2026-03-14,Australia,68,
2354660,TDU34435,Rejected,2025-12-22 16:29:10,2026-01-24,New Zealand,2,
2354661,TDU26660G,Accepted,2025-12-22 16:38:09,2026-02-10,Australia,48,
2354662,TDU34436,Rejected,2025-12-22 17:35:54,2026-03-16,Australia,2,
2354663,TDU26661G,Rejected After Confrmation QA pending,2025-12-22 18:23:50,2026-04-11,Australia,16,
2354664,TDU34437,Auto Rejected,2025-12-22 18:47:24,2026-01-11,New Zealand,4,
2354665,TDU34438,Rejected,2025-12-22 20:25:40,2026-02-15,New Zealand,3,
2354666,TDU26662G,Rejected,2025-12-22 20:28:50,2026-03-13,Australia,50,
2354668,TDU34439,Rejected,2025-12-22 21:37:55,2026-02-10,New Zealand,3,
2354669,TDU34440,Rejected,2025-12-22 22:09:09,2026-01-19,Australia,8,
2354671,TDU34441,Rejected,2025-12-22 23:29:06,2026-01-03,New Zealand,5,
2354672,TDU34442,Rejected,2025-12-23 00:00:54,2026-03-16,New Zealand,2,
2354673,TDU26665G,Rejected,2025-12-23 00:07:43,2026-05-06,New Zealand,20,
2354674,TDU26666G,Rejected,2025-12-23 01:36:46,2026-03-16,New Zealand,30,
2354675,TDU34443,Rejected,2025-12-23 17:04:13,2026-03-14,New Zealand,4,
2354676,TDU26667G,Rejected,2025-12-23 17:05:14,2026-03-26,Australia,14,
2354677,TDU34444,Rejected,2025-12-23 17:25:38,2026-02-08,Australia,6,
2354678,TDU34445,Rejected,2025-12-23 17:40:36,2026-01-05,Australia,2,
2354679,TDU34446,Auto Rejected,2025-12-23 17:47:15,2025-12-26,Australia,4,
2354680,TDU34447,Rejected,2025-12-23 18:20:22,2026-03-18,Australia,2,
2354681,TDU26668G,Rejected,2025-12-23 19:18:27,2026-04-05,Australia,25,
2354682,TDU26669G,Rejected,2025-12-23 19:35:04,2026-04-25,Australia,20,
2354683,TDU26670G,Rejected,2025-12-23 19:42:27,2026-01-20,New Zealand,18,
2354684,TDU26671G,Rejected,2025-12-23 20:21:55,2026-02-12,Australia,50,
2354685,TDU34448,Accounts - Reconciliation,2025-12-23 20:34:09,2026-04-29,Australia,2,
2354689,TDU34452,Auto Rejected,2025-12-24 00:15:26,2026-01-19,New Zealand,2,
2354690,TDU26672G,Auto Rejected,2025-12-24 05:02:22,2026-05-17,Australia,20,
2354691,TDU26673G,Auto Rejected,2025-12-24 09:40:25,2026-05-03,Australia,20,
2354692,TDU26674G,Rejected,2025-12-24 10:56:41,2026-02-10,New Zealand,16,
2354693,TDU26675G,Auto Rejected,2025-12-24 14:05:01,2026-03-24,New Zealand,15,
2354694,TDU34453,Rejected,2025-12-24 16:32:10,2026-01-06,Australia,2,
2354695,TDU34454,Accounts - Reconciliation,2025-12-24 16:43:39,2026-02-16,New Zealand,2,
2354696,TDU34455,Rejected,2025-12-24 17:20:39,2026-05-03,New Zealand,2,
2354697,TDU34456,Rejected,2025-12-24 17:59:37,2026-04-19,Australia,6,
2354698,TDU34457,Rejected,2025-12-24 18:34:06,2026-04-07,Australia,8,
2354699,TDU34458,Rejected,2025-12-24 18:47:08,2026-06-01,Australia,3,
2354700,TDU34459,Accounts - Reconciliation,2025-12-24 19:07:07,2026-03-27,New Zealand,3,
2354701,TDU34460,Rejected,2025-12-24 20:21:59,2026-02-11,New Zealand,2,
2354702,TDU34461,Rejected,2025-12-24 20:58:39,2026-03-15,New Zealand,2,
2354703,TDU34462,Rejected,2025-12-24 22:55:55,2026-03-26,Australia,4,
2354704,TDU34463,Rejected,2025-12-24 23:16:49,2026-04-07,Australia,8,
2354706,TDU34465,Rejected,2025-12-24 23:25:32,2026-02-11,Australia,3,
2354707,TDU34466,Rejected,2025-12-24 23:53:14,2026-03-18,New Zealand,6,
2354708,TDU34467,Rejected,2025-12-26 17:22:38,2026-05-01,Australia,2,
2354709,TDU34468,Rejected,2025-12-26 17:34:44,2026-05-07,New Zealand,2,
2354710,TDU34469,Rejected After Confrmation QA completed,2025-12-26 18:10:22,2026-05-21,Australia,3,
2354711,TDU34470,Rejected,2025-12-26 18:51:57,2026-03-27,New Zealand,2,
2354712,TDU26676G,Rejected After Confrmation QA pending,2025-12-26 21:37:37,2026-02-05,Australia,24,
2354713,TDU26677G,Rejected,2025-12-26 22:02:16,2026-03-17,Australia,12,
2354717,TDU34474,Rejected,2025-12-27 16:57:04,2026-02-08,New Zealand,3,
2354718,TDU26678G,Auto Rejected,2025-12-27 18:09:23,2026-03-15,New Zealand,12,
2354719,TDU26679G,Rejected,2025-12-27 19:27:13,2026-03-05,New Zealand,12,
2354720,TDU26680G,Rejected,2025-12-27 20:15:25,2026-08-06,New Zealand,13,
2354721,TDU34475,Rejected,2025-12-27 21:58:17,2026-04-10,Australia,3,
2354722,TDU34476,Rejected,2025-12-27 22:16:27,2026-01-25,Australia,4,
2354723,TDU34477,Accounts - Reconciliation,2025-12-27 22:30:24,2026-02-14,Australia,3,
2354724,TDU34478,Accounts - Reconciliation,2025-12-27 22:42:35,2026-02-23,Australia,2,
2354725,TDU34479,Rejected,2025-12-27 23:07:38,2026-03-15,New Zealand,1,
2354726,TDU26681G,Rejected,2025-12-29 08:24:42,2026-03-15,Australia,20,
2354727,TDU34480,Rejected,2025-12-29 17:03:36,2026-03-27,New Zealand,7,
2354728,TDU34481,Rejected,2025-12-29 18:25:32,2026-03-05,New Zealand,3,
2354729,TDU34482,Rejected,2025-12-29 18:32:20,2026-03-28,Australia,6,
2354730,TDU34483,Rejected,2025-12-29 20:26:55,2026-04-05,Australia,2,
2354731,TDU34484,Rejected,2025-12-29 20:30:36,2026-03-06,Australia,2,
2354732,TDU34485,Rejected,2025-12-29 21:47:59,2026-03-15,New Zealand,2,
2354733,TDU34486,Rejected,2025-12-29 22:13:05,2026-04-25,New Zealand,4,
2354734,TDU26682G,Rejected,2025-12-29 22:22:52,2026-05-10,Australia,11,
2354735,TDU34487,Rejected,2025-12-29 22:24:30,2026-03-11,New Zealand,6,
2354736,TDU34488,Rejected,2025-12-29 22:45:30,2026-02-15,Australia,2,
2354737,TDU34489,Rejected,2025-12-29 23:19:41,2026-04-10,New Zealand,2,
2354738,TDU34490,Rejected,2025-12-29 23:27:51,2026-04-10,New Zealand,4,
2354739,TDU34491,Auto Rejected,2025-12-29 23:32:37,2026-04-10,New Zealand,6,
2354740,TDU34492,Rejected,2025-12-29 23:40:27,2026-04-10,New Zealand,8,
2354741,TDU34493,Rejected,2025-12-29 23:54:45,2026-04-10,New Zealand,10,
2354742,TDU34494,On Ground,2025-12-30 17:18:49,2026-01-02,Australia,3,
2354743,TDU34495,Accounts - Reconciliation,2025-12-30 17:43:25,2026-01-04,Australia,3,
2354744,TDU34496,Rejected,2025-12-30 17:50:51,2026-06-10,Australia,9,
2354745,TDU34497,Rejected,2025-12-30 18:05:46,2026-05-01,Australia,10,
2354746,TDU34498,Rejected,2025-12-30 18:59:01,2026-06-19,New Zealand,9,
2354747,TDU34499,Rejected,2025-12-30 20:14:57,2026-04-11,Australia,4,
2354748,TDU34500,Rejected,2025-12-30 21:25:18,2026-03-15,New Zealand,2,
2354750,TDU34502,Rejected,2025-12-30 21:46:23,2026-05-10,Australia,8,
2354752,TDU34504,Rejected,2025-12-31 00:00:53,2026-04-25,Australia,4,
2354754,TDU34506,Auto Rejected,2025-12-31 16:01:08,2026-01-11,New Zealand,2,
2354755,TDU34507,Rejected,2025-12-31 16:27:23,2026-04-10,New Zealand,2,
2354756,TDU34508,Rejected,2025-12-31 16:45:52,2026-04-10,New Zealand,4,
2354757,TDU34509,Rejected,2025-12-31 16:58:36,2026-04-10,New Zealand,6,
2354758,TDU34510,Rejected,2025-12-31 17:31:47,2026-05-01,New Zealand,4,
2354759,TDU34511,Rejected,2025-12-31 17:45:57,2026-04-30,New Zealand,6,
2354760,TDU34512,Rejected,2025-12-31 19:37:34,2026-04-15,Australia,5,
2354761,TDU34513,Auto Rejected,2025-12-31 21:46:11,2026-01-13,Australia,3,
2354762,TDU26683G,Auto Rejected,2025-12-31 21:51:52,2026-06-21,New Zealand,30,
2354763,TDU34514,On Ground,2025-12-31 22:24:39,2026-02-15,New Zealand,2,
2354765,TDU34516,Auto Rejected,2025-12-31 23:51:02,2026-02-15,New Zealand,2,
2354766,TDU26684G,Auto Rejected,2026-01-01 00:57:10,2026-03-15,New Zealand,12,
2354767,TDU26685G,Auto Rejected,2026-01-01 01:01:52,2026-03-15,New Zealand,12,
2354768,TDU26686G,Accounts - Reconciliation,2026-01-01 01:16:36,2026-04-05,Australia,25,
2354769,TDU26687G,On Ground,2026-01-01 01:33:36,2026-04-10,New Zealand,25,
2354770,TDU26688G,Rejected,2026-01-01 02:11:25,2026-04-28,Australia,35,
2354771,TDU26689G,Rejected,2026-01-01 02:12:55,2026-05-06,New Zealand,35,
2354772,TDU26690G,Rejected,2026-01-01 03:21:06,2026-04-21,Australia,17,
2354773,TDU34517,Rejected,2026-01-02 16:19:50,2026-04-20,Australia,8,
2354774,TDU34518,Rejected,2026-01-02 17:01:59,2026-03-20,Australia,2,
2354775,TDU34519,Rejected,2026-01-02 17:06:53,2026-03-15,New Zealand,4,
2354776,TDU34520,Rejected,2026-01-02 17:39:05,2026-04-25,New Zealand,4,
2354777,TDU34521,Rejected,2026-01-02 18:01:11,2026-04-15,Australia,4,
2354778,TDU34522,Rejected,2026-01-02 20:24:35,2026-03-04,New Zealand,2,
2354781,TDU34525,Rejected,2026-01-02 21:48:25,2026-02-21,New Zealand,2,
2354783,TDU34527,Rejected,2026-01-02 23:29:26,2026-03-23,New Zealand,2,
2354784,TDU34528,Rejected,2026-01-02 23:45:57,2026-03-06,Australia,2,
2354785,TDU26691G,Rejected,2026-01-02 23:46:06,2026-03-31,New Zealand,30,
2354786,TDU26692G,Rejected,2026-01-03 00:01:49,2026-02-06,New Zealand,11,
2354787,TDU34529,Auto Rejected,2026-01-03 19:00:09,2026-01-28,Australia,3,
2354788,TDU34530,Rejected,2026-01-03 21:20:02,2026-03-15,New Zealand,2,
2354792,TDU34533,Rejected,2026-01-03 23:39:29,2026-04-30,New Zealand,4,
2354794,TDU34535,Rejected,2026-01-04 00:22:35,2026-06-02,Australia,8,
2354795,TDU26694G,Rejected,2026-01-05 09:10:07,2026-03-12,Australia,60,
2354796,TDU34536,Auto Rejected,2026-01-05 11:05:03,2026-08-08,Australia,5,
2354797,TDU34537,Rejected,2026-01-05 16:14:25,2026-04-10,Australia,3,
2354798,TDU34538,Rejected,2026-01-05 17:25:01,2026-05-09,Australia,4,
2354799,TDU34539,Rejected,2026-01-05 18:07:28,2026-05-21,New Zealand,4,
2354801,TDU34541,Rejected,2026-01-05 21:53:34,2026-03-15,New Zealand,4,
2354802,TDU34542,Rejected,2026-01-05 23:10:37,2026-02-12,New Zealand,2,
2354805,TDU26695G,Rejected,2026-01-06 00:06:26,2026-03-15,Australia,15,
2354807,TDU26696G,Rejected,2026-01-06 01:28:47,2026-02-19,Australia,56,
2354808,TDU26697G,Rejected,2026-01-06 02:06:28,2026-08-01,Australia,30,
2354809,TDU34546,Auto Rejected,2026-01-06 10:38:36,2026-01-11,Australia,9,
2354810,TDU34547,Auto Rejected,2026-01-06 11:11:05,2026-05-11,Australia,10,
2354811,TDU26698G,Auto Rejected,2026-01-06 11:47:55,2026-07-07,Australia,10,
2354812,TDU34548,Rejected,2026-01-06 16:12:00,2026-03-16,New Zealand,2,
2354813,TDU34549,Accounts - Reconciliation,2026-01-06 17:00:13,2026-04-13,New Zealand,3,
2354814,TDU34550,Rejected,2026-01-06 17:09:50,2026-04-06,Australia,4,
2354815,TDU34551,Rejected After Confrmation QA pending,2026-01-06 17:28:48,2026-03-26,Australia,2,
2354816,TDU34552,Rejected,2026-01-06 18:22:33,2026-02-24,New Zealand,2,
2354818,TDU34554,Rejected,2026-01-06 18:32:56,2026-05-10,Australia,10,
2354819,TDU34555,Rejected,2026-01-06 18:35:24,2026-08-04,Australia,10,
2354822,TDU34558,Auto Rejected,2026-01-06 19:15:48,2026-01-10,Australia,7,
2354823,TDU34559,Auto Rejected,2026-01-06 19:21:53,2026-01-15,Australia,7,
2354828,TDU34564,Rejected,2026-01-06 23:13:36,2026-04-15,New Zealand,10,
2354830,TDU26699G,Auto Rejected,2026-01-06 23:27:21,2026-04-01,Australia,40,
2354831,TDU34566,Rejected,2026-01-06 23:31:57,2026-02-20,New Zealand,2,
2354832,TDU34567,Rejected,2026-01-06 23:43:26,2026-04-12,New Zealand,2,
2354833,TDU26700G,Auto Rejected,2026-01-07 02:25:24,2026-04-11,Australia,30,
2354834,TDU26701G,Auto Rejected,2026-01-07 08:53:31,2026-05-02,New Zealand,90,
2354835,TDU34568,Rejected,2026-01-07 17:13:30,2026-02-10,New Zealand,10,
2354836,TDU34569,Rejected,2026-01-07 17:56:38,2026-05-12,Australia,6,
2354837,TDU34570,Accounts - Reconciliation,2026-01-07 19:24:27,2026-01-29,Australia,2,
2354838,TDU34571,Rejected,2026-01-07 21:05:40,2026-04-20,Australia,10,
2354839,TDU34572,Rejected,2026-01-07 21:11:12,2026-04-20,Australia,10,
2354840,TDU34573,Rejected,2026-01-07 21:14:07,2026-04-29,Australia,10,
2354841,TDU34574,Rejected,2026-01-07 21:28:49,2026-04-02,Australia,2,
2354843,TDU34576,Rejected,2026-01-07 22:31:45,2026-03-16,New Zealand,3,
2354847,TDU34580,Rejected,2026-01-08 00:19:00,2026-02-18,New Zealand,2,
2354850,TDU34581,Auto Rejected,2026-01-08 09:43:33,2026-04-05,Australia,3,
2354851,TDU34582,Rejected,2026-01-08 09:55:58,2026-04-24,New Zealand,2,
2354852,TDU34583,Rejected,2026-01-08 10:36:31,2026-04-24,New Zealand,4,
2354853,TDU26704G,Rejected,2026-01-08 13:58:49,2026-06-06,Australia,32,
2354854,TDU34584,Rejected,2026-01-08 17:24:25,2026-03-26,New Zealand,2,
2354855,TDU34585,Rejected,2026-01-08 18:27:19,2026-03-15,New Zealand,6,
2354856,TDU34586,Accounts - Reconciliation,2026-01-08 20:26:35,2026-01-11,Australia,1,
2354857,TDU34587,Rejected,2026-01-08 21:09:47,2026-02-20,New Zealand,2,
2354858,TDU34588,Rejected,2026-01-08 21:43:05,2026-03-10,New Zealand,2,
2354860,TDU34590,Rejected,2026-01-08 21:47:41,2026-03-10,New Zealand,2,
2354862,TDU34592,Rejected,2026-01-08 22:24:44,2026-03-23,Australia,10,
2354863,TDU34593,Accounts - Reconciliation,2026-01-08 22:41:06,2026-05-21,New Zealand,2,
2354866,TDU34596,Rejected,2026-01-08 23:54:41,2026-02-19,New Zealand,2,
2354868,TDU34598,Created,2026-01-09 10:11:22,2027-01-24,Australia,2,
2354869,TDU26705G,Accounts - Reconciliation,2026-01-09 10:32:48,2026-08-03,Australia,15,
2354871,TDU26706G,Auto Rejected,2026-01-09 11:08:44,2026-05-17,Australia,20,
2354872,TDU26707G,Rejected,2026-01-09 13:07:39,2026-05-05,Australia,16,
2354873,TDU26708G,Rejected,2026-01-09 13:49:03,2026-03-12,Australia,16,
2354874,TDU34600,Rejected,2026-01-09 17:12:55,2026-03-15,New Zealand,2,
2354875,TDU34601,Accounts - Reconciliation,2026-01-09 18:19:54,2026-05-19,New Zealand,4,
2354876,TDU34602,Rejected,2026-01-09 18:52:28,2026-06-07,New Zealand,2,
2354877,TDU34603,Rejected,2026-01-09 19:47:41,2026-05-28,New Zealand,3,
2354881,TDU34607,Rejected,2026-01-09 21:25:36,2026-06-21,New Zealand,4,
2354884,TDU26709G,Rejected,2026-01-09 21:50:24,2026-05-15,New Zealand,12,
2354885,TDU26710G,Auto Rejected,2026-01-09 21:59:03,2026-03-01,New Zealand,80,
2354889,TDU34613,Rejected,2026-01-09 22:55:30,2026-06-19,New Zealand,2,
2354892,TDU26711G,Rejected,2026-01-10 00:39:15,2026-03-18,New Zealand,20,
2354895,TDU34618,Auto Rejected,2026-01-10 16:02:35,2026-01-17,Australia,2,
2354896,TDU34619,Rejected,2026-01-10 17:55:32,2026-04-06,Australia,7,
2354897,TDU34620,Rejected,2026-01-10 18:37:15,2026-04-02,New Zealand,2,
2354898,TDU34621,Rejected,2026-01-10 18:50:38,2026-03-24,New Zealand,2,
2354899,TDU34622,Rejected,2026-01-10 19:08:49,2026-05-09,New Zealand,6,
2354900,TDU34623,Rejected,2026-01-10 21:08:13,2026-03-16,Australia,2,
2354901,TDU34624,Accounts - Reconciliation,2026-01-10 21:13:06,2026-02-01,New Zealand,2,
2354903,TDU34625,Rejected,2026-01-10 21:27:57,2026-04-02,Australia,4,
2354904,TDU34626,Rejected,2026-01-10 21:36:01,2026-03-15,New Zealand,2,
2354905,TDU26713G,Rejected,2026-01-10 21:43:11,2026-05-25,Australia,12,
2354906,TDU26714G,Rejected,2026-01-10 21:45:04,2026-05-25,New Zealand,12,
2354907,TDU34627,Rejected,2026-01-10 22:12:00,2026-05-18,Australia,6,
2354908,TDU34628,Rejected,2026-01-10 22:12:14,2026-04-01,New Zealand,3,
2354909,TDU34629,Rejected,2026-01-10 22:25:30,2026-03-01,New Zealand,2,
2354910,TDU34630,Rejected,2026-01-10 23:26:00,2026-04-11,New Zealand,2,
2354911,TDU26715G,Rejected,2026-01-10 23:44:37,2026-05-20,New Zealand,11,
2354912,TDU26716G,Auto Rejected,2026-01-11 11:57:02,2026-04-01,Australia,70,
2354913,TDU34631,Accounts - Reconciliation,2026-01-12 10:08:28,2026-03-30,Australia,5,
2354914,TDU26717G,Auto Rejected,2026-01-12 10:22:36,2026-07-15,New Zealand,13,
2354915,TDU34632,Rejected,2026-01-12 10:43:33,2026-07-06,New Zealand,3,
2354916,TDU34633,Auto Rejected,2026-01-12 11:17:11,2026-04-01,Australia,2,
2354917,TDU26718G,Rejected,2026-01-12 15:45:45,2026-09-12,Australia,300,
2354918,TDU26719G,Rejected,2026-01-12 16:27:30,2026-04-10,Australia,65,
2354919,TDU34634,Rejected,2026-01-12 17:09:09,2026-04-14,Australia,2,
2354920,TDU34635,Rejected,2026-01-12 17:29:53,2026-03-06,New Zealand,2,
2354921,TDU34636,Auto Rejected,2026-01-12 17:49:48,2026-01-16,New Zealand,4,
2354922,TDU34637,Rejected,2026-01-12 18:00:08,2026-04-14,Australia,2,
2354925,TDU34639,Rejected,2026-01-12 19:22:55,2026-05-11,Australia,2,
2354926,TDU34640,Rejected,2026-01-12 19:24:15,2026-05-12,Australia,2,
2354928,TDU34641,Rejected,2026-01-12 20:29:20,2026-02-28,New Zealand,5,
2354931,TDU34643,Rejected,2026-01-12 21:42:20,2026-02-11,Australia,3,
2354933,TDU34645,Rejected,2026-01-12 21:53:47,2026-05-21,Australia,3,
2354934,TDU34646,Rejected,2026-01-12 22:08:15,2026-04-14,Australia,3,
2354935,TDU34647,On Ground,2026-01-12 22:09:28,2026-01-26,New Zealand,2,
2354936,TDU34648,On Ground,2026-01-12 22:22:24,2026-01-23,Australia,2,
2354939,TDU34651,Rejected,2026-01-12 23:10:14,2026-05-01,New Zealand,9,
2354943,TDU26724G,Auto Rejected,2026-01-13 10:37:23,2026-05-14,Australia,72,
2354944,TDU34654,Rejected,2026-01-13 17:13:18,2026-04-07,Australia,8,
2354946,TDU34655,Accounts - Reconciliation,2026-01-13 17:44:22,2026-01-25,New Zealand,2,
2354947,TDU34656,Auto Rejected,2026-01-13 19:34:51,2026-02-02,Australia,2,
2354948,TDU34657,Auto Rejected,2026-01-13 20:36:58,2026-04-15,Australia,2,
2354949,TDU34658,Rejected After Confrmation QA pending,2026-01-13 21:00:08,2026-03-08,New Zealand,4,
2354951,TDU34659,Rejected,2026-01-13 21:21:41,2026-03-12,New Zealand,6,
2354952,TDU34660,Rejected,2026-01-13 21:32:08,2026-05-11,Australia,8,
2354953,TDU34661,Rejected,2026-01-13 21:42:16,2026-02-13,New Zealand,3,
2354954,TDU34662,Rejected,2026-01-13 21:44:13,2026-05-11,Australia,8,
2354959,TDU34666,Rejected,2026-01-13 23:49:54,2026-02-15,New Zealand,2,
2354960,TDU26728G,Auto Rejected,2026-01-14 11:18:48,2026-08-18,Australia,25,
2354961,TDU34667,Created,2026-01-14 11:49:48,2027-01-26,New Zealand,8,
2354962,TDU34668,Auto Rejected,2026-01-14 12:06:12,2026-08-12,Australia,2,
2354963,TDU26729G,Accepted,2026-01-14 12:16:20,2026-06-16,New Zealand,21,
2354964,TDU34669,Auto Rejected,2026-01-14 12:22:06,2026-06-24,Australia,7,
2354965,TDU34670,Created,2026-01-14 12:38:07,2026-10-01,Australia,10,
2354966,TDU26730G,Rejected,2026-01-14 13:26:20,2026-05-07,Australia,14,
2354967,TDU26731G,Rejected After Confrmation QA completed,2026-01-14 15:52:58,2026-03-23,Australia,27,
2354968,TDU34671,Rejected,2026-01-14 16:29:32,2026-03-15,New Zealand,10,
2354969,TDU26732G,Rejected,2026-01-14 17:07:38,2026-05-20,New Zealand,13,
2354970,TDU34672,Rejected,2026-01-14 17:18:08,2026-03-22,New Zealand,1,
2354973,TDU34675,Rejected,2026-01-14 18:04:00,2026-02-17,New Zealand,2,
2354974,TDU34676,Created,2026-01-14 18:12:42,2026-10-21,Australia,2,
2354975,TDU34677,Rejected,2026-01-14 18:26:16,2026-05-06,New Zealand,4,
2354976,TDU26733G,Auto Rejected,2026-01-14 19:58:53,2026-04-10,Australia,65,
2354979,TDU34680,Rejected,2026-01-14 22:27:41,2026-03-27,New Zealand,2,
2354982,TDU34683,Rejected,2026-01-14 23:14:15,2026-03-20,New Zealand,4,
2354983,TDU26734G,Rejected,2026-01-15 10:12:25,2026-02-24,Australia,34,
2354984,TDU26735G,Rejected After Confrmation QA pending,2026-01-15 11:37:17,2026-04-07,Australia,15,
2354985,TDU34684,Auto Rejected,2026-01-15 11:53:45,2026-03-28,Australia,5,
2354989,TDU26737G,Rejected,2026-01-15 12:42:49,2026-03-04,Australia,30,
2354993,TDU34688,Auto Rejected,2026-01-15 13:26:11,2026-03-28,Australia,4,
2354997,TDU26740G,Accounts - Reconciliation,2026-01-15 13:59:35,2026-03-07,Australia,18,
2354998,TDU34692,Rejected,2026-01-15 15:16:01,2026-03-23,Australia,10,
2355003,TDU34697,Rejected,2026-01-15 20:17:56,2026-05-21,New Zealand,2,
2355004,TDU34698,Rejected,2026-01-15 20:54:28,2026-03-20,New Zealand,6,
2355005,TDU34699,Rejected,2026-01-15 21:16:34,2026-03-25,New Zealand,6,
2355006,TDU34700,Rejected,2026-01-15 21:46:32,2026-03-31,New Zealand,6,
2355007,TDU34701,Rejected,2026-01-15 22:32:58,2026-03-13,New Zealand,4,
2355010,TDU34704,Rejected,2026-01-15 23:49:34,2026-02-24,New Zealand,2,
2355011,TDU34705,Rejected,2026-01-15 23:59:38,2026-03-27,New Zealand,4,
2355012,TDU34706,Rejected,2026-01-16 10:24:24,2026-04-24,New Zealand,4,
2355013,TDU26741G,Rejected,2026-01-16 11:38:02,2026-03-07,Australia,24,
2355014,TDU26742G,Rejected,2026-01-16 11:42:38,2026-03-07,Australia,20,
2355016,TDU34708,Rejected,2026-01-16 16:05:16,2026-03-16,New Zealand,2,
2355017,TDU34709,Rejected,2026-01-16 17:15:12,2026-04-02,New Zealand,2,
2355018,TDU34710,Rejected,2026-01-16 18:18:31,2026-03-13,New Zealand,5,
2355019,TDU34711,Rejected,2026-01-16 18:52:32,2026-03-05,Australia,5,
2355020,TDU26743G,Rejected,2026-01-16 19:27:00,2026-04-13,New Zealand,25,
2355022,TDU34713,Rejected,2026-01-16 20:43:19,2026-03-14,New Zealand,1,
2355024,TDU26744G,Rejected After Confrmation QA completed,2026-01-16 22:55:56,2026-05-20,New Zealand,19,
2355025,TDU34715,Rejected,2026-01-16 23:23:35,2026-05-01,New Zealand,8,
2355026,TDU34716,Rejected,2026-01-17 00:08:53,2026-02-20,New Zealand,6,
2355030,TDU34720,Rejected,2026-01-17 16:00:53,2026-02-16,New Zealand,2,
2355031,TDU34721,Accounts - Reconciliation,2026-01-17 19:15:24,2026-02-27,New Zealand,2,
2355033,TDU34723,Accounts - Reconciliation,2026-01-17 19:41:16,2026-05-02,New Zealand,4,
2355034,TDU34724,Rejected,2026-01-17 21:08:59,2026-02-15,New Zealand,2,
2355035,TDU34725,Accounts - Reconciliation,2026-01-17 21:16:28,2026-01-28,New Zealand,2,
2355036,TDU26745G,Rejected,2026-01-17 21:28:07,2026-04-11,New Zealand,16,
2355045,TDU26746G,Auto Rejected,2026-01-19 11:29:34,2026-04-25,Australia,24,
2355046,TDU26747G,Auto Rejected,2026-01-19 12:52:28,2026-04-10,Australia,78,
2355047,TDU26748G,Auto Rejected,2026-01-19 13:21:02,2026-04-10,Australia,78,
2355048,TDU34734,Rejected,2026-01-19 16:51:17,2026-05-02,New Zealand,6,
2355049,TDU34735,Rejected,2026-01-19 17:10:44,2026-02-14,Australia,6,
2355051,TDU34736,Rejected,2026-01-19 17:52:28,2026-04-21,New Zealand,6,
2355052,TDU26750G,Rejected,2026-01-19 18:33:29,2026-05-06,Australia,25,
2355055,TDU34739,Rejected,2026-01-19 19:06:51,2026-03-30,New Zealand,2,
2355056,TDU26751G,Rejected,2026-01-19 20:09:00,2026-05-13,New Zealand,25,
2355057,TDU34740,Rejected,2026-01-19 22:05:39,2026-05-17,Australia,2,
2355058,TDU34741,Accounts - Reconciliation,2026-01-19 22:15:44,2026-01-26,Australia,2,
2355059,TDU34742,Auto Rejected,2026-01-19 22:29:00,2026-04-10,Australia,3,
2355060,TDU34743,Auto Rejected,2026-01-20 10:04:22,2026-05-01,Australia,2,
2355061,TDU34744,Rejected,2026-01-20 11:07:47,2026-02-20,Australia,4,
2355062,TDU34745,Rejected,2026-01-20 11:15:00,2026-02-20,Australia,2,
2355063,TDU26752G,Rejected,2026-01-20 13:55:59,2026-07-06,Australia,20,
2355064,TDU26753G,Rejected,2026-01-20 14:10:57,2026-07-17,New Zealand,20,
2355065,TDU26754G,Rejected,2026-01-20 14:24:18,2026-03-11,Australia,19,
2355066,TDU26755G,Rejected,2026-01-20 14:41:13,2026-05-18,New Zealand,19,
2355067,TDU34746,Rejected,2026-01-20 17:18:14,2026-04-19,New Zealand,5,
2355068,TDU34747,Rejected,2026-01-20 17:38:10,2026-04-10,Australia,5,
2355069,TDU34748,Auto Rejected,2026-01-20 18:00:17,2026-02-06,New Zealand,2,
2355072,TDU34750,Rejected,2026-01-20 21:48:30,2026-05-20,New Zealand,6,
2355074,TDU26758G,Rejected,2026-01-21 05:29:16,2026-04-02,New Zealand,500,
2355075,TDU26759G,Auto Rejected,2026-01-21 09:48:32,2026-03-29,Australia,20,
2355076,TDU26760G,Auto Rejected,2026-01-21 09:53:16,2026-04-01,New Zealand,20,
2355077,TDU34751,Rejected After Confrmation QA pending,2026-01-21 11:02:40,2026-04-06,Australia,1,
2355079,TDU34753,Accounts - Reconciliation,2026-01-21 19:38:49,2026-03-12,New Zealand,2,
2355082,TDU34755,Rejected,2026-01-21 22:20:19,2026-03-13,New Zealand,2,
2355083,TDU34756,Rejected,2026-01-21 22:46:39,2026-03-05,Australia,2,
2355084,TDU34757,Accounts - Reconciliation,2026-01-21 23:20:32,2026-03-05,New Zealand,2,
2355085,TDU34758,Rejected,2026-01-21 23:57:37,2026-02-13,Australia,3,
2355086,TDU34759,Rejected,2026-01-22 00:04:16,2026-04-17,Australia,7,
2355087,TDU34760,Rejected,2026-01-22 00:15:29,2026-02-13,Australia,2,
2355088,TDU26762G,Rejected,2026-01-22 08:02:02,2026-11-15,New Zealand,15,
2355089,TDU26763G,Created,2026-01-22 11:03:29,2026-09-16,Australia,30,
2355090,TDU26764G,Rejected,2026-01-22 13:51:26,2026-03-27,Australia,30,
2355091,TDU26765G,Auto Rejected,2026-01-22 16:28:34,2026-04-10,Australia,78,
2355092,TDU34761,Rejected,2026-01-22 17:30:26,2026-03-15,Australia,3,
2355093,TDU34762,Rejected,2026-01-22 18:09:53,2026-03-10,Australia,2,
2355094,TDU34763,Rejected,2026-01-22 18:21:24,2026-07-16,Australia,4,
2355095,TDU34764,Rejected,2026-01-22 18:33:48,2026-05-22,New Zealand,4,
2355096,TDU34765,Rejected,2026-01-22 18:52:56,2026-03-14,Australia,8,
2355098,TDU34767,Accounts - Reconciliation,2026-01-22 21:36:45,2026-06-17,Australia,6,
2355100,TDU34768,Rejected,2026-01-22 22:50:17,2026-03-05,New Zealand,2,
2355103,TDU26767G,Rejected,2026-01-23 04:31:52,2026-02-25,New Zealand,15,
2355104,TDU34771,Auto Rejected,2026-01-23 09:50:01,2026-04-01,Australia,4,
2355105,TDU26768G,Auto Rejected,2026-01-23 10:01:51,2026-04-01,New Zealand,14,
2355106,TDU34772,Created,2026-01-23 15:42:18,2026-12-23,Australia,10,
2355108,TDU34773,Rejected,2026-01-23 17:16:49,2026-04-20,Australia,6,
2355109,TDU34774,Rejected,2026-01-23 17:31:13,2026-04-23,Australia,7,
2355110,TDU26770G,Auto Rejected,2026-01-23 17:39:34,2026-04-15,Australia,50,
2355112,TDU34776,Rejected,2026-01-23 18:45:02,2026-03-09,New Zealand,2,
2355115,TDU34779,Rejected After Confrmation QA pending,2026-01-23 21:10:12,2026-02-23,New Zealand,4,
2355116,TDU34780,Auto Rejected,2026-01-23 21:50:27,2026-03-05,Australia,2,
2355117,TDU34781,Auto Rejected,2026-01-23 21:53:11,2026-03-05,Australia,2,
2355118,TDU34782,Auto Rejected,2026-01-23 22:00:55,2026-03-25,Australia,6,
2355119,TDU34783,Rejected,2026-01-23 22:10:05,2026-03-28,Australia,3,
2355121,TDU34785,Rejected,2026-01-23 23:06:16,2026-03-15,New Zealand,4,
2355124,TDU34788,Rejected,2026-01-24 00:00:11,2026-03-15,New Zealand,4,
2355125,TDU26771G,Rejected,2026-01-24 04:56:39,2026-05-01,New Zealand,30,
2355126,TDU26772G,Rejected After Confrmation QA pending,2026-01-24 05:42:38,2026-08-21,Australia,28,
2355127,TDU26773G,Auto Rejected,2026-01-24 06:06:20,2026-05-25,Australia,25,
2355129,TDU34790,Rejected,2026-01-24 16:46:49,2026-04-11,Australia,2,
2355131,TDU34791,Rejected,2026-01-24 19:39:42,2026-05-18,Australia,8,
2355132,TDU34792,Auto Rejected,2026-01-24 20:03:51,2026-01-03,Australia,2,
2355133,TDU34793,Rejected,2026-01-24 20:04:12,2026-04-03,Australia,2,
2355134,TDU34794,Auto Rejected,2026-01-27 09:22:18,2026-08-01,New Zealand,4,
2355135,TDU34795,Created,2026-01-27 09:45:49,2026-11-05,Australia,10,
2355136,TDU34796,Created,2026-01-27 10:03:10,2026-11-09,New Zealand,10,
2355137,TDU26775G,Accepted,2026-01-27 11:11:29,2026-11-18,Australia,17,
2355138,TDU26776G,Rejected,2026-01-27 13:03:07,2026-04-15,Australia,20,
2355139,TDU26777G,Auto Rejected,2026-01-27 13:58:46,2026-04-05,Australia,60,
2355140,TDU26778G,Auto Rejected,2026-01-27 16:03:55,2026-03-23,Australia,20,
2355141,TDU26779G,Rejected,2026-01-27 17:00:21,2026-04-02,New Zealand,500,
2355142,TDU34797,Rejected,2026-01-27 17:20:47,2026-04-20,Australia,5,
2355144,TDU34799,Rejected,2026-01-27 18:35:02,2026-03-27,New Zealand,2,
2355145,TDU34800,Rejected,2026-01-27 20:36:35,2026-05-04,Australia,4,
2355147,TDU34802,Rejected,2026-01-27 20:46:55,2026-05-04,Australia,4,
2355148,TDU34803,Rejected,2026-01-27 21:31:25,2026-03-25,New Zealand,3,
2355149,TDU34804,Rejected,2026-01-27 21:40:59,2026-03-11,Australia,4,
2355150,TDU34805,Rejected,2026-01-27 22:16:29,2026-03-06,New Zealand,2,
2355151,TDU34806,Rejected,2026-01-27 22:43:58,2026-10-15,New Zealand,2,
2355154,TDU26780G,Rejected,2026-01-28 10:09:43,2026-05-08,Australia,14,
2355155,TDU34809,Rejected,2026-01-28 10:44:30,2026-02-23,Australia,2,
2355156,TDU26781G,Auto Rejected,2026-01-28 10:52:55,2026-04-12,Australia,15,
2355158,TDU34810,On Ground,2026-01-28 18:11:48,2026-03-23,New Zealand,2,
2355160,TDU34812,Rejected,2026-01-28 19:21:51,2026-03-15,New Zealand,4,
2355162,TDU34814,Rejected,2026-01-28 21:53:46,2026-05-15,New Zealand,3,
2355164,TDU26783G,Rejected,2026-01-28 22:33:31,2026-04-16,New Zealand,12,
2355165,TDU26784G,Rejected,2026-01-28 22:59:54,2026-04-16,New Zealand,12,
2355167,TDU26785G,Auto Rejected,2026-01-29 09:51:38,2026-04-10,Australia,40,
2355169,TDU34817,Rejected,2026-01-29 15:43:21,2026-05-15,New Zealand,4,
2355170,TDU34818,Rejected,2026-01-29 15:55:55,2026-04-04,New Zealand,6,
2355171,TDU34819,Auto Rejected,2026-01-29 16:27:53,2026-03-15,New Zealand,2,
2355172,TDU34820,Rejected,2026-01-29 16:53:03,2026-04-13,New Zealand,6,
2355174,TDU34822,Auto Rejected,2026-01-29 17:33:42,2026-02-07,New Zealand,2,
2355175,TDU34823,Rejected,2026-01-29 17:35:25,2026-03-16,New Zealand,4,
2355186,TDU34833,Rejected After Confrmation QA pending,2026-01-29 21:50:45,2026-06-23,Australia,5,
2355187,TDU34834,Rejected,2026-01-29 22:22:42,2026-06-16,New Zealand,3,
2355188,TDU34835,Rejected,2026-01-29 22:33:20,2026-03-19,New Zealand,4,
2355189,TDU34836,Rejected,2026-01-29 22:43:58,2026-03-25,New Zealand,2,
2355190,TDU34837,Accounts - Reconciliation,2026-01-30 00:18:50,2026-05-15,New Zealand,3,
2355191,TDU26788G,Rejected,2026-01-30 07:09:54,2026-04-27,New Zealand,25,
2355193,TDU34838,Auto Rejected,2026-01-30 12:25:00,2026-04-23,Australia,4,
2355194,TDU34839,Accounts - Reconciliation,2026-01-30 13:01:14,2026-04-20,Australia,2,
2355196,TDU34841,Auto Rejected,2026-01-30 15:39:26,2026-02-10,New Zealand,2,
2355197,TDU34842,Rejected,2026-01-30 15:54:29,2026-04-20,Australia,6,
2355198,TDU34843,Rejected,2026-01-30 16:07:28,2026-05-07,Australia,6,
2355200,TDU26790G,Created,2026-01-30 16:57:10,2026-11-16,New Zealand,15,
2355201,TDU34845,Auto Rejected,2026-01-30 17:19:45,2026-03-21,Australia,3,
2355202,TDU34846,Rejected,2026-01-30 18:04:59,2026-02-18,New Zealand,2,
2355203,TDU34847,Rejected,2026-01-30 18:30:00,2026-03-15,Australia,2,
2355204,TDU34848,Rejected,2026-01-30 18:38:26,2026-03-15,New Zealand,2,
2355205,TDU34849,Rejected,2026-01-30 18:52:50,2026-02-18,New Zealand,3,
2355206,TDU34850,Auto Rejected,2026-01-30 20:35:17,2026-02-16,New Zealand,2,
2355207,TDU34851,Rejected,2026-01-30 21:10:01,2026-03-06,Australia,2,
2355208,TDU34852,Auto Rejected,2026-01-30 21:12:47,2026-02-13,New Zealand,2,
2355209,TDU34853,Rejected,2026-01-30 21:22:18,2026-06-16,Australia,5,
2355210,TDU34854,Rejected,2026-01-30 21:41:04,2026-05-15,Australia,3,
2355211,TDU34855,Rejected,2026-01-30 21:55:26,2026-05-16,Australia,3,
2355212,TDU34856,Accounts - Reconciliation,2026-01-30 23:12:22,2026-03-11,New Zealand,6,
2355214,TDU34858,Accounts - Reconciliation,2026-01-30 23:50:48,2026-02-18,New Zealand,2,
2355225,TDU34869,Rejected After Confrmation QA pending,2026-01-31 16:27:01,2026-04-18,Australia,4,
2355227,TDU34871,Rejected,2026-01-31 18:35:45,2026-03-08,Australia,2,
2355228,TDU34872,Rejected,2026-01-31 20:21:00,2026-05-04,Australia,8,
2355230,TDU34874,Rejected,2026-01-31 23:05:36,2026-04-20,New Zealand,4,
2355231,TDU34875,Rejected,2026-01-31 23:25:33,2026-04-17,New Zealand,3,
2355232,TDU34876,Rejected,2026-01-31 23:57:50,2026-02-13,New Zealand,2,
2355234,TDU26791G,Rejected,2026-02-02 05:50:34,2026-03-28,New Zealand,40,
2355237,TDU34878,Auto Rejected,2026-02-02 09:53:48,2026-05-12,Australia,10,
2355238,TDU26794G,Auto Rejected,2026-02-02 10:27:46,2026-05-09,Australia,190,
2355239,TDU34879,Auto Rejected,2026-02-02 11:01:46,2026-02-18,Australia,6,
2355240,TDU26795G,Auto Rejected,2026-02-02 11:27:00,2026-03-17,Australia,30,
2355241,TDU26796G,Rejected,2026-02-02 12:06:16,2026-02-17,Australia,30,
2355248,TDU34885,Rejected,2026-02-02 16:10:21,2026-03-15,New Zealand,2,
2355249,TDU26798G,Rejected,2026-02-02 16:53:39,2026-03-14,New Zealand,20,
2355250,TDU34886,Rejected,2026-02-02 18:06:44,2026-04-04,New Zealand,5,
2355251,TDU26799G,Auto Rejected,2026-02-02 18:51:53,2026-06-25,Australia,30,
2355253,TDU34888,Rejected,2026-02-02 21:37:06,2026-10-01,Australia,3,
2355254,TDU34889,Auto Rejected,2026-02-02 21:44:13,2026-05-05,Australia,2,
2355255,TDU34890,Accounts - Reconciliation,2026-02-02 21:51:55,2026-04-12,Australia,4,
2355256,TDU34891,Auto Rejected,2026-02-02 22:40:05,2026-02-17,Australia,5,
2355257,TDU34892,Rejected,2026-02-02 23:19:48,2026-05-25,Australia,4,
2355258,TDU34893,Auto Rejected,2026-02-03 10:04:18,2026-05-08,New Zealand,10,
2355259,TDU34894,Auto Rejected,2026-02-03 10:24:08,2026-05-04,New Zealand,10,
2355260,TDU26800G,Created,2026-02-03 11:21:04,2026-12-26,Australia,12,
2355261,TDU34895,Rejected,2026-02-03 12:58:52,2026-03-11,Australia,2,
2355262,TDU26801G,Auto Rejected,2026-02-03 13:02:45,2026-05-09,Australia,190,
2355263,TDU34896,Accounts - Reconciliation,2026-02-03 16:00:23,2026-05-06,New Zealand,4,
2355264,TDU34897,On Ground,2026-02-03 16:24:40,2026-04-02,New Zealand,2,
2355265,TDU34898,Rejected,2026-02-03 17:13:47,2026-05-24,New Zealand,4,
2355266,TDU34899,Rejected,2026-02-03 17:39:22,2026-03-30,New Zealand,1,
2355267,TDU34900,Rejected,2026-02-03 17:52:00,2026-02-17,New Zealand,2,
2355268,TDU34901,Auto Rejected,2026-02-03 18:35:18,2026-04-02,Australia,2,
2355269,TDU34902,Rejected,2026-02-03 18:43:06,2026-05-11,Australia,5,
2355270,TDU34903,Rejected,2026-02-03 21:19:30,2026-02-17,New Zealand,2,
2355271,TDU34904,Rejected,2026-02-03 22:18:27,2026-04-03,Australia,3,
2355272,TDU34905,Rejected,2026-02-03 22:45:28,2026-03-21,Australia,2,
2355273,TDU34906,Rejected,2026-02-04 15:36:32,2026-03-28,New Zealand,2,
2355274,TDU34907,Rejected,2026-02-04 15:51:44,2026-03-02,New Zealand,8,
2355275,TDU34908,Auto Rejected,2026-02-04 16:15:00,2026-03-11,Australia,2,
2355278,TDU34911,Rejected,2026-02-04 19:32:19,2026-05-13,Australia,4,
2355283,TDU34916,Rejected,2026-02-04 22:10:50,2026-05-15,New Zealand,2,
2355286,TDU34918,Rejected,2026-02-05 00:08:20,2026-05-10,New Zealand,5,
2355287,TDU34919,Rejected,2026-02-05 16:29:43,2026-03-20,Australia,2,
2355289,TDU34921,Rejected,2026-02-05 19:17:46,2026-03-09,Australia,2,
2355292,TDU34924,Rejected,2026-02-05 22:06:01,2026-04-04,Australia,7,
2355294,TDU34926,Rejected,2026-02-05 23:00:08,2026-05-15,Australia,10,
2355295,TDU34927,PRE QA - pending,2026-02-05 23:30:16,2026-05-15,New Zealand,7,
2355298,TDU26805G,Rejected,2026-02-06 11:58:21,2026-05-13,Australia,18,
2355318,TDU34947,Rejected,2026-02-07 20:43:46,2026-03-27,New Zealand,2,
2355319,TDU34948,Auto Rejected,2026-02-07 21:40:22,2026-02-10,New Zealand,2,
2355320,TDU34949,Rejected After Confrmation QA pending,2026-02-08 00:42:32,2026-03-05,Australia,1,
2355321,TDU34950,Auto Rejected,2026-02-09 10:23:23,2026-03-25,Australia,1,
2355322,TDU26806G,Auto Rejected,2026-02-09 10:48:24,2026-08-13,New Zealand,21,
2355323,TDU26807G,Created,2026-02-09 10:59:30,2026-09-18,New Zealand,11,
2355324,TDU34951,Auto Rejected,2026-02-09 11:31:46,2026-06-18,Australia,7,
2355325,TDU34952,Auto Rejected,2026-02-09 12:14:16,2026-03-31,New Zealand,7,
2355328,TDU34955,Auto Rejected,2026-02-09 17:11:53,2026-02-22,Australia,3,
2355329,TDU34956,Rejected,2026-02-09 19:16:22,2026-02-12,Australia,2,
2355330,TDU34957,Rejected,2026-02-09 21:19:58,2026-05-20,New Zealand,4,
2355331,TDU34958,Rejected,2026-02-09 22:03:08,2026-04-16,Australia,6,
2355332,TDU26808G,Auto Rejected,2026-02-09 22:26:44,2026-06-09,Australia,12,
2355333,TDU34959,Auto Rejected,2026-02-09 22:41:38,2026-03-20,New Zealand,2,
2355334,TDU34960,Rejected,2026-02-09 22:46:48,2026-06-03,Australia,3,
2355336,TDU26809G,Rejected,2026-02-09 23:46:06,2026-04-15,New Zealand,12,
2355337,TDU26810G,Auto Rejected,2026-02-10 10:11:57,2026-05-27,Australia,20,
2355338,TDU26811G,Auto Rejected,2026-02-10 11:06:49,2026-05-01,Australia,40,
2355339,TDU34962,Rejected,2026-02-10 17:04:26,2026-04-01,New Zealand,4,
2355340,TDU34963,Rejected,2026-02-10 17:16:59,2026-02-28,Australia,7,
2355341,TDU34964,Rejected,2026-02-10 17:49:16,2026-04-13,Australia,4,
2355342,TDU34965,Rejected,2026-02-10 18:03:42,2026-04-14,New Zealand,5,
2355343,TDU34966,Rejected,2026-02-10 19:10:07,2026-04-11,New Zealand,4,
2355344,TDU34967,Rejected,2026-02-10 19:31:20,2026-04-18,New Zealand,8,
2355345,TDU26812G,Rejected,2026-02-10 19:51:48,2026-05-26,Australia,18,
2355346,TDU26813G,Auto Rejected,2026-02-10 20:19:13,2026-03-17,Australia,11,
2355347,TDU34968,Rejected,2026-02-10 20:27:59,2026-04-25,Australia,8,
2355348,TDU34969,Created,2026-02-10 20:56:20,2026-08-22,New Zealand,6,
2355349,TDU34970,Rejected,2026-02-10 21:31:34,2026-06-11,Australia,2,
2355350,TDU34971,Created,2026-02-10 21:33:04,2026-11-12,New Zealand,4,
2355351,TDU34972,Rejected,2026-02-10 22:50:37,2026-04-10,Australia,2,
2355352,TDU34973,Rejected,2026-02-10 22:54:26,2026-04-22,Australia,2,
2355353,TDU34974,Rejected,2026-02-10 22:55:47,2026-04-10,Australia,2,
2355355,TDU34976,Rejected,2026-02-11 16:11:43,2026-04-29,Australia,3,
2355356,TDU34977,Rejected,2026-02-11 16:34:58,2026-04-02,Australia,2,
2355357,TDU34978,Rejected,2026-02-11 19:01:33,2026-03-04,New Zealand,2,
2355359,TDU26814G,Rejected,2026-02-12 07:56:48,2026-04-16,New Zealand,30,
2355362,TDU34982,Rejected,2026-02-12 22:16:13,2026-04-24,New Zealand,2,
2355363,TDU34983,Rejected,2026-02-12 22:33:11,2026-04-15,Australia,2,
2355364,TDU34984,Rejected,2026-02-12 22:52:20,2026-06-14,New Zealand,2,
2355365,TDU26815G,Auto Rejected,2026-02-13 06:12:45,2026-05-15,Australia,25,
2355366,TDU26816G,Rejected,2026-02-13 06:13:09,2026-05-22,New Zealand,25,
2355367,TDU26817G,Auto Rejected,2026-02-13 15:05:35,2026-04-15,Australia,200,
2355368,TDU34985,Rejected,2026-02-13 16:28:10,2026-10-10,New Zealand,8,
2355369,TDU34986,Rejected,2026-02-13 18:15:22,2026-05-10,New Zealand,4,
2355375,TDU34991,Rejected,2026-02-13 23:12:16,2026-05-08,New Zealand,3,
2355376,TDU34992,Rejected,2026-02-13 23:40:11,2026-04-11,New Zealand,4,
2355378,TDU34994,Rejected,2026-02-14 00:33:04,2026-03-20,New Zealand,4,
2355380,TDU34996,Accounts - Reconciliation,2026-02-14 17:23:33,2026-03-20,New Zealand,4,
2355381,TDU34997,Rejected,2026-02-14 17:53:57,2026-04-11,New Zealand,4,
2355382,TDU34998,Rejected,2026-02-14 18:54:05,2026-05-02,Australia,7,
2355383,TDU34999,Rejected,2026-02-14 20:40:50,2026-06-15,Australia,8,
2355386,TDU26819G,Rejected,2026-02-16 08:01:12,2026-05-01,Australia,30,
2355387,TDU26820G,Rejected,2026-02-16 08:12:46,2026-05-08,New Zealand,30,
2355388,TDU26821G,Rejected After Confrmation QA completed,2026-02-16 08:54:49,2026-05-18,New Zealand,10,
2355389,TDU35002,Auto Rejected,2026-02-16 09:38:17,2026-04-05,Australia,4,
2355390,TDU26822G,Accounts - Reconciliation,2026-02-16 10:16:34,2026-06-11,Australia,25,
2355391,TDU35003,Auto Rejected,2026-02-16 11:06:36,2026-03-30,Australia,9,
2355392,TDU35004,Created,2026-02-16 11:23:40,2026-09-13,Australia,3,
2355394,TDU26824G,Auto Rejected,2026-02-16 12:37:24,2026-06-29,New Zealand,17,
2355395,TDU26825G,Auto Rejected,2026-02-16 12:41:27,2026-04-10,Australia,60,
2355397,TDU26827G,Auto Rejected,2026-02-16 14:53:44,2026-04-10,Australia,60,
2355398,TDU26828G,Auto Rejected,2026-02-16 18:16:34,2026-06-07,New Zealand,12,
2355399,TDU35005,Rejected,2026-02-16 19:17:23,2026-05-20,New Zealand,5,
2355405,TDU35010,Rejected,2026-02-17 16:23:55,2026-03-16,New Zealand,2,
2355406,TDU35011,Rejected,2026-02-17 16:40:42,2026-03-21,New Zealand,2,
2355407,TDU35012,Rejected,2026-02-17 19:19:24,2026-05-10,New Zealand,7,
2355408,TDU26830G,Auto Rejected,2026-02-17 19:39:24,2026-04-07,Australia,30,
2355409,TDU35013,Rejected,2026-02-17 23:00:40,2026-04-19,New Zealand,2,
2355411,TDU26831G,Rejected,2026-02-18 07:47:17,2026-09-01,New Zealand,14,
2355412,TDU26832G,Rejected,2026-02-18 08:18:52,2026-08-31,New Zealand,14,
2355415,TDU35015,Created,2026-02-18 09:54:34,2026-12-25,Australia,4,
2355416,TDU26835G,Rejected,2026-02-18 10:05:41,2026-06-21,Australia,100,
2355417,TDU26836G,Auto Rejected,2026-02-18 10:17:22,2026-04-09,Australia,35,
2355418,TDU35016,Auto Rejected,2026-02-18 10:56:42,2026-03-20,Australia,13,
2355419,TDU26837G,Rejected,2026-02-18 10:56:42,2026-05-06,Australia,14,
2355420,TDU26838G,Auto Rejected,2026-02-18 12:04:52,2026-05-20,Australia,20,
2355421,TDU35017,Rejected,2026-02-18 15:40:18,2026-03-21,New Zealand,6,
2355422,TDU35018,Auto Rejected,2026-02-18 15:58:21,2026-03-30,Australia,6,
2355424,TDU35020,Rejected,2026-02-18 18:32:50,2026-04-20,New Zealand,8,
2355425,TDU35021,Accounts - Reconciliation,2026-02-18 19:24:46,2026-02-21,Australia,2,
2355427,TDU35022,Rejected,2026-02-18 21:54:58,2026-03-18,New Zealand,3,
2355428,TDU35023,Rejected,2026-02-18 22:06:16,2026-03-25,New Zealand,3,
2355429,TDU35024,On Ground,2026-02-18 22:14:06,2026-02-21,Australia,1,
2355430,TDU26840G,Auto Rejected,2026-02-18 23:03:38,2026-03-24,New Zealand,12,
2355431,TDU35025,Rejected,2026-02-18 23:25:51,2026-03-14,New Zealand,2,
2355433,TDU26841G,Auto Rejected,2026-02-19 13:25:32,2026-06-05,Australia,129,
2355434,TDU26842G,Auto Rejected,2026-02-19 14:22:31,2026-04-10,Australia,100,
2355435,TDU35027,Rejected,2026-02-19 15:46:18,2026-11-17,New Zealand,4,
2355437,TDU35029,Rejected,2026-02-19 16:08:23,2026-03-25,New Zealand,2,
2355439,TDU35031,Rejected,2026-02-19 16:40:12,2026-06-01,New Zealand,2,
2355442,TDU35034,Rejected,2026-02-19 18:13:18,2026-05-10,New Zealand,4,
2355444,TDU35036,Rejected,2026-02-19 18:29:29,2026-05-10,New Zealand,2,
2355446,TDU35038,Rejected,2026-02-19 19:03:28,2026-05-07,New Zealand,8,
2355450,TDU35042,Rejected,2026-02-19 20:25:24,2026-06-05,New Zealand,4,
2355453,TDU35045,Rejected,2026-02-19 20:49:12,2026-05-01,New Zealand,2,
2355455,TDU35047,Accepted,2026-02-19 21:23:39,2026-09-14,New Zealand,6,
2355456,TDU35048,Auto Rejected,2026-02-19 21:52:01,2026-05-14,Australia,4,
2355458,TDU35050,Rejected,2026-02-19 23:12:54,2026-05-06,New Zealand,2,
2355462,TDU35053,Created,2026-02-20 10:18:42,2026-12-23,Australia,5,
2355463,TDU35054,Auto Rejected,2026-02-20 10:47:53,2026-05-16,Australia,5,
2355464,TDU26844G,Auto Rejected,2026-02-20 10:55:56,2026-04-17,Australia,16,
2355467,TDU35057,Rejected,2026-02-20 17:55:01,2026-05-18,New Zealand,2,
2355469,TDU35058,Auto Rejected,2026-02-20 18:30:24,2026-05-13,Australia,4,
2355475,TDU35064,Rejected,2026-02-20 21:29:21,2026-04-10,New Zealand,2,
2355476,TDU35065,Rejected,2026-02-20 22:11:15,2026-03-28,New Zealand,3,
2355478,TDU26846G,Auto Rejected,2026-02-21 02:39:21,2026-05-24,New Zealand,14,
2355479,TDU26847G,Auto Rejected,2026-02-21 07:02:31,2026-05-10,Australia,100,
2355480,TDU26848G,Rejected,2026-02-21 07:27:46,2026-11-22,New Zealand,25,
2355481,TDU26849G,Auto Rejected,2026-02-21 08:12:46,2026-04-07,New Zealand,240,
2355485,TDU35070,Rejected After Confrmation QA pending,2026-02-21 17:30:35,2026-04-02,New Zealand,3,
2355487,TDU35072,Rejected,2026-02-21 19:25:22,2026-05-05,New Zealand,2,
2355489,TDU35073,Rejected,2026-02-21 20:50:31,2026-03-16,New Zealand,6,
2355493,TDU35074,Accounts - Reconciliation,2026-02-21 21:51:55,2026-06-04,New Zealand,3,
2355494,TDU26854G,Rejected,2026-02-21 22:55:57,2026-05-15,New Zealand,13,
2355496,TDU35076,Auto Rejected,2026-02-21 23:45:59,2026-03-22,Australia,3,
2355498,TDU26856G,Auto Rejected,2026-02-23 09:07:52,2026-03-03,Australia,16,
2355501,TDU35078,Rejected,2026-02-23 22:21:07,2026-05-25,New Zealand,9,
2355506,TDU35082,Auto Rejected,2026-02-24 09:29:50,2026-05-15,Australia,5,
2355507,TDU26859G,Auto Rejected,2026-02-24 09:43:59,2026-05-22,New Zealand,13,
2355509,TDU26861G,Auto Rejected,2026-02-24 12:19:20,2026-05-16,New Zealand,40,
2355510,TDU26862G,Created,2026-02-24 16:30:29,2026-09-01,Australia,20,
2355513,TDU35085,Rejected,2026-02-24 22:53:37,2026-04-26,New Zealand,2,
2355518,TDU26865G,Auto Rejected,2026-02-25 13:13:47,2026-04-15,Australia,34,
2355519,TDU26866G,Auto Rejected,2026-02-25 14:18:49,2026-06-01,Australia,34,
2355525,TDU26867G,Auto Rejected,2026-02-25 16:01:12,2026-03-03,Australia,16,
2355526,TDU26868G,Rejected,2026-02-25 16:10:47,2026-05-07,New Zealand,12,
2355527,TDU26869G,Auto Rejected,2026-02-25 16:38:43,2026-05-01,Australia,14,
2355528,TDU26870G,Accepted,2026-02-25 17:20:39,2026-11-06,New Zealand,36,
2355533,TDU35096,Auto Rejected,2026-02-26 10:15:48,2026-07-24,Australia,10,
2355536,TDU26874G,Auto Rejected,2026-02-26 14:54:15,2026-05-30,Australia,30,
2355537,TDU35097,Rejected,2026-02-26 16:07:14,2026-11-19,Australia,3,
2355538,TDU35098,Accounts - Reconciliation,2026-02-26 17:27:24,2026-05-30,Australia,2,
2355539,TDU35099,Rejected,2026-02-26 17:45:26,2026-06-11,Australia,2,
2355540,TDU35100,Rejected,2026-02-26 17:59:05,2026-03-30,Australia,4,
2355541,TDU35101,Rejected,2026-02-26 18:10:04,2026-05-05,Australia,4,
2355544,TDU35103,Auto Rejected,2026-02-26 18:49:54,2026-05-03,Australia,3,
2355546,TDU26876G,Accepted,2026-02-26 19:52:18,2026-10-30,Australia,36,
2355548,TDU26878G,Rejected,2026-02-26 22:53:24,2026-06-16,New Zealand,16,
2355550,TDU35106,Rejected,2026-02-27 00:30:56,2026-03-13,New Zealand,4,
2355551,TDU35107,Accounts - Reconciliation,2026-02-27 09:40:23,2026-05-16,Australia,5,
2355552,TDU35108,Auto Rejected,2026-02-27 09:53:15,2026-05-29,Australia,9,
2355553,TDU35109,Created,2026-02-27 09:59:30,2026-11-16,New Zealand,4,
2355554,TDU26879G,Rejected,2026-02-27 11:34:42,2026-05-21,Australia,40,
2355555,TDU26880G,Rejected,2026-02-27 11:56:51,2026-08-22,Australia,20,
2355559,TDU35112,Rejected,2026-02-27 18:07:14,2026-04-01,New Zealand,4,
2355561,TDU35113,Rejected,2026-02-27 18:45:20,2026-05-11,New Zealand,3,
2355564,TDU35115,Rejected,2026-02-27 19:28:43,2026-04-16,New Zealand,2,
2355566,TDU35117,Rejected,2026-02-27 20:55:10,2026-11-12,New Zealand,10,
2355569,TDU35120,Rejected,2026-02-27 21:26:14,2026-04-15,New Zealand,3,
2355573,TDU35124,Accounts - Reconciliation,2026-02-27 22:22:13,2026-04-11,New Zealand,5,
2355576,TDU26884G,Auto Rejected,2026-02-28 08:09:25,2026-05-11,Australia,80,
2355578,TDU35128,Rejected,2026-02-28 15:46:38,2026-05-02,New Zealand,4,
2355579,TDU26885G,Auto Rejected,2026-02-28 15:48:03,2026-05-01,Australia,80,
2355580,TDU35129,Rejected,2026-02-28 16:36:25,2026-04-15,New Zealand,4,
2355581,TDU35130,Rejected,2026-02-28 17:01:29,2026-04-15,New Zealand,2,
2355582,TDU35131,Rejected,2026-02-28 17:17:44,2026-09-09,New Zealand,8,
2355584,TDU35133,Rejected,2026-02-28 18:26:10,2026-09-01,Australia,8,
2355585,TDU35134,Accounts - Reconciliation,2026-02-28 18:26:31,2026-04-10,New Zealand,2,
2355587,TDU35136,Rejected,2026-02-28 18:55:02,2026-11-10,New Zealand,3,
2355595,TDU35144,Rejected,2026-02-28 21:39:04,2026-03-30,New Zealand,2,
2355597,TDU35146,Rejected,2026-02-28 21:57:42,2026-05-13,Australia,5,
2355598,TDU35147,Accounts - Reconciliation,2026-02-28 22:09:28,2026-06-07,Australia,3,
2355600,TDU35149,Rejected,2026-02-28 22:25:48,2026-05-12,New Zealand,2,
2355601,TDU35150,Auto Rejected,2026-02-28 22:38:07,2026-03-13,Australia,2,
2355602,TDU35151,Auto Rejected,2026-02-28 22:43:07,2026-03-13,Australia,2,
2355603,TDU35152,Auto Rejected,2026-03-02 12:19:35,2026-06-04,Australia,3,
2355605,TDU35154,Rejected,2026-03-02 16:36:13,2026-06-01,Australia,8,
2355606,TDU35155,Rejected,2026-03-02 17:04:14,2026-04-27,Australia,2,
2355608,TDU35157,Rejected,2026-03-02 17:22:02,2026-04-27,Australia,3,
2355609,TDU35158,Rejected,2026-03-02 22:40:50,2026-05-20,Australia,4,
2355613,TDU35162,Rejected,2026-03-02 23:33:35,2026-05-01,New Zealand,2,
2355615,TDU35164,Rejected,2026-03-03 00:24:57,2026-05-27,Australia,6,
2355616,TDU26886G,Rejected,2026-03-03 10:25:22,2026-04-21,Australia,16,
2355617,TDU26887G,Accepted,2026-03-03 10:48:21,2026-12-05,Australia,16,
2355618,TDU26888G,Rejected,2026-03-03 12:06:55,2026-05-01,New Zealand,80,
2355619,TDU26889G,Rejected,2026-03-03 13:06:44,2026-06-08,Australia,356,
2355623,TDU35168,Rejected,2026-03-03 21:39:24,2026-05-09,Australia,6,
2355624,TDU35169,Rejected,2026-03-03 21:59:51,2026-05-09,New Zealand,6,
2355625,TDU26890G,Rejected,2026-03-03 22:24:07,2026-05-26,New Zealand,46,
2355626,TDU26891G,Rejected,2026-03-03 22:49:05,2026-05-25,New Zealand,13,
2355627,TDU35170,Rejected,2026-03-04 00:23:00,2026-04-20,Australia,3,
2355629,TDU26893G,Rejected,2026-03-04 01:09:27,2026-11-18,New Zealand,12,
2355630,TDU26894G,Requote,2026-03-04 02:00:29,2026-06-16,New Zealand,80,
2355631,TDU35171,Auto Rejected,2026-03-04 10:00:49,2026-05-26,Australia,4,
2355632,TDU35172,Accounts - Reconciliation,2026-03-04 11:36:10,2026-06-22,Australia,10,
2355633,TDU35173,Accounts - Reconciliation,2026-03-04 11:44:23,2026-06-18,New Zealand,10,
2355634,TDU26895G,Rejected,2026-03-04 14:58:45,2026-08-05,Australia,400,
2355637,TDU26898G,Rejected,2026-03-04 16:34:43,2026-11-11,Australia,12,
2355639,TDU26899G,Auto Rejected,2026-03-04 18:02:42,2026-06-16,Australia,440,
2355640,TDU26900G,Rejected,2026-03-04 18:12:43,2026-05-16,Australia,440,
2355646,TDU26901G,Auto Rejected,2026-03-05 09:55:58,2026-05-29,Australia,15,
2355647,TDU35180,Accounts - Reconciliation,2026-03-05 10:58:22,2026-04-16,Australia,4,
2355649,TDU26902G,Auto Rejected,2026-03-05 13:48:41,2026-07-17,New Zealand,30,
2355650,TDU35182,Auto Rejected,2026-03-05 14:09:06,2026-11-09,Australia,15,
2355651,TDU35183,Created,2026-03-05 14:15:06,2026-08-29,Australia,10,
2355652,TDU35184,Created,2026-03-05 14:28:39,2026-09-03,New Zealand,10,
2355658,TDU35190,Rejected,2026-03-05 22:16:21,2026-06-06,New Zealand,7,
2355660,TDU35192,Rejected,2026-03-06 00:02:12,2026-06-06,New Zealand,2,
2355661,TDU35193,Auto Rejected,2026-03-06 09:52:35,2026-05-08,New Zealand,4,
2355662,TDU26903G,Rejected,2026-03-06 10:44:36,2026-08-05,Australia,400,
2355665,TDU35194,Accounts - Reconciliation,2026-03-06 12:59:51,2026-03-26,Australia,5,
2355670,TDU35199,Rejected,2026-03-06 20:07:36,2026-05-20,New Zealand,3,
2355681,TDU35210,Rejected,2026-03-07 16:42:09,2026-07-14,New Zealand,2,
2355686,TDU26907G,Rejected,2026-03-07 18:16:01,2026-06-01,New Zealand,14,
2355688,TDU35215,Rejected,2026-03-07 21:14:30,2026-05-09,New Zealand,2,
2355690,TDU35216,Rejected,2026-03-07 21:52:50,2026-05-10,New Zealand,4,
2355691,TDU35217,Rejected,2026-03-07 22:57:46,2026-04-15,Australia,3,
2355692,TDU26909G,Rejected,2026-03-07 23:39:57,2026-05-05,Australia,15,
2355694,TDU35219,Rejected,2026-03-09 16:20:56,2026-05-15,New Zealand,6,
2355695,TDU35220,Rejected,2026-03-09 16:42:48,2026-05-21,Australia,6,
2355696,TDU35221,Rejected,2026-03-09 17:05:51,2026-05-10,Australia,8,
2355697,TDU35222,Rejected,2026-03-09 17:39:55,2026-04-05,Australia,8,
2355698,TDU35223,Rejected,2026-03-09 19:30:36,2026-04-01,Australia,2,
2355699,TDU35224,Rejected,2026-03-09 20:52:06,2026-04-15,Australia,2,
2355700,TDU35225,Rejected,2026-03-09 22:07:54,2026-05-04,New Zealand,4,
2355701,TDU35226,Auto Rejected,2026-03-09 22:33:23,2026-04-10,Australia,4,
2355702,TDU35227,Auto Rejected,2026-03-10 09:33:07,2026-06-13,Australia,4,
2355703,TDU26910G,Created,2026-03-10 10:50:53,2026-11-01,Australia,50,
2355706,TDU26912G,Accepted,2026-03-10 15:42:57,2026-10-31,Australia,20,
2355708,TDU26914G,Rejected,2026-03-10 16:03:40,2026-11-14,Australia,24,
2355714,TDU35234,Rejected,2026-03-10 20:29:12,2026-04-25,New Zealand,3,
2355716,TDU35236,PRE QA - pending,2026-03-10 21:42:00,2026-03-16,New Zealand,2,
2355717,TDU35237,Auto Rejected,2026-03-10 23:01:11,2026-04-10,Australia,4,
2355718,TDU35238,Rejected,2026-03-10 23:37:09,2026-09-01,Australia,2,
2355719,TDU35239,Accepted,2026-03-10 23:53:25,2026-11-02,New Zealand,2,
2355720,TDU35240,Accounts - Reconciliation,2026-03-11 00:07:59,2026-04-19,New Zealand,6,
2355721,TDU35241,Rejected,2026-03-11 11:28:41,2026-08-17,Australia,6,
2355722,TDU35242,Rejected,2026-03-11 16:16:29,2026-09-20,Australia,7,
2355723,TDU35243,Rejected,2026-03-11 16:32:30,2026-05-10,New Zealand,8,
2355724,TDU35244,Rejected,2026-03-11 16:52:26,2026-05-29,New Zealand,4,
2355725,TDU26915G,Rejected,2026-03-11 16:53:55,2026-04-26,Australia,60,
2355726,TDU35245,Auto Rejected,2026-03-11 17:19:19,2026-03-18,Australia,10,
2355728,TDU35247,Accounts - Reconciliation,2026-03-11 21:20:55,2026-05-26,New Zealand,2,
2355729,TDU35248,Rejected,2026-03-11 21:43:35,2026-05-16,Australia,2,
2355730,TDU35249,Auto Rejected,2026-03-11 21:54:14,2026-03-26,Australia,2,
2355731,TDU35250,Accounts - Reconciliation,2026-03-11 22:44:02,2026-04-12,Australia,8,
2355732,TDU35251,Rejected,2026-03-11 23:32:23,2026-03-14,New Zealand,3,
2355733,TDU26916G,Rejected,2026-03-12 09:35:17,2026-05-20,Australia,18,
2355734,TDU35252,Accepted,2026-03-12 09:36:39,2026-11-19,Australia,2,
2355735,TDU26917G,Rejected,2026-03-12 10:07:30,2026-06-19,Australia,20,
2355736,TDU26918G,Rejected,2026-03-12 10:32:40,2026-05-17,Australia,150,
2355737,TDU26919G,Auto Rejected,2026-03-12 11:50:06,2026-05-19,New Zealand,40,
2355738,TDU35253,Created,2026-03-12 12:38:06,2026-11-18,New Zealand,4,
2355740,TDU35255,Rejected,2026-03-12 17:41:43,2026-05-21,New Zealand,3,
2355742,TDU35257,Rejected,2026-03-12 18:02:13,2026-04-09,New Zealand,4,
2355743,TDU35258,Auto Rejected,2026-03-12 21:23:12,2026-04-18,Australia,4,
2355744,TDU35259,Rejected,2026-03-12 22:15:18,2026-05-13,New Zealand,2,
2355748,TDU35263,Rejected,2026-03-12 23:47:09,2026-07-07,Australia,3,
2355750,TDU35265,Rejected,2026-03-13 00:14:26,2026-04-29,New Zealand,2,
2355751,TDU26920G,Rejected,2026-03-13 04:41:16,2026-05-18,Australia,30,
2355752,TDU26921G,Auto Rejected,2026-03-13 05:17:47,2026-05-10,Australia,44,
2355754,TDU35267,Rejected,2026-03-13 16:24:48,2026-05-16,New Zealand,2,
2355755,TDU35268,Rejected,2026-03-13 16:59:20,2026-05-16,Australia,2,
2355757,TDU26922G,Rejected,2026-03-13 19:28:06,2026-05-20,New Zealand,11,
2355758,TDU35270,Rejected,2026-03-13 22:26:54,2026-06-01,Australia,4,
2355759,TDU35271,Auto Rejected,2026-03-13 23:58:35,2026-05-17,Australia,4,
2355760,TDU35272,Rejected,2026-03-14 05:41:56,2026-05-26,Australia,4,
2355762,TDU26923G,Rejected,2026-03-14 12:46:10,2026-05-20,Australia,16,
2355763,TDU35274,Auto Rejected,2026-03-14 15:49:59,2026-03-29,Australia,4,
2355764,TDU26924G,Auto Rejected,2026-03-14 15:50:28,2026-06-05,Australia,30,
2355765,TDU26925G,Rejected,2026-03-14 16:08:29,2026-10-03,Australia,23,
2355766,TDU35275,Accounts - Reconciliation,2026-03-14 16:11:28,2026-04-06,Australia,5,
2355767,TDU35276,Rejected,2026-03-14 17:33:18,2026-05-18,Australia,4,
2355768,TDU35277,Rejected,2026-03-14 18:07:10,2026-03-28,New Zealand,2,
2355769,TDU35278,Rejected,2026-03-14 20:10:05,2026-05-17,New Zealand,8,
2355770,TDU26926G,Rejected,2026-03-14 20:31:09,2026-11-21,New Zealand,24,
2355772,TDU26928G,Rejected,2026-03-15 07:23:21,2026-04-04,Australia,22,
2355773,TDU26929G,Auto Rejected,2026-03-15 11:31:51,2026-04-12,New Zealand,225,
2355774,TDU26930G,Auto Rejected,2026-03-16 15:55:03,2026-05-30,Australia,24,
2355775,TDU35279,PRE QA - pending,2026-03-16 16:15:44,2026-03-16,New Zealand,2,
2355776,TDU35280,Rejected After Confrmation QA pending,2026-03-16 17:04:56,2026-05-05,New Zealand,2,
2355777,TDU26931G,Rejected,2026-03-16 18:27:47,2026-06-04,Australia,34,
2355779,TDU35281,On Ground,2026-03-16 19:27:36,2026-04-07,Australia,2,
2355780,TDU35282,Rejected,2026-03-16 21:18:38,2026-05-20,Australia,8,
2355781,TDU26933G,Rejected,2026-03-17 09:42:31,2026-04-24,New Zealand,200,
2355782,TDU26934G,Auto Rejected,2026-03-17 09:47:38,2026-06-05,Australia,17,
2355783,TDU26935G,Accepted,2026-03-17 12:35:11,2026-09-04,Australia,22,
2355784,TDU26936G,Created,2026-03-17 13:41:46,2027-03-12,Australia,15,
2355785,TDU35283,Rejected,2026-03-17 17:05:00,2026-04-07,Australia,5,
2355786,TDU26937G,PRE QA - pending,2026-03-17 17:28:41,2026-03-31,New Zealand,14,
2355787,TDU26938G,Auto Rejected,2026-03-17 18:48:41,2026-07-08,Australia,35,
2355788,TDU35284,Rejected,2026-03-17 19:00:22,2026-05-01,New Zealand,4,
2355789,TDU26939G,Auto Rejected,2026-03-17 19:04:16,2026-05-21,Australia,60,
2355790,TDU35285,Rejected,2026-03-17 19:26:13,2026-05-26,Australia,7,
2355796,TDU35291,Rejected After Confrmation QA completed,2026-03-18 16:17:43,2026-04-21,Australia,2,
2355797,TDU35292,Rejected,2026-03-18 17:15:06,2026-05-20,Australia,6,
2355798,TDU35293,Rejected,2026-03-18 17:28:29,2026-05-21,Australia,3,
2355799,TDU35294,Rejected,2026-03-18 17:52:26,2026-05-24,Australia,9,
2355800,TDU26940G,Rejected,2026-03-18 18:30:26,2026-04-28,Australia,14,
2355801,TDU26941G,Auto Rejected,2026-03-18 19:19:26,2026-05-16,Australia,30,
2355802,TDU35295,Rejected,2026-03-18 19:42:09,2026-05-22,Australia,2,
2355803,TDU35296,Rejected,2026-03-18 19:49:06,2026-05-30,Australia,5,
2355808,TDU35301,Rejected,2026-03-18 21:30:28,2026-06-24,Australia,3,
2355810,TDU35303,Created,2026-03-18 21:56:26,2026-11-11,Australia,2,
2355811,TDU35304,Auto Rejected,2026-03-18 21:59:45,2026-05-14,Australia,2,
2355812,TDU35305,Auto Rejected,2026-03-18 22:01:52,2026-05-17,Australia,2,
2355813,TDU26942G,Rejected,2026-03-18 22:14:57,2026-05-20,Australia,50,
2355814,TDU35306,Rejected,2026-03-18 22:34:37,2026-05-25,New Zealand,4,
2355815,TDU35307,Rejected,2026-03-18 23:20:28,2026-05-07,Australia,3,
2355820,TDU35312,Rejected,2026-03-19 15:32:33,2026-06-09,Australia,10,
2355821,TDU35313,Rejected,2026-03-19 15:36:19,2026-06-18,New Zealand,10,
2355823,TDU35314,Rejected,2026-03-19 16:51:09,2026-04-23,Australia,9,
2355824,TDU35315,Accounts - Reconciliation,2026-03-19 17:35:23,2026-05-02,New Zealand,2,
2355825,TDU35316,Accounts - Reconciliation,2026-03-19 18:10:13,2026-04-21,Australia,2,
2355826,TDU26944G,Auto Rejected,2026-03-19 18:49:42,2026-06-05,Australia,16,
2355834,TDU35323,Rejected,2026-03-19 20:31:24,2026-05-08,Australia,2,
2355835,TDU26946G,Rejected,2026-03-19 21:29:09,2026-05-15,New Zealand,100,
2355836,TDU35324,Rejected,2026-03-19 22:25:28,2026-11-01,New Zealand,10,
2355837,TDU35325,Rejected,2026-03-19 23:17:07,2026-04-16,New Zealand,2,
2355838,TDU26947G,Rejected,2026-03-20 09:25:59,2026-05-20,New Zealand,20,
2355839,TDU26948G,Rejected,2026-03-20 10:22:41,2026-05-01,New Zealand,16,
2355840,TDU26949G,Rejected,2026-03-20 11:17:57,2026-04-20,New Zealand,225,
2355841,TDU26950G,Rejected,2026-03-20 11:43:11,2026-04-18,New Zealand,28,
2355842,TDU35326,Accounts - Reconciliation,2026-03-20 16:10:35,2026-05-20,Australia,6,
2355843,TDU35327,Rejected,2026-03-20 16:15:54,2026-05-02,New Zealand,7,
2355844,TDU35328,Accepted,2026-03-20 16:37:09,2026-05-25,Australia,9,
2355845,TDU35329,Accounts - Reconciliation,2026-03-20 16:52:40,2026-05-21,Australia,3,
2355846,TDU35330,Auto Rejected,2026-03-20 17:16:17,2026-06-02,Australia,10,
2355847,TDU35331,Rejected,2026-03-20 17:47:31,2026-05-14,Australia,4,
2355848,TDU35332,Rejected,2026-03-20 18:14:25,2026-05-19,Australia,4,
2355849,TDU35333,Auto Rejected,2026-03-20 18:41:17,2026-05-05,Australia,6,
2355850,TDU35334,Rejected,2026-03-20 19:31:22,2026-04-17,Australia,7,
2355851,TDU35335,Rejected,2026-03-20 21:21:01,2026-05-01,New Zealand,9,
2355852,TDU26951G,Auto Rejected,2026-03-20 22:28:33,2026-05-22,New Zealand,12,
2355853,TDU26952G,Created,2026-03-20 22:41:04,2027-02-23,New Zealand,30,
2355854,TDU35336,Rejected,2026-03-21 00:25:33,2026-05-30,Australia,4,
2355861,TDU35343,Rejected,2026-03-21 19:22:11,2026-05-30,New Zealand,2,
2355862,TDU35344,Rejected,2026-03-21 20:34:09,2026-05-15,New Zealand,2,
2355863,TDU35345,Rejected,2026-03-21 20:35:25,2026-05-07,Australia,2,
2355864,TDU35346,Rejected,2026-03-21 20:52:35,2026-06-01,Australia,3,
2355865,TDU35347,Rejected,2026-03-21 21:34:30,2027-02-22,Australia,6,
2355866,TDU35348,Rejected,2026-03-21 21:44:36,2027-02-12,New Zealand,6,
2355867,TDU35349,Rejected,2026-03-21 22:52:43,2026-05-15,Australia,2,
2355868,TDU35350,Rejected,2026-03-21 23:01:05,2026-04-13,New Zealand,2,
2355869,TDU35351,Auto Rejected,2026-03-21 23:23:33,2026-05-18,Australia,2,
2355871,TDU35353,Rejected,2026-03-23 18:56:08,2026-05-21,Australia,3,
2355874,TDU35356,Rejected,2026-03-23 19:17:23,2026-05-20,Australia,6,
2355875,TDU35357,Rejected,2026-03-23 19:25:05,2026-05-25,Australia,9,
2355877,TDU26954G,Accounts - Reconciliation,2026-03-23 20:25:20,2026-04-28,New Zealand,4,
2355878,TDU35358,Rejected,2026-03-23 20:51:38,2026-05-20,Australia,2,
2355879,TDU35359,Accounts - Reconciliation,2026-03-23 21:39:35,2026-04-06,New Zealand,4,
2355880,TDU35360,Rejected,2026-03-23 23:18:19,2026-06-06,New Zealand,3,
2355881,TDU35361,Rejected,2026-03-23 23:19:58,2026-05-09,Australia,2,
2355882,TDU35362,Rejected,2026-03-23 23:32:33,2026-05-15,Australia,7,
2355883,TDU35363,Rejected,2026-03-24 00:00:23,2026-05-01,Australia,4,
2355884,TDU35364,Rejected,2026-03-24 00:17:47,2026-11-02,Australia,3,
2355885,TDU26955G,Rejected,2026-03-24 13:23:36,2027-04-15,New Zealand,20,
2355886,TDU35365,Rejected,2026-03-24 14:55:54,2026-05-17,New Zealand,9,
2355887,TDU35366,Rejected,2026-03-24 15:16:28,2026-11-18,New Zealand,2,
2355889,TDU35367,Rejected,2026-03-24 15:49:28,2026-04-27,New Zealand,2,
2355891,TDU26957G,Rejected,2026-03-24 18:24:32,2026-06-01,New Zealand,25,
2355892,TDU26958G,Rejected,2026-03-24 18:50:22,2026-06-01,New Zealand,25,
2355896,TDU35372,Rejected,2026-03-24 20:20:39,2026-04-06,New Zealand,3,
2355898,TDU35374,Rejected,2026-03-24 20:42:01,2026-05-07,New Zealand,3,
2355899,TDU35375,Rejected,2026-03-24 22:51:05,2026-04-30,New Zealand,2,
2355900,TDU26959G,Auto Rejected,2026-03-25 09:58:06,2026-05-15,Australia,20,
2355906,TDU26962G,Auto Rejected,2026-03-25 16:31:22,2026-07-05,New Zealand,22,
2355908,TDU26963G,Rejected,2026-03-25 19:55:34,2026-06-10,New Zealand,35,
2355909,TDU26964G,Rejected,2026-03-25 20:15:07,2026-06-07,Australia,35,
2355910,TDU35380,Auto Rejected,2026-03-25 20:30:22,2026-05-18,New Zealand,10,
2355911,TDU35381,Rejected,2026-03-25 20:35:21,2026-05-10,New Zealand,2,
2355912,TDU35382,Rejected,2026-03-25 21:38:44,2026-06-15,New Zealand,3,
2355913,TDU35383,Rejected,2026-03-25 22:46:06,2026-05-08,New Zealand,2,
2355914,TDU35384,Rejected,2026-03-25 22:46:12,2026-11-02,Australia,3,
2355915,TDU26965G,Rejected,2026-03-25 23:52:16,2026-06-01,New Zealand,14,
2355916,TDU35385,Rejected After Confrmation QA pending,2026-03-26 11:56:16,2026-05-16,Australia,2,
2355917,TDU26966G,Auto Rejected,2026-03-26 12:00:29,2026-05-10,Australia,16,
2355918,TDU35386,Auto Rejected,2026-03-26 12:20:02,2026-04-01,New Zealand,10,
2355919,TDU26967G,Rejected After Confrmation QA pending,2026-03-26 12:30:56,2026-05-04,Australia,13,
2355923,TDU35390,Rejected,2026-03-26 14:47:20,2026-05-13,New Zealand,8,
2355924,TDU26968G,Auto Rejected,2026-03-26 14:52:00,2026-06-20,Australia,50,
2355928,TDU35393,Accounts - Reconciliation,2026-03-26 19:20:42,2026-05-16,Australia,10,
2355932,TDU35397,Rejected,2026-03-26 21:11:53,2026-05-25,New Zealand,8,
2355933,TDU35398,Auto Rejected,2026-03-27 13:21:09,2026-03-28,Australia,4,
2355934,TDU35399,Rejected,2026-03-27 14:41:52,2026-04-12,New Zealand,2,
2355936,TDU35401,Rejected,2026-03-27 15:15:34,2026-07-21,New Zealand,2,
2355937,TDU35402,Rejected,2026-03-27 18:10:03,2026-05-27,New Zealand,4,
2355939,TDU35404,Rejected,2026-03-27 18:57:07,2026-06-06,New Zealand,4,
2355941,TDU35406,Rejected,2026-03-27 19:23:27,2026-05-10,New Zealand,4,
2355947,TDU35412,Rejected,2026-03-27 22:43:29,2026-05-17,New Zealand,6,
2355948,TDU35413,Rejected,2026-03-27 23:03:33,2026-05-15,New Zealand,2,
2355949,TDU26970G,Auto Rejected,2026-03-28 12:37:43,2026-05-07,New Zealand,35,
2355951,TDU35414,Rejected,2026-03-28 16:06:29,2026-05-14,New Zealand,4,
2355952,TDU35415,Rejected,2026-03-28 16:32:47,2026-05-16,Australia,4,
2355953,TDU26972G,Created,2026-03-28 17:06:00,2027-02-14,Australia,30,
2355954,TDU26973G,Rejected,2026-03-28 17:55:09,2026-11-13,New Zealand,20,
2355955,TDU26974G,Rejected,2026-03-28 18:58:05,2026-05-24,New Zealand,35,
2355956,TDU26975G,Rejected,2026-03-28 19:22:06,2026-05-24,New Zealand,35,
2355957,TDU35416,Rejected,2026-03-28 21:09:35,2026-06-10,Australia,2,
2355966,TDU26977G,Auto Rejected,2026-03-30 16:21:52,2026-05-11,Australia,34,
2355968,TDU35425,Rejected,2026-03-30 18:20:45,2026-05-08,New Zealand,9,
2355969,TDU35426,Rejected,2026-03-30 18:24:06,2026-05-08,New Zealand,6,
2355970,TDU26978G,Rejected After Confrmation QA completed,2026-03-30 19:22:37,2026-06-10,Australia,11,
2355971,TDU26979G,Rejected,2026-03-30 19:42:11,2026-05-07,Australia,11,
2355972,TDU35427,Auto Rejected,2026-03-30 19:46:01,2026-05-18,Australia,16,
2355974,TDU35429,Rejected,2026-03-30 20:52:03,2026-04-25,New Zealand,2,
2355976,TDU26980G,Auto Rejected,2026-03-30 21:16:18,2026-05-24,New Zealand,12,
2355980,TDU26981G,Rejected After Confrmation QA pending,2026-03-31 11:12:49,2026-09-13,Australia,32,
2355981,TDU26982G,Auto Rejected,2026-03-31 11:25:15,2026-04-04,Australia,8,
2355982,TDU26983G,Accounts - Reconciliation,2026-03-31 12:05:10,2026-04-15,Australia,29,
2355983,TDU26984G,Rejected,2026-03-31 12:10:23,2026-11-15,Australia,20,
2355984,TDU26985G,Auto Rejected,2026-03-31 12:49:15,2026-06-03,Australia,20,
2355986,TDU35434,Rejected,2026-03-31 14:57:48,2026-05-31,New Zealand,8,
2355990,TDU26987G,Rejected,2026-03-31 18:22:56,2026-05-07,Australia,24,
2355992,TDU35438,Rejected,2026-03-31 20:19:05,2026-05-12,Australia,2,
2355994,TDU35440,Rejected,2026-03-31 21:37:34,2026-05-08,New Zealand,6,
2355996,TDU35442,Auto Rejected,2026-04-01 09:50:31,2026-04-16,Australia,4,
2355997,TDU26989G,Auto Rejected,2026-04-01 12:35:17,2026-05-07,Australia,11,
2355998,TDU26990G,PRE QA - pending,2026-04-01 12:55:34,2026-06-26,Australia,24,
2355999,TDU35443,On Ground,2026-04-01 14:57:20,2026-04-04,Australia,8,
2356000,TDU35444,Rejected,2026-04-01 17:14:23,2026-05-18,New Zealand,8,
2356005,TDU35449,Rejected,2026-04-01 20:36:42,2026-04-06,New Zealand,2,
2356006,TDU35450,Rejected,2026-04-01 20:48:48,2026-05-20,New Zealand,3,
2356007,TDU35451,Rejected,2026-04-01 20:56:02,2026-11-01,New Zealand,2,
2356008,TDU35452,Rejected,2026-04-01 21:18:30,2026-05-20,New Zealand,2,
2356009,TDU35453,Rejected,2026-04-01 21:30:35,2026-04-11,New Zealand,5,
2356011,TDU35455,Rejected,2026-04-01 22:19:02,2026-07-11,New Zealand,4,
2356012,TDU35456,Rejected,2026-04-01 23:26:22,2026-05-03,Australia,4,
2356014,TDU35458,Auto Rejected,2026-04-02 11:46:04,2026-04-04,Australia,4,
2356015,TDU26991G,Auto Rejected,2026-04-02 12:23:28,2026-06-07,New Zealand,16,
2356016,TDU26992G,Auto Rejected,2026-04-02 13:40:19,2026-06-01,New Zealand,16,
2356017,TDU26993G,Auto Rejected,2026-04-02 13:56:23,2026-06-01,New Zealand,16,
2356019,TDU35460,Rejected,2026-04-02 17:55:34,2026-04-08,New Zealand,2,
2356022,TDU35463,Rejected,2026-04-02 20:31:43,2026-05-08,New Zealand,3,
2356025,TDU35466,Rejected,2026-04-02 22:57:02,2026-05-16,Australia,4,
2356026,TDU35467,Rejected,2026-04-02 23:40:34,2026-05-24,New Zealand,4,
2356027,TDU26994G,Rejected,2026-04-03 12:15:16,2026-06-04,Australia,20,
2356031,TDU35470,Rejected,2026-04-03 17:42:34,2026-04-28,New Zealand,1,
2356038,TDU35475,Rejected,2026-04-03 22:33:01,2026-05-10,New Zealand,2,
2356046,TDU35481,Rejected,2026-04-04 17:45:00,2027-02-20,Australia,8,
2356047,TDU35482,Rejected,2026-04-04 18:07:59,2026-05-28,New Zealand,8,
2356049,TDU35484,Rejected,2026-04-04 18:19:37,2026-05-16,Australia,4,
2356050,TDU35485,Rejected,2026-04-04 18:21:25,2026-04-23,New Zealand,4,
2356051,TDU35486,Rejected,2026-04-04 18:46:41,2026-09-19,New Zealand,5,
2356052,TDU35487,Rejected,2026-04-04 19:01:53,2026-04-30,New Zealand,2,
2356053,TDU35488,Rejected,2026-04-04 19:25:18,2026-05-10,New Zealand,5,
2356054,TDU35489,Rejected,2026-04-04 19:35:47,2026-04-30,Australia,1,
2356055,TDU27000G,Auto Rejected,2026-04-04 19:43:27,2026-04-19,Australia,11,
2356057,TDU27001G,Rejected,2026-04-04 22:11:33,2026-06-15,Australia,14,
2356059,TDU35492,On Ground,2026-04-04 22:24:40,2026-04-18,Australia,3,
2356060,TDU35493,Rejected,2026-04-04 22:52:25,2026-04-30,New Zealand,2,
2356061,TDU35494,On Ground,2026-04-04 23:15:06,2026-04-25,New Zealand,3,
2356062,TDU27002G,Auto Rejected,2026-04-06 12:22:45,2026-06-10,Australia,60,
2356063,TDU27003G,Rejected After Confrmation QA completed,2026-04-06 12:51:40,2026-05-30,Australia,12,
2356064,TDU27004G,Rejected,2026-04-06 14:57:34,2026-06-10,Australia,56,
2356065,TDU27005G,Auto Rejected,2026-04-06 15:38:36,2026-06-04,Australia,90,
2356067,TDU35496,Rejected,2026-04-06 16:51:08,2026-04-26,New Zealand,6,
2356069,TDU35498,Rejected,2026-04-06 18:50:52,2026-04-29,New Zealand,1,
2356070,TDU35499,Rejected,2026-04-06 19:17:00,2026-04-26,New Zealand,6,
2356071,TDU35500,Accounts - Reconciliation,2026-04-06 20:00:09,2026-06-07,Australia,2,
2356073,TDU27006G,Accounts - Reconciliation,2026-03-30 19:46:01,2026-05-18,Australia,11,
2356074,TDU35502,Auto Rejected,2026-04-07 11:48:55,2026-04-08,Australia,2,
2356075,TDU27007G,Rejected,2026-04-07 13:27:26,2026-06-10,Australia,56,
2356076,TDU35503,Rejected,2026-04-07 15:08:57,2026-06-14,Australia,4,
2356077,TDU35504,Rejected,2026-04-07 15:32:53,2026-06-01,Australia,7,
2356078,TDU35505,Rejected,2026-04-07 15:43:43,2026-06-01,Australia,7,
2356079,TDU35506,Rejected,2026-04-07 15:56:50,2026-06-01,Australia,7,
2356080,TDU35507,Rejected,2026-04-07 16:00:50,2026-06-01,Australia,7,
2356081,TDU35508,Rejected,2026-04-07 16:07:36,2026-06-01,New Zealand,7,
2356082,TDU35509,Rejected,2026-04-07 16:14:18,2026-06-01,New Zealand,7,
2356083,TDU35510,Accounts - Reconciliation,2026-04-07 16:15:51,2026-05-11,Australia,3,
2356084,TDU27008G,Rejected,2026-04-07 17:21:15,2026-06-10,Australia,61,
2356085,TDU35511,Auto Rejected,2026-04-07 17:23:38,2026-05-20,Australia,3,
2356086,TDU35512,Rejected,2026-04-07 17:45:41,2026-05-06,New Zealand,2,
2356087,TDU35513,Rejected,2026-04-07 19:34:49,2026-05-15,New Zealand,5,
2356088,TDU35514,Rejected,2026-04-07 20:31:29,2026-05-15,New Zealand,4,
2356089,TDU35515,Rejected,2026-04-07 21:34:24,2026-06-01,New Zealand,8,
2356090,TDU35516,Rejected,2026-04-07 22:07:39,2026-04-13,New Zealand,4,
2356091,TDU35517,Auto Rejected,2026-04-08 10:29:56,2026-04-10,New Zealand,2,
2356092,TDU27009G,Auto Rejected,2026-04-08 11:36:20,2026-06-18,New Zealand,15,
2356093,TDU27010G,Rejected,2026-04-08 11:46:53,2026-06-10,Australia,56,
2356094,TDU27011G,Auto Rejected,2026-04-08 11:55:05,2026-05-28,Australia,11,
2356095,TDU27012G,Rejected,2026-04-08 11:59:39,2026-06-02,New Zealand,11,
2356097,TDU35518,Created,2026-04-08 12:28:09,2026-09-29,New Zealand,10,
2356098,TDU35519,Created,2026-04-08 12:34:02,2026-09-27,Australia,10,
2356099,TDU27014G,Created,2026-03-05 14:09:06,2026-11-09,Australia,25,
2356100,TDU27015G,Rejected,2026-04-08 13:29:44,2026-11-10,New Zealand,18,
2356101,TDU27016G,Rejected,2026-04-08 13:33:07,2026-05-29,Australia,20,
2356102,TDU35520,Auto Rejected,2026-04-08 15:07:56,2026-05-16,Australia,2,
2356103,TDU35521,Rejected,2026-04-08 15:08:45,2026-04-23,Australia,7,
2356105,TDU35523,Rejected,2026-04-08 15:36:49,2026-06-02,Australia,6,
2356108,TDU35526,Auto Rejected,2026-04-08 16:18:18,2026-05-29,Australia,2,
2356109,TDU35527,Rejected,2026-04-08 17:18:44,2026-05-25,Australia,2,
2356110,TDU35528,Accounts - Reconciliation,2026-04-08 17:46:00,2026-05-16,Australia,2,
2356111,TDU35529,Rejected,2026-04-08 18:01:07,2026-06-04,New Zealand,4,
2356112,TDU27017G,Rejected,2026-04-08 18:07:36,2026-06-10,Australia,15,
2356113,TDU27018G,Created,2026-04-08 18:49:00,2026-09-08,Australia,23,
2356114,TDU35530,Auto Rejected,2026-04-08 19:16:34,2026-07-06,Australia,6,
2356115,TDU27019G,Rejected,2026-04-08 20:07:58,2026-05-25,New Zealand,40,
2356116,TDU27020G,Rejected,2026-04-08 20:20:41,2026-05-25,New Zealand,40,
2356117,TDU35531,Rejected,2026-04-08 21:46:49,2026-05-14,New Zealand,4,
2356118,TDU35532,Rejected,2026-04-08 22:41:26,2026-05-11,New Zealand,2,
2356119,TDU27021G,Rejected,2026-04-09 01:29:02,2026-06-22,New Zealand,90,
2356120,TDU27022G,Rejected,2026-04-09 11:05:48,2026-05-20,Australia,140,
2356121,TDU27023G,Rejected,2026-04-09 12:10:12,2026-06-30,Australia,20,
2356122,TDU27024G,Rejected,2026-04-09 13:02:20,2026-09-23,Australia,23,
2356123,TDU27025G,Rejected,2026-04-09 13:22:41,2026-09-13,Australia,23,
2356125,TDU35534,Rejected,2026-04-09 16:24:13,2026-05-01,Australia,3,
2356126,TDU35535,Rejected,2026-04-09 16:53:58,2026-07-09,Australia,3,
2356127,TDU35536,Rejected,2026-04-09 17:36:40,2026-09-26,Australia,3,
2356128,TDU35537,Rejected,2026-04-09 17:54:03,2026-07-12,New Zealand,4,
2356129,TDU35538,Auto Rejected,2026-04-09 18:14:25,2026-04-25,Australia,7,
2356130,TDU35539,Rejected,2026-04-09 19:42:32,2026-04-21,New Zealand,6,
2356131,TDU35540,Rejected,2026-04-09 20:19:42,2026-04-21,New Zealand,6,
2356132,TDU35541,Rejected,2026-04-09 21:30:25,2026-05-01,Australia,5,
2356133,TDU35542,Rejected,2026-04-09 21:52:53,2026-09-15,New Zealand,10,
2356134,TDU35543,Rejected,2026-04-09 22:04:33,2026-09-01,New Zealand,4,
2356135,TDU35544,Auto Rejected,2026-04-10 09:46:41,2026-05-16,New Zealand,2,
2356136,TDU35545,Auto Rejected,2026-04-10 10:07:58,2026-04-30,Australia,2,
2356137,TDU35546,Auto Rejected,2026-04-10 10:17:31,2026-07-01,Australia,7,
2356138,TDU35547,Auto Rejected,2026-04-10 10:21:10,2026-07-01,Australia,7,
2356139,TDU35548,Accounts - Reconciliation,2026-04-10 10:24:39,2026-08-08,Australia,2,
2356140,TDU35549,Auto Rejected,2026-04-10 10:28:11,2026-07-01,Australia,5,
2356141,TDU35550,Auto Rejected,2026-04-10 10:48:48,2026-07-01,Australia,2,
2356142,TDU27026G,Rejected,2026-04-10 13:55:42,2026-06-12,New Zealand,20,
2356143,TDU35551,Auto Rejected,2026-04-10 16:41:28,2026-05-10,Australia,6,
2356144,TDU35552,Rejected,2026-04-10 16:53:26,2026-05-19,Australia,1,
2356145,TDU35553,Rejected,2026-04-10 17:01:44,2026-05-25,New Zealand,1,
2356146,TDU35554,Rejected,2026-04-10 17:14:02,2026-05-28,Australia,2,
2356147,TDU27027G,Accounts - Reconciliation,2026-04-10 20:27:33,2026-05-21,Australia,13,
2356148,TDU35555,Auto Rejected,2026-04-10 21:11:30,2026-06-01,Australia,4,
2356149,TDU35556,Rejected,2026-04-10 21:30:10,2026-06-09,New Zealand,4,
2356150,TDU35557,Rejected,2026-04-10 21:57:05,2026-05-22,New Zealand,2,
2356152,TDU27028G,Rejected,2026-04-10 23:37:01,2026-09-15,New Zealand,20,
2356154,TDU27030G,Auto Rejected,2026-04-11 10:32:35,2026-05-26,Australia,20,
2356155,TDU27031G,Created,2026-04-11 11:33:04,2026-12-26,Australia,12,
2356156,TDU27032G,Rejected,2026-04-11 11:54:59,2026-07-22,Australia,69,
2356157,TDU35559,Rejected,2026-04-11 17:30:05,2026-08-08,New Zealand,5,
2356160,TDU35560,Rejected,2026-04-11 21:17:48,2026-07-20,Australia,2,
2356161,TDU35561,Rejected,2026-04-11 21:22:16,2026-07-29,New Zealand,2,
2356163,TDU27035G,Rejected,2026-04-11 22:15:08,2026-08-30,New Zealand,16,
2356164,TDU35563,Rejected,2026-04-11 22:26:14,2026-06-14,Australia,3,
2356165,TDU35564,Rejected,2026-04-11 22:27:49,2026-04-27,Australia,7,
2356166,TDU35565,Rejected,2026-04-11 22:33:57,2026-08-30,New Zealand,8,
2356167,TDU35566,Rejected,2026-04-11 22:34:32,2026-06-02,Australia,6,
2356168,TDU35567,Rejected,2026-04-11 22:44:00,2026-08-30,New Zealand,2,
2356169,TDU35568,Rejected,2026-04-11 22:58:56,2026-08-08,Australia,2,
2356170,TDU35569,Rejected,2026-04-11 22:59:06,2026-06-09,Australia,2,
2356171,TDU35570,Rejected,2026-04-11 23:01:45,2026-08-30,New Zealand,4,
2356172,TDU35571,Rejected,2026-04-11 23:05:08,2026-06-03,Australia,2,
2356173,TDU35572,Rejected,2026-04-11 23:15:55,2026-05-28,Australia,3,
2356174,TDU35573,Rejected,2026-04-11 23:19:45,2026-06-15,New Zealand,4,
2356175,TDU35574,Rejected,2026-04-11 23:33:33,2026-04-27,Australia,7,
2356176,TDU35575,Accepted,2026-04-11 23:45:45,2026-10-10,Australia,2,
2356177,TDU27036G,Rejected,2026-04-11 23:59:15,2026-07-15,New Zealand,80,
2356179,TDU35577,Auto Rejected,2026-04-13 12:50:05,2026-08-02,New Zealand,6,
2356180,TDU35578,Auto Rejected,2026-04-13 13:52:05,2026-07-06,New Zealand,9,
2356181,TDU35579,Rejected After Confrmation QA pending,2026-04-13 16:17:31,2026-09-15,Australia,3,
2356182,TDU35580,Accounts - Reconciliation,2026-04-13 17:48:28,2026-04-21,Australia,5,
2356183,TDU35581,Rejected,2026-04-13 18:01:46,2026-05-18,Australia,3,
2356184,TDU35582,Rejected,2026-04-13 18:45:05,2026-06-12,Australia,5,
2356185,TDU35583,Rejected,2026-04-13 19:03:52,2026-04-20,Australia,2,
2356186,TDU27037G,Auto Rejected,2026-04-13 19:32:14,2026-06-04,Australia,460,
2356187,TDU27038G,Rejected After Confrmation QA pending,2026-04-13 20:46:19,2026-10-03,Australia,28,
2356188,TDU35584,Accounts - Reconciliation,2026-04-13 22:08:41,2026-06-10,Australia,3,
2356190,TDU27040G,Rejected,2026-04-14 11:18:05,2026-11-10,New Zealand,24,
2356191,TDU27041G,PRE QA - pending,2026-04-14 12:37:04,2026-11-05,New Zealand,30,
2356192,TDU27042G,Created,2026-04-14 15:31:45,2027-03-18,Australia,20,
2356193,TDU35585,Accounts - Reconciliation,2026-04-14 15:47:16,2026-04-15,Australia,3,
2356194,TDU27043G,Auto Rejected,2026-04-14 16:35:32,2026-05-21,Australia,13,
2356195,TDU35586,Rejected,2026-04-14 16:40:35,2026-05-16,Australia,5,
2356196,TDU35587,Rejected,2026-04-14 16:51:44,2026-05-24,New Zealand,5,
2356197,TDU35588,Auto Rejected,2026-04-14 17:12:26,2026-04-21,Australia,2,
2356198,TDU35589,Auto Rejected,2026-04-14 18:12:08,2026-05-03,Australia,3,
2356199,TDU35590,Rejected,2026-04-14 18:18:31,2026-05-14,Australia,4,
2356200,TDU35591,Rejected,2026-04-14 18:28:56,2026-05-20,New Zealand,2,
2356201,TDU27044G,Rejected,2026-04-14 18:46:52,2026-06-30,Australia,60,
2356202,TDU35592,Rejected,2026-04-14 20:58:58,2026-12-20,Australia,2,
2356203,TDU35593,Rejected,2026-04-14 21:05:40,2026-12-29,New Zealand,2,
2356204,TDU35594,Rejected,2026-04-14 21:25:19,2026-05-02,New Zealand,2,
2356205,TDU27045G,Auto Rejected,2026-04-15 00:18:13,2026-06-15,New Zealand,80,
2356206,TDU27046G,Accepted,2026-04-15 09:49:12,2026-10-23,New Zealand,15,
2356207,TDU27047G,Created,2026-04-15 09:49:16,2026-10-23,New Zealand,15,
2356209,TDU35595,Rejected,2026-04-15 16:27:33,2026-05-20,Australia,2,
2356210,TDU35596,Rejected,2026-04-15 17:46:00,2026-06-18,New Zealand,4,
2356211,TDU35597,Auto Rejected,2026-04-15 19:17:03,2026-05-26,Australia,6,
2356212,TDU35598,Rejected,2026-04-15 19:52:36,2026-06-05,New Zealand,6,
2356213,TDU35599,Rejected,2026-04-15 20:33:57,2026-05-02,New Zealand,2,
2356214,TDU35600,Rejected,2026-04-15 21:08:21,2026-05-20,Australia,2,
2356215,TDU35601,Rejected,2026-04-15 21:29:58,2026-07-20,New Zealand,2,
2356216,TDU35602,Rejected,2026-04-15 21:40:35,2026-05-01,Australia,2,
2356217,TDU27049G,Rejected,2026-04-15 21:57:37,2026-06-11,Australia,12,
2356218,TDU35603,Accounts - Reconciliation,2026-04-15 22:09:17,2026-05-16,Australia,5,
2356219,TDU35604,Rejected,2026-04-15 22:16:09,2026-06-08,Australia,3,
2356220,TDU35605,Rejected,2026-04-15 22:20:52,2026-05-17,New Zealand,6,
2356221,TDU35606,Created,2026-04-16 09:32:44,2026-12-23,Australia,5,
2356222,TDU35607,Created,2026-04-16 10:00:08,2026-12-22,Australia,5,
2356223,TDU35608,Auto Rejected,2026-04-16 13:10:23,2026-04-17,Australia,4,
2356224,TDU27050G,Auto Rejected,2026-04-16 15:49:20,2026-06-04,Australia,500,
2356225,TDU35609,Auto Rejected,2026-04-16 17:11:50,2026-05-19,Australia,2,
2356226,TDU35610,Rejected,2026-04-16 19:50:25,2026-07-11,Australia,4,
2356227,TDU35611,Rejected,2026-04-16 20:12:30,2026-07-11,Australia,4,
2356228,TDU27051G,Rejected,2026-04-16 20:21:56,2026-06-04,Australia,220,
2356229,TDU35612,Rejected,2026-04-16 20:29:06,2026-09-20,Australia,1,
2356230,TDU35613,Rejected,2026-04-16 20:33:37,2026-05-26,Australia,3,
2356232,TDU35615,Accounts - Reconciliation,2026-04-16 21:45:06,2026-05-14,Australia,5,
2356234,TDU35617,Rejected,2026-04-16 22:13:50,2026-06-27,Australia,4,
2356235,TDU35618,Rejected,2026-04-16 22:26:34,2026-05-30,Australia,4,
2356236,TDU35619,Rejected,2026-04-16 22:52:24,2026-04-27,Australia,2,
2356237,TDU35620,Auto Rejected,2026-04-17 09:14:26,2026-07-01,Australia,7,
2356238,TDU35621,Accounts - Reconciliation,2026-04-17 09:32:12,2026-06-14,Australia,4,
2356239,TDU27052G,Rejected,2026-04-17 16:41:08,2026-11-09,Australia,18,
2356241,TDU35623,Accounts - Reconciliation,2026-04-17 17:34:49,2026-05-07,Australia,2,
2356242,TDU35624,Rejected,2026-04-17 18:27:42,2026-04-27,Australia,5,
2356245,TDU35625,Rejected,2026-04-17 19:42:58,2026-05-25,Australia,2,
2356247,TDU35626,Rejected,2026-04-17 20:14:45,2026-07-01,New Zealand,2,
2356249,TDU35628,Rejected,2026-04-17 20:35:39,2026-11-30,New Zealand,2,
2356250,TDU35629,Rejected,2026-04-17 20:49:26,2026-04-26,New Zealand,2,
2356251,TDU35630,Rejected,2026-04-17 21:34:36,2026-07-05,New Zealand,2,
2356252,TDU35631,Rejected,2026-04-17 22:01:30,2026-07-15,Australia,2,
2356253,TDU35632,Rejected,2026-04-17 22:30:56,2026-06-05,Australia,2,
2356254,TDU35633,Rejected,2026-04-18 15:48:32,2026-11-13,New Zealand,8,
2356255,TDU35634,Rejected,2026-04-18 15:50:07,2026-11-08,Australia,8,
2356256,TDU35635,Rejected,2026-04-18 16:29:15,2026-05-30,Australia,3,
2356258,TDU35637,Accounts - Reconciliation,2026-04-18 16:39:35,2026-05-16,Australia,3,
2356259,TDU35638,Rejected,2026-04-18 16:54:05,2026-12-03,Australia,6,
2356260,TDU35639,Accounts - Reconciliation,2026-04-18 19:00:18,2026-04-22,New Zealand,3,
2356261,TDU35640,Auto Rejected,2026-04-18 19:14:38,2026-05-24,Australia,3,
2356262,TDU35641,Rejected,2026-04-18 19:20:28,2026-06-10,New Zealand,2,
2356263,TDU35642,Rejected,2026-04-18 20:27:19,2026-06-20,Australia,5,
2356264,TDU35643,Rejected,2026-04-18 20:55:53,2026-06-11,Australia,2,
2356265,TDU35644,Accounts - Reconciliation,2026-04-18 21:02:02,2026-06-11,New Zealand,3,
2356266,TDU35645,Auto Rejected,2026-04-18 22:36:22,2026-04-28,New Zealand,8,
2356267,TDU35646,Auto Rejected,2026-04-18 23:29:14,2026-06-08,New Zealand,2,
2356268,TDU27056G,Auto Rejected,2026-04-19 17:16:55,2026-06-05,Australia,69,
2356269,TDU35647,Rejected,2026-04-20 17:33:46,2026-09-29,Australia,7,
2356270,TDU35648,Rejected,2026-04-20 18:16:07,2026-04-25,Australia,2,
2356271,TDU35649,Rejected,2026-04-20 20:01:40,2026-06-13,Australia,2,
2356272,TDU35650,Rejected,2026-04-20 20:36:16,2026-06-06,Australia,2,
2356273,TDU35651,Auto Rejected,2026-04-20 20:41:34,2026-06-02,Australia,3,
2356275,TDU35653,Rejected,2026-04-20 21:10:37,2026-06-06,Australia,2,
2356276,TDU35654,Rejected,2026-04-20 21:30:49,2026-06-21,New Zealand,2,
2356277,TDU35655,Rejected,2026-04-20 22:34:19,2026-06-04,Australia,2,
2356278,TDU35656,Rejected,2026-04-20 23:11:03,2026-07-15,Australia,2,
2356279,TDU35657,Auto Rejected,2026-04-21 08:33:09,2026-07-16,Australia,30,
2356281,TDU35658,Accounts - Reconciliation,2026-04-21 09:56:15,2026-04-21,New Zealand,1,
2356282,TDU35659,Accounts - Reconciliation,2026-04-21 15:54:18,2026-04-26,Australia,2,
2356285,TDU35662,Rejected,2026-04-21 17:10:20,2026-06-15,Australia,3,
2356286,TDU35663,Rejected,2026-04-21 17:47:56,2026-06-15,Australia,3,
2356287,TDU35664,Rejected,2026-04-21 18:06:17,2026-05-07,New Zealand,9,
2356288,TDU35665,Rejected,2026-04-21 18:13:20,2026-05-12,New Zealand,3,
2356289,TDU35666,Auto Rejected,2026-04-21 19:54:06,2026-05-17,Australia,4,
2356291,TDU35668,Rejected,2026-04-21 20:20:46,2026-05-09,Australia,4,
2356292,TDU35669,Rejected,2026-04-21 20:32:18,2026-06-06,New Zealand,10,
2356293,TDU35670,Rejected,2026-04-21 21:25:34,2026-05-31,Australia,2,
2356294,TDU35671,Auto Rejected,2026-04-21 21:36:03,2026-05-28,Australia,3,
2356296,TDU27059G,Rejected,2026-04-22 05:13:10,2026-06-14,New Zealand,24,
2356297,TDU27060G,Rejected,2026-04-22 10:01:56,2026-11-15,New Zealand,19,
2356298,TDU35672,Rejected,2026-04-22 16:24:58,2026-10-31,Australia,3,
2356299,TDU35673,Rejected,2026-04-22 16:42:55,2026-10-23,Australia,9,
2356300,TDU35674,Rejected,2026-04-22 17:30:33,2026-06-01,Australia,2,
2356301,TDU35675,Rejected,2026-04-22 18:12:45,2026-06-02,Australia,2,
2356303,TDU35677,Rejected,2026-04-22 18:26:47,2026-11-06,New Zealand,3,
2356304,TDU35678,Rejected,2026-04-22 20:03:02,2026-05-29,Australia,6,
2356305,TDU35679,Rejected,2026-04-22 20:17:13,2026-05-16,Australia,2,
2356306,TDU35680,Auto Rejected,2026-04-22 22:45:11,2026-05-13,Australia,3,
2356307,TDU27061G,Created,2026-04-23 13:19:48,2026-09-16,Australia,20,
2356309,TDU35682,Rejected,2026-04-23 15:11:10,2026-05-29,Australia,6,
2356310,TDU27062G,Rejected,2026-04-23 15:35:08,2026-05-08,Australia,11,
2356311,TDU27063G,Auto Rejected,2026-04-23 16:37:03,2026-07-01,Australia,20,
2356312,TDU35683,Rejected,2026-04-23 16:41:28,2026-06-16,Australia,4,
2356313,TDU35684,Accounts - Reconciliation,2026-04-23 16:46:42,2026-06-13,Australia,4,
2356314,TDU35685,Auto Rejected,2026-04-23 16:47:26,2026-08-28,Australia,11,
2356315,TDU35686,Auto Rejected,2026-04-23 16:57:21,2026-06-12,Australia,8,
2356316,TDU35687,Rejected,2026-04-23 17:24:54,2026-08-22,Australia,10,
2356317,TDU35688,Rejected,2026-04-23 18:00:14,2026-10-29,New Zealand,2,
2356318,TDU35689,Rejected,2026-04-23 19:51:09,2026-10-20,Australia,2,
2356320,TDU35691,Rejected,2026-04-23 20:35:33,2026-10-04,Australia,8,
2356321,TDU35692,Rejected,2026-04-23 20:44:16,2026-10-15,New Zealand,10,
2356323,TDU35694,Rejected,2026-04-23 21:13:33,2026-06-10,Australia,3,
2356324,TDU35695,Rejected,2026-04-23 21:34:52,2026-05-25,Australia,3,
2356325,TDU35696,Rejected,2026-04-23 21:53:18,2026-05-29,Australia,10,
2356326,TDU27064G,Created,2026-04-24 09:30:03,2027-04-09,Australia,20,
2356327,TDU27065G,Created,2026-04-24 09:42:11,2027-04-09,New Zealand,20,
2356329,TDU35698,Rejected,2026-04-24 18:32:00,2026-06-04,New Zealand,6,
2356331,TDU35700,Auto Rejected,2026-04-24 19:02:11,2026-06-08,New Zealand,2,
2356332,TDU27066G,Auto Rejected,2026-04-24 19:21:46,2026-05-21,Australia,20,
2356333,TDU35701,Rejected,2026-04-24 21:50:02,2026-07-19,Australia,2,
2356334,TDU35702,Rejected,2026-04-24 21:52:07,2026-06-10,New Zealand,4,
2356335,TDU35703,Rejected,2026-04-24 21:53:31,2026-07-19,Australia,1,
2356336,TDU35704,Rejected,2026-04-25 15:20:59,2026-07-01,Australia,2,
2356338,TDU35705,Rejected,2026-04-25 16:46:15,2026-05-13,Australia,5,
2356340,TDU35707,Rejected,2026-04-25 17:14:15,2026-06-25,Australia,3,
2356342,TDU35709,Rejected,2026-04-25 17:37:08,2026-05-24,New Zealand,8,
2356344,TDU27068G,Rejected,2026-04-25 17:42:39,2026-06-15,Australia,18,
2356345,TDU35711,Rejected,2026-04-25 17:51:00,2026-06-07,Australia,4,
2356346,TDU35712,Accounts - Reconciliation,2026-04-25 18:14:05,2026-05-28,Australia,2,
2356348,TDU35714,Rejected,2026-04-25 18:40:09,2026-05-16,Australia,10,
2356349,TDU35715,Rejected,2026-04-25 19:11:13,2026-06-03,Australia,3,
2356350,TDU27069G,Auto Rejected,2026-04-26 16:55:00,2026-05-20,Australia,20,
2356354,TDU27072G,Created,2026-04-27 09:18:11,2026-10-08,New Zealand,20,
2356355,TDU35717,Auto Rejected,2026-04-27 09:45:32,2026-07-06,Australia,4,
2356356,TDU27073G,Created,2026-04-27 10:57:20,2026-08-21,Australia,20,
2356357,TDU27074G,Created,2026-04-27 12:11:05,2026-12-28,New Zealand,20,
2356360,TDU35718,Rejected,2026-04-27 16:35:00,2026-06-13,Australia,3,
2356361,TDU35719,Rejected,2026-04-27 16:37:46,2026-05-16,Australia,10,
2356362,TDU35720,Rejected,2026-04-27 17:44:05,2026-04-29,Australia,2,
2356363,TDU35721,Rejected,2026-04-27 18:08:03,2026-09-20,New Zealand,2,
2356365,TDU35723,Rejected,2026-04-27 18:42:30,2026-06-05,New Zealand,2,
2356366,TDU35724,Rejected,2026-04-27 20:25:34,2026-06-18,Australia,2,
2356367,TDU35725,Rejected,2026-04-27 20:49:34,2026-05-31,Australia,2,
2356368,TDU35726,Rejected After Confrmation QA pending,2026-04-27 21:17:16,2026-05-31,Australia,2,
2356369,TDU35727,Accounts - Reconciliation,2026-04-27 21:39:59,2026-07-13,Australia,3,
2356370,TDU35728,Rejected,2026-04-27 22:27:32,2026-06-18,New Zealand,8,
2356373,TDU35731,Rejected,2026-04-27 23:19:56,2026-10-15,New Zealand,5,
2356374,TDU27077G,Auto Rejected,2026-04-28 10:23:16,2026-05-23,Australia,11,
2356375,TDU27078G,Auto Rejected,2026-04-28 10:31:53,2026-06-01,New Zealand,11,
2356378,TDU27081G,Auto Rejected,2026-04-28 13:05:22,2026-06-02,Australia,13,
2356381,TDU35732,Rejected,2026-04-28 16:09:17,2026-06-01,Australia,8,
2356382,TDU35733,Rejected,2026-04-28 16:36:17,2026-05-31,New Zealand,6,
2356383,TDU35734,Rejected,2026-04-28 17:10:28,2026-06-22,Australia,8,
2356384,TDU35735,Rejected,2026-04-28 17:53:20,2026-06-22,Australia,8,
2356385,TDU35736,Rejected,2026-04-28 18:18:51,2026-05-17,New Zealand,3,
2356387,TDU35737,Accounts - Reconciliation,2026-04-28 18:57:37,2026-05-08,Australia,7,
2356388,TDU35738,Auto Rejected,2026-04-28 21:57:13,2026-05-26,Australia,10,
2356389,TDU27085G,Accounts - Reconciliation,2026-04-29 12:11:51,2026-08-02,Australia,45,
2356390,TDU27086G,Auto Rejected,2026-04-29 12:21:21,2026-06-15,New Zealand,20,
2356393,TDU35739,Rejected,2026-04-29 16:21:06,2026-06-17,Australia,4,
2356395,TDU35741,Rejected,2026-04-29 18:51:32,2026-06-20,New Zealand,3,
2356396,TDU35742,Auto Rejected,2026-04-29 20:24:33,2026-05-17,Australia,7,
2356397,TDU35743,Rejected,2026-04-29 21:06:02,2026-06-20,Australia,3,
2356398,TDU35744,Rejected,2026-04-29 22:28:48,2026-06-05,New Zealand,2,
2356399,TDU35745,Rejected,2026-04-29 22:41:57,2026-05-16,Australia,10,
2356400,TDU27089G,Auto Rejected,2026-04-30 10:47:20,2026-06-11,Australia,11,
2356402,TDU27091G,Auto Rejected,2026-04-30 13:02:52,2026-11-15,New Zealand,16,
2356403,TDU27092G,Auto Rejected,2026-04-30 13:38:30,2026-06-05,Australia,24,
2356404,TDU27093G,Auto Rejected,2026-04-30 14:07:27,2026-06-14,New Zealand,24,
2356405,TDU35746,Rejected,2026-04-30 15:57:08,2026-06-16,Australia,8,
2356406,TDU35747,Rejected,2026-04-30 16:06:22,2026-08-02,Australia,4,
2356407,TDU35748,Rejected,2026-04-30 16:53:53,2026-06-15,New Zealand,4,
2356409,TDU35749,Accounts - Reconciliation,2026-04-30 19:27:48,2026-05-20,Australia,2,
2356411,TDU35751,Rejected,2026-04-30 19:58:22,2026-07-10,Australia,4,
2356412,TDU35752,Rejected,2026-04-30 20:38:16,2026-05-18,Australia,2,
2356413,TDU35753,Rejected,2026-04-30 20:38:54,2026-05-15,New Zealand,2,
2356414,TDU35754,Rejected,2026-04-30 20:59:49,2026-07-13,Australia,2,
2356415,TDU35755,Rejected,2026-04-30 21:15:31,2026-08-04,Australia,4,
2356416,TDU35756,Rejected,2026-04-30 21:47:12,2026-05-28,Australia,3,
2356417,TDU35757,Rejected,2026-04-30 22:08:54,2026-05-15,Australia,5,
2356418,TDU35758,Rejected,2026-04-30 22:25:00,2026-06-22,Australia,2,
2356419,TDU35759,Auto Rejected,2026-04-30 22:26:18,2026-05-31,Australia,4,
2356420,TDU35760,Rejected,2026-04-30 22:33:31,2026-05-23,Australia,4,
2356421,TDU35761,Rejected,2026-04-30 23:03:01,2026-06-11,New Zealand,6,
2356422,TDU35762,Auto Rejected,2026-05-01 10:37:38,2026-07-01,Australia,7,
2356423,TDU35763,Auto Rejected,2026-05-01 10:42:18,2026-07-01,Australia,7,
2356424,TDU27095G,Rejected,2026-05-01 12:15:33,2026-11-18,New Zealand,50,
2356425,TDU27096G,Rejected,2026-05-01 12:36:37,2026-08-19,Australia,16,
2356428,TDU35764,Rejected,2026-05-02 15:13:32,2026-05-28,Australia,6,
2356430,TDU35766,Rejected,2026-05-02 15:18:29,2026-05-22,Australia,10,
2356432,TDU35768,Rejected,2026-05-02 15:29:11,2026-06-03,New Zealand,6,
2356437,TDU35773,Rejected,2026-05-02 17:50:13,2026-05-17,Australia,4,
2356438,TDU35774,Accounts - Reconciliation,2026-05-02 20:31:49,2026-06-08,Australia,4,
2356439,TDU35775,Rejected,2026-05-02 21:30:35,2026-06-09,Australia,2,
2356440,TDU35776,Rejected,2026-05-02 22:11:21,2026-05-16,New Zealand,8,
2356442,TDU35777,Auto Rejected,2026-05-04 12:12:31,2026-07-20,Australia,6,
2356443,TDU27100G,Rejected,2026-05-04 12:16:04,2026-06-22,New Zealand,90,
2356451,TDU27105G,Accepted,2026-05-04 17:23:07,2026-05-31,New Zealand,18,
2356452,TDU35781,Accounts - Reconciliation,2026-05-04 18:35:39,2026-06-22,Australia,2,
2356453,TDU35782,Accounts - Reconciliation,2026-05-04 19:49:14,2026-05-26,Australia,3,
2356454,TDU35783,Rejected,2026-05-04 19:51:13,2026-06-13,Australia,8,
2356455,TDU35784,Rejected,2026-05-04 19:58:28,2026-09-21,Australia,6,
2356457,TDU35786,Auto Rejected,2026-05-04 20:14:18,2026-07-03,Australia,2,
2356459,TDU35788,Rejected,2026-05-04 20:32:23,2026-08-12,Australia,2,
2356460,TDU35789,Accounts - Reconciliation,2026-05-04 20:37:52,2026-07-15,Australia,3,
2356462,TDU35791,Rejected,2026-05-04 21:03:28,2026-06-20,New Zealand,6,
2356463,TDU35792,Rejected,2026-05-04 21:04:57,2026-05-22,Australia,7,
2356465,TDU35793,Rejected,2026-05-04 21:39:27,2026-06-10,Australia,4,
2356466,TDU35794,Rejected,2026-05-04 21:44:08,2026-05-30,New Zealand,4,
2356470,TDU35798,Rejected,2026-05-04 22:36:15,2026-06-09,Australia,4,
2356472,TDU35800,Rejected,2026-05-04 22:55:03,2026-11-05,New Zealand,10,
2356473,TDU35801,Rejected,2026-05-04 23:43:35,2026-05-27,New Zealand,8,
2356474,TDU27107G,Auto Rejected,2026-05-05 15:23:36,2026-06-05,Australia,16,
2356475,TDU27108G,Auto Rejected,2026-05-05 15:44:17,2026-06-25,New Zealand,223,
2356476,TDU35802,Rejected,2026-05-05 16:50:15,2026-06-21,Australia,5,
2356477,TDU35803,Rejected,2026-05-05 17:52:20,2026-06-01,New Zealand,4,
2356478,TDU35804,Rejected,2026-05-05 18:31:27,2026-06-09,Australia,4,
2356479,TDU35805,Rejected,2026-05-05 21:49:33,2026-06-06,New Zealand,7,
2356480,TDU35806,Rejected,2026-05-05 22:09:24,2026-05-12,Australia,1,
2356482,TDU35807,Auto Rejected,2026-05-06 09:59:29,2026-06-09,Australia,3,
2356483,TDU27110G,Created,2026-05-06 10:14:39,2027-07-01,Australia,20,
2356485,TDU27112G,Auto Rejected,2026-05-06 11:03:29,2026-06-25,New Zealand,223,
2356489,TDU27116G,Rejected,2026-05-06 15:06:04,2026-10-01,New Zealand,38,
2356490,TDU35808,Auto Rejected,2026-05-06 15:53:53,2026-05-14,Australia,7,
2356491,TDU35809,Rejected,2026-05-06 17:04:51,2026-05-24,New Zealand,7,
2356492,TDU35810,Rejected,2026-05-06 17:33:41,2026-06-17,New Zealand,6,
2356495,TDU35813,Rejected,2026-05-06 21:44:58,2026-06-03,Australia,2,
2356497,TDU35815,Rejected,2026-05-06 22:18:55,2026-05-25,Australia,4,
2356498,TDU35816,Rejected,2026-05-06 22:19:33,2026-05-25,Australia,4,
2356502,TDU35820,Rejected,2026-05-06 22:47:01,2026-06-19,Australia,7,
2356503,TDU35821,Rejected,2026-05-06 22:54:58,2026-06-03,New Zealand,4,
2356504,TDU35822,Rejected,2026-05-06 23:08:25,2026-05-31,New Zealand,1,
2356505,TDU35823,Rejected,2026-05-06 23:18:44,2026-05-14,Australia,3,
2356507,TDU27118G,Accounts - Reconciliation,2026-05-07 09:34:05,2026-05-17,Australia,35,
2356508,TDU35824,Rejected,2026-05-07 15:56:58,2026-05-17,Australia,2,
2356509,TDU35825,Rejected After Confrmation QA pending,2026-05-07 16:25:57,2026-08-21,Australia,2,
2356510,TDU35826,Rejected,2026-05-07 16:49:42,2026-07-01,Australia,1,
2356512,TDU35828,Rejected,2026-05-07 17:50:13,2026-06-22,Australia,3,
2356513,TDU35829,Rejected,2026-05-07 20:32:22,2026-06-25,Australia,2,
2356514,TDU35830,Auto Rejected,2026-05-07 20:56:08,2026-05-08,New Zealand,7,
2356515,TDU35831,Rejected,2026-05-07 21:16:42,2026-07-17,Australia,2,
2356517,TDU35833,Rejected,2026-05-07 22:30:36,2026-07-05,Australia,2,
2356519,TDU35834,Rejected,2026-05-07 22:56:35,2026-05-12,Australia,2,
2356520,TDU35835,Auto Rejected,2026-05-07 23:15:57,2026-05-14,Australia,3,
2356521,TDU35836,Auto Rejected,2026-05-07 23:18:02,2026-05-12,Australia,2,
2356522,TDU27120G,Rejected,2026-05-07 23:24:17,2026-11-15,New Zealand,22,
2356523,TDU35837,Auto Rejected,2026-05-08 10:26:49,2026-06-14,Australia,4,
2356525,TDU27122G,Rejected,2026-05-08 17:10:39,2026-06-10,Australia,12,
2356526,TDU35838,Rejected,2026-05-08 20:42:55,2026-06-01,Australia,3,
2356527,TDU35839,Rejected,2026-05-08 20:50:14,2026-06-01,Australia,3,
2356528,TDU35840,Rejected,2026-05-08 21:11:20,2026-07-15,New Zealand,2,
2356530,TDU35841,Rejected,2026-05-08 22:42:05,2026-06-16,New Zealand,2,
2356531,TDU35842,Rejected,2026-05-09 16:50:42,2026-06-01,Australia,3,
2356532,TDU35843,Rejected,2026-05-09 16:50:55,2026-09-15,Australia,2,
2356533,TDU35844,Rejected,2026-05-09 17:00:27,2026-06-06,Australia,4,
2356534,TDU35845,Rejected,2026-05-09 17:06:03,2026-05-27,Australia,9,
2356536,TDU35847,Rejected,2026-05-09 17:18:28,2026-06-10,Australia,8,
2356537,TDU35848,Accounts - Reconciliation,2026-05-09 19:07:17,2026-06-21,New Zealand,4,
2356539,TDU27124G,Auto Rejected,2026-05-09 19:56:57,2026-06-22,Australia,12,
2356540,TDU35850,Rejected,2026-05-09 20:29:32,2026-05-20,Australia,4,
2356543,TDU35853,Rejected,2026-05-09 21:18:18,2026-06-10,Australia,4,
2356544,TDU35854,Rejected,2026-05-09 21:20:22,2026-06-16,New Zealand,4,
2356547,TDU35857,Auto Rejected,2026-05-09 21:55:24,2026-06-13,Australia,9,
2356548,TDU35858,Accounts - Reconciliation,2026-05-09 22:01:09,2026-06-09,New Zealand,7,
2356549,TDU35859,Rejected,2026-05-09 22:13:04,2026-06-01,Australia,7,
2356550,TDU35860,Rejected,2026-05-09 22:54:15,2026-06-01,Australia,7,
2356551,TDU35861,Rejected,2026-05-09 22:57:47,2026-06-01,Australia,7,
2356552,TDU35862,Rejected,2026-05-09 23:09:11,2026-06-01,Australia,7,
2356553,TDU35863,Rejected,2026-05-09 23:18:59,2026-06-01,Australia,7,
2356554,TDU35864,Rejected,2026-05-09 23:22:10,2026-06-01,Australia,7,
2356555,TDU35865,Accounts - Reconciliation,2026-05-10 11:31:05,2026-05-15,Australia,1,
2356559,TDU27128G,Auto Rejected,2026-05-11 13:28:19,2026-06-07,Australia,48,
2356560,TDU27129G,Auto Rejected,2026-05-11 13:45:29,2026-06-15,Australia,16,
2356561,TDU27130G,Rejected,2026-05-11 14:10:57,2026-06-16,Australia,20,
2356562,TDU27131G,Auto Rejected,2026-05-11 14:20:05,2026-06-16,Australia,20,
2356563,TDU35866,Auto Rejected,2026-05-11 15:39:57,2026-05-24,New Zealand,14,
2356564,TDU27132G,Auto Rejected,2026-05-11 15:39:57,2026-05-24,New Zealand,14,
2356565,TDU27133G,Auto Rejected,2026-05-11 16:49:20,2026-05-14,Australia,13,
2356566,TDU35867,Accounts - Reconciliation,2026-05-11 17:20:25,2026-05-26,New Zealand,3,
2356567,TDU35868,Auto Rejected,2026-05-11 18:18:09,2026-05-27,Australia,4,
2356568,TDU35869,Rejected,2026-05-11 18:36:14,2026-08-01,Australia,2,
2356569,TDU35870,Accounts - Reconciliation,2026-05-11 20:10:12,2026-06-21,New Zealand,6,
2356571,TDU35872,Rejected,2026-05-11 22:07:07,2026-09-05,New Zealand,6,
2356572,TDU35873,Accepted,2026-05-11 22:56:23,2026-12-04,Australia,2,
2356574,TDU35874,Created,2026-05-12 09:28:58,2027-03-10,Australia,2,
2356575,TDU35875,Auto Rejected,2026-05-12 09:57:16,2026-06-30,Australia,4,
2356579,TDU27138G,On Ground,2026-05-12 18:17:57,2026-05-23,Australia,13,
2356580,TDU35876,Rejected,2026-05-12 21:17:27,2026-07-02,Australia,3,
2356581,TDU35877,Rejected,2026-05-12 22:17:01,2026-07-03,Australia,3,
2356582,TDU35878,Rejected,2026-05-12 22:32:23,2026-06-05,Australia,2,
2356583,TDU35879,Rejected,2026-05-12 22:44:57,2026-09-15,Australia,7,
2356584,TDU27139G,Auto Rejected,2026-05-13 11:49:45,2026-09-03,Australia,20,
2356586,TDU35880,Rejected,2026-05-13 15:35:20,2026-05-21,New Zealand,2,
2356587,TDU35881,Rejected,2026-05-13 16:19:19,2026-08-01,Australia,2,
2356588,TDU35882,Rejected,2026-05-13 17:06:40,2026-06-29,Australia,3,
2356590,TDU35884,Rejected,2026-05-13 21:01:24,2026-07-03,Australia,6,
2356592,TDU35886,Rejected,2026-05-13 21:26:34,2026-06-05,Australia,2,
2356593,TDU35887,Rejected,2026-05-13 21:29:37,2026-07-04,Australia,3,
2356594,TDU35888,Rejected,2026-05-13 21:50:39,2026-07-15,Australia,2,
2356596,TDU35890,Rejected,2026-05-13 21:55:44,2026-07-15,Australia,2,
2356597,TDU35891,Rejected,2026-05-13 22:25:55,2026-07-01,Australia,2,
2356599,TDU35893,Rejected,2026-05-13 22:37:48,2026-07-06,New Zealand,2,
2356602,TDU35895,Rejected,2026-05-14 20:56:01,2026-08-29,Australia,2,
2356604,TDU35896,Rejected,2026-05-14 21:43:54,2026-06-24,New Zealand,6,
2356605,TDU35897,Rejected,2026-05-14 22:14:08,2026-10-21,Australia,5,
2356606,TDU27143G,Accepted,2026-05-14 22:37:10,2026-08-18,Australia,11,
2356607,TDU35898,Rejected,2026-05-14 23:30:11,2026-06-29,Australia,4,
2356608,TDU35899,Rejected,2026-05-15 18:15:57,2026-05-26,Australia,3,
2356610,TDU35901,Accounts - Reconciliation,2026-05-15 18:40:11,2026-06-04,Australia,6,
2356611,TDU35902,Accepted,2026-05-15 18:58:26,2026-10-20,Australia,4,
2356613,TDU35904,Accepted,2026-05-15 20:02:46,2027-06-10,Australia,4,
2356614,TDU35905,Rejected,2026-05-15 20:13:51,2026-07-24,Australia,4,
2356615,TDU35906,Rejected,2026-05-15 20:13:51,2026-10-05,Australia,5,
2356617,TDU35908,Rejected,2026-05-15 20:30:33,2026-05-23,Australia,4,
2356618,TDU35909,Rejected,2026-05-15 20:40:29,2026-06-12,Australia,4,
2356619,TDU35910,Rejected,2026-05-15 21:03:37,2026-06-10,Australia,3,
2356626,TDU35913,Rejected,2026-05-16 19:45:31,2026-06-23,Australia,2,
2356627,TDU35914,Rejected,2026-05-16 20:04:50,2026-05-24,New Zealand,2,
2356628,TDU35915,Accepted,2026-05-16 20:18:20,2026-05-24,New Zealand,2,
2356629,TDU35916,Accounts - Reconciliation,2026-05-16 21:30:51,2026-06-20,New Zealand,3,
2356630,TDU35917,Rejected,2026-05-16 22:08:53,2026-07-10,Australia,2,
2356631,TDU35918,Rejected,2026-05-16 22:47:25,2026-07-01,New Zealand,3,
2356632,TDU35919,Rejected,2026-05-16 22:53:20,2026-06-20,Australia,4,
2356633,TDU35920,On Ground,2026-05-18 13:09:10,2026-04-28,Australia,2,
2356634,TDU35921,Rejected,2026-05-18 15:12:09,2026-09-01,New Zealand,10,
2356635,TDU35922,Rejected,2026-05-18 16:25:54,2026-06-06,Australia,3,
2356636,TDU35923,Accounts - Reconciliation,2026-05-18 17:13:11,2026-05-23,New Zealand,4,
2356637,TDU35924,Rejected,2026-05-18 18:53:42,2026-08-09,New Zealand,2,
2356638,TDU35925,Rejected,2026-05-18 19:28:50,2026-07-01,Australia,5,
2356639,TDU35926,Rejected,2026-05-18 19:34:30,2026-08-08,Australia,9,
2356640,TDU35927,Rejected,2026-05-18 20:08:04,2026-07-15,New Zealand,4,
2356641,TDU35928,Rejected,2026-05-18 20:12:37,2026-10-18,Australia,3,
2356642,TDU35929,Accounts - Reconciliation,2026-05-18 20:32:56,2026-05-26,Australia,5,
2356643,TDU35930,Accounts - Reconciliation,2026-05-18 20:57:34,2026-05-23,New Zealand,2,
2356644,TDU35931,Accounts - Reconciliation,2026-05-18 22:07:53,2026-06-15,New Zealand,2,
2356645,TDU35932,Rejected,2026-05-18 22:48:46,2026-05-21,Australia,4,
2356649,TDU35933,Auto Rejected,2026-05-19 15:39:41,2026-06-06,Australia,4,
2356650,TDU35934,Rejected,2026-05-19 17:57:06,2026-09-16,New Zealand,2,
2356652,TDU35936,Created,2026-05-19 21:21:08,2027-03-08,Australia,2,
2356653,TDU35937,Auto Rejected,2026-05-19 21:29:25,2026-08-17,Australia,2,
2356658,TDU35941,Rejected,2026-05-20 17:35:42,2026-06-20,New Zealand,2,
2356659,TDU35942,Rejected,2026-05-20 18:08:10,2026-09-24,Australia,5,
2356660,TDU35943,Rejected,2026-05-20 19:23:08,2026-06-25,Australia,1,
2356661,TDU35944,Rejected,2026-05-20 21:05:27,2026-07-15,Australia,3,
2356662,TDU35945,Rejected,2026-05-20 21:14:17,2026-07-24,New Zealand,3,
2356663,TDU27152G,Rejected,2026-05-20 21:24:14,2026-06-11,Australia,12,
2356665,TDU35947,Rejected,2026-05-21 15:55:49,2026-06-05,New Zealand,10,
2356666,TDU35948,Rejected,2026-05-21 16:22:49,2026-07-11,New Zealand,5,
2356667,TDU35949,Rejected,2026-05-21 16:33:30,2026-07-17,New Zealand,2,
2356668,TDU35950,Auto Rejected,2026-05-21 16:41:53,2026-05-24,New Zealand,2,
2356669,TDU35951,Rejected,2026-05-21 17:03:14,2026-05-29,Australia,7,
2356670,TDU35952,Rejected,2026-05-21 17:26:17,2026-07-20,Australia,2,
2356672,TDU27153G,Auto Rejected,2026-05-21 17:44:33,2026-06-25,New Zealand,223,
2356673,TDU35954,Rejected,2026-05-21 18:35:44,2026-06-11,Australia,1,
2356674,TDU35955,Rejected,2026-05-21 19:00:16,2026-11-01,Australia,2,
2356675,TDU35956,Rejected,2026-05-21 20:20:28,2026-07-16,New Zealand,4,
2356676,TDU35957,Rejected,2026-05-21 20:51:12,2026-07-16,New Zealand,4,
2356677,TDU35958,On Ground,2026-05-21 23:10:29,2026-06-16,New Zealand,2,
2356678,TDU27154G,Rejected,2026-05-22 13:00:50,2026-08-15,Australia,80,
2356681,TDU35960,Rejected,2026-05-22 17:14:25,2026-07-11,New Zealand,5,
2356682,TDU35961,Rejected,2026-05-22 17:50:40,2026-07-10,Australia,2,
2356683,TDU35962,Rejected,2026-05-22 18:35:23,2026-10-31,Australia,3,
2356688,TDU35966,Rejected,2026-05-22 20:53:11,2026-06-02,Australia,4,
2356689,TDU35967,Rejected,2026-05-22 21:23:43,2026-06-12,Australia,2,
2356690,TDU35968,Auto Rejected,2026-05-22 22:45:44,2026-05-28,Australia,7,
2356691,TDU35969,Rejected,2026-05-22 22:56:02,2026-06-19,Australia,10,
2356692,TDU35970,Accepted,2026-05-22 23:23:46,2026-07-13,New Zealand,2,
2356702,TDU35972,Auto Rejected,2026-05-24 17:00:12,2026-08-01,New Zealand,3,
2356704,TDU27166G,Created,2026-05-24 17:15:20,2026-09-01,Australia,20,
2356706,TDU27168G,Auto Rejected,2026-05-25 11:47:43,2026-11-11,New Zealand,20,
2356707,TDU35973,Rejected,2026-05-25 15:33:50,2026-09-04,Australia,3,
2356708,TDU35974,Rejected,2026-05-25 17:04:44,2026-10-24,New Zealand,2,
2356711,TDU35976,Rejected,2026-05-26 13:20:46,2026-08-10,Australia,2,
2356712,TDU27170G,Rejected,2026-05-26 14:07:02,2026-08-01,Australia,110,
2356714,TDU35977,Rejected,2026-05-26 16:02:57,2026-06-21,Australia,5,
2356715,TDU35978,Auto Rejected,2026-05-26 16:08:41,2026-06-27,New Zealand,5,
2356717,TDU35980,Rejected,2026-05-26 18:18:29,2026-09-20,Australia,3,
2356718,TDU35981,Rejected,2026-05-26 18:46:02,2026-10-17,New Zealand,8,
2356719,TDU35982,Auto Rejected,2026-05-26 20:33:25,2027-02-01,New Zealand,34,
2356720,TDU35983,Rejected,2026-05-26 22:00:55,2026-07-17,Australia,2,
2356721,TDU35984,Auto Rejected,2026-05-27 13:21:30,2026-07-22,Australia,2,
2356722,TDU35985,Created,2026-05-27 13:40:05,2026-12-27,Australia,5,
2356725,TDU35988,Rejected,2026-05-27 19:01:38,2026-06-10,New Zealand,2,
2356728,TDU35991,Rejected,2026-05-27 22:40:56,2026-08-02,Australia,4,
2356729,TDU35992,Rejected,2026-05-27 23:06:14,2026-06-13,Australia,6,
2356730,TDU35993,Auto Rejected,2026-05-27 23:17:02,2026-05-30,Australia,4,
2356731,TDU27172G,Created,2026-05-28 10:32:34,2027-05-02,Australia,20,
2356732,TDU27173G,Created,2026-05-28 10:44:11,2027-05-02,Australia,20,
2356733,TDU27174G,Created,2026-05-28 10:52:01,2027-05-02,Australia,20,
2356734,TDU27175G,Created,2026-05-28 11:27:29,2027-03-15,Australia,20,
2356735,TDU35994,Accounts - Reconciliation,2026-05-28 14:39:52,2026-06-11,Australia,7,
2356737,TDU35995,Accounts - Reconciliation,2026-05-28 16:23:55,2026-06-21,New Zealand,3,
2356738,TDU35996,Rejected,2026-05-28 16:40:12,2026-07-09,Australia,2,
2356739,TDU35997,Rejected,2026-05-28 17:44:18,2026-08-26,Australia,2,
2356741,TDU35999,Rejected,2026-05-28 20:16:49,2026-06-07,Australia,2,
2356745,TDU27178G,Accepted,2026-05-29 11:23:48,2026-11-12,New Zealand,36,
2356746,TDU36002,Accounts - Reconciliation,2026-05-29 13:24:14,2026-08-03,Australia,5,
2356747,TDU27179G,Accepted,2026-05-29 13:41:58,2026-11-05,Australia,36,
2356748,TDU36003,Accounts - Reconciliation,2026-05-29 15:49:51,2026-06-06,Australia,4,
2356749,TDU36004,Accounts - Reconciliation,2026-05-29 15:56:06,2026-06-08,Australia,5,
2356751,TDU36006,Rejected,2026-05-29 19:16:23,2026-07-11,New Zealand,4,
2356754,TDU36009,Rejected,2026-05-29 23:08:54,2026-08-15,New Zealand,2,
2356755,TDU36010,Rejected,2026-05-29 23:21:10,2026-08-20,Australia,4,
2356756,TDU36011,Rejected,2026-05-29 23:26:08,2026-07-10,Australia,2,
2356757,TDU27180G,Auto Rejected,2026-05-30 08:14:40,2026-08-06,Australia,20,
2356758,TDU27181G,Auto Rejected,2026-05-30 12:13:09,2026-07-22,New Zealand,80,
2356759,TDU27182G,Rejected,2026-05-30 13:39:35,2026-08-01,Australia,100,
2356764,TDU36015,Rejected,2026-05-30 14:47:31,2026-09-03,Australia,6,
2356766,TDU36017,Rejected,2026-05-30 15:45:37,2026-07-15,New Zealand,2,
2356767,TDU36018,Rejected,2026-05-30 17:05:47,2026-09-25,Australia,3,
2356768,TDU27184G,Rejected,2026-05-30 17:21:04,2026-08-01,Australia,100,
2356771,TDU36019,Rejected,2026-05-30 18:17:28,2026-06-07,Australia,3,
2356774,TDU36022,Rejected,2026-05-30 22:05:44,2026-10-12,Australia,3,
2356776,TDU36024,Rejected,2026-05-30 22:24:40,2026-11-27,Australia,2,
2356779,TDU36026,Accounts - Reconciliation,2026-06-01 10:10:19,2026-06-12,Australia,6,
2356780,TDU36027,Created,2026-06-01 12:22:50,2026-10-23,Australia,2,
2356782,TDU36028,Accounts - Reconciliation,2026-06-01 16:22:46,2026-07-05,Australia,3,
2356783,TDU27189G,Created,2026-06-01 17:49:50,2026-10-11,Australia,15,
2356784,TDU36029,Auto Rejected,2026-06-01 19:44:46,2026-07-01,Australia,12,
2356785,TDU36030,Rejected,2026-06-01 20:16:30,2026-06-09,New Zealand,2,
2356786,TDU36031,Rejected After Confrmation QA pending,2026-06-01 20:39:12,2026-06-12,Australia,6,
2356787,TDU36032,Rejected,2026-06-01 20:49:09,2026-07-15,New Zealand,2,
2356788,TDU36033,Rejected,2026-06-01 21:25:56,2026-07-10,Australia,2,
2356789,TDU36034,Rejected,2026-06-01 21:31:38,2026-06-24,Australia,4,
2356790,TDU36035,Rejected,2026-06-02 15:02:37,2026-07-15,Australia,4,
2356791,TDU36036,Rejected,2026-06-02 16:12:52,2026-06-11,New Zealand,4,
2356793,TDU36038,Rejected,2026-06-02 16:51:04,2026-06-14,Australia,3,
2356795,TDU36040,Rejected,2026-06-02 17:43:29,2026-06-13,Australia,4,
2356797,TDU36041,Rejected,2026-06-02 20:17:12,2026-06-17,Australia,5,
2356798,TDU36042,On Ground,2026-06-02 21:36:48,2026-06-03,Australia,3,
2356802,TDU36043,Auto Rejected,2026-06-03 10:11:12,2026-07-19,Australia,2,
2356804,TDU27195G,Auto Rejected,2026-06-03 11:10:03,2026-08-18,Australia,55,
2356807,TDU36045,Accounts - Reconciliation,2026-06-03 14:54:57,2026-06-10,Australia,2,
2356810,TDU36047,Accounts - Reconciliation,2026-06-03 15:13:37,2026-07-29,Australia,1,
2356813,TDU36049,Rejected,2026-06-03 16:17:14,2026-06-26,Australia,4,
2356817,TDU36051,Rejected,2026-06-03 20:39:13,2026-10-10,Australia,8,
2356820,TDU36054,Auto Rejected,2026-06-03 21:39:11,2026-06-21,Australia,6,
2356821,TDU36055,Auto Rejected,2026-06-03 21:45:26,2026-06-21,Australia,8,
2356822,TDU36056,Created,2026-06-04 09:25:43,2026-12-21,Australia,4,
2356827,TDU36058,Rejected,2026-06-04 17:30:20,2026-10-16,New Zealand,8,
2356829,TDU36060,Rejected,2026-06-04 18:37:06,2026-06-06,Australia,4,
2356830,TDU27204G,Rejected,2026-06-04 18:46:33,2027-02-21,New Zealand,40,
2356836,TDU36063,Created,2026-06-05 10:03:35,2026-09-18,New Zealand,8,
2356837,TDU27208G,Created,2026-06-05 10:43:22,2026-10-06,New Zealand,20,
2356838,TDU36064,Auto Rejected,2026-06-05 11:06:29,2026-07-21,Australia,2,
2356842,TDU36066,Rejected,2026-06-05 14:59:54,2026-07-10,Australia,4,
2356843,TDU36067,Accounts - Reconciliation,2026-06-05 15:10:09,2026-06-26,Australia,5,
2356844,TDU36068,Rejected,2026-06-05 15:17:51,2026-06-18,Australia,3,
2356845,TDU36069,Rejected,2026-06-05 16:07:34,2026-06-23,Australia,10,
2356846,TDU36070,Rejected,2026-06-05 16:21:38,2026-06-29,New Zealand,10,
2356847,TDU36071,On Ground,2026-06-05 16:44:51,2026-06-17,Australia,3,
2356848,TDU27211G,Auto Rejected,2026-06-05 16:57:32,2026-06-16,New Zealand,12,
2356849,TDU36072,Rejected,2026-06-05 17:04:47,2026-08-21,New Zealand,2,
2356852,TDU36075,Auto Rejected,2026-06-05 19:47:50,2026-06-21,Australia,8,
2356854,TDU36076,Rejected,2026-06-05 22:26:34,2026-06-09,New Zealand,4,
2356855,TDU36077,Rejected,2026-06-06 14:40:43,2026-07-03,Australia,3,
2356862,TDU36084,Rejected,2026-06-06 17:33:43,2026-07-06,Australia,2,
2356866,TDU36088,Rejected,2026-06-06 20:50:02,2026-06-18,Australia,3,
2356867,TDU36089,Rejected,2026-06-06 21:59:20,2026-07-24,New Zealand,4,
2356872,TDU36090,Final QA,2026-06-08 18:22:13,2026-09-05,Australia,2,
2356873,TDU36091,Rejected,2026-06-08 18:34:59,2026-06-28,Australia,2,
2356875,TDU36093,Rejected,2026-06-08 19:52:16,2026-07-01,Australia,2,
2356881,TDU27220G,Created,2026-06-09 13:49:45,2027-03-01,Australia,20,
2356882,TDU36096,Rejected,2026-06-09 15:32:26,2026-08-25,Australia,2,
2356883,TDU36097,Auto Rejected,2026-06-09 15:54:40,2026-06-20,New Zealand,9,
2356885,TDU36099,Rejected,2026-06-09 17:27:35,2026-07-23,New Zealand,2,
2356886,TDU36100,Rejected,2026-06-09 17:57:53,2026-12-20,New Zealand,4,
2356894,TDU36108,Rejected,2026-06-10 15:56:22,2026-06-26,Australia,5,
2356896,TDU36110,Accounts - Reconciliation,2026-06-10 17:25:44,2026-07-25,New Zealand,2,
2356898,TDU36112,Rejected,2026-06-10 20:03:59,2026-07-16,Australia,2,
2356901,TDU36115,Rejected,2026-06-10 21:48:56,2026-06-28,Australia,2,
2356904,TDU27221G,PRE QA - pending,2026-06-11 10:20:16,2026-08-01,Australia,21,
2356905,TDU36118,Accounts - Reconciliation,2026-06-11 11:59:41,2026-06-13,Australia,4,
2356915,TDU36124,Rejected,2026-06-12 16:13:31,2026-07-25,Australia,3,
2356917,TDU36126,Rejected,2026-06-12 18:19:20,2026-06-18,New Zealand,4,
2356924,TDU36133,Rejected,2026-06-12 21:54:24,2026-07-03,Australia,8,
2356925,TDU27226G,Rejected,2026-06-13 17:40:05,2026-07-31,Australia,50,
2356930,TDU36137,Rejected,2026-06-13 22:12:03,2026-07-07,New Zealand,2,
2356933,TDU36140,Rejected,2026-06-13 23:02:43,2026-07-05,Australia,4,
2356936,TDU27230G,Accepted,2026-06-14 17:59:46,2026-11-01,Australia,30,
2356937,TDU27231G,Created,2026-06-15 10:01:50,2026-10-13,New Zealand,15,
2356938,TDU36141,Created,2026-06-15 11:07:48,2026-08-26,Australia,6,
2356939,TDU36142,Created,2026-06-15 11:13:41,2026-08-26,Australia,6,
2356940,TDU36143,Accounts - Reconciliation,2026-06-15 11:29:01,2026-07-23,Australia,4,
2356941,TDU27232G,Auto Rejected,2026-06-15 12:06:36,2026-08-16,Australia,25,
2356942,TDU36144,Auto Rejected,2026-06-15 12:24:00,2026-07-28,Australia,2,
2356943,TDU27233G,Created,2026-06-15 13:10:47,2026-10-09,Australia,40,
2356944,TDU36145,Rejected,2026-06-15 15:00:02,2026-09-01,New Zealand,2,
2356945,TDU36146,Accounts - Reconciliation,2026-06-15 16:02:49,2026-06-18,Australia,1,
2356948,TDU36149,Rejected,2026-06-15 18:11:10,2026-06-16,Australia,2,
2356950,TDU36151,Rejected,2026-06-15 19:52:40,2026-10-01,Australia,2,
2356955,TDU36155,Auto Rejected,2026-06-15 20:39:16,2027-02-10,New Zealand,2,
2356959,TDU36159,Accounts - Reconciliation,2026-06-15 21:13:34,2026-07-20,Australia,2,
2356964,TDU36164,Created,2026-06-16 10:13:55,2026-08-24,Australia,2,
2356965,TDU36165,Auto Rejected,2026-06-16 10:39:33,2026-06-16,Australia,2,
2356966,TDU27235G,Created,2026-06-16 11:19:28,2026-09-02,Australia,20,
2356970,TDU36166,Accounts - Reconciliation,2026-06-16 15:40:07,2026-06-21,Australia,9,
2356977,TDU36168,Rejected,2026-06-16 21:02:00,2026-07-16,Australia,8,
2356986,TDU36174,Auto Rejected,2026-06-17 10:26:56,2026-07-18,Australia,4,
2356987,TDU27247G,Accounts - Reconciliation,2026-06-17 16:30:44,2026-06-21,Australia,11,
2356988,TDU27248G,Accounts - Reconciliation,2026-06-17 16:32:33,2026-06-24,Australia,13,
2356989,TDU27249G,Accounts - Reconciliation,2026-06-17 16:34:56,2026-06-26,Australia,19,
2356992,TDU36177,Rejected,2026-06-17 17:51:35,2026-09-10,Australia,2,
2356993,TDU36178,Rejected,2026-06-17 18:02:27,2026-09-12,Australia,2,
2356996,TDU36181,Delivered,2026-06-17 18:57:19,2026-09-27,Australia,5,
2356997,TDU36182,Rejected,2026-06-17 19:05:07,2026-09-15,New Zealand,2,
2357003,TDU36187,On Ground,2026-06-18 18:00:12,2026-07-20,Australia,3,
2357016,TDU36200,Rejected,2026-06-18 23:17:03,2026-07-04,Australia,2,
2357017,TDU36201,Rejected After Confrmation QA pending,2026-06-18 23:23:54,2026-07-18,New Zealand,2,
2357018,TDU36202,Accounts - Reconciliation,2026-06-18 23:24:53,2026-07-04,Australia,2,
2357019,TDU27251G,Created,2026-06-19 11:04:02,2026-10-06,Australia,15,
2357020,TDU27252G,Created,2026-06-19 11:55:17,2027-05-10,Australia,30,
2357021,TDU27253G,Created,2026-06-19 12:06:11,2027-05-10,Australia,20,
2357022,TDU27254G,Created,2026-06-19 12:28:08,2027-01-25,Australia,41,
2357024,TDU27255G,Auto Rejected,2026-06-19 16:27:28,2026-08-25,New Zealand,50,
2357028,TDU36206,Accounts - Reconciliation,2026-06-19 17:52:17,2026-07-28,New Zealand,2,
2357057,TDU36229,Rejected,2026-06-20 17:32:43,2026-10-06,Australia,2,
2357073,TDU36236,Accounts - Reconciliation,2026-06-22 17:04:02,2026-06-30,Australia,5,
2357075,TDU27273G,Created,2026-06-22 19:06:10,2026-08-25,Australia,40,
2357076,TDU36237,Auto Rejected,2026-06-22 19:59:56,2026-08-18,Australia,10,
2357082,TDU36243,Rejected,2026-06-22 21:37:34,2026-06-26,New Zealand,2,
2357083,TDU36244,Accounts - Reconciliation,2026-06-22 22:08:07,2026-07-10,Australia,1,
2357086,TDU36245,Rejected,2026-06-22 23:20:24,2026-06-29,Australia,4,
2357088,TDU36246,Delivered,2026-06-23 10:20:24,2026-08-27,Australia,2,
2357089,TDU27277G,Auto Rejected,2026-06-23 10:44:58,2026-09-02,New Zealand,20,
2357140,TDU36281,Created,2026-06-26 09:50:16,2026-08-26,New Zealand,2,
2357141,TDU36282,Rejected,2026-06-26 10:45:36,2026-07-18,Australia,4,
2357142,TDU27294G,Auto Rejected,2026-06-26 11:23:38,2026-08-13,Australia,98,
2357167,TDU36306,Auto Rejected,2026-06-27 18:15:36,2026-06-29,Australia,4,
2357170,TDU36309,Rejected,2026-06-27 22:01:51,2026-07-22,New Zealand,3,
2357178,TDU36315,Accounts - Reconciliation,2026-06-29 23:05:04,2026-07-05,Australia,4,
2357181,TDU27300G,Created,2026-06-30 09:32:17,2027-03-15,Australia,41,
2357182,TDU27301G,Created,2026-06-30 10:07:43,2027-03-15,Australia,41,
2357187,TDU36317,Auto Rejected,2026-06-30 17:58:42,2026-06-30,Australia,2,
2357189,TDU36318,Rejected,2026-06-30 19:45:25,2026-07-04,Australia,2,
2357193,TDU36322,Auto Rejected,2026-07-01 09:54:29,2026-07-21,Australia,1,
2357196,TDU27307G,Created,2026-07-01 12:53:30,2026-08-22,Australia,30,
2357213,TDU36335,Created,2026-07-02 08:59:42,2026-11-18,Australia,2,
2357223,TDU36344,Created,2026-07-03 05:00:32,2028-01-15,Australia,8,
2357225,TDU36345,Auto Rejected,2026-07-03 11:26:02,2026-07-21,Australia,1,
2357226,TDU36346,Created,2026-07-03 11:32:40,2026-12-28,Australia,4,
2357237,TDU27319G,Created,2026-07-04 14:17:22,2026-11-05,Australia,24,
2357240,TDU27321G,Created,2026-07-04 15:51:50,2026-09-15,Australia,30,
2357252,TDU27322G,Rejected,2026-07-06 09:22:07,2026-08-30,Australia,9,
2357263,TDU36371,PRE QA - pending,2026-07-07 11:00:45,2026-09-02,Australia,2,
2357264,TDU27327G,Created,2026-07-07 13:01:36,2026-11-18,New Zealand,20,
2357271,TDU36376,Accepted,2026-07-08 11:04:31,2026-07-08,Australia,2,
2357287,TDU27333G,Rejected,2026-07-09 12:23:29,2027-04-13,New Zealand,20,
2357288,TDU27334G,Created,2026-07-09 13:00:43,2027-04-09,New Zealand,20,
2357309,TDU36403,Created,2026-07-10 13:04:50,2026-10-26,Australia,4,
2357341,TDU27350G,Auto Rejected,2026-07-14 05:36:08,2027-02-01,New Zealand,20,
2357342,TDU27351G,Created,2026-07-14 09:39:56,2026-12-24,Australia,15,
2357344,TDU36426,Created,2026-07-14 11:16:58,2026-10-27,Australia,4,
2357350,TDU36432,Rejected,2026-07-14 20:44:06,2026-08-05,Australia,1,
2357357,TDU36439,Created,2026-07-15 12:21:57,2026-12-24,New Zealand,10,
2357368,TDU36449,Rejected,2026-07-15 20:48:35,2026-09-13,Australia,2,
2357377,TDU36458,Auto Rejected,2026-07-16 09:55:49,2026-08-15,Australia,4,
2357378,TDU27354G,Created,2026-07-16 09:56:30,2026-10-10,Australia,80,
2357379,TDU36459,Auto Rejected,2026-07-16 10:00:39,2026-08-15,Australia,4,
2357382,TDU36460,Rejected,2026-07-16 14:48:03,2026-07-21,Australia,3,
2357392,TDU36469,Accepted,2026-07-16 20:24:43,2026-10-14,Australia,4,
2357402,TDU36479,Delivered,2026-07-17 10:09:35,2026-09-29,Australia,3,
2357404,TDU36481,Accounts - Reconciliation,2026-07-17 16:52:20,2026-07-18,Australia,5,
2357443,TDU27367G,Created,2026-07-20 13:37:38,2027-04-14,Australia,16,
2357459,TDU36521,Created,2026-07-21 10:12:06,2026-12-23,Australia,8,
2357495,TDU27379G,Created,2026-07-23 09:28:04,2027-06-13,Australia,34,
2357508,TDU27383G,Created,2026-07-24 09:03:43,2026-10-23,New Zealand,15,
2357545,TDU27396G,Created,2026-07-27 09:31:03,2026-11-04,Australia,12,
2357579,TDU27411G,Auto Rejected,2026-07-29 16:25:31,2026-07-30,Australia,11,
2357580,TDU36603,Accounts - Reconciliation,2026-07-29 16:26:35,2026-07-30,Australia,1,
2357592,TDU27412G,Accepted,2026-04-23 16:47:26,2026-08-28,Australia,11,
2357593,TDU36615,Created,2026-07-30 12:40:47,2026-11-01,Australia,2,
2357594,TDU36616,Created,2026-07-30 13:10:56,2026-10-20,New Zealand,2,
2357598,TDU36619,Accepted,2026-07-30 15:00:20,2026-08-31,Australia,4,
2357614,TDU27417G,Auto Rejected,2026-07-31 11:07:45,2026-08-16,Australia,20,
2357660,TDU36669,Rejected,2026-08-03 10:31:14,2027-02-22,New Zealand,4,
2357662,TDU27427G,Created,2026-08-03 10:47:29,2027-03-23,Australia,50,
2357679,TDU27433G,Created,2026-08-04 12:29:44,2027-05-09,Australia,75,
2357693,TDU36691,Rejected,2026-08-04 20:43:54,2026-10-29,New Zealand,2,
2357747,TDU36736,Auto Rejected,2026-08-06 22:09:26,2026-09-15,New Zealand,12,
2357757,TDU36737,Auto Rejected,2026-08-07 15:31:49,2027-01-16,Australia,2,
2357760,TDU27455G,Created,2026-08-07 16:28:50,2026-12-04,Australia,20,
2357768,TDU36746,Rejected,2026-08-07 18:05:16,2026-12-12,New Zealand,4,
2357817,TDU36780,Rejected,2026-08-10 20:48:53,2026-08-24,Australia,2,
2357823,TDU27472G,Created,2026-08-11 10:46:09,2026-09-14,New Zealand,40,
2357824,TDU36786,Delivered,2026-08-11 11:55:35,2026-08-29,Australia,2,
2357826,TDU36787,Created,2026-08-11 12:22:44,2026-10-12,Australia,7,
2357827,TDU36788,Created,2026-08-11 12:30:05,2026-10-12,Australia,7,
2357828,TDU27474G,Created,2026-08-11 12:56:07,2026-09-07,Australia,30,
2357829,TDU27475G,Created,2026-08-11 12:58:09,2026-09-21,Australia,20,
2357837,TDU36795,Rejected,2026-08-11 21:20:05,2026-09-26,Australia,3,
2357856,TDU36809,Accepted,2026-08-12 23:02:01,2026-09-27,New Zealand,1,
2357862,TDU36812,Created,2026-08-13 13:22:33,2026-09-30,Australia,2,
2357887,TDU36835,Rejected,2026-08-13 22:37:00,2027-01-17,New Zealand,2,
2357894,TDU27490G,Created,2026-08-14 10:41:24,2027-03-22,Australia,25,
2357895,TDU27491G,Created,2026-08-14 11:41:39,2026-09-19,Australia,20,
2357896,TDU27492G,Created,2026-08-14 11:51:09,2027-04-26,Australia,40,
2357897,TDU36839,Rejected,2026-08-14 14:30:50,2026-12-20,Australia,3,
2357917,TDU36856,Created,2026-08-16 17:30:44,2026-09-01,New Zealand,3,
2357918,TDU27496G,Created,2026-08-16 18:43:11,2027-06-01,Australia,50,
2357919,TDU27497G,Created,2026-08-16 19:45:48,2026-09-22,Australia,14,
2357920,TDU27498G,Created,2026-08-17 09:07:08,2026-10-21,Australia,14,
2357921,TDU27499G,Created,2026-08-17 09:55:58,2027-04-27,Australia,20,
2357922,TDU27500G,Created,2026-08-17 10:25:38,2027-05-03,Australia,20,
2357929,TDU27502G,Auto Rejected,2026-08-17 18:23:41,2026-08-19,Australia,12,
2357942,TDU36871,Created,2026-08-18 09:48:14,2027-02-14,Australia,2,
2357943,TDU36872,Created,2026-08-18 10:20:18,2026-10-17,New Zealand,3,
2357969,TDU36891,Created,2026-08-19 12:01:49,2026-08-20,Australia,5,
2357993,TDU36915,Accepted,2026-08-21 12:23:46,2026-10-01,Australia,1,
2357994,TDU37000,Accepted,2026-08-25 10:18:34,2026-10-01,Australia,1,
2357997,TDU37003,Accepted,2026-09-01 14:16:32,2026-12-01,Australia,2,
2357998,TDU37004,Created,2026-09-01 17:28:30,2027-01-14,Australia,2,
2357999,TDU37005,Created,2026-09-02 11:09:40,2027-02-26,Australia,1,
2358000,TDU37006,Auto Rejected,2026-09-02 15:37:37,2027-06-03,Australia,2,
2358001,TDU37007,Created,2026-09-02 15:46:20,2027-02-03,Australia,2,
2358002,TDU37008,Accepted,2026-09-02 15:47:56,2026-12-11,Australia,2,
2358003,TDU27513G,Created,2026-09-10 13:09:29,2026-10-25,Australia,30,
