quoteid,ev,created_at
2347130,accounts - reconciliation,2024-12-02 17:14:56
2347118,accounts - reconciliation,2024-12-02 17:45:33
2347714,created,2024-12-02 18:11:07
2347715,created,2024-12-02 18:11:07
2347716,created,2024-12-02 20:33:36
2347724,created,2024-12-02 23:36:49
2347725,created,2024-12-02 23:36:49
2347803,created,2024-12-05 11:42:48
2347341,rejected,2024-12-05 20:31:39
2347765,created,2024-12-06 01:26:59
2347754,created,2024-12-06 03:04:32
2347756,created,2024-12-06 20:40:11
2347122,delivered,2024-12-06 21:32:01
2347761,accepted - groups,2024-12-06 22:52:02
2347775,created,2024-12-09 01:08:52
2347783,final qa,2024-12-10 13:23:19
2347063,rejected after confirmation,2024-12-10 13:31:07
2348521,accepted - groups,2024-12-10 16:02:11
2347781,accepted - groups,2024-12-10 16:29:47
2347782,created,2024-12-10 18:59:09
2347789,rejected,2024-12-12 05:18:22
2248195,rejected after confirmation,2024-12-12 22:37:38
2347798,created,2024-12-13 02:58:05
2347810,created,2024-12-13 04:40:35
2347811,created,2024-12-13 04:43:49
2347804,created,2024-12-13 13:09:54
2347451,delivered,2024-12-13 17:38:45
2347060,accounts - reconciliation,2024-12-13 18:48:21
2347202,accounts - reconciliation,2024-12-13 19:07:34
2347157,delivered,2024-12-13 20:24:23
2347813,created,2024-12-14 00:54:36
2347822,created,2024-12-14 00:54:36
2347817,created,2024-12-14 05:07:19
2347863,created,2024-12-14 05:07:19
2347820,accepted - groups,2024-12-14 18:37:33
2347156,accounts - reconciliation,2024-12-14 20:49:17
2347819,created,2024-12-14 21:05:37
2347825,rejected,2024-12-15 03:14:21
2309546,accounts - reconciliation,2024-12-16 13:28:04
2347850,created,2024-12-18 03:37:13
2347855,created,2024-12-18 20:33:11
40,delivered,2024-12-19 19:45:03
2347892,created,2024-12-23 10:16:50
2347903,created,2024-12-23 22:52:31
2314787,created,2024-12-23 23:35:59
2347908,created,2024-12-23 23:36:46
2347916,created,2024-12-24 00:32:31
2347152,created,2024-12-24 01:27:03
2347343,created,2024-12-24 01:38:21
2347307,created,2024-12-24 01:53:16
2347293,created,2024-12-24 02:04:49
2347292,created,2024-12-24 02:05:05
2347955,created,2024-12-24 20:36:12
2347970,created,2024-12-24 23:23:01
2347974,created,2024-12-24 23:42:21
2347973,created,2024-12-24 23:42:37
2348129,accepted - groups,2024-12-25 00:46:40
2348162,accepted - groups,2024-12-25 00:46:40
2347986,created,2024-12-25 15:48:31
2347995,created,2024-12-25 16:18:52
2348003,created,2024-12-25 19:01:45
2347989,created,2024-12-27 15:03:37
2348076,created,2024-12-27 18:01:30
2348087,created,2024-12-27 20:17:50
2348095,created,2024-12-27 21:21:02
2348072,created,2024-12-30 15:25:05
2348151,created,2024-12-30 17:12:29
2348522,accepted - groups,2024-12-30 20:13:08
2348143,rejected,2024-12-30 21:01:08
2348172,created,2024-12-30 21:29:02
2348192,created,2024-12-30 22:03:34
2348194,created,2024-12-30 22:03:34
2348182,accepted - groups,2024-12-30 23:43:05
2348181,created,2024-12-31 00:12:53
2348187,created,2024-12-31 15:54:25
2348188,created,2024-12-31 17:17:21
2348190,created,2024-12-31 18:58:43
2348199,created,2024-12-31 21:17:08
2348203,requote,2025-01-02 17:20:28
2348230,created,2025-01-02 22:12:20
2348235,created,2025-01-03 14:48:36
2348232,created,2025-01-03 17:01:31
2348278,created,2025-01-05 20:25:40
2348275,rejected,2025-01-05 22:23:20
2348282,created,2025-01-05 22:26:48
2348284,created,2025-01-05 22:40:50
2348306,created,2025-01-05 23:43:09
2348281,rejected,2025-01-05 23:43:48
2348285,created,2025-01-06 10:24:43
2348326,created,2025-01-06 10:24:43
2348288,created,2025-01-06 13:04:40
2348276,requote,2025-01-06 16:43:43
2348323,created,2025-01-07 22:32:15
2348329,created,2025-01-08 13:43:38
2348330,created,2025-01-08 13:43:38
2348327,rejected,2025-01-08 14:07:32
2348369,created,2025-01-08 14:41:06
2348332,rejected,2025-01-08 21:22:36
2347203,accounts - reconciliation,2025-01-10 02:58:15
2348391,created,2025-01-10 13:20:11
2348389,created,2025-01-10 17:35:46
2348320,created,2025-01-10 18:05:15
2348425,created,2025-01-11 01:39:19
2347788,accounts - reconciliation,2025-01-11 19:10:03
38,rejected after confirmation,2025-01-11 19:46:19
36,rejected after confirmation,2025-01-11 19:49:22
2348298,requote,2025-01-13 17:26:06
2348475,created,2025-01-14 19:09:37
2348487,created,2025-01-14 23:50:48
2348488,created,2025-01-15 02:49:37
2348166,rejected,2025-01-15 16:29:02
2347142,rejected after confirmation,2025-01-15 17:03:57
2347710,rejected after confirmation,2025-01-15 17:07:42
2347711,rejected after confirmation,2025-01-15 17:10:21
2347143,rejected after confirmation,2025-01-15 17:12:02
2348501,accepted - groups,2025-01-16 00:21:31
2348507,created,2025-01-16 10:30:35
2348515,created,2025-01-16 20:02:30
2348523,accepted - groups,2025-01-16 22:54:41
2348534,accepted - groups,2025-01-17 23:24:52
2348535,accepted - groups,2025-01-17 23:24:52
2348536,accepted - groups,2025-01-17 23:24:52
2347515,auto rejected automatically,2025-01-18 00:00:02
2348222,rejected,2025-01-18 23:01:20
2347346,auto rejected automatically,2025-01-19 00:00:02
2347443,auto rejected automatically,2025-01-20 00:00:01
2347445,auto rejected automatically,2025-01-20 00:00:01
2347631,auto rejected automatically,2025-01-20 00:00:01
2347780,auto rejected automatically,2025-01-20 00:00:01
2348346,auto rejected automatically,2025-01-20 00:00:01
2348570,created,2025-01-20 13:11:25
2348368,rejected,2025-01-20 15:12:39
2348111,created,2025-01-20 17:55:12
2348030,rejected,2025-01-20 20:33:05
2348014,rejected,2025-01-20 20:37:52
2348589,created,2025-01-20 21:18:30
2347154,auto rejected automatically,2025-01-21 00:00:02
2347284,auto rejected automatically,2025-01-21 00:00:02
2347294,auto rejected automatically,2025-01-21 00:00:02
2347385,auto rejected automatically,2025-01-21 00:00:02
2347444,auto rejected automatically,2025-01-21 00:00:02
2348034,auto rejected automatically,2025-01-21 00:00:02
2348442,accepted - pre qa - land bookings,2025-01-21 02:16:11
2348440,accepted - pre qa - land bookings,2025-01-21 02:16:51
2348450,accepted - pre qa - land bookings,2025-01-21 02:29:57
2348600,created,2025-01-21 03:47:06
2348601,created,2025-01-21 03:47:06
2348610,accepted - groups,2025-01-21 15:54:58
2347487,accounts - reconciliation,2025-01-21 18:25:37
2348552,rejected,2025-01-21 20:32:46
2348214,created,2025-01-21 22:51:04
2347082,auto rejected automatically,2025-01-22 00:00:01
2348373,auto rejected automatically,2025-01-22 00:00:01
2347055,rejected after confirmation,2025-01-22 23:12:07
2347059,rejected after confirmation,2025-01-22 23:31:27
2347882,auto rejected automatically,2025-01-23 00:00:02
2349056,on ground - changes (ops) automatically,2025-01-23 00:00:02
2349338,created,2025-01-23 11:06:18
2347075,accounts - reconciliation,2025-01-23 11:21:40
2349339,created,2025-01-23 14:21:41
2347247,auto rejected automatically,2025-01-24 00:00:02
2347717,auto rejected automatically,2025-01-24 00:00:02
2348912,auto rejected automatically,2025-01-24 00:00:02
2349149,auto rejected automatically,2025-01-24 00:00:02
2348639,rejected,2025-01-24 18:04:54
2349115,rejected,2025-01-24 18:09:26
2349351,rejected,2025-01-24 18:12:24
2349126,rejected,2025-01-24 18:28:00
2349369,created,2025-01-24 18:29:06
2348909,rejected,2025-01-24 18:35:54
2348665,rejected,2025-01-24 18:43:35
2349074,rejected,2025-01-24 19:10:45
2349036,rejected,2025-01-24 19:20:12
2349073,rejected,2025-01-24 19:20:56
2348816,rejected,2025-01-24 19:25:40
2348648,rejected,2025-01-24 20:27:33
2348646,rejected,2025-01-24 20:42:47
2348528,rejected,2025-01-24 20:46:29
2349193,rejected,2025-01-24 20:47:17
2348664,rejected,2025-01-24 21:10:54
2348252,rejected,2025-01-24 21:16:25
2348211,rejected,2025-01-24 21:32:38
2348316,rejected,2025-01-24 22:01:46
2348993,rejected,2025-01-24 22:36:38
2349027,rejected,2025-01-24 22:41:23
2349279,rejected,2025-01-24 23:07:54
2348956,rejected,2025-01-24 23:14:10
2348900,auto rejected automatically,2025-01-25 00:00:02
2348086,rejected,2025-01-25 10:08:52
2348060,auto rejected,2025-01-25 10:30:50
2348907,rejected,2025-01-25 18:24:03
2348772,rejected,2025-01-25 18:24:22
2349047,rejected,2025-01-25 19:37:18
2349055,rejected,2025-01-25 20:06:10
2348942,rejected,2025-01-25 20:27:54
2348937,rejected,2025-01-25 20:34:12
2348869,rejected,2025-01-25 20:48:12
2348842,rejected,2025-01-25 20:58:21
2348817,rejected,2025-01-25 21:05:57
2349160,rejected,2025-01-25 21:12:29
2348858,rejected,2025-01-25 21:19:39
2349249,rejected,2025-01-25 22:09:09
2349060,rejected,2025-01-25 23:02:29
2348819,rejected,2025-01-25 23:12:11
2348859,rejected,2025-01-25 23:13:23
2349272,auto rejected automatically,2025-01-26 00:00:01
2347271,auto rejected automatically,2025-01-26 00:00:01
2347440,auto rejected automatically,2025-01-26 00:00:01
2347578,auto rejected automatically,2025-01-26 00:00:01
2347604,auto rejected automatically,2025-01-26 00:00:01
2347779,auto rejected automatically,2025-01-26 00:00:01
2348645,auto rejected automatically,2025-01-26 00:00:01
2348731,auto rejected automatically,2025-01-26 00:00:01
2348777,auto rejected automatically,2025-01-26 00:00:01
2348890,auto rejected automatically,2025-01-26 00:00:01
2348678,rejected after confirmation,2025-01-26 06:48:28
2347426,auto rejected automatically,2025-01-27 00:00:02
2348699,auto rejected automatically,2025-01-27 00:00:02
2348836,rejected,2025-01-27 17:45:16
2348742,delivered,2025-01-27 19:59:36
2349225,rejected,2025-01-27 20:01:55
2348689,rejected,2025-01-27 21:26:17
2348690,rejected,2025-01-27 21:27:58
2348921,rejected,2025-01-27 21:34:40
2348638,rejected,2025-01-27 21:46:48
2348729,rejected,2025-01-27 22:11:20
2347448,auto rejected automatically,2025-01-28 00:00:01
2347458,auto rejected automatically,2025-01-28 00:00:01
2349054,auto rejected automatically,2025-01-28 00:00:02
2348940,on ground - changes (ops) automatically,2025-01-28 00:00:02
2348775,requote,2025-01-28 16:34:48
2348668,rejected,2025-01-28 16:52:12
2349157,rejected,2025-01-28 16:53:59
2348927,rejected,2025-01-28 17:19:48
2348787,requote,2025-01-28 17:55:25
2349088,created,2025-01-28 17:57:48
2349009,requote,2025-01-28 17:58:53
2348827,rejected,2025-01-28 18:07:48
2349306,rejected,2025-01-28 18:07:57
2349173,rejected,2025-01-28 18:08:01
2348805,rejected,2025-01-28 18:10:33
2349038,rejected,2025-01-28 18:17:15
2348831,requote,2025-01-28 18:24:20
2348259,rejected,2025-01-28 18:25:19
2348997,rejected,2025-01-28 18:26:07
2348237,rejected,2025-01-28 18:28:50
2348922,rejected,2025-01-28 18:34:54
2349020,rejected,2025-01-28 18:37:17
2348999,rejected,2025-01-28 18:38:36
2349000,rejected,2025-01-28 18:38:47
2348776,rejected,2025-01-28 18:47:29
2348736,rejected,2025-01-28 18:49:59
2348439,rejected,2025-01-28 18:50:09
2349041,requote,2025-01-28 18:57:31
2348878,requote,2025-01-28 19:01:06
2348915,rejected,2025-01-28 19:26:21
2348892,rejected,2025-01-28 19:31:30
2348807,rejected,2025-01-28 19:46:16
2348694,rejected,2025-01-28 19:50:10
2349221,rejected,2025-01-28 20:34:36
2349223,rejected,2025-01-28 20:46:38
2349167,rejected,2025-01-28 21:12:26
2349084,requote,2025-01-28 21:21:06
2349145,created,2025-01-28 21:37:41
2348844,rejected,2025-01-28 21:56:49
2348655,created,2025-01-28 22:18:00
2348887,rejected,2025-01-28 22:27:48
2348886,rejected,2025-01-28 22:32:01
2348986,rejected,2025-01-28 22:36:33
2348800,rejected,2025-01-28 22:37:10
2348735,created,2025-01-28 22:40:14
2349019,rejected,2025-01-28 22:47:41
2349016,rejected,2025-01-28 22:47:52
2349018,rejected,2025-01-28 22:55:09
2349015,rejected,2025-01-28 22:55:28
2348723,rejected,2025-01-28 23:01:31
2348916,rejected,2025-01-28 23:02:46
2348925,rejected,2025-01-28 23:40:09
2348975,rejected,2025-01-28 23:42:04
2348470,rejected,2025-01-28 23:49:17
2347579,auto rejected automatically,2025-01-29 00:00:02
2347580,auto rejected automatically,2025-01-29 00:00:02
2347583,auto rejected automatically,2025-01-29 00:00:02
2348711,auto rejected automatically,2025-01-29 00:00:02
2348732,auto rejected automatically,2025-01-29 00:00:02
2348766,auto rejected automatically,2025-01-29 00:00:02
2348769,auto rejected automatically,2025-01-29 00:00:02
2349241,delivered,2025-01-29 00:55:19
2349423,rejected,2025-01-29 01:22:28
2348998,accepted - pre qa - land bookings,2025-01-29 01:38:32
2348988,final qa,2025-01-29 01:41:56
2348451,accepted - pre qa - land bookings,2025-01-29 01:43:08
2349202,accepted - pre qa - land bookings,2025-01-29 01:44:56
2348695,accepted - pre qa - land bookings,2025-01-29 01:48:50
2348984,accepted - pre qa - land bookings,2025-01-29 01:57:20
2348840,accepted - pre qa - land bookings,2025-01-29 02:02:41
2348920,accepted - pre qa - land bookings,2025-01-29 02:07:02
2349087,final qa,2025-01-29 02:10:04
2349282,delivered,2025-01-29 02:14:41
2348746,delivered,2025-01-29 02:15:26
2348880,delivered,2025-01-29 02:16:35
2349201,rejected after confirmation,2025-01-29 02:22:59
2348966,rejected,2025-01-29 17:42:55
2348879,rejected,2025-01-29 17:52:23
2349048,rejected,2025-01-29 18:00:27
2348717,rejected,2025-01-29 18:01:04
2349062,accepted - pre qa - land bookings,2025-01-29 18:47:22
2348985,rejected,2025-01-29 19:13:34
2348637,requote,2025-01-29 20:08:17
2349231,created,2025-01-29 20:10:23
2348643,created,2025-01-29 20:31:27
2349199,created,2025-01-29 20:42:50
2349121,created,2025-01-29 21:02:39
2349049,rejected,2025-01-29 21:18:38
2348794,rejected,2025-01-29 21:22:28
2349263,rejected,2025-01-29 21:30:10
2349304,rejected,2025-01-29 21:36:00
2349065,created,2025-01-29 21:37:20
2348804,requote,2025-01-29 21:39:03
2348770,rejected,2025-01-29 21:51:40
2348970,requote,2025-01-29 22:23:06
2348913,created,2025-01-29 22:24:58
2348981,rejected,2025-01-29 22:28:00
2348650,rejected,2025-01-29 22:31:18
2349127,created,2025-01-29 22:42:36
2349313,rejected,2025-01-29 22:52:18
2348748,created,2025-01-29 22:59:22
2348636,requote,2025-01-29 23:17:27
2349147,rejected,2025-01-29 23:17:43
2348870,auto rejected automatically,2025-01-30 00:00:02
2349166,auto rejected automatically,2025-01-30 00:00:02
2349368,auto rejected automatically,2025-01-30 00:00:02
2348951,on ground - changes (ops) automatically,2025-01-30 00:00:02
2349039,accepted - pre qa - land bookings,2025-01-30 16:44:19
2349458,rejected,2025-01-30 17:04:03
2348719,rejected,2025-01-30 22:13:30
2349261,created,2025-01-30 22:16:34
2348730,rejected,2025-01-30 23:52:05
2347234,auto rejected automatically,2025-01-31 00:00:02
2348186,auto rejected automatically,2025-01-31 00:00:02
2348688,auto rejected automatically,2025-01-31 00:00:02
2348773,auto rejected automatically,2025-01-31 00:00:02
2349032,auto rejected automatically,2025-01-31 00:00:02
2349473,auto rejected automatically,2025-01-31 00:00:02
2348657,on ground - changes (ops) automatically,2025-01-31 00:00:02
2348992,on ground - changes (ops) automatically,2025-01-31 00:00:02
2349134,rejected,2025-01-31 17:21:02
2349064,rejected,2025-01-31 17:43:36
2349034,rejected,2025-01-31 17:44:59
2348779,rejected,2025-01-31 18:02:20
2348652,rejected,2025-01-31 18:31:35
2348983,rejected,2025-01-31 19:01:30
2348851,rejected,2025-01-31 19:07:07
2349144,rejected,2025-01-31 20:41:31
2349483,rejected,2025-01-31 21:50:36
2349487,rejected,2025-01-31 21:50:50
2348904,rejected,2025-01-31 22:33:21
2348722,on ground - changes (ops) automatically,2025-02-01 00:00:01
2348778,rejected,2025-02-01 14:50:29
2349006,rejected,2025-02-01 14:50:35
2348932,requote,2025-02-01 14:55:03
2348917,requote,2025-02-01 14:56:42
2348815,requote,2025-02-01 15:09:26
2349081,rejected,2025-02-01 15:15:19
2349063,requote,2025-02-01 15:27:41
2348962,requote,2025-02-01 16:19:19
2348931,requote,2025-02-01 16:20:02
2349213,rejected,2025-02-01 16:58:29
2348833,rejected,2025-02-01 20:32:23
2348934,created,2025-02-01 20:46:27
2320824,auto rejected automatically,2025-02-02 00:00:01
2333785,auto rejected automatically,2025-02-02 00:00:01
2347131,auto rejected automatically,2025-02-02 00:00:01
2347132,auto rejected automatically,2025-02-02 00:00:01
2347147,auto rejected automatically,2025-02-02 00:00:01
2347148,auto rejected automatically,2025-02-02 00:00:01
2347214,auto rejected automatically,2025-02-02 00:00:01
2347215,auto rejected automatically,2025-02-02 00:00:01
2347216,auto rejected automatically,2025-02-02 00:00:01
2347217,auto rejected automatically,2025-02-02 00:00:01
2347218,auto rejected automatically,2025-02-02 00:00:01
2347267,auto rejected automatically,2025-02-02 00:00:01
2347268,auto rejected automatically,2025-02-02 00:00:01
2347273,auto rejected automatically,2025-02-02 00:00:01
2347274,auto rejected automatically,2025-02-02 00:00:01
2347348,auto rejected automatically,2025-02-02 00:00:01
2348290,auto rejected automatically,2025-02-02 00:00:01
2348291,auto rejected automatically,2025-02-02 00:00:01
2349025,auto rejected automatically,2025-02-02 00:00:02
2349040,auto rejected automatically,2025-02-02 00:00:02
2349070,auto rejected automatically,2025-02-02 00:00:02
2349110,auto rejected automatically,2025-02-02 00:00:02
2349260,auto rejected automatically,2025-02-02 00:00:02
2347762,auto rejected automatically,2025-02-03 00:00:01
2348632,auto rejected automatically,2025-02-03 00:00:01
2348908,auto rejected automatically,2025-02-03 00:00:01
2349067,auto rejected automatically,2025-02-03 00:00:01
2349053,rejected,2025-02-03 16:21:11
2349246,rejected,2025-02-03 16:45:29
2349174,rejected,2025-02-03 16:51:45
2349190,rejected,2025-02-03 17:04:09
2349315,rejected,2025-02-03 17:09:23
2348902,requote,2025-02-03 17:16:02
2348801,requote,2025-02-03 17:24:25
2348428,accepted - pre qa - land bookings,2025-02-03 18:32:53
2349146,rejected,2025-02-03 18:33:05
2349254,rejected,2025-02-03 18:33:12
2348792,accepted - pre qa - land bookings,2025-02-03 18:35:53
2349256,rejected,2025-02-03 18:36:38
2349257,rejected,2025-02-03 18:36:53
2349158,rejected,2025-02-03 18:37:16
2349284,rejected,2025-02-03 18:37:28
2349143,rejected,2025-02-03 18:37:34
2349161,rejected,2025-02-03 18:37:51
2349255,rejected,2025-02-03 18:38:23
2349150,rejected,2025-02-03 18:38:48
2349217,rejected,2025-02-03 18:38:56
2349170,rejected,2025-02-03 18:39:07
2349184,requote,2025-02-03 18:39:16
2349211,rejected,2025-02-03 18:39:22
2349264,accepted - pre qa - land bookings,2025-02-03 18:39:34
2349309,rejected,2025-02-03 18:39:39
2349350,rejected,2025-02-03 18:40:03
2349179,rejected,2025-02-03 18:40:17
2349374,rejected,2025-02-03 18:40:29
2348884,created,2025-02-03 18:40:55
2348524,rejected,2025-02-03 18:41:11
2349274,created,2025-02-03 19:14:33
2349051,requote,2025-02-03 19:23:41
2348728,created,2025-02-03 19:29:11
2348971,created,2025-02-03 19:32:32
2348976,created,2025-02-03 19:34:49
2348547,rejected,2025-02-03 19:37:11
2349185,rejected,2025-02-03 19:46:27
2348863,rejected,2025-02-03 19:59:22
2348820,created,2025-02-03 19:59:38
2349176,created,2025-02-03 20:02:08
2348631,requote,2025-02-03 20:05:27
2348933,created,2025-02-03 20:11:23
2349276,rejected,2025-02-03 22:21:17
2349252,created,2025-02-03 22:26:02
2349082,created,2025-02-03 22:26:18
2348830,created,2025-02-03 22:27:38
2348974,created,2025-02-03 22:27:54
2348811,created,2025-02-03 22:28:57
2348744,rejected,2025-02-03 22:34:42
2349240,rejected,2025-02-03 22:42:07
2348796,created,2025-02-03 22:47:11
2348705,created,2025-02-03 22:47:19
2348924,created,2025-02-03 22:49:46
2348661,created,2025-02-03 22:50:25
2349131,created,2025-02-03 22:50:48
2349138,created,2025-02-03 22:51:12
2348782,created,2025-02-03 22:54:31
2349287,created,2025-02-03 22:55:41
2349129,created,2025-02-03 22:56:10
2349196,created,2025-02-03 22:56:18
2348888,created,2025-02-03 23:05:05
2349022,created,2025-02-03 23:05:29
2349278,requote,2025-02-03 23:05:40
2349197,created,2025-02-03 23:07:19
2349226,created,2025-02-03 23:07:40
2348855,requote,2025-02-03 23:14:26
2349286,created,2025-02-03 23:14:55
2348891,requote,2025-02-03 23:16:14
2348943,requote,2025-02-03 23:16:20
2348679,auto rejected automatically,2025-02-04 00:00:02
2338366,auto rejected automatically,2025-02-04 00:00:02
2347101,auto rejected automatically,2025-02-04 00:00:02
2347174,auto rejected automatically,2025-02-04 00:00:02
2347177,auto rejected automatically,2025-02-04 00:00:02
2347387,auto rejected automatically,2025-02-04 00:00:02
2347388,auto rejected automatically,2025-02-04 00:00:02
2347511,auto rejected automatically,2025-02-04 00:00:02
2347557,auto rejected automatically,2025-02-04 00:00:02
2348279,auto rejected automatically,2025-02-04 00:00:02
2348280,auto rejected automatically,2025-02-04 00:00:02
2348319,auto rejected automatically,2025-02-04 00:00:02
2348500,auto rejected automatically,2025-02-04 00:00:02
2348710,auto rejected automatically,2025-02-04 00:00:02
2348852,auto rejected automatically,2025-02-04 00:00:02
2348881,auto rejected automatically,2025-02-04 00:00:02
2348893,auto rejected automatically,2025-02-04 00:00:02
2349186,auto rejected automatically,2025-02-04 00:00:02
2349349,auto rejected automatically,2025-02-04 00:00:02
2349480,auto rejected automatically,2025-02-04 00:00:02
2348223,on ground - changes (ops) automatically,2025-02-04 00:00:02
2348861,rejected,2025-02-04 00:22:32
2348947,auto rejected,2025-02-04 16:09:20
2348883,auto rejected,2025-02-04 16:09:41
2348818,auto rejected,2025-02-04 16:10:14
2348741,auto rejected,2025-02-04 16:10:19
2349203,rejected,2025-02-04 16:16:24
2348823,requote,2025-02-04 16:30:45
2348701,created,2025-02-04 16:33:42
2348704,created,2025-02-04 16:34:56
2349005,created,2025-02-04 16:35:05
2348674,created,2025-02-04 16:36:30
2349299,created,2025-02-04 16:36:49
2348949,rejected,2025-02-04 17:28:20
2349182,rejected,2025-02-04 17:39:35
2349210,created,2025-02-04 18:11:28
2349281,created,2025-02-04 18:24:27
2348978,rejected,2025-02-04 18:25:23
2348923,rejected,2025-02-04 18:58:08
2348964,rejected,2025-02-04 19:31:58
2349212,rejected,2025-02-04 19:59:49
2348662,rejected,2025-02-04 20:06:29
2349191,rejected,2025-02-04 20:36:10
2349229,rejected,2025-02-04 20:36:22
2348905,rejected,2025-02-04 21:02:35
2348384,rejected,2025-02-04 21:56:48
2349086,rejected,2025-02-04 22:10:22
2349011,rejected,2025-02-04 22:21:00
2348862,rejected,2025-02-04 23:23:26
2347135,auto rejected automatically,2025-02-05 00:00:01
2347136,auto rejected automatically,2025-02-05 00:00:01
2347137,auto rejected automatically,2025-02-05 00:00:01
2347138,auto rejected automatically,2025-02-05 00:00:01
2347269,auto rejected automatically,2025-02-05 00:00:01
2347469,auto rejected automatically,2025-02-05 00:00:01
2347472,auto rejected automatically,2025-02-05 00:00:01
2347493,auto rejected automatically,2025-02-05 00:00:01
2347523,auto rejected automatically,2025-02-05 00:00:01
2347566,auto rejected automatically,2025-02-05 00:00:01
2347567,auto rejected automatically,2025-02-05 00:00:01
2347569,auto rejected automatically,2025-02-05 00:00:01
2349014,auto rejected automatically,2025-02-05 00:00:02
2349017,auto rejected automatically,2025-02-05 00:00:02
2348696,on ground - changes (ops) automatically,2025-02-05 00:00:02
2349042,on ground - changes (ops) automatically,2025-02-05 00:00:02
2348898,rejected,2025-02-05 00:02:23
2348854,rejected after confirmation,2025-02-05 12:41:28
2349169,rejected,2025-02-05 18:11:06
2349335,rejected,2025-02-05 18:34:21
2349324,rejected,2025-02-05 18:43:34
2349248,rejected,2025-02-05 18:52:53
2349250,rejected,2025-02-05 18:53:04
2349171,rejected,2025-02-05 19:03:43
2348345,rejected,2025-02-05 20:16:01
2348809,rejected,2025-02-05 20:22:02
2348941,rejected,2025-02-05 20:27:11
2348939,rejected,2025-02-05 20:31:13
2349384,rejected,2025-02-05 20:57:44
2349218,created,2025-02-05 20:58:40
2349164,created,2025-02-05 20:58:50
2349085,created,2025-02-05 20:58:56
2349101,created,2025-02-05 20:59:02
2349043,created,2025-02-05 20:59:08
2348930,created,2025-02-05 20:59:19
2349253,requote,2025-02-05 21:00:10
2349128,requote,2025-02-05 21:00:21
2349106,requote,2025-02-05 21:00:28
2348965,requote,2025-02-05 21:00:33
2349268,created,2025-02-05 21:23:47
2238144,auto rejected automatically,2025-02-06 00:00:02
2347262,auto rejected automatically,2025-02-06 00:00:02
2347263,auto rejected automatically,2025-02-06 00:00:02
2347285,auto rejected automatically,2025-02-06 00:00:02
2347286,auto rejected automatically,2025-02-06 00:00:02
2347319,auto rejected automatically,2025-02-06 00:00:02
2347326,auto rejected automatically,2025-02-06 00:00:02
2347340,auto rejected automatically,2025-02-06 00:00:02
2347352,auto rejected automatically,2025-02-06 00:00:02
2347389,auto rejected automatically,2025-02-06 00:00:02
2347395,auto rejected automatically,2025-02-06 00:00:02
2347412,auto rejected automatically,2025-02-06 00:00:02
2347433,auto rejected automatically,2025-02-06 00:00:02
2347790,auto rejected automatically,2025-02-06 00:00:02
2348392,auto rejected automatically,2025-02-06 00:00:02
2348403,auto rejected automatically,2025-02-06 00:00:02
2348407,auto rejected automatically,2025-02-06 00:00:02
2348541,auto rejected automatically,2025-02-06 00:00:02
2348542,auto rejected automatically,2025-02-06 00:00:02
2348672,auto rejected automatically,2025-02-06 00:00:02
2348882,auto rejected automatically,2025-02-06 00:00:02
2348928,auto rejected automatically,2025-02-06 00:00:02
2349033,auto rejected automatically,2025-02-06 00:00:02
2349037,auto rejected automatically,2025-02-06 00:00:02
2349205,auto rejected automatically,2025-02-06 00:00:02
2349388,auto rejected automatically,2025-02-06 00:00:02
2348685,on ground - changes (ops) automatically,2025-02-06 00:00:02
2349093,rejected,2025-02-06 16:46:53
2348654,requote,2025-02-06 16:49:19
2349120,rejected,2025-02-06 18:56:58
2349219,rejected,2025-02-06 19:03:06
2348467,rejected,2025-02-06 19:15:14
2349099,rejected,2025-02-06 19:37:18
2348780,rejected,2025-02-06 19:38:32
2349554,rejected,2025-02-06 19:47:14
2347404,auto rejected automatically,2025-02-07 00:00:02
2347405,auto rejected automatically,2025-02-07 00:00:02
2347422,auto rejected automatically,2025-02-07 00:00:02
2347423,auto rejected automatically,2025-02-07 00:00:02
2348795,auto rejected automatically,2025-02-07 00:00:02
2348806,auto rejected automatically,2025-02-07 00:00:02
2349561,rejected,2025-02-07 10:03:56
2349539,rejected,2025-02-07 21:28:06
2349013,rejected,2025-02-07 21:45:09
2348969,accepted - pre qa - land bookings,2025-02-07 22:35:06
2348433,accepted - pre qa - land bookings,2025-02-07 22:35:32
2349529,rejected,2025-02-07 22:42:01
2348784,accepted - pre qa - land bookings,2025-02-07 22:47:47
2348799,accepted - pre qa - land bookings,2025-02-07 22:48:14
2348788,rejected,2025-02-07 23:16:48
2348797,rejected,2025-02-07 23:17:32
2348308,auto rejected automatically,2025-02-08 00:00:02
2348707,auto rejected automatically,2025-02-08 00:00:02
2348867,auto rejected automatically,2025-02-08 00:00:02
2349484,auto rejected automatically,2025-02-08 00:00:02
2349485,auto rejected automatically,2025-02-08 00:00:02
2349572,rejected,2025-02-08 08:23:42
2349577,rejected,2025-02-08 19:49:33
2348763,auto rejected automatically,2025-02-09 00:00:02
2348906,auto rejected automatically,2025-02-09 00:00:02
2349061,auto rejected automatically,2025-02-09 00:00:02
2349398,auto rejected automatically,2025-02-09 00:00:02
2349486,auto rejected automatically,2025-02-09 00:00:02
2349108,requote,2025-02-09 23:01:00
2348989,requote,2025-02-09 23:01:30
2348958,requote,2025-02-09 23:01:49
2348760,created,2025-02-09 23:02:08
2347950,auto rejected automatically,2025-02-10 00:00:02
2348825,auto rejected automatically,2025-02-10 00:00:02
2348885,auto rejected automatically,2025-02-10 00:00:02
2348848,on ground - changes (ops) automatically,2025-02-10 00:00:02
2348411,on ground - changes (ops) automatically,2025-02-10 00:00:02
2349568,created,2025-02-10 10:23:13
2348864,rejected,2025-02-10 18:24:12
2348653,rejected,2025-02-10 19:24:52
2349415,rejected,2025-02-10 22:24:41
2349200,rejected,2025-02-10 22:35:19
2349224,requote,2025-02-10 23:20:58
2348761,rejected,2025-02-10 23:21:35
2347331,accepted - groups,2025-02-10 23:22:48
2349403,rejected,2025-02-10 23:28:47
2215224,auto rejected automatically,2025-02-11 00:00:02
2347099,auto rejected automatically,2025-02-11 00:00:02
2347100,auto rejected automatically,2025-02-11 00:00:02
2347240,auto rejected automatically,2025-02-11 00:00:02
2347241,auto rejected automatically,2025-02-11 00:00:02
2347295,auto rejected automatically,2025-02-11 00:00:02
2348371,auto rejected automatically,2025-02-11 00:00:02
2348606,auto rejected automatically,2025-02-11 00:00:02
2348702,auto rejected automatically,2025-02-11 00:00:02
2348832,auto rejected automatically,2025-02-11 00:00:02
2348896,auto rejected automatically,2025-02-11 00:00:02
2348918,auto rejected automatically,2025-02-11 00:00:02
2349002,auto rejected automatically,2025-02-11 00:00:02
2349035,auto rejected automatically,2025-02-11 00:00:02
2349114,rejected,2025-02-11 00:00:43
2349066,requote,2025-02-11 00:03:16
2349318,created,2025-02-11 00:14:04
2349285,created,2025-02-11 00:15:52
2349236,created,2025-02-11 00:16:31
2349168,created,2025-02-11 00:17:00
2349177,created,2025-02-11 00:17:11
2349178,created,2025-02-11 00:17:27
2349092,created,2025-02-11 00:18:51
2349102,requote,2025-02-11 00:19:02
2349052,created,2025-02-11 00:19:23
2349003,created,2025-02-11 00:19:49
2348846,created,2025-02-11 00:21:14
2348849,created,2025-02-11 00:26:22
2348954,created,2025-02-11 00:29:35
2348952,created,2025-02-11 00:29:41
2347481,rejected,2025-02-11 05:54:34
2349506,rejected,2025-02-11 06:07:19
2349519,rejected,2025-02-11 17:39:28
2349154,created,2025-02-11 17:48:54
2349012,rejected,2025-02-11 18:00:59
2349386,rejected,2025-02-11 18:42:54
2349308,created,2025-02-11 19:12:25
2348264,rejected,2025-02-11 19:16:03
2349343,rejected,2025-02-11 19:17:55
2349565,rejected,2025-02-11 19:35:54
2349364,rejected,2025-02-11 21:45:10
2349495,rejected,2025-02-11 22:11:46
2349411,rejected,2025-02-11 22:37:04
2349414,rejected,2025-02-11 22:37:09
2348304,rejected,2025-02-11 22:40:15
2349209,requote,2025-02-11 22:47:02
2349140,rejected,2025-02-11 22:50:35
2349151,rejected,2025-02-11 22:51:03
2349072,rejected,2025-02-11 22:52:12
2348977,rejected,2025-02-11 22:55:07
2348868,rejected,2025-02-11 22:58:37
2348828,created,2025-02-11 22:59:54
2349293,rejected,2025-02-11 23:02:53
2349294,rejected,2025-02-11 23:03:28
2349237,rejected,2025-02-11 23:03:51
2349239,rejected,2025-02-11 23:04:08
2349152,rejected,2025-02-11 23:04:26
2349083,rejected,2025-02-11 23:04:44
2349163,rejected,2025-02-11 23:05:51
2349162,rejected,2025-02-11 23:05:57
2348957,rejected,2025-02-11 23:06:55
2349275,rejected,2025-02-11 23:07:38
2348771,rejected,2025-02-11 23:13:58
2348015,rejected,2025-02-11 23:15:46
2348946,rejected,2025-02-11 23:19:05
2349334,rejected,2025-02-11 23:25:38
2349624,rejected,2025-02-11 23:58:29
2347139,auto rejected automatically,2025-02-12 00:00:01
2347140,auto rejected automatically,2025-02-12 00:00:01
2347178,auto rejected automatically,2025-02-12 00:00:01
2347698,auto rejected automatically,2025-02-12 00:00:01
2347702,auto rejected automatically,2025-02-12 00:00:01
2347704,auto rejected automatically,2025-02-12 00:00:01
2348315,auto rejected automatically,2025-02-12 00:00:01
2348381,auto rejected automatically,2025-02-12 00:00:01
2348383,auto rejected automatically,2025-02-12 00:00:01
2348385,auto rejected automatically,2025-02-12 00:00:01
2348580,auto rejected automatically,2025-02-12 00:00:01
2348843,auto rejected automatically,2025-02-12 00:00:02
2348866,auto rejected automatically,2025-02-12 00:00:02
2348899,auto rejected automatically,2025-02-12 00:00:02
2348938,auto rejected automatically,2025-02-12 00:00:02
2349057,auto rejected automatically,2025-02-12 00:00:02
2348750,on ground - changes (ops) automatically,2025-02-12 00:00:02
2349188,requote,2025-02-12 00:32:10
2349050,rejected,2025-02-12 00:37:44
2348786,rejected,2025-02-12 14:09:14
2348482,rejected,2025-02-12 14:32:39
2349311,requote after confirmation,2025-02-12 17:10:50
2349619,rejected,2025-02-12 17:45:13
2349316,created,2025-02-12 17:48:44
2349615,rejected,2025-02-12 17:54:45
2349614,rejected,2025-02-12 17:55:04
2349616,rejected,2025-02-12 17:56:05
2349300,created,2025-02-12 19:34:01
2349297,created,2025-02-12 19:38:50
2349283,rejected,2025-02-12 19:48:28
2349271,created,2025-02-12 20:47:41
2349045,rejected,2025-02-12 20:53:20
2349228,created,2025-02-12 20:54:44
2349058,created,2025-02-12 20:54:56
2349214,created,2025-02-12 21:03:49
2348759,created,2025-02-12 21:04:44
2348724,created,2025-02-12 21:05:52
2348663,created,2025-02-12 21:06:04
2348739,created,2025-02-12 21:10:40
2348758,created,2025-02-12 21:10:52
2348762,created,2025-02-12 21:11:03
2348671,created,2025-02-12 21:11:37
2349004,created,2025-02-12 21:13:29
2348967,created,2025-02-12 21:13:46
2348914,requote,2025-02-12 21:13:58
2349265,created,2025-02-12 21:33:26
2349643,rejected,2025-02-12 22:33:23
2347256,auto rejected automatically,2025-02-13 00:00:01
2347258,auto rejected automatically,2025-02-13 00:00:01
2347315,auto rejected automatically,2025-02-13 00:00:01
2347318,auto rejected automatically,2025-02-13 00:00:01
2347320,auto rejected automatically,2025-02-13 00:00:01
2347322,auto rejected automatically,2025-02-13 00:00:01
2347323,auto rejected automatically,2025-02-13 00:00:01
2347325,auto rejected automatically,2025-02-13 00:00:01
2347327,auto rejected automatically,2025-02-13 00:00:01
2347361,auto rejected automatically,2025-02-13 00:00:01
2347362,auto rejected automatically,2025-02-13 00:00:01
2347363,auto rejected automatically,2025-02-13 00:00:01
2347414,auto rejected automatically,2025-02-13 00:00:01
2347596,auto rejected automatically,2025-02-13 00:00:01
2347856,auto rejected automatically,2025-02-13 00:00:01
2347864,auto rejected automatically,2025-02-13 00:00:01
2348313,auto rejected automatically,2025-02-13 00:00:01
2348492,auto rejected automatically,2025-02-13 00:00:01
2348718,auto rejected automatically,2025-02-13 00:00:01
2348850,auto rejected automatically,2025-02-13 00:00:01
2348853,auto rejected automatically,2025-02-13 00:00:01
2348897,auto rejected automatically,2025-02-13 00:00:01
2349230,auto rejected automatically,2025-02-13 00:00:01
2349232,auto rejected automatically,2025-02-13 00:00:01
2349425,auto rejected automatically,2025-02-13 00:00:01
2349631,auto rejected automatically,2025-02-13 00:00:01
2349636,auto rejected automatically,2025-02-13 00:00:01
2348413,on ground - changes (ops) automatically,2025-02-13 00:00:01
2348430,on ground - changes (ops) automatically,2025-02-13 00:00:01
2349135,accepted - pre qa - land bookings,2025-02-13 16:51:39
2348857,accepted - pre qa - land bookings,2025-02-13 16:58:00
2348860,accepted - pre qa - land bookings,2025-02-13 17:02:31
2348785,accepted - pre qa - land bookings,2025-02-13 17:23:46
2348822,accepted - pre qa - land bookings,2025-02-13 17:44:57
2347182,auto rejected automatically,2025-02-14 00:00:02
2348350,auto rejected automatically,2025-02-14 00:00:02
2348351,auto rejected automatically,2025-02-14 00:00:02
2348460,auto rejected automatically,2025-02-14 00:00:02
2348549,auto rejected automatically,2025-02-14 00:00:02
2348635,auto rejected automatically,2025-02-14 00:00:02
2348644,auto rejected automatically,2025-02-14 00:00:02
2349118,auto rejected automatically,2025-02-14 00:00:02
2349172,auto rejected automatically,2025-02-14 00:00:02
2349586,auto rejected,2025-02-14 14:11:45
18,accounts - reconciliation,2025-02-14 15:15:28
2347705,auto rejected automatically,2025-02-15 00:00:02
2347707,auto rejected automatically,2025-02-15 00:00:02
2347729,auto rejected automatically,2025-02-15 00:00:02
2347730,auto rejected automatically,2025-02-15 00:00:02
2347755,auto rejected automatically,2025-02-15 00:00:02
2348714,auto rejected automatically,2025-02-15 00:00:02
2348810,auto rejected automatically,2025-02-15 00:00:02
2349046,auto rejected automatically,2025-02-15 00:00:02
2349238,auto rejected automatically,2025-02-15 00:00:02
2349373,auto rejected automatically,2025-02-15 00:00:02
2349430,auto rejected automatically,2025-02-15 00:00:02
2349431,auto rejected automatically,2025-02-15 00:00:02
2349432,auto rejected automatically,2025-02-15 00:00:02
2349433,auto rejected automatically,2025-02-15 00:00:02
2349434,auto rejected automatically,2025-02-15 00:00:02
2349435,auto rejected automatically,2025-02-15 00:00:02
2349436,auto rejected automatically,2025-02-15 00:00:02
2349437,auto rejected automatically,2025-02-15 00:00:02
2349438,auto rejected automatically,2025-02-15 00:00:02
2349439,auto rejected automatically,2025-02-15 00:00:02
2349441,auto rejected automatically,2025-02-15 00:00:02
2349442,auto rejected automatically,2025-02-15 00:00:02
2349443,auto rejected automatically,2025-02-15 00:00:02
2349444,auto rejected automatically,2025-02-15 00:00:02
2349445,auto rejected automatically,2025-02-15 00:00:02
2349470,auto rejected automatically,2025-02-15 00:00:02
2348431,on ground - changes (ops) automatically,2025-02-15 00:00:02
2349277,created,2025-02-15 17:53:24
2349259,created,2025-02-15 17:54:48
2349303,created,2025-02-15 18:11:43
2349270,created,2025-02-15 18:12:05
2349094,created,2025-02-15 18:16:48
2348968,created,2025-02-15 18:17:13
2349233,created,2025-02-15 18:55:17
2349198,requote,2025-02-15 18:56:09
2349123,created,2025-02-15 18:59:02
2348835,created,2025-02-15 18:59:21
2348747,requote,2025-02-15 18:59:50
2348703,created,2025-02-15 19:00:17
2348720,created,2025-02-15 19:00:52
2349148,requote,2025-02-15 19:16:35
2349133,requote,2025-02-15 19:16:59
2347420,auto rejected automatically,2025-02-16 00:00:01
2347421,auto rejected automatically,2025-02-16 00:00:01
2347532,auto rejected automatically,2025-02-16 00:00:01
2347701,auto rejected automatically,2025-02-16 00:00:01
2347703,auto rejected automatically,2025-02-16 00:00:01
2347887,auto rejected automatically,2025-02-16 00:00:01
2347888,auto rejected automatically,2025-02-16 00:00:01
2347889,auto rejected automatically,2025-02-16 00:00:01
2347890,auto rejected automatically,2025-02-16 00:00:01
2348271,auto rejected automatically,2025-02-16 00:00:01
2348417,auto rejected automatically,2025-02-16 00:00:01
2348427,auto rejected automatically,2025-02-16 00:00:01
2348512,auto rejected automatically,2025-02-16 00:00:01
2348802,auto rejected automatically,2025-02-16 00:00:01
2348826,auto rejected automatically,2025-02-16 00:00:02
2348911,auto rejected automatically,2025-02-16 00:00:02
2349077,auto rejected automatically,2025-02-16 00:00:02
2349165,auto rejected automatically,2025-02-16 00:00:02
2349234,auto rejected automatically,2025-02-16 00:00:02
2349243,auto rejected automatically,2025-02-16 00:00:02
2348463,on ground - changes (ops) automatically,2025-02-16 00:00:02
2349654,rejected,2025-02-16 00:10:32
2349589,auto rejected,2025-02-16 21:05:46
2347406,auto rejected automatically,2025-02-17 00:00:01
2347644,auto rejected automatically,2025-02-17 00:00:01
2347836,auto rejected automatically,2025-02-17 00:00:01
2347837,auto rejected automatically,2025-02-17 00:00:01
2348713,auto rejected automatically,2025-02-17 00:00:02
2348791,auto rejected automatically,2025-02-17 00:00:02
2348872,auto rejected automatically,2025-02-17 00:00:02
2349327,auto rejected automatically,2025-02-17 00:00:02
2349728,rejected,2025-02-17 22:02:23
2347380,auto rejected automatically,2025-02-18 00:00:01
2347654,auto rejected automatically,2025-02-18 00:00:01
2347656,auto rejected automatically,2025-02-18 00:00:01
2347658,auto rejected automatically,2025-02-18 00:00:01
2347671,auto rejected automatically,2025-02-18 00:00:01
2348395,auto rejected automatically,2025-02-18 00:00:01
2348444,auto rejected automatically,2025-02-18 00:00:01
2348837,auto rejected automatically,2025-02-18 00:00:01
2349010,auto rejected automatically,2025-02-18 00:00:01
2349207,auto rejected automatically,2025-02-18 00:00:01
2348406,on ground - changes (ops) automatically,2025-02-18 00:00:01
2347746,rejected after confirmation,2025-02-18 19:45:37
2349756,rejected,2025-02-18 21:20:04
2188757,auto rejected automatically,2025-02-19 00:00:01
2347356,auto rejected automatically,2025-02-19 00:00:01
2347357,auto rejected automatically,2025-02-19 00:00:01
2347358,auto rejected automatically,2025-02-19 00:00:01
2347359,auto rejected automatically,2025-02-19 00:00:01
2347370,auto rejected automatically,2025-02-19 00:00:01
2347371,auto rejected automatically,2025-02-19 00:00:01
2347871,auto rejected automatically,2025-02-19 00:00:01
2348311,auto rejected automatically,2025-02-19 00:00:01
2348633,auto rejected automatically,2025-02-19 00:00:01
2348660,auto rejected automatically,2025-02-19 00:00:01
2348959,auto rejected automatically,2025-02-19 00:00:01
2349098,auto rejected automatically,2025-02-19 00:00:01
2349735,rejected,2025-02-19 00:30:43
2348670,delivered,2025-02-19 16:53:26
2347195,auto rejected automatically,2025-02-20 00:00:01
2347424,auto rejected automatically,2025-02-20 00:00:01
2347430,auto rejected automatically,2025-02-20 00:00:01
2347470,auto rejected automatically,2025-02-20 00:00:01
2347475,auto rejected automatically,2025-02-20 00:00:01
2347860,auto rejected automatically,2025-02-20 00:00:01
2347867,auto rejected automatically,2025-02-20 00:00:01
2347872,auto rejected automatically,2025-02-20 00:00:01
2348845,auto rejected automatically,2025-02-20 00:00:01
2349031,auto rejected automatically,2025-02-20 00:00:01
2349507,auto rejected automatically,2025-02-20 00:00:01
2349741,auto rejected automatically,2025-02-20 00:00:01
2349761,auto rejected automatically,2025-02-20 00:00:01
2312730,auto rejected automatically,2025-02-21 00:00:01
2347194,auto rejected automatically,2025-02-21 00:00:01
2347527,auto rejected automatically,2025-02-21 00:00:01
2347543,auto rejected automatically,2025-02-21 00:00:01
2347600,auto rejected automatically,2025-02-21 00:00:01
2347601,auto rejected automatically,2025-02-21 00:00:01
2347664,auto rejected automatically,2025-02-21 00:00:01
2347672,auto rejected automatically,2025-02-21 00:00:01
2347805,auto rejected automatically,2025-02-21 00:00:01
2347806,auto rejected automatically,2025-02-21 00:00:01
2347807,auto rejected automatically,2025-02-21 00:00:01
2347808,auto rejected automatically,2025-02-21 00:00:01
2347830,auto rejected automatically,2025-02-21 00:00:01
2347832,auto rejected automatically,2025-02-21 00:00:01
2347840,auto rejected automatically,2025-02-21 00:00:01
2347841,auto rejected automatically,2025-02-21 00:00:01
2347842,auto rejected automatically,2025-02-21 00:00:01
2347884,auto rejected automatically,2025-02-21 00:00:01
2348005,auto rejected automatically,2025-02-21 00:00:01
2348630,auto rejected automatically,2025-02-21 00:00:02
2348658,auto rejected automatically,2025-02-21 00:00:02
2348935,auto rejected automatically,2025-02-21 00:00:02
2348936,auto rejected automatically,2025-02-21 00:00:02
2349097,auto rejected automatically,2025-02-21 00:00:02
2349130,auto rejected automatically,2025-02-21 00:00:02
2349194,auto rejected automatically,2025-02-21 00:00:02
2349312,auto rejected automatically,2025-02-21 00:00:02
2349446,auto rejected automatically,2025-02-21 00:00:02
2348364,rejected after confrmation qa pending,2025-02-21 05:31:28
2348548,rejected after confrmation qa pending,2025-02-21 05:32:23
2348634,rejected after confrmation qa pending,2025-02-21 05:33:00
2348726,rejected after confrmation qa pending,2025-02-21 05:34:46
2349273,rejected after confrmation qa pending,2025-02-21 05:36:35
2348443,rejected after confrmation qa pending,2025-02-21 05:44:14
2349245,rejected,2025-02-21 18:30:33
2347649,pre qa - pending,2025-02-21 21:52:54
2347606,pre qa - pending,2025-02-21 22:40:50
2348370,auto rejected automatically,2025-02-22 00:00:02
2348625,auto rejected automatically,2025-02-22 00:00:02
2349477,auto rejected automatically,2025-02-22 00:00:02
2349815,rejected,2025-02-22 09:23:59
2347623,auto rejected automatically,2025-02-23 00:00:02
2347624,auto rejected automatically,2025-02-23 00:00:02
2347625,auto rejected automatically,2025-02-23 00:00:02
2347626,auto rejected automatically,2025-02-23 00:00:02
2348009,auto rejected automatically,2025-02-23 00:00:02
2348527,auto rejected automatically,2025-02-23 00:00:02
2348602,auto rejected automatically,2025-02-23 00:00:02
2348603,auto rejected automatically,2025-02-23 00:00:02
2349183,auto rejected automatically,2025-02-23 00:00:02
2349496,auto rejected automatically,2025-02-23 00:00:02
2347374,auto rejected automatically,2025-02-24 00:00:01
2347375,auto rejected automatically,2025-02-24 00:00:01
2347607,auto rejected automatically,2025-02-24 00:00:01
2347608,auto rejected automatically,2025-02-24 00:00:01
2347893,auto rejected automatically,2025-02-24 00:00:02
2348423,auto rejected automatically,2025-02-24 00:00:02
2348251,accounts - reconciliation automatically,2025-02-24 00:00:02
2349814,rejected,2025-02-24 22:53:27
2347767,auto rejected automatically,2025-02-25 00:00:02
2348245,auto rejected automatically,2025-02-25 00:00:02
2348733,auto rejected automatically,2025-02-25 00:00:02
2349302,auto rejected automatically,2025-02-25 00:00:02
2349548,accounts - reconciliation automatically,2025-02-25 00:00:02
2349424,rejected,2025-02-25 19:00:28
2349358,rejected,2025-02-25 19:09:13
2349326,rejected,2025-02-25 19:19:51
2348616,rejected,2025-02-25 21:19:20
2347149,auto rejected automatically,2025-02-26 00:00:01
2347153,auto rejected automatically,2025-02-26 00:00:01
2347471,auto rejected automatically,2025-02-26 00:00:01
2347473,auto rejected automatically,2025-02-26 00:00:01
2347507,auto rejected automatically,2025-02-26 00:00:01
2347528,auto rejected automatically,2025-02-26 00:00:02
2347529,auto rejected automatically,2025-02-26 00:00:02
2347537,auto rejected automatically,2025-02-26 00:00:02
2347538,auto rejected automatically,2025-02-26 00:00:02
2348378,auto rejected automatically,2025-02-26 00:00:02
2348709,auto rejected automatically,2025-02-26 00:00:02
2348715,auto rejected automatically,2025-02-26 00:00:02
2348716,auto rejected automatically,2025-02-26 00:00:02
2348749,auto rejected automatically,2025-02-26 00:00:02
2348894,auto rejected automatically,2025-02-26 00:00:02
2349001,auto rejected automatically,2025-02-26 00:00:02
2349069,auto rejected automatically,2025-02-26 00:00:02
2349103,auto rejected automatically,2025-02-26 00:00:02
2349262,auto rejected automatically,2025-02-26 00:00:02
2349267,auto rejected automatically,2025-02-26 00:00:02
2349301,auto rejected automatically,2025-02-26 00:00:02
2349640,auto rejected automatically,2025-02-26 00:00:02
2349681,auto rejected automatically,2025-02-26 00:00:02
2349835,created,2025-02-26 13:53:29
2349638,rejected,2025-02-26 17:43:45
2349671,rejected,2025-02-26 17:46:39
2347865,auto rejected automatically,2025-02-27 00:00:02
2347866,auto rejected automatically,2025-02-27 00:00:02
2348454,auto rejected automatically,2025-02-27 00:00:02
2348955,auto rejected automatically,2025-02-27 00:00:02
2348979,auto rejected automatically,2025-02-27 00:00:02
2349675,auto rejected automatically,2025-02-27 00:00:02
2349701,auto rejected automatically,2025-02-27 00:00:02
2349068,requote,2025-02-27 17:40:44
2349845,rejected after confrmation qa pending,2025-02-27 22:36:11
2273176,auto rejected automatically,2025-03-01 00:00:01
2348353,auto rejected automatically,2025-03-01 00:00:01
2348362,auto rejected automatically,2025-03-01 00:00:01
2348455,auto rejected automatically,2025-03-01 00:00:01
2348734,auto rejected automatically,2025-03-01 00:00:01
2349291,auto rejected automatically,2025-03-01 00:00:01
2349497,auto rejected automatically,2025-03-01 00:00:01
2349652,rejected,2025-03-01 17:13:47
2103498,auto rejected automatically,2025-03-02 00:00:01
2325444,auto rejected automatically,2025-03-02 00:00:01
2347309,auto rejected automatically,2025-03-02 00:00:01
2347312,auto rejected automatically,2025-03-02 00:00:01
2347313,auto rejected automatically,2025-03-02 00:00:01
2347321,auto rejected automatically,2025-03-02 00:00:01
2348387,auto rejected automatically,2025-03-02 00:00:01
2348721,auto rejected automatically,2025-03-02 00:00:02
2348745,auto rejected automatically,2025-03-02 00:00:02
2348798,auto rejected automatically,2025-03-02 00:00:02
2348808,auto rejected automatically,2025-03-02 00:00:02
2349089,auto rejected automatically,2025-03-02 00:00:02
2349090,auto rejected automatically,2025-03-02 00:00:02
2349155,auto rejected automatically,2025-03-02 00:00:02
2349266,auto rejected automatically,2025-03-02 00:00:02
2349355,auto rejected automatically,2025-03-02 00:00:02
2349455,auto rejected automatically,2025-03-02 00:00:02
2349584,auto rejected automatically,2025-03-02 00:00:02
2349585,auto rejected automatically,2025-03-02 00:00:02
2349587,auto rejected automatically,2025-03-02 00:00:02
2349590,auto rejected automatically,2025-03-02 00:00:02
2349599,auto rejected automatically,2025-03-02 00:00:02
2349600,auto rejected automatically,2025-03-02 00:00:02
2349601,auto rejected automatically,2025-03-02 00:00:02
2349602,auto rejected automatically,2025-03-02 00:00:02
2349603,auto rejected automatically,2025-03-02 00:00:02
2349604,auto rejected automatically,2025-03-02 00:00:02
2349606,auto rejected automatically,2025-03-02 00:00:02
2349607,auto rejected automatically,2025-03-02 00:00:02
2349608,auto rejected automatically,2025-03-02 00:00:02
2349610,auto rejected automatically,2025-03-02 00:00:02
2349612,auto rejected automatically,2025-03-02 00:00:02
2349613,auto rejected automatically,2025-03-02 00:00:02
2349617,auto rejected automatically,2025-03-02 00:00:02
2349620,auto rejected automatically,2025-03-02 00:00:02
2349621,auto rejected automatically,2025-03-02 00:00:02
2349627,auto rejected automatically,2025-03-02 00:00:02
2349629,auto rejected automatically,2025-03-02 00:00:02
2349632,auto rejected automatically,2025-03-02 00:00:02
2349634,auto rejected automatically,2025-03-02 00:00:02
2349635,auto rejected automatically,2025-03-02 00:00:02
2349637,auto rejected automatically,2025-03-02 00:00:02
2349648,auto rejected automatically,2025-03-02 00:00:02
2349653,auto rejected automatically,2025-03-02 00:00:02
2349655,auto rejected automatically,2025-03-02 00:00:02
2349656,auto rejected automatically,2025-03-02 00:00:02
2349657,auto rejected automatically,2025-03-02 00:00:02
2349659,auto rejected automatically,2025-03-02 00:00:02
2349660,auto rejected automatically,2025-03-02 00:00:02
2349661,auto rejected automatically,2025-03-02 00:00:02
2349666,auto rejected automatically,2025-03-02 00:00:02
2349668,auto rejected automatically,2025-03-02 00:00:02
2349670,auto rejected automatically,2025-03-02 00:00:02
2349674,auto rejected automatically,2025-03-02 00:00:02
2349684,auto rejected automatically,2025-03-02 00:00:02
2349689,auto rejected automatically,2025-03-02 00:00:02
2349690,auto rejected automatically,2025-03-02 00:00:02
2349691,auto rejected automatically,2025-03-02 00:00:02
2349699,auto rejected automatically,2025-03-02 00:00:02
2349700,auto rejected automatically,2025-03-02 00:00:02
2349702,auto rejected automatically,2025-03-02 00:00:02
2349705,auto rejected automatically,2025-03-02 00:00:02
2349706,auto rejected automatically,2025-03-02 00:00:02
2349707,auto rejected automatically,2025-03-02 00:00:02
2349709,auto rejected automatically,2025-03-02 00:00:02
2349710,auto rejected automatically,2025-03-02 00:00:02
2349712,auto rejected automatically,2025-03-02 00:00:02
2349753,auto rejected automatically,2025-03-02 00:00:02
2349763,auto rejected automatically,2025-03-02 00:00:02
2349764,auto rejected automatically,2025-03-02 00:00:02
2349782,auto rejected automatically,2025-03-02 00:00:02
2349783,auto rejected automatically,2025-03-02 00:00:02
2347595,auto rejected automatically,2025-03-03 00:00:02
2347597,auto rejected automatically,2025-03-03 00:00:02
2348813,auto rejected automatically,2025-03-03 00:00:02
2348856,auto rejected automatically,2025-03-03 00:00:02
2349159,auto rejected automatically,2025-03-03 00:00:02
2349649,auto rejected automatically,2025-03-03 00:00:02
2349650,auto rejected automatically,2025-03-03 00:00:02
51,accepted,2025-03-03 19:20:01
2349560,rejected,2025-03-03 22:35:49
2347251,auto rejected automatically,2025-03-04 00:00:01
2347259,auto rejected automatically,2025-03-04 00:00:01
2347298,auto rejected automatically,2025-03-04 00:00:01
2348416,auto rejected automatically,2025-03-04 00:00:01
2348687,auto rejected automatically,2025-03-04 00:00:01
2348944,auto rejected automatically,2025-03-04 00:00:01
2349189,auto rejected automatically,2025-03-04 00:00:01
2349387,auto rejected automatically,2025-03-04 00:00:01
2347150,auto rejected automatically,2025-03-05 00:00:02
2347151,auto rejected automatically,2025-03-05 00:00:02
2347674,auto rejected automatically,2025-03-05 00:00:02
2347675,auto rejected automatically,2025-03-05 00:00:02
2347694,auto rejected automatically,2025-03-05 00:00:02
2348619,auto rejected automatically,2025-03-05 00:00:02
2348620,auto rejected automatically,2025-03-05 00:00:02
2348659,auto rejected automatically,2025-03-05 00:00:02
2348961,auto rejected automatically,2025-03-05 00:00:02
2349091,auto rejected automatically,2025-03-05 00:00:02
2349124,auto rejected automatically,2025-03-05 00:00:02
2349137,auto rejected automatically,2025-03-05 00:00:02
2349744,auto rejected automatically,2025-03-05 00:00:02
2349320,created,2025-03-05 12:01:07
2349898,rejected after confrmation qa pending,2025-03-05 15:54:24
2349817,rejected,2025-03-05 21:15:49
2347382,auto rejected automatically,2025-03-06 00:00:01
2347769,auto rejected automatically,2025-03-06 00:00:01
2348024,auto rejected automatically,2025-03-06 00:00:01
2348049,auto rejected automatically,2025-03-06 00:00:01
2348127,auto rejected automatically,2025-03-06 00:00:01
2348128,auto rejected automatically,2025-03-06 00:00:01
2349125,auto rejected automatically,2025-03-06 00:00:01
2349242,auto rejected automatically,2025-03-06 00:00:01
2349251,auto rejected automatically,2025-03-06 00:00:01
2349258,auto rejected automatically,2025-03-06 00:00:01
2349461,auto rejected automatically,2025-03-06 00:00:01
2349750,auto rejected automatically,2025-03-06 00:00:01
2349901,auto rejected automatically,2025-03-06 00:00:01
2349925,auto rejected automatically,2025-03-06 00:00:01
2347179,accounts - reconciliation,2025-03-06 17:31:05
2347772,rejected,2025-03-06 20:51:13
2347296,auto rejected automatically,2025-03-07 00:00:01
2347299,auto rejected automatically,2025-03-07 00:00:01
2347505,auto rejected automatically,2025-03-07 00:00:01
2347506,auto rejected automatically,2025-03-07 00:00:01
2347522,auto rejected automatically,2025-03-07 00:00:01
2347734,auto rejected automatically,2025-03-07 00:00:01
2347735,auto rejected automatically,2025-03-07 00:00:01
2347843,auto rejected automatically,2025-03-07 00:00:01
2347873,auto rejected automatically,2025-03-07 00:00:01
2347876,auto rejected automatically,2025-03-07 00:00:01
2348375,auto rejected automatically,2025-03-07 00:00:01
2348497,auto rejected automatically,2025-03-07 00:00:01
2348697,auto rejected automatically,2025-03-07 00:00:01
2348743,auto rejected automatically,2025-03-07 00:00:01
2348824,auto rejected automatically,2025-03-07 00:00:01
2348889,auto rejected automatically,2025-03-07 00:00:01
2348926,auto rejected automatically,2025-03-07 00:00:01
2348960,auto rejected automatically,2025-03-07 00:00:01
2349028,auto rejected automatically,2025-03-07 00:00:01
2349175,auto rejected automatically,2025-03-07 00:00:01
2349742,auto rejected automatically,2025-03-07 00:00:01
2349907,auto rejected automatically,2025-03-07 00:00:01
2349139,requote after confirmation,2025-03-07 09:43:55
2349220,rejected after confrmation qa pending,2025-03-07 09:44:52
2349142,rejected after confrmation qa pending,2025-03-07 09:45:33
2349117,rejected after confrmation qa pending,2025-03-07 09:46:54
2349030,rejected after confrmation qa pending,2025-03-07 09:49:34
2349024,rejected after confrmation qa pending,2025-03-07 09:53:28
2349007,rejected after confrmation qa pending,2025-03-07 09:54:16
2348991,rejected after confrmation qa pending,2025-03-07 09:55:53
2348990,rejected after confrmation qa pending,2025-03-07 09:56:28
2348987,rejected after confrmation qa pending,2025-03-07 09:58:32
2348874,rejected after confrmation qa pending,2025-03-07 10:01:07
2348871,rejected after confrmation qa pending,2025-03-07 10:08:13
2348727,rejected after confrmation qa pending,2025-03-07 10:12:15
2348693,rejected after confrmation qa pending,2025-03-07 10:13:21
2348651,rejected after confrmation qa pending,2025-03-07 10:15:02
2348676,rejected after confrmation qa pending,2025-03-07 10:15:49
2348684,rejected after confrmation qa pending,2025-03-07 10:17:06
2348640,rejected after confrmation qa pending,2025-03-07 10:18:41
2348641,rejected after confrmation qa pending,2025-03-07 10:20:39
2348642,rejected after confrmation qa pending,2025-03-07 10:22:46
2348708,rejected after confrmation qa pending,2025-03-07 10:27:41
2348445,rejected after confrmation qa pending,2025-03-07 12:02:38
2186233,accepted,2025-03-07 14:43:23
2289892,accepted,2025-03-07 18:14:30
2349849,rejected,2025-03-07 20:39:26
2348419,rejected,2025-03-07 21:45:01
2348019,rejected,2025-03-07 23:00:18
2348008,rejected,2025-03-07 23:00:54
2347565,auto rejected automatically,2025-03-08 00:00:02
2348847,auto rejected automatically,2025-03-08 00:00:02
2349008,auto rejected automatically,2025-03-08 00:00:02
2349778,rejected,2025-03-08 14:58:56
2347638,accepted,2025-03-08 20:47:19
2348352,accepted,2025-03-08 20:48:41
2347364,auto rejected automatically,2025-03-09 00:00:02
2347365,auto rejected automatically,2025-03-09 00:00:02
2348107,auto rejected automatically,2025-03-09 00:00:02
2348120,auto rejected automatically,2025-03-09 00:00:02
2348121,auto rejected automatically,2025-03-09 00:00:02
2348246,auto rejected automatically,2025-03-09 00:00:02
2348483,auto rejected automatically,2025-03-09 00:00:02
2348554,auto rejected automatically,2025-03-09 00:00:02
2349559,auto rejected automatically,2025-03-09 00:00:02
2349463,accounts - reconciliation automatically,2025-03-09 00:00:02
2349448,rejected after confrmation qa pending,2025-03-09 03:11:00
2347264,auto rejected automatically,2025-03-10 00:00:02
2347265,auto rejected automatically,2025-03-10 00:00:02
2347266,auto rejected automatically,2025-03-10 00:00:02
2347474,auto rejected automatically,2025-03-10 00:00:02
2347476,auto rejected automatically,2025-03-10 00:00:02
2347661,auto rejected automatically,2025-03-10 00:00:02
2347662,auto rejected automatically,2025-03-10 00:00:02
2347663,auto rejected automatically,2025-03-10 00:00:02
2347690,auto rejected automatically,2025-03-10 00:00:02
2347691,auto rejected automatically,2025-03-10 00:00:02
2348424,auto rejected automatically,2025-03-10 00:00:02
2349854,auto rejected automatically,2025-03-10 00:00:02
2349843,rejected,2025-03-10 17:04:07
2349824,rejected,2025-03-10 17:12:43
2349935,rejected,2025-03-10 17:20:31
2349850,rejected,2025-03-10 17:21:51
2349021,rejected,2025-03-10 17:22:00
2349840,rejected,2025-03-10 17:22:16
2349623,rejected,2025-03-10 17:22:58
2349026,rejected,2025-03-10 17:23:31
2349354,rejected,2025-03-10 17:23:44
2349344,rejected,2025-03-10 17:24:15
2349340,rejected,2025-03-10 17:24:45
2348583,rejected,2025-03-10 17:25:16
2348561,rejected,2025-03-10 17:26:01
2348422,rejected,2025-03-10 17:26:50
2347879,rejected,2025-03-10 17:27:53
2347750,rejected,2025-03-10 17:28:25
2347748,rejected,2025-03-10 17:29:23
2347721,rejected,2025-03-10 17:30:00
2348472,rejected,2025-03-10 17:50:15
2349298,rejected,2025-03-10 17:59:49
2348477,rejected,2025-03-10 18:07:00
2349502,rejected,2025-03-10 18:11:14
2349580,rejected,2025-03-10 21:41:33
2347598,auto rejected automatically,2025-03-11 00:00:02
2347599,auto rejected automatically,2025-03-11 00:00:02
2347821,auto rejected automatically,2025-03-11 00:00:02
2347823,auto rejected automatically,2025-03-11 00:00:02
2347824,auto rejected automatically,2025-03-11 00:00:02
2348341,auto rejected automatically,2025-03-11 00:00:02
2348560,auto rejected automatically,2025-03-11 00:00:02
2348740,auto rejected automatically,2025-03-11 00:00:02
2349095,auto rejected automatically,2025-03-11 00:00:02
2349141,auto rejected automatically,2025-03-11 00:00:02
2349208,auto rejected automatically,2025-03-11 00:00:02
2349399,auto rejected automatically,2025-03-11 00:00:02
2349418,auto rejected automatically,2025-03-11 00:00:02
2349449,auto rejected automatically,2025-03-11 00:00:02
2349729,auto rejected automatically,2025-03-11 00:00:02
2349816,auto rejected automatically,2025-03-11 00:00:02
2347344,rejected,2025-03-11 18:39:14
2347289,rejected,2025-03-11 18:40:15
2347287,rejected,2025-03-11 18:40:44
2347252,rejected,2025-03-11 18:42:09
2347169,rejected,2025-03-11 18:46:24
2347167,rejected,2025-03-11 18:46:56
2347096,rejected,2025-03-11 18:48:25
2349900,rejected,2025-03-11 18:49:32
2349626,rejected,2025-03-11 18:50:08
2349500,rejected,2025-03-11 18:50:41
2348412,rejected,2025-03-11 18:51:12
2347737,rejected,2025-03-11 18:52:34
2347585,rejected,2025-03-11 19:25:48
2347554,rejected,2025-03-11 19:27:29
2347546,rejected,2025-03-11 19:28:02
2347544,rejected,2025-03-11 19:28:37
2347531,rejected,2025-03-11 20:34:19
2347512,rejected,2025-03-11 20:35:01
2347468,rejected,2025-03-11 20:35:38
2347456,rejected,2025-03-11 20:37:22
2347242,rejected,2025-03-11 20:42:05
2348154,rejected,2025-03-11 20:47:09
2347696,rejected,2025-03-11 20:49:13
2347530,rejected,2025-03-11 20:50:05
2347454,rejected,2025-03-11 20:50:33
2347453,rejected,2025-03-11 20:51:18
2347452,rejected,2025-03-11 20:51:57
2347450,rejected,2025-03-11 20:52:29
2347449,rejected,2025-03-11 20:53:41
2347418,rejected,2025-03-11 20:54:18
2347411,rejected,2025-03-11 20:54:46
2349381,rejected,2025-03-11 20:57:45
2348617,rejected,2025-03-11 21:00:46
2348559,rejected,2025-03-11 21:01:52
2348498,rejected,2025-03-11 21:02:39
2348494,rejected,2025-03-11 21:03:30
2349333,rejected after confrmation qa pending,2025-03-11 21:16:55
2348493,rejected,2025-03-11 21:17:20
2348224,rejected,2025-03-11 21:19:21
2348202,rejected,2025-03-11 21:19:48
2348068,rejected,2025-03-11 21:20:56
2347828,rejected,2025-03-11 21:22:21
2347826,rejected,2025-03-11 21:23:02
2347759,rejected,2025-03-11 21:24:27
2347760,rejected,2025-03-11 21:24:57
2347666,rejected,2025-03-11 21:25:43
2347660,rejected,2025-03-11 21:26:20
2347367,rejected,2025-03-11 21:27:46
2347301,rejected,2025-03-11 21:28:35
2347197,rejected,2025-03-11 22:46:55
2348207,auto rejected automatically,2025-03-12 00:00:01
2348585,auto rejected automatically,2025-03-12 00:00:02
2348586,auto rejected automatically,2025-03-12 00:00:02
2348698,auto rejected automatically,2025-03-12 00:00:02
2348814,auto rejected automatically,2025-03-12 00:00:02
2349873,accepted,2025-03-12 14:29:22
2349692,rejected,2025-03-12 17:38:21
2542197,rejected,2025-03-12 17:45:17
2350015,rejected,2025-03-12 17:50:13
2347946,auto rejected automatically,2025-03-13 00:00:01
2347951,auto rejected automatically,2025-03-13 00:00:01
2348510,auto rejected automatically,2025-03-13 00:00:02
2348656,auto rejected automatically,2025-03-13 00:00:02
2348712,auto rejected automatically,2025-03-13 00:00:02
2349206,auto rejected automatically,2025-03-13 00:00:02
2349697,auto rejected automatically,2025-03-13 00:00:02
2349861,auto rejected automatically,2025-03-13 00:00:02
2538108,rejected,2025-03-13 18:39:30
2542639,rejected,2025-03-13 18:41:14
2499129,rejected,2025-03-13 18:51:27
2535821,rejected,2025-03-13 19:26:52
2543785,rejected,2025-03-13 20:17:46
2510281,rejected,2025-03-13 20:31:00
2483186,rejected,2025-03-13 20:50:34
2347697,auto rejected automatically,2025-03-14 00:00:02
2347877,auto rejected automatically,2025-03-14 00:00:02
2347878,auto rejected automatically,2025-03-14 00:00:02
2348229,auto rejected automatically,2025-03-14 00:00:02
2348253,auto rejected automatically,2025-03-14 00:00:02
2348468,auto rejected automatically,2025-03-14 00:00:02
2348469,auto rejected automatically,2025-03-14 00:00:02
2348526,auto rejected automatically,2025-03-14 00:00:02
2348789,auto rejected automatically,2025-03-14 00:00:02
2349153,auto rejected automatically,2025-03-14 00:00:02
2349244,auto rejected automatically,2025-03-14 00:00:02
2349314,auto rejected automatically,2025-03-14 00:00:02
2347332,auto rejected automatically,2025-03-15 00:00:01
2348348,auto rejected automatically,2025-03-15 00:00:01
2348441,auto rejected automatically,2025-03-15 00:00:01
2348462,auto rejected automatically,2025-03-15 00:00:01
2348571,auto rejected automatically,2025-03-15 00:00:01
2349468,auto rejected automatically,2025-03-15 00:00:01
2349758,auto rejected automatically,2025-03-15 00:00:02
2349848,auto rejected automatically,2025-03-15 00:00:02
39,auto rejected automatically,2025-03-16 00:00:02
2347727,auto rejected automatically,2025-03-16 00:00:02
2347749,auto rejected automatically,2025-03-16 00:00:02
2347751,auto rejected automatically,2025-03-16 00:00:02
2348209,auto rejected automatically,2025-03-16 00:00:02
2348218,auto rejected automatically,2025-03-16 00:00:02
2348234,auto rejected automatically,2025-03-16 00:00:02
2348481,auto rejected automatically,2025-03-16 00:00:02
2348751,auto rejected automatically,2025-03-16 00:00:02
2348765,auto rejected automatically,2025-03-16 00:00:02
2348790,auto rejected automatically,2025-03-16 00:00:02
2348793,auto rejected automatically,2025-03-16 00:00:02
2348919,auto rejected automatically,2025-03-16 00:00:02
2349079,auto rejected automatically,2025-03-16 00:00:02
2349111,auto rejected automatically,2025-03-16 00:00:02
2349112,auto rejected automatically,2025-03-16 00:00:02
2349113,auto rejected automatically,2025-03-16 00:00:02
2349280,auto rejected automatically,2025-03-16 00:00:02
2349305,auto rejected automatically,2025-03-16 00:00:02
2349401,auto rejected automatically,2025-03-16 00:00:02
2349419,auto rejected automatically,2025-03-16 00:00:02
2349428,auto rejected automatically,2025-03-16 00:00:02
2349457,auto rejected automatically,2025-03-16 00:00:02
2349745,auto rejected automatically,2025-03-16 00:00:02
2350050,auto rejected automatically,2025-03-16 00:00:02
2350066,auto rejected automatically,2025-03-16 00:00:02
2349933,rejected after confrmation qa pending,2025-03-16 03:05:31
2347407,auto rejected automatically,2025-03-17 00:00:01
2347408,auto rejected automatically,2025-03-17 00:00:01
2348260,auto rejected automatically,2025-03-17 00:00:01
2348262,auto rejected automatically,2025-03-17 00:00:01
2348584,auto rejected automatically,2025-03-17 00:00:01
2348737,auto rejected automatically,2025-03-17 00:00:01
2348738,auto rejected automatically,2025-03-17 00:00:01
2349288,auto rejected automatically,2025-03-17 00:00:01
2349517,auto rejected automatically,2025-03-17 00:00:01
2350034,auto rejected automatically,2025-03-17 00:00:01
2542419,rejected,2025-03-17 17:32:08
2535604,rejected,2025-03-17 17:50:41
2417431,rejected,2025-03-17 17:51:47
2317275,rejected,2025-03-17 17:52:14
2527527,rejected,2025-03-17 17:52:45
2349769,rejected,2025-03-17 19:37:27
2349773,rejected,2025-03-17 19:38:02
2348435,auto rejected automatically,2025-03-18 00:00:02
2348495,auto rejected automatically,2025-03-18 00:00:02
2348691,auto rejected automatically,2025-03-18 00:00:02
2349478,auto rejected automatically,2025-03-18 00:00:02
2349747,auto rejected automatically,2025-03-18 00:00:02
2349886,auto rejected automatically,2025-03-18 00:00:02
2349897,auto rejected automatically,2025-03-18 00:00:02
2349904,auto rejected automatically,2025-03-18 00:00:02
2347589,auto rejected automatically,2025-03-19 00:00:01
2347591,auto rejected automatically,2025-03-19 00:00:01
2347728,auto rejected automatically,2025-03-19 00:00:01
2347880,auto rejected automatically,2025-03-19 00:00:01
2349071,auto rejected automatically,2025-03-19 00:00:02
2349307,auto rejected automatically,2025-03-19 00:00:02
2349029,rejected,2025-03-19 21:41:40
2349290,rejected,2025-03-19 21:58:57
2349216,rejected,2025-03-19 21:59:55
2349227,rejected,2025-03-19 22:54:39
2348226,accounts - reconciliation automatically,2025-03-20 00:00:01
2348418,auto rejected automatically,2025-03-20 00:00:01
2348754,auto rejected automatically,2025-03-20 00:00:01
2350035,auto rejected automatically,2025-03-20 00:00:01
2347858,auto rejected automatically,2025-03-21 00:00:02
2347859,auto rejected automatically,2025-03-21 00:00:02
2347861,auto rejected automatically,2025-03-21 00:00:02
2348538,auto rejected automatically,2025-03-21 00:00:02
2348562,auto rejected automatically,2025-03-21 00:00:02
2348706,auto rejected automatically,2025-03-21 00:00:02
2348895,auto rejected automatically,2025-03-21 00:00:02
2349181,auto rejected automatically,2025-03-21 00:00:02
2349331,auto rejected automatically,2025-03-21 00:00:02
2349725,auto rejected automatically,2025-03-21 00:00:02
2349991,auto rejected automatically,2025-03-21 00:00:02
2349998,auto rejected automatically,2025-03-21 00:00:02
2347723,accepted,2025-03-21 18:03:34
2347409,auto rejected automatically,2025-03-22 00:00:02
2347410,auto rejected automatically,2025-03-22 00:00:02
2348168,auto rejected automatically,2025-03-22 00:00:02
2348508,auto rejected automatically,2025-03-22 00:00:02
2348680,auto rejected automatically,2025-03-22 00:00:02
2348774,auto rejected automatically,2025-03-22 00:00:02
2348875,auto rejected automatically,2025-03-22 00:00:02
2349080,auto rejected automatically,2025-03-22 00:00:02
2349235,auto rejected automatically,2025-03-22 00:00:02
2349723,accounts - reconciliation automatically,2025-03-22 00:00:02
2349938,accounts - reconciliation automatically,2025-03-22 00:00:02
2349995,auto rejected automatically,2025-03-22 00:00:02
2350071,auto rejected automatically,2025-03-22 00:00:02
2347288,auto rejected automatically,2025-03-23 00:00:02
2347791,auto rejected automatically,2025-03-23 00:00:02
2347793,auto rejected automatically,2025-03-23 00:00:02
2347827,auto rejected automatically,2025-03-23 00:00:02
2347829,auto rejected automatically,2025-03-23 00:00:02
2347838,auto rejected automatically,2025-03-23 00:00:02
2347839,auto rejected automatically,2025-03-23 00:00:02
2347857,auto rejected automatically,2025-03-23 00:00:02
2348069,auto rejected automatically,2025-03-23 00:00:02
2348686,auto rejected automatically,2025-03-23 00:00:02
2348841,auto rejected automatically,2025-03-23 00:00:02
2348877,auto rejected automatically,2025-03-23 00:00:02
2349573,auto rejected automatically,2025-03-23 00:00:02
2349888,auto rejected automatically,2025-03-23 00:00:02
2348357,auto rejected automatically,2025-03-24 00:00:02
2348838,auto rejected automatically,2025-03-24 00:00:02
2349180,auto rejected automatically,2025-03-24 00:00:02
2349526,auto rejected automatically,2025-03-24 00:00:02
2349864,auto rejected automatically,2025-03-24 00:00:02
2349597,requote after confirmation,2025-03-24 17:54:59
2538245,rejected,2025-03-24 18:55:26
2537938,rejected,2025-03-24 18:59:44
2349317,auto rejected automatically,2025-03-25 00:00:02
2349767,auto rejected automatically,2025-03-25 00:00:02
2349891,accounts - reconciliation automatically,2025-03-25 00:00:02
2350166,auto rejected automatically,2025-03-25 00:00:02
2350181,auto rejected automatically,2025-03-25 00:00:02
2349076,final qa,2025-03-25 18:21:26
2348821,final qa,2025-03-25 18:22:18
2348753,final qa,2025-03-25 18:27:40
2348692,final qa,2025-03-25 18:28:47
2349119,rejected,2025-03-25 21:03:41
2533896,rejected,2025-03-25 21:39:44
2533843,rejected,2025-03-25 21:40:04
2349078,rejected,2025-03-25 21:40:48
2350073,rejected,2025-03-25 21:48:29
2348963,rejected,2025-03-25 21:50:36
2348980,rejected,2025-03-25 21:54:13
2266217,rejected,2025-03-25 22:16:47
2324153,rejected,2025-03-25 22:17:21
2331096,rejected,2025-03-25 22:17:58
2266163,rejected,2025-03-25 22:18:26
2534836,rejected,2025-03-25 22:30:26
2371061,rejected,2025-03-25 23:22:21
2371036,rejected,2025-03-25 23:23:01
2332958,rejected,2025-03-25 23:25:08
2287687,rejected,2025-03-25 23:32:58
2534024,rejected,2025-03-25 23:42:44
2535809,rejected,2025-03-25 23:49:56
2348269,auto rejected automatically,2025-03-26 00:00:01
2348295,auto rejected automatically,2025-03-26 00:00:01
2348354,auto rejected automatically,2025-03-26 00:00:01
2348355,auto rejected automatically,2025-03-26 00:00:01
2348377,auto rejected automatically,2025-03-26 00:00:01
2348405,auto rejected automatically,2025-03-26 00:00:01
2348950,auto rejected automatically,2025-03-26 00:00:01
2349192,auto rejected automatically,2025-03-26 00:00:02
2349740,auto rejected automatically,2025-03-26 00:00:02
2349874,auto rejected automatically,2025-03-26 00:00:02
2349968,auto rejected automatically,2025-03-26 00:00:02
2461885,rejected,2025-03-26 00:04:04
2347520,auto rejected automatically,2025-03-27 00:00:02
2347564,auto rejected automatically,2025-03-27 00:00:02
2348174,auto rejected automatically,2025-03-27 00:00:02
2348325,auto rejected automatically,2025-03-27 00:00:02
2348525,auto rejected automatically,2025-03-27 00:00:02
2349663,auto rejected automatically,2025-03-27 00:00:02
2349772,auto rejected automatically,2025-03-27 00:00:02
2349105,final qa,2025-03-27 17:08:51
2349269,rejected,2025-03-27 19:26:17
2349738,rejected,2025-03-27 19:55:07
2347272,auto rejected automatically,2025-03-28 00:00:02
2347831,auto rejected automatically,2025-03-28 00:00:02
2349503,auto rejected automatically,2025-03-28 00:00:02
2349509,auto rejected automatically,2025-03-28 00:00:02
2349719,auto rejected automatically,2025-03-28 00:00:02
2350209,rejected,2025-03-28 10:57:37
2347290,auto rejected automatically,2025-03-29 00:00:01
2347588,auto rejected automatically,2025-03-29 00:00:01
2347593,auto rejected automatically,2025-03-29 00:00:01
2348618,auto rejected automatically,2025-03-29 00:00:01
2350049,auto rejected automatically,2025-03-29 00:00:01
2348649,rejected after confrmation qa pending,2025-03-29 10:04:59
2348677,rejected after confrmation qa pending,2025-03-29 10:07:03
2348683,rejected after confrmation qa pending,2025-03-29 10:08:02
2349937,rejected,2025-03-29 18:32:49
2214208,auto rejected automatically,2025-03-30 00:00:01
2347550,auto rejected automatically,2025-03-30 00:00:01
2347551,auto rejected automatically,2025-03-30 00:00:01
2347558,auto rejected automatically,2025-03-30 00:00:01
2349994,auto rejected automatically,2025-03-30 00:00:02
2350040,auto rejected automatically,2025-03-30 00:00:02
2349116,auto rejected automatically,2025-03-31 00:00:02
2350090,auto rejected automatically,2025-03-31 00:00:02
2350106,auto rejected automatically,2025-03-31 00:00:02
2350157,auto rejected automatically,2025-03-31 00:00:02
2350179,auto rejected automatically,2025-03-31 00:00:02
2347747,auto rejected automatically,2025-04-01 00:00:02
2348480,auto rejected automatically,2025-04-01 00:00:02
2348768,auto rejected automatically,2025-04-01 00:00:02
2348865,auto rejected automatically,2025-04-01 00:00:02
2348982,auto rejected automatically,2025-04-01 00:00:02
2349727,auto rejected automatically,2025-04-01 00:00:02
2349780,auto rejected automatically,2025-04-01 00:00:02
2349807,auto rejected automatically,2025-04-01 00:00:02
2548351,created,2025-04-01 17:10:22
2350117,rejected,2025-04-01 22:56:09
2309223,auto rejected automatically,2025-04-02 00:00:01
2347102,auto rejected automatically,2025-04-02 00:00:01
2347133,auto rejected automatically,2025-04-02 00:00:01
2347134,auto rejected automatically,2025-04-02 00:00:01
2347429,auto rejected automatically,2025-04-02 00:00:01
2347431,auto rejected automatically,2025-04-02 00:00:01
2347809,auto rejected automatically,2025-04-02 00:00:01
2348007,auto rejected automatically,2025-04-02 00:00:01
2348013,auto rejected automatically,2025-04-02 00:00:01
2348265,auto rejected automatically,2025-04-02 00:00:01
2348289,auto rejected automatically,2025-04-02 00:00:01
2348372,auto rejected automatically,2025-04-02 00:00:01
2348629,auto rejected automatically,2025-04-02 00:00:01
2348675,auto rejected automatically,2025-04-02 00:00:01
2348725,auto rejected automatically,2025-04-02 00:00:01
2348755,auto rejected automatically,2025-04-02 00:00:01
2348764,auto rejected automatically,2025-04-02 00:00:01
2348829,auto rejected automatically,2025-04-02 00:00:01
2348834,auto rejected automatically,2025-04-02 00:00:01
2348876,auto rejected automatically,2025-04-02 00:00:01
2349059,auto rejected automatically,2025-04-02 00:00:01
2349310,auto rejected automatically,2025-04-02 00:00:01
2349319,auto rejected automatically,2025-04-02 00:00:01
2349524,auto rejected automatically,2025-04-02 00:00:01
2349633,auto rejected automatically,2025-04-02 00:00:01
2349793,auto rejected automatically,2025-04-02 00:00:01
2349884,auto rejected automatically,2025-04-02 00:00:01
2349946,auto rejected automatically,2025-04-02 00:00:01
2349969,auto rejected automatically,2025-04-02 00:00:01
2350123,auto rejected automatically,2025-04-02 00:00:01
2350142,auto rejected automatically,2025-04-02 00:00:01
2350145,auto rejected automatically,2025-04-02 00:00:01
2350174,auto rejected automatically,2025-04-02 00:00:01
2350188,auto rejected automatically,2025-04-02 00:00:01
2350194,auto rejected automatically,2025-04-02 00:00:01
2350196,auto rejected automatically,2025-04-02 00:00:01
2350197,auto rejected automatically,2025-04-02 00:00:01
2350252,rejected,2025-04-02 00:24:25
2349569,rejected,2025-04-02 05:55:23
2350130,rejected after confrmation qa pending,2025-04-02 10:30:26
2350295,rejected,2025-04-02 16:29:11
2348292,rejected,2025-04-02 16:43:44
2348221,rejected,2025-04-02 16:47:11
2476878,created,2025-04-02 16:51:44
2435326,requote,2025-04-02 16:54:26
2347592,rejected,2025-04-02 16:58:16
2486490,rejected,2025-04-02 16:59:38
2534000,delivered,2025-04-02 17:01:51
2347792,rejected,2025-04-02 23:02:23
2348257,rejected,2025-04-02 23:10:04
2348249,rejected,2025-04-02 23:11:15
2348272,rejected,2025-04-02 23:13:55
2349289,rejected,2025-04-02 23:25:34
2349402,rejected,2025-04-02 23:27:01
2349966,rejected,2025-04-02 23:28:12
2349990,rejected,2025-04-02 23:29:11
2349992,rejected,2025-04-02 23:32:00
2347463,auto rejected automatically,2025-04-03 00:00:01
2347482,auto rejected automatically,2025-04-03 00:00:01
2347680,auto rejected automatically,2025-04-03 00:00:01
2347683,auto rejected automatically,2025-04-03 00:00:01
2347689,auto rejected automatically,2025-04-03 00:00:01
2347692,auto rejected automatically,2025-04-03 00:00:01
2347738,auto rejected automatically,2025-04-03 00:00:01
2348178,auto rejected automatically,2025-04-03 00:00:01
2348210,auto rejected automatically,2025-04-03 00:00:01
2348398,auto rejected automatically,2025-04-03 00:00:01
2348700,auto rejected automatically,2025-04-03 00:00:01
2349931,auto rejected automatically,2025-04-03 00:00:02
2350048,accounts - reconciliation automatically,2025-04-03 00:00:02
2350185,auto rejected automatically,2025-04-03 00:00:02
2348555,auto rejected automatically,2025-04-04 00:00:02
2349187,auto rejected automatically,2025-04-04 00:00:02
2349389,auto rejected automatically,2025-04-04 00:00:02
2349412,rejected,2025-04-04 17:20:42
2348479,rejected,2025-04-04 17:37:51
2349557,rejected,2025-04-04 19:39:30
2350193,rejected,2025-04-04 20:27:47
2347619,rejected,2025-04-04 21:01:24
2347621,rejected,2025-04-04 21:02:03
2348267,rejected,2025-04-04 21:05:17
2350025,rejected,2025-04-04 21:08:48
2350083,rejected,2025-04-04 21:09:43
2348551,rejected,2025-04-04 21:22:44
2349541,rejected,2025-04-04 21:29:28
2349927,rejected,2025-04-04 21:41:43
2349733,rejected,2025-04-04 21:41:55
2349533,rejected,2025-04-04 21:42:04
2349644,rejected,2025-04-04 21:42:20
2349863,rejected,2025-04-04 21:43:09
2349839,rejected,2025-04-04 21:43:29
2349915,rejected,2025-04-04 21:43:56
2349973,rejected,2025-04-04 21:44:25
2350115,rejected,2025-04-04 21:44:56
2350265,rejected,2025-04-04 21:45:34
2349359,auto rejected automatically,2025-04-05 00:00:02
2349362,auto rejected automatically,2025-04-05 00:00:02
2349579,accounts - reconciliation automatically,2025-04-05 00:00:02
2349641,auto rejected automatically,2025-04-05 00:00:02
2349665,auto rejected automatically,2025-04-05 00:00:02
2350087,auto rejected automatically,2025-04-05 00:00:02
2347183,auto rejected automatically,2025-04-06 00:00:02
2347333,auto rejected automatically,2025-04-06 00:00:02
2349400,accounts - reconciliation automatically,2025-04-06 00:00:02
2349465,auto rejected automatically,2025-04-06 00:00:02
2349481,auto rejected automatically,2025-04-06 00:00:02
2349746,auto rejected automatically,2025-04-06 00:00:02
2350063,auto rejected automatically,2025-04-06 00:00:02
2350263,auto rejected automatically,2025-04-06 00:00:02
2347120,auto rejected automatically,2025-04-07 00:00:02
2347196,auto rejected automatically,2025-04-07 00:00:02
2347347,auto rejected automatically,2025-04-07 00:00:02
2348324,auto rejected automatically,2025-04-07 00:00:02
2349550,auto rejected automatically,2025-04-07 00:00:02
2349876,auto rejected automatically,2025-04-07 00:00:02
2349999,auto rejected automatically,2025-04-07 00:00:02
2350105,auto rejected automatically,2025-04-07 00:00:02
2350219,auto rejected automatically,2025-04-07 00:00:02
2350232,auto rejected automatically,2025-04-07 00:00:02
2350233,auto rejected automatically,2025-04-07 00:00:02
2350234,auto rejected automatically,2025-04-07 00:00:02
2349760,rejected,2025-04-07 16:29:24
2349752,rejected,2025-04-07 16:31:07
2349739,rejected,2025-04-07 16:41:47
2349676,rejected,2025-04-07 16:50:10
2348557,rejected,2025-04-07 16:55:42
2349796,rejected,2025-04-07 17:19:36
2350054,rejected,2025-04-07 17:38:59
2350107,rejected,2025-04-07 18:21:29
2349889,rejected,2025-04-07 19:47:38
2349391,rejected,2025-04-07 19:48:19
2349694,rejected,2025-04-07 19:49:12
2349662,rejected,2025-04-07 19:49:49
2349467,rejected,2025-04-07 19:50:32
2349951,rejected,2025-04-07 19:53:17
2349950,rejected,2025-04-07 19:53:40
2349949,rejected,2025-04-07 19:56:03
2349365,rejected,2025-04-07 19:57:30
2350260,rejected,2025-04-07 19:58:11
2350164,rejected,2025-04-07 19:59:01
2350183,rejected,2025-04-07 19:59:28
2349528,rejected,2025-04-07 20:00:18
2350241,rejected,2025-04-07 20:00:54
2349592,rejected,2025-04-07 20:01:28
2350026,rejected,2025-04-07 20:01:49
2348613,rejected,2025-04-07 20:04:12
2348598,rejected,2025-04-07 20:04:41
2348520,rejected,2025-04-07 20:05:17
2348517,rejected,2025-04-07 20:05:57
2348336,rejected,2025-04-07 20:06:40
2348399,rejected,2025-04-07 20:10:20
2348094,rejected,2025-04-07 20:10:43
2348558,rejected,2025-04-07 20:11:10
2350294,rejected,2025-04-07 20:13:29
2348243,rejected,2025-04-07 20:14:00
2348220,rejected,2025-04-07 20:14:27
2349823,rejected,2025-04-07 20:14:52
2349566,rejected,2025-04-07 20:15:35
2348614,rejected,2025-04-07 20:17:31
2349518,rejected,2025-04-07 20:17:53
2347812,rejected,2025-04-07 21:21:16
2347745,rejected,2025-04-07 21:22:13
2349975,rejected,2025-04-07 22:08:07
2349974,rejected,2025-04-07 22:12:40
2349547,rejected,2025-04-07 22:18:14
2350357,rejected,2025-04-07 22:19:24
2349549,rejected,2025-04-07 22:19:29
2347464,auto rejected automatically,2025-04-08 00:00:02
2347844,auto rejected automatically,2025-04-08 00:00:02
2348312,auto rejected automatically,2025-04-08 00:00:02
2348582,auto rejected automatically,2025-04-08 00:00:02
2349512,auto rejected automatically,2025-04-08 00:00:02
2349749,auto rejected automatically,2025-04-08 00:00:02
2348458,accepted,2025-04-08 22:34:23
2349734,rejected,2025-04-08 22:35:16
2349846,rejected,2025-04-08 22:52:08
2348338,auto rejected automatically,2025-04-09 00:00:02
2349922,auto rejected automatically,2025-04-09 00:00:02
2350008,auto rejected automatically,2025-04-09 00:00:02
2350012,auto rejected automatically,2025-04-09 00:00:02
2350380,rejected,2025-04-09 14:38:34
2350010,rejected,2025-04-09 17:29:36
2349713,rejected,2025-04-09 17:30:37
2350159,rejected,2025-04-09 17:36:58
2350014,rejected,2025-04-09 17:41:27
2349908,rejected,2025-04-09 17:52:08
2350152,rejected,2025-04-09 17:57:13
2348609,rejected,2025-04-09 17:57:50
2348605,rejected,2025-04-09 17:59:55
2349805,rejected,2025-04-09 18:05:01
2349353,rejected,2025-04-09 18:13:11
2349982,rejected,2025-04-09 20:05:11
2349983,rejected,2025-04-09 20:05:26
2348347,rejected,2025-04-09 20:05:40
2348577,rejected,2025-04-09 20:06:36
2350013,rejected,2025-04-09 20:06:48
2349737,rejected,2025-04-09 20:09:57
2349576,rejected,2025-04-09 20:11:24
2350067,rejected,2025-04-09 20:12:44
2348227,rejected,2025-04-09 20:13:02
2349967,rejected,2025-04-09 20:16:16
2349980,rejected,2025-04-09 20:19:59
2349926,rejected,2025-04-09 20:22:39
2350182,rejected,2025-04-09 20:31:27
2350242,rejected,2025-04-09 20:36:24
2350210,rejected,2025-04-09 20:37:02
2350198,rejected,2025-04-09 20:37:23
2350192,rejected,2025-04-09 20:37:46
2349531,rejected,2025-04-09 20:53:57
2349822,rejected,2025-04-09 21:25:53
2349352,rejected,2025-04-09 21:39:48
2349803,rejected,2025-04-09 22:59:40
2284372,auto rejected automatically,2025-04-10 00:00:02
2347306,auto rejected automatically,2025-04-10 00:00:02
2348066,auto rejected automatically,2025-04-10 00:00:02
2349511,auto rejected automatically,2025-04-10 00:00:02
2350075,auto rejected automatically,2025-04-10 00:00:02
2350088,auto rejected automatically,2025-04-10 00:00:02
2350395,accepted,2025-04-10 15:57:45
2349508,rejected,2025-04-10 17:50:28
2349525,rejected,2025-04-10 17:56:33
2349875,rejected,2025-04-10 18:12:57
2349799,rejected,2025-04-10 18:21:28
2349892,rejected,2025-04-10 18:44:50
2349409,rejected,2025-04-10 18:47:25
2350343,rejected,2025-04-10 19:14:38
2347328,auto rejected automatically,2025-04-11 00:00:01
2347834,auto rejected automatically,2025-04-11 00:00:01
2347846,auto rejected automatically,2025-04-11 00:00:01
2347853,auto rejected automatically,2025-04-11 00:00:01
2349348,auto rejected automatically,2025-04-11 00:00:01
2349378,auto rejected automatically,2025-04-11 00:00:01
2349678,accounts - reconciliation automatically,2025-04-11 00:00:02
2349686,auto rejected automatically,2025-04-11 00:00:02
2349870,auto rejected automatically,2025-04-11 00:00:02
2350281,auto rejected automatically,2025-04-11 00:00:02
2350292,on ground automatically,2025-04-11 00:00:02
2350322,auto rejected automatically,2025-04-11 00:00:02
2350160,rejected,2025-04-11 15:27:04
2350177,rejected,2025-04-11 15:30:03
2350068,rejected,2025-04-11 15:38:17
2350129,rejected,2025-04-11 16:37:36
2349546,rejected,2025-04-11 16:39:54
2350259,rejected,2025-04-11 16:44:46
2349880,rejected,2025-04-11 17:05:57
2349762,rejected,2025-04-11 17:26:58
2347768,rejected,2025-04-11 17:40:41
2349695,rejected,2025-04-11 17:46:55
2350401,rejected,2025-04-11 18:23:26
2347496,rejected,2025-04-11 18:36:10
2350247,rejected,2025-04-11 18:39:17
2347521,rejected,2025-04-11 18:41:48
2348519,rejected,2025-04-11 19:35:41
2349664,rejected,2025-04-11 20:00:04
2349859,rejected,2025-04-11 20:06:02
2350173,rejected,2025-04-11 20:36:44
2348297,auto rejected automatically,2025-04-12 00:00:01
2349939,auto rejected automatically,2025-04-12 00:00:01
2350076,auto rejected automatically,2025-04-12 00:00:01
2350253,on ground automatically,2025-04-12 00:00:01
2350373,auto rejected automatically,2025-04-12 00:00:02
2350180,rejected,2025-04-12 17:41:41
2348544,rejected,2025-04-12 17:56:05
2348540,rejected,2025-04-12 18:07:07
2350298,rejected,2025-04-12 18:13:10
2347875,rejected,2025-04-12 19:50:02
2349479,rejected,2025-04-12 19:52:54
2349867,rejected,2025-04-12 20:42:06
2350172,rejected,2025-04-12 20:51:02
2347673,rejected,2025-04-12 20:51:08
2347739,rejected,2025-04-12 20:53:57
2348496,accounts - reconciliation automatically,2025-04-13 00:00:02
2349536,auto rejected automatically,2025-04-14 00:00:02
2349642,auto rejected automatically,2025-04-14 00:00:02
2350005,auto rejected automatically,2025-04-14 00:00:02
2350147,auto rejected automatically,2025-04-14 00:00:02
2350447,auto rejected automatically,2025-04-14 00:00:02
2350456,auto rejected automatically,2025-04-14 00:00:02
2349397,rejected,2025-04-14 11:53:34
2349346,rejected,2025-04-14 11:53:57
2349801,rejected,2025-04-14 11:55:11
2349800,rejected,2025-04-14 11:55:23
2349788,rejected,2025-04-14 11:55:46
2349792,rejected,2025-04-14 11:55:58
2349498,rejected,2025-04-14 11:56:18
2349984,rejected,2025-04-14 11:56:36
2197388,rejected,2025-04-14 11:58:19
2350348,rejected,2025-04-14 14:10:06
2350349,rejected,2025-04-14 14:10:45
2347250,rejected,2025-04-14 15:04:57
2350023,rejected,2025-04-14 15:57:01
2349784,rejected,2025-04-14 16:00:21
2347602,rejected,2025-04-14 16:03:13
2349757,rejected,2025-04-14 16:19:52
2349724,rejected,2025-04-14 16:28:08
2348543,rejected,2025-04-14 16:41:49
2350225,rejected,2025-04-14 16:45:06
2348464,rejected,2025-04-14 17:09:18
2349505,rejected,2025-04-14 17:29:41
2349987,rejected,2025-04-14 21:00:40
2349715,rejected,2025-04-14 21:07:04
2350138,rejected,2025-04-14 21:09:04
2349567,rejected,2025-04-14 21:11:51
2347517,rejected,2025-04-14 21:28:48
2350244,rejected,2025-04-14 21:31:08
2350139,rejected,2025-04-14 21:33:15
2349841,rejected,2025-04-14 21:38:38
2350000,rejected,2025-04-14 21:52:05
2348465,rejected,2025-04-14 22:08:48
2349598,rejected,2025-04-14 22:10:29
2349356,rejected,2025-04-14 22:13:37
2349856,rejected,2025-04-14 22:19:14
2349923,rejected,2025-04-14 22:36:16
2350135,rejected,2025-04-14 22:40:42
2350341,rejected,2025-04-14 22:43:18
2348293,auto rejected automatically,2025-04-15 00:00:01
2349563,auto rejected automatically,2025-04-15 00:00:01
2349672,accounts - reconciliation automatically,2025-04-15 00:00:01
2347731,on ground,2025-04-15 13:56:03
2349890,accounts - reconciliation,2025-04-15 14:50:42
2350327,rejected,2025-04-15 16:08:38
2347330,rejected,2025-04-15 16:22:07
2349765,rejected,2025-04-15 16:27:15
2347874,rejected,2025-04-15 16:27:49
2350355,rejected,2025-04-15 18:33:08
2347636,rejected,2025-04-15 18:41:34
2349683,rejected,2025-04-15 18:55:26
2349906,rejected,2025-04-15 19:05:31
2349945,rejected,2025-04-15 19:30:29
2348592,rejected,2025-04-15 19:42:44
2349825,rejected,2025-04-15 19:48:23
2348386,rejected,2025-04-15 19:58:30
2348064,rejected,2025-04-15 20:41:11
2348301,rejected,2025-04-15 20:42:46
2350125,rejected,2025-04-15 21:14:25
2349899,rejected,2025-04-15 22:45:49
2347799,rejected,2025-04-15 23:05:19
2349575,rejected,2025-04-15 23:07:52
2335476,auto rejected automatically,2025-04-16 00:00:01
2348486,accounts - reconciliation automatically,2025-04-16 00:00:02
2350007,rejected,2025-04-16 16:55:48
2349920,rejected,2025-04-16 17:22:04
2349941,rejected,2025-04-16 17:27:03
2350332,rejected,2025-04-16 17:27:44
2349717,rejected,2025-04-16 17:36:31
2350156,rejected,2025-04-16 17:40:45
2350143,rejected,2025-04-16 17:42:46
2349986,rejected,2025-04-16 17:48:36
2349748,rejected,2025-04-16 17:50:39
2350353,rejected,2025-04-16 17:53:39
2349682,rejected,2025-04-16 18:02:01
2350367,rejected,2025-04-16 18:06:11
2350037,rejected,2025-04-16 18:14:11
2350079,rejected,2025-04-16 18:16:05
2349330,rejected,2025-04-16 18:33:19
2349417,rejected,2025-04-16 18:46:52
2349970,rejected,2025-04-16 18:50:43
2348596,rejected,2025-04-16 18:53:43
2350199,rejected,2025-04-16 18:55:16
2348248,rejected,2025-04-16 18:59:49
2349375,rejected,2025-04-16 19:07:14
2350325,rejected,2025-04-16 19:08:56
2349651,rejected,2025-04-16 19:14:41
2349366,rejected,2025-04-16 19:15:22
2350161,rejected,2025-04-16 19:17:33
2349834,rejected,2025-04-16 19:38:25
2349909,rejected,2025-04-16 19:57:32
2349948,rejected,2025-04-16 19:58:25
2350043,rejected,2025-04-16 20:02:47
2349460,rejected,2025-04-16 20:17:14
2350329,rejected,2025-04-16 20:22:01
2347627,rejected,2025-04-16 20:23:19
2350136,rejected,2025-04-16 20:33:21
2350364,rejected,2025-04-16 20:37:02
2350186,rejected,2025-04-16 20:54:18
2348396,rejected,2025-04-16 21:16:15
2350021,rejected,2025-04-16 21:17:14
2349527,rejected,2025-04-16 21:18:22
2349328,rejected,2025-04-16 21:31:41
2349516,rejected,2025-04-16 21:33:21
2348622,rejected,2025-04-16 22:02:53
2350316,rejected,2025-04-16 22:05:17
2350151,rejected,2025-04-16 22:06:56
2349583,rejected,2025-04-16 22:13:14
2349595,rejected,2025-04-16 22:24:51
2349429,rejected,2025-04-16 22:42:59
2348254,rejected,2025-04-16 22:46:08
2349872,rejected,2025-04-16 22:48:25
2348314,rejected,2025-04-16 22:56:46
2350226,rejected,2025-04-16 23:02:00
2347229,auto rejected automatically,2025-04-17 00:00:01
2348328,auto rejected automatically,2025-04-17 00:00:01
2348516,auto rejected automatically,2025-04-17 00:00:01
2349726,rejected,2025-04-17 13:33:12
2350515,rejected,2025-04-17 14:36:06
2350516,rejected,2025-04-17 14:36:10
2350080,rejected,2025-04-17 17:19:02
2183852,accounts - reconciliation,2025-04-17 17:49:56
2349921,rejected,2025-04-17 17:55:34
2350523,rejected,2025-04-17 18:03:25
2347744,auto rejected automatically,2025-04-18 00:00:02
2347797,auto rejected automatically,2025-04-18 00:00:02
2347920,on ground automatically,2025-04-18 00:00:02
2349853,rejected,2025-04-18 16:24:48
2350306,rejected,2025-04-18 16:35:27
2349721,rejected,2025-04-18 16:35:38
2349820,rejected,2025-04-18 16:40:02
2349804,rejected,2025-04-18 16:50:49
2350321,rejected,2025-04-18 16:54:07
2350235,rejected,2025-04-18 17:09:40
2349555,rejected,2025-04-18 17:26:51
2349530,rejected,2025-04-18 17:27:01
2347379,rejected,2025-04-18 17:37:54
2348225,rejected,2025-04-18 17:57:13
2350039,rejected,2025-04-18 19:18:20
2349797,rejected,2025-04-18 19:42:17
2350419,rejected,2025-04-18 20:19:53
2329157,rejected,2025-04-18 20:27:36
2335768,rejected,2025-04-18 20:35:39
2350231,rejected,2025-04-18 21:39:08
2347417,auto rejected automatically,2025-04-19 00:00:02
2348240,auto rejected automatically,2025-04-19 00:00:02
2348317,auto rejected automatically,2025-04-19 00:00:02
2349501,auto rejected automatically,2025-04-19 00:00:02
2349514,auto rejected automatically,2025-04-19 00:00:02
2349534,auto rejected automatically,2025-04-19 00:00:02
2349718,auto rejected automatically,2025-04-19 00:00:02
2349736,auto rejected automatically,2025-04-19 00:00:02
2349743,auto rejected automatically,2025-04-19 00:00:02
2349913,auto rejected automatically,2025-04-19 00:00:02
2349914,auto rejected automatically,2025-04-19 00:00:02
2349981,auto rejected automatically,2025-04-19 00:00:02
2349993,auto rejected automatically,2025-04-19 00:00:02
2350029,auto rejected automatically,2025-04-19 00:00:02
2350058,auto rejected automatically,2025-04-19 00:00:02
2350077,auto rejected automatically,2025-04-19 00:00:02
2347334,auto rejected automatically,2025-04-20 00:00:02
2348334,auto rejected automatically,2025-04-20 00:00:02
2348376,auto rejected automatically,2025-04-20 00:00:02
2349722,auto rejected automatically,2025-04-20 00:00:02
2350163,auto rejected automatically,2025-04-20 00:00:02
2350171,accounts - reconciliation automatically,2025-04-20 00:00:02
2347776,auto rejected automatically,2025-04-21 00:00:01
2349720,auto rejected automatically,2025-04-21 00:00:02
2349789,auto rejected automatically,2025-04-21 00:00:02
2349791,auto rejected automatically,2025-04-21 00:00:02
2350033,auto rejected automatically,2025-04-21 00:00:02
2350208,auto rejected automatically,2025-04-21 00:00:02
2350220,auto rejected automatically,2025-04-21 00:00:02
2350301,rejected,2025-04-21 16:22:19
2350113,rejected,2025-04-21 16:28:06
2348212,rejected,2025-04-21 20:12:34
2347668,rejected,2025-04-21 20:19:42
2348017,rejected,2025-04-21 20:21:29
2350001,rejected,2025-04-21 20:26:05
2349392,rejected,2025-04-21 20:27:59
2350178,rejected,2025-04-21 20:28:57
2350372,rejected,2025-04-21 20:51:02
2350283,rejected,2025-04-21 20:54:11
2349988,rejected,2025-04-21 21:48:50
2347655,rejected,2025-04-21 21:53:35
2349855,rejected,2025-04-21 21:56:48
2349869,rejected,2025-04-21 21:59:26
2350224,accepted,2025-04-21 22:00:52
2347868,rejected,2025-04-21 22:03:47
2348572,rejected,2025-04-21 22:12:19
2349711,rejected,2025-04-21 22:14:52
2349812,rejected,2025-04-21 22:16:53
2349552,rejected,2025-04-21 22:18:25
2350217,rejected,2025-04-21 22:28:01
2347687,rejected,2025-04-21 22:31:17
2347510,rejected,2025-04-21 22:44:01
2347415,rejected,2025-04-21 22:45:21
2349930,rejected,2025-04-21 23:36:20
2349582,auto rejected automatically,2025-04-22 00:00:02
2349833,auto rejected automatically,2025-04-22 00:00:02
2350240,rejected,2025-04-22 04:32:21
2349775,rejected,2025-04-22 04:33:34
2284216,rejected,2025-04-22 12:43:40
2347752,rejected,2025-04-22 13:05:32
2348550,rejected,2025-04-22 13:12:17
2349971,rejected,2025-04-22 13:17:43
2350018,rejected,2025-04-22 13:19:25
2350042,rejected,2025-04-22 13:20:21
2350055,rejected,2025-04-22 13:23:30
2350082,rejected,2025-04-22 13:24:35
2350335,rejected,2025-04-22 13:31:00
2350436,rejected,2025-04-22 13:40:34
2350442,rejected,2025-04-22 13:41:47
2350504,rejected,2025-04-22 19:30:16
2350532,rejected,2025-04-22 20:42:20
2350559,rejected,2025-04-22 20:48:42
2349469,rejected,2025-04-23 15:46:58
2350004,rejected,2025-04-23 22:27:08
2349570,auto rejected automatically,2025-04-24 00:00:02
2349703,auto rejected automatically,2025-04-24 00:00:02
2350089,auto rejected automatically,2025-04-24 00:00:02
2350365,auto rejected automatically,2025-04-24 00:00:02
2350368,auto rejected automatically,2025-04-24 00:00:02
2350379,auto rejected automatically,2025-04-24 00:00:02
2350517,auto rejected automatically,2025-04-24 00:00:02
2350542,auto rejected automatically,2025-04-24 00:00:02
2349581,auto rejected automatically,2025-04-25 00:00:01
2350002,auto rejected automatically,2025-04-25 00:00:01
2350059,auto rejected automatically,2025-04-25 00:00:01
2349751,created,2025-04-25 11:00:48
2348537,rejected,2025-04-25 14:36:37
2348513,rejected,2025-04-25 14:36:44
2348296,rejected,2025-04-25 14:49:14
2350275,rejected,2025-04-25 14:52:56
2350278,rejected,2025-04-25 14:53:09
2350571,rejected,2025-04-25 16:34:56
2350610,rejected,2025-04-25 19:44:21
2350052,rejected,2025-04-25 19:53:55
2348241,rejected,2025-04-25 19:59:49
2350392,rejected,2025-04-25 20:13:08
2348539,rejected,2025-04-25 20:17:55
2349367,rejected,2025-04-25 21:03:51
2347508,rejected,2025-04-25 21:15:59
2350437,rejected,2025-04-25 21:16:40
2347611,rejected,2025-04-25 21:23:27
2349940,rejected,2025-04-25 21:23:52
2350120,rejected,2025-04-25 21:24:46
2350175,rejected,2025-04-25 21:25:10
2350126,rejected,2025-04-25 21:25:24
2350229,rejected,2025-04-25 21:26:50
2350558,rejected,2025-04-25 21:27:01
2350535,rejected,2025-04-25 21:27:27
2349551,rejected,2025-04-25 21:35:30
2348563,rejected,2025-04-25 21:53:54
2350509,rejected,2025-04-25 22:30:54
2349851,auto rejected automatically,2025-04-26 00:00:01
2350381,auto rejected automatically,2025-04-26 00:00:01
2350399,auto rejected automatically,2025-04-26 00:00:01
2350584,accounts - reconciliation automatically,2025-04-26 00:00:02
2347904,auto rejected automatically,2025-04-27 00:00:01
2348108,auto rejected automatically,2025-04-27 00:00:01
2349868,auto rejected automatically,2025-04-27 00:00:02
2347484,auto rejected automatically,2025-04-28 00:00:02
2350391,rejected,2025-04-28 18:02:31
2350496,rejected,2025-04-28 18:05:15
2348266,rejected,2025-04-28 18:06:46
2347774,rejected,2025-04-28 18:21:29
2350472,rejected,2025-04-28 20:02:17
2350475,rejected,2025-04-28 20:03:23
2350433,rejected,2025-04-28 21:09:19
2349688,rejected,2025-04-28 21:27:21
2349794,rejected,2025-04-28 21:54:01
2350636,rejected,2025-04-28 22:07:09
2350635,rejected,2025-04-28 22:07:23
2350634,rejected,2025-04-28 22:07:33
2350633,rejected,2025-04-28 22:07:43
2350632,rejected,2025-04-28 22:07:53
2350631,rejected,2025-04-28 22:08:02
2350630,rejected,2025-04-28 22:08:11
2350637,rejected,2025-04-28 22:08:20
2350638,rejected,2025-04-28 22:08:29
2350639,rejected,2025-04-28 22:08:38
2350640,rejected,2025-04-28 22:08:49
2350641,rejected,2025-04-28 22:09:01
2350642,rejected,2025-04-28 22:09:12
2350643,rejected,2025-04-28 22:09:23
2350644,rejected,2025-04-28 22:09:37
2348176,auto rejected automatically,2025-04-29 00:00:01
2349787,auto rejected automatically,2025-04-29 00:00:01
2350062,auto rejected automatically,2025-04-29 00:00:01
2350299,auto rejected automatically,2025-04-29 00:00:01
2350114,rejected,2025-04-29 15:58:23
2349394,auto rejected automatically,2025-04-30 00:00:02
2349645,auto rejected automatically,2025-04-30 00:00:02
2350038,auto rejected automatically,2025-04-30 00:00:02
2350097,accounts - reconciliation automatically,2025-04-30 00:00:02
2350446,auto rejected automatically,2025-04-30 00:00:02
2348356,auto rejected automatically,2025-05-01 00:00:02
2348568,auto rejected automatically,2025-05-01 00:00:02
2348569,auto rejected automatically,2025-05-01 00:00:02
2350041,auto rejected automatically,2025-05-01 00:00:02
2350466,auto rejected automatically,2025-05-01 00:00:02
2350482,auto rejected automatically,2025-05-01 00:00:02
2348169,rejected,2025-05-01 18:32:22
2349786,rejected,2025-05-01 18:38:46
2349596,rejected,2025-05-01 18:59:43
2350006,rejected,2025-05-01 19:02:27
2350060,rejected,2025-05-01 19:09:54
2350119,rejected,2025-05-01 19:19:26
2347629,auto rejected automatically,2025-05-02 00:00:02
2348456,accounts - reconciliation automatically,2025-05-02 00:00:02
2348506,auto rejected automatically,2025-05-02 00:00:02
2349363,auto rejected automatically,2025-05-02 00:00:02
2349426,accounts - reconciliation automatically,2025-05-02 00:00:02
2349513,auto rejected automatically,2025-05-02 00:00:02
2349542,auto rejected automatically,2025-05-02 00:00:02
2350098,auto rejected automatically,2025-05-02 00:00:02
2350127,auto rejected automatically,2025-05-02 00:00:02
2350162,auto rejected automatically,2025-05-02 00:00:02
2350342,auto rejected automatically,2025-05-02 00:00:02
2350471,accounts - reconciliation automatically,2025-05-02 00:00:02
2350473,auto rejected automatically,2025-05-02 00:00:02
2350438,rejected,2025-05-02 15:41:06
2350149,rejected,2025-05-02 15:54:07
2350277,rejected,2025-05-02 15:58:47
2350346,rejected,2025-05-02 16:05:22
2349808,rejected,2025-05-02 16:14:10
2350261,rejected,2025-05-02 20:26:06
2349476,auto rejected automatically,2025-05-03 00:00:02
2349961,auto rejected automatically,2025-05-03 00:00:02
2350020,auto rejected automatically,2025-05-03 00:00:02
2350103,accounts - reconciliation automatically,2025-05-03 00:00:02
2348247,rejected,2025-05-03 15:05:04
2350249,rejected,2025-05-03 17:10:00
2350672,rejected,2025-05-03 18:04:50
2349451,auto rejected automatically,2025-05-04 00:00:01
2349466,auto rejected automatically,2025-05-04 00:00:01
2349928,auto rejected automatically,2025-05-04 00:00:01
2349954,auto rejected automatically,2025-05-04 00:00:02
2350003,auto rejected automatically,2025-05-04 00:00:02
2350243,accounts - reconciliation automatically,2025-05-04 00:00:02
2350409,auto rejected automatically,2025-05-04 00:00:02
2350410,auto rejected automatically,2025-05-04 00:00:02
2350426,auto rejected automatically,2025-05-04 00:00:02
2350476,auto rejected automatically,2025-05-04 00:00:02
2350555,auto rejected automatically,2025-05-04 00:00:02
2350595,auto rejected automatically,2025-05-04 00:00:02
2348607,rejected,2025-05-04 00:05:33
2347870,auto rejected automatically,2025-05-05 00:00:02
2349376,auto rejected automatically,2025-05-05 00:00:02
2349813,auto rejected automatically,2025-05-05 00:00:02
2350337,auto rejected automatically,2025-05-05 00:00:02
2350691,auto rejected automatically,2025-05-05 00:00:02
2350108,rejected,2025-05-05 15:44:19
2350153,rejected,2025-05-05 15:48:58
2350538,rejected,2025-05-05 19:36:37
2350382,rejected,2025-05-05 20:01:33
2349958,rejected,2025-05-05 20:07:40
2350407,rejected,2025-05-05 20:17:56
2348514,rejected,2025-05-05 20:23:23
2349910,rejected,2025-05-05 20:25:58
2350308,rejected,2025-05-05 20:26:41
2350154,rejected,2025-05-05 20:33:50
2348426,rejected,2025-05-05 21:23:39
2349795,rejected,2025-05-05 21:29:36
2349693,rejected,2025-05-05 21:29:54
2349963,rejected,2025-05-05 21:37:12
2349953,rejected,2025-05-05 22:03:08
2347394,auto rejected automatically,2025-05-06 00:00:02
2347397,auto rejected automatically,2025-05-06 00:00:02
2347536,auto rejected automatically,2025-05-06 00:00:02
2347676,auto rejected automatically,2025-05-06 00:00:02
2348511,auto rejected automatically,2025-05-06 00:00:02
2348597,auto rejected automatically,2025-05-06 00:00:02
2349896,auto rejected automatically,2025-05-06 00:00:02
2349919,auto rejected automatically,2025-05-06 00:00:02
2350307,auto rejected automatically,2025-05-06 00:00:02
2350508,auto rejected automatically,2025-05-06 00:00:02
2350707,auto rejected automatically,2025-05-06 00:00:02
2350708,auto rejected automatically,2025-05-06 00:00:02
2320559,rejected,2025-05-06 14:20:25
2348157,rejected,2025-05-06 14:32:21
2350593,rejected,2025-05-06 18:07:56
2350592,rejected,2025-05-06 18:09:37
2350591,rejected,2025-05-06 18:10:12
2349380,rejected,2025-05-06 18:26:59
2350459,rejected,2025-05-06 18:32:31
2350095,rejected,2025-05-06 18:32:55
2349912,rejected,2025-05-06 18:39:46
2350699,rejected,2025-05-06 18:42:05
2350566,rejected,2025-05-06 19:53:09
2349574,rejected,2025-05-06 20:07:59
2349475,rejected,2025-05-06 20:15:14
2350214,rejected,2025-05-06 20:56:26
2349593,rejected,2025-05-06 21:11:16
2350128,rejected,2025-05-06 21:15:40
2350729,rejected,2025-05-06 21:20:57
2350730,rejected,2025-05-06 21:21:31
2347742,auto rejected automatically,2025-05-07 00:00:01
2349821,auto rejected automatically,2025-05-07 00:00:02
2349947,auto rejected automatically,2025-05-07 00:00:02
2349960,auto rejected automatically,2025-05-07 00:00:02
2350155,auto rejected automatically,2025-05-07 00:00:02
2350216,auto rejected automatically,2025-05-07 00:00:02
2350405,auto rejected automatically,2025-05-07 00:00:02
2349932,rejected,2025-05-07 15:24:34
2350378,rejected,2025-05-07 15:30:45
2350093,rejected,2025-05-07 15:38:41
2350366,rejected,2025-05-07 15:41:19
2350569,rejected,2025-05-07 15:42:48
2350102,rejected,2025-05-07 15:43:21
2350528,rejected,2025-05-07 15:44:10
2350648,rejected,2025-05-07 15:48:50
2347103,rejected,2025-05-07 15:56:05
2350510,rejected,2025-05-07 15:58:34
2348565,rejected,2025-05-07 16:01:15
2338083,rejected,2025-05-07 16:02:55
2349790,rejected,2025-05-07 16:03:07
2349878,rejected,2025-05-07 16:04:31
2349887,rejected,2025-05-07 16:04:59
2349494,rejected,2025-05-07 16:11:46
2347816,rejected,2025-05-07 16:16:33
2347862,rejected,2025-05-07 16:16:52
2349936,rejected,2025-05-07 16:19:58
2349996,rejected,2025-05-07 16:20:08
2350032,rejected,2025-05-07 16:25:21
2349818,rejected,2025-05-07 16:27:35
2350684,rejected,2025-05-07 16:32:20
2350213,rejected,2025-05-07 16:32:21
2350549,rejected,2025-05-07 16:56:34
2350547,rejected,2025-05-07 16:57:26
2350313,rejected,2025-05-07 19:32:23
2350112,rejected,2025-05-07 20:03:52
2350272,rejected,2025-05-07 20:05:05
2350290,rejected,2025-05-07 20:14:14
2349453,rejected,2025-05-07 20:14:37
2349545,rejected,2025-05-07 20:15:01
2350334,rejected,2025-05-07 20:20:18
2350450,rejected,2025-05-07 20:20:33
2349413,rejected,2025-05-07 20:20:54
2350679,rejected,2025-05-07 20:30:37
2350660,rejected,2025-05-07 20:32:01
2350440,rejected,2025-05-07 20:34:16
2350533,rejected,2025-05-07 20:43:37
2348466,rejected,2025-05-07 20:46:12
2350140,rejected,2025-05-07 21:00:58
2350688,rejected,2025-05-07 22:11:51
2347570,rejected,2025-05-07 22:27:32
2348621,rejected,2025-05-07 22:29:59
2350169,rejected,2025-05-07 22:30:43
2350415,rejected,2025-05-07 22:41:45
2349558,rejected,2025-05-07 23:03:04
2347497,auto rejected automatically,2025-05-08 00:00:02
2349679,auto rejected automatically,2025-05-08 00:00:02
2350078,auto rejected automatically,2025-05-08 00:00:02
2350302,rejected,2025-05-08 15:54:02
2349732,rejected,2025-05-08 17:06:57
2350427,rejected,2025-05-08 17:31:43
2349515,rejected,2025-05-08 17:34:12
2350046,rejected,2025-05-08 17:41:12
2350331,rejected,2025-05-08 17:49:25
2350400,rejected,2025-05-08 17:51:44
2350323,rejected,2025-05-08 18:12:45
2350184,rejected,2025-05-08 18:16:45
2350096,rejected,2025-05-08 19:19:58
2350650,rejected,2025-05-08 19:25:16
2350207,rejected,2025-05-08 19:44:06
2350085,rejected,2025-05-08 19:46:37
2350141,rejected,2025-05-08 20:04:08
2347349,rejected,2025-05-08 20:37:46
2349881,rejected,2025-05-08 20:44:26
2349893,rejected,2025-05-08 20:45:11
2350502,rejected,2025-05-08 20:48:40
2350030,rejected,2025-05-08 21:01:40
2350572,rejected,2025-05-08 21:07:37
2349766,rejected,2025-05-08 21:52:29
2350146,rejected,2025-05-08 21:55:16
2347800,rejected,2025-05-08 22:05:06
2350236,rejected,2025-05-08 22:13:41
2350187,rejected,2025-05-09 15:06:26
2347852,rejected,2025-05-09 16:10:06
2350408,rejected,2025-05-09 17:02:37
2350620,rejected,2025-05-09 17:29:05
2350698,rejected,2025-05-09 17:30:11
2350522,rejected,2025-05-09 17:31:27
2350622,rejected,2025-05-09 17:32:36
2349852,rejected,2025-05-09 18:36:59
2348228,rejected,2025-05-09 19:03:54
2350796,rejected,2025-05-09 19:06:20
2350653,rejected,2025-05-09 19:07:58
2350703,rejected,2025-05-09 19:16:20
2349698,rejected,2025-05-09 20:08:06
2350711,rejected,2025-05-09 20:10:38
2348173,rejected,2025-05-09 20:11:12
2350608,rejected,2025-05-09 20:24:09
2349877,rejected,2025-05-09 20:31:20
2350724,rejected,2025-05-09 20:32:02
2349905,rejected,2025-05-09 20:34:37
2350616,rejected,2025-05-09 20:58:29
2350664,rejected,2025-05-09 21:08:33
2350251,rejected,2025-05-09 21:08:39
2350312,rejected,2025-05-09 21:16:44
2350036,rejected,2025-05-09 21:36:55
2350421,rejected,2025-05-09 21:37:57
2350671,rejected,2025-05-09 21:58:41
2348591,rejected,2025-05-09 22:03:41
2347372,rejected,2025-05-09 22:08:55
2349459,rejected,2025-05-09 22:13:22
2350385,rejected,2025-05-09 22:14:37
2350386,rejected,2025-05-09 22:16:27
2350495,rejected,2025-05-09 22:52:50
2350674,rejected,2025-05-09 23:01:54
2347399,auto rejected automatically,2025-05-10 00:00:01
2349798,rejected,2025-05-10 00:23:01
2350540,rejected,2025-05-10 14:54:54
2349934,rejected,2025-05-10 15:00:17
2350704,rejected,2025-05-10 15:42:14
2350545,rejected,2025-05-10 15:42:26
2347766,rejected,2025-05-10 15:43:56
2350497,rejected,2025-05-10 16:14:45
2349544,rejected,2025-05-10 16:15:35
2349578,rejected,2025-05-10 16:28:09
2349979,rejected,2025-05-10 16:28:16
2349977,rejected,2025-05-10 16:28:24
2349885,rejected,2025-05-10 16:29:02
2350611,rejected,2025-05-10 17:29:54
2349454,rejected,2025-05-10 19:23:39
2349416,rejected,2025-05-10 19:43:31
2350134,rejected,2025-05-10 19:57:16
2348343,rejected,2025-05-10 20:20:25
2350443,rejected,2025-05-10 21:14:42
2350377,rejected,2025-05-10 21:24:33
2350772,rejected,2025-05-10 21:27:53
2350519,rejected,2025-05-10 21:37:52
2348299,rejected,2025-05-10 22:00:31
2350581,rejected,2025-05-10 22:12:50
2349361,rejected,2025-05-10 22:38:12
2350428,rejected,2025-05-10 22:45:54
2350221,rejected,2025-05-10 23:20:24
2350168,rejected,2025-05-10 23:20:46
2349902,auto rejected automatically,2025-05-11 00:00:01
2349978,auto rejected automatically,2025-05-11 00:00:01
2349553,auto rejected automatically,2025-05-12 00:00:02
2350646,rejected,2025-05-12 15:05:46
2350567,rejected,2025-05-12 15:09:15
2348624,rejected,2025-05-12 15:09:55
2350118,rejected,2025-05-12 15:12:02
2350705,rejected,2025-05-12 15:16:07
2350384,rejected,2025-05-12 15:24:47
2350390,rejected,2025-05-12 15:25:35
2350354,rejected,2025-05-12 15:57:27
2350383,rejected,2025-05-12 16:20:51
2350788,rejected,2025-05-12 16:23:25
2349916,rejected,2025-05-12 16:28:59
2349708,rejected,2025-05-12 16:35:14
2350104,rejected,2025-05-12 16:35:32
2347801,rejected,2025-05-12 16:39:53
2349776,rejected,2025-05-12 16:40:12
2349838,rejected,2025-05-12 16:46:31
2350262,rejected,2025-05-12 16:54:17
2350109,rejected,2025-05-12 17:01:40
2348421,rejected,2025-05-12 17:04:59
2348434,rejected,2025-05-12 17:06:19
2350070,rejected,2025-05-12 17:16:16
2349879,rejected,2025-05-12 17:43:13
2350717,rejected,2025-05-12 17:44:11
2350713,rejected,2025-05-12 17:45:51
2350714,rejected,2025-05-12 17:48:47
2350715,rejected,2025-05-12 17:48:53
2350604,rejected,2025-05-12 18:07:50
2350028,rejected,2025-05-12 19:04:44
2350677,rejected,2025-05-12 19:06:40
2350047,rejected,2025-05-12 19:09:37
2350849,rejected,2025-05-12 19:45:29
2349866,rejected,2025-05-12 20:29:16
2347587,auto rejected automatically,2025-05-13 00:00:01
2349942,auto rejected automatically,2025-05-13 00:00:02
2350100,auto rejected automatically,2025-05-13 00:00:02
2350830,auto rejected automatically,2025-05-13 00:00:02
2350280,rejected,2025-05-13 14:58:07
2350333,rejected,2025-05-13 15:01:31
2350305,rejected,2025-05-13 15:19:03
2350541,rejected,2025-05-13 15:36:54
2350022,rejected,2025-05-13 15:41:51
2350150,rejected,2025-05-13 18:52:19
2349523,rejected,2025-05-13 18:53:32
2350657,rejected,2025-05-13 18:55:48
2350270,rejected,2025-05-13 19:05:36
2350810,rejected,2025-05-13 19:29:46
2349911,rejected,2025-05-13 19:48:33
2350412,rejected,2025-05-13 21:04:31
2350271,rejected,2025-05-13 21:16:27
2350658,rejected,2025-05-13 21:25:23
2350655,rejected,2025-05-13 21:25:39
2349768,rejected,2025-05-13 21:29:05
2348303,rejected,2025-05-13 21:55:17
2349499,rejected,2025-05-13 22:00:39
2350285,rejected,2025-05-13 22:01:52
2350599,rejected,2025-05-13 22:04:43
2349410,rejected,2025-05-13 22:06:11
2350411,rejected,2025-05-13 22:27:21
2350254,rejected,2025-05-14 15:12:46
2350526,rejected,2025-05-14 15:42:18
2349325,rejected,2025-05-14 17:14:47
2348531,rejected,2025-05-14 17:29:29
2350619,rejected,2025-05-14 20:03:50
2350511,rejected,2025-05-14 23:14:13
2347161,auto rejected automatically,2025-05-15 00:00:01
2347224,auto rejected automatically,2025-05-15 00:00:01
2349605,auto rejected automatically,2025-05-15 00:00:01
2349883,auto rejected automatically,2025-05-15 00:00:02
2350200,auto rejected automatically,2025-05-15 00:00:02
2350746,auto rejected automatically,2025-05-15 00:00:02
2350513,rejected,2025-05-15 14:58:55
2349962,rejected,2025-05-15 15:09:55
2350291,rejected,2025-05-15 17:07:27
2350477,rejected,2025-05-15 17:28:40
2350328,rejected,2025-05-15 17:50:14
2350537,rejected,2025-05-15 18:24:21
2350568,rejected,2025-05-15 20:02:26
2350757,rejected,2025-05-15 20:12:38
2350776,rejected,2025-05-15 21:38:32
2349819,rejected,2025-05-15 21:49:01
2349844,rejected,2025-05-15 21:51:00
2350053,rejected,2025-05-15 22:00:48
2349393,rejected,2025-05-15 22:00:54
2349781,rejected,2025-05-15 22:01:26
2347753,rejected,2025-05-15 22:01:46
2349345,rejected,2025-05-15 22:01:57
2349594,auto rejected automatically,2025-05-16 00:00:02
2350837,auto rejected automatically,2025-05-16 00:00:02
2350429,rejected,2025-05-16 01:10:53
2350441,rejected,2025-05-16 01:13:07
2350805,rejected,2025-05-16 01:26:57
2350802,rejected,2025-05-16 01:27:44
2350649,rejected,2025-05-16 01:30:01
2350820,created,2025-05-16 11:56:16
2350376,rejected,2025-05-16 16:28:18
2348361,rejected,2025-05-16 16:31:38
2349421,rejected,2025-05-16 17:46:30
2350879,rejected,2025-05-16 22:18:20
2349390,rejected,2025-05-16 22:19:02
2350201,rejected,2025-05-16 22:20:08
2350311,rejected,2025-05-16 22:23:20
2348612,auto rejected automatically,2025-05-17 00:00:02
2350124,accounts - reconciliation automatically,2025-05-17 00:00:02
2350330,rejected,2025-05-17 22:23:54
2349427,rejected,2025-05-17 22:24:55
2350797,rejected,2025-05-17 22:27:26
2350417,rejected,2025-05-17 22:28:43
2350460,rejected,2025-05-17 22:30:47
2349571,rejected,2025-05-17 23:55:06
2349903,rejected,2025-05-17 23:55:32
2350912,auto rejected automatically,2025-05-18 00:00:02
2350617,accounts - reconciliation,2025-05-19 10:18:08
2350288,rejected,2025-05-19 11:54:55
9,on ground automatically,2025-05-19 14:19:16
1922963,on ground automatically,2025-05-19 14:19:16
1980581,on ground automatically,2025-05-19 14:19:16
2060655,on ground automatically,2025-05-19 14:19:16
2065338,on ground automatically,2025-05-19 14:19:16
2153590,on ground automatically,2025-05-19 14:19:16
2174009,on ground automatically,2025-05-19 14:19:16
2181741,on ground automatically,2025-05-19 14:19:16
2228623,on ground automatically,2025-05-19 14:19:16
2259623,on ground automatically,2025-05-19 14:19:16
2267024,on ground automatically,2025-05-19 14:19:16
2347064,on ground automatically,2025-05-19 14:19:16
2347070,on ground automatically,2025-05-19 14:19:16
2347763,on ground automatically,2025-05-19 14:19:17
2348185,on ground automatically,2025-05-19 14:19:17
2348193,on ground automatically,2025-05-19 14:19:17
2348201,on ground automatically,2025-05-19 14:19:17
2348231,on ground automatically,2025-05-19 14:19:17
2348342,on ground automatically,2025-05-19 14:19:17
2348388,on ground automatically,2025-05-19 14:19:17
2348393,on ground automatically,2025-05-19 14:19:17
2348397,on ground automatically,2025-05-19 14:19:17
2348400,on ground automatically,2025-05-19 14:19:18
2348402,on ground automatically,2025-05-19 14:19:18
2348408,on ground automatically,2025-05-19 14:19:18
2348409,on ground automatically,2025-05-19 14:19:18
2348446,on ground automatically,2025-05-19 14:19:18
2348459,on ground automatically,2025-05-19 14:19:18
2348484,on ground automatically,2025-05-19 14:19:18
2348545,on ground automatically,2025-05-19 14:19:18
2348615,on ground automatically,2025-05-19 14:19:18
2349357,on ground automatically,2025-05-19 14:19:18
2349450,on ground automatically,2025-05-19 14:19:18
2349532,on ground automatically,2025-05-19 14:19:18
2349625,on ground automatically,2025-05-19 14:19:19
2349667,on ground automatically,2025-05-19 14:19:19
2349680,on ground automatically,2025-05-19 14:19:19
2349696,on ground automatically,2025-05-19 14:19:19
2349731,on ground automatically,2025-05-19 14:19:19
2349759,on ground automatically,2025-05-19 14:19:19
2349770,on ground automatically,2025-05-19 14:19:19
2349809,on ground automatically,2025-05-19 14:19:19
2349832,on ground automatically,2025-05-19 14:19:19
2349918,on ground automatically,2025-05-19 14:19:19
2349997,on ground automatically,2025-05-19 14:19:19
2350056,on ground automatically,2025-05-19 14:19:20
2350091,on ground automatically,2025-05-19 14:19:20
2350116,on ground automatically,2025-05-19 14:19:20
2350189,on ground automatically,2025-05-19 14:19:20
2350205,on ground automatically,2025-05-19 14:19:20
2350222,on ground automatically,2025-05-19 14:19:20
2350230,on ground automatically,2025-05-19 14:19:20
2350267,on ground automatically,2025-05-19 14:19:20
2350370,on ground automatically,2025-05-19 14:19:20
2350403,on ground automatically,2025-05-19 14:19:20
2350424,on ground automatically,2025-05-19 14:19:20
2350474,on ground automatically,2025-05-19 14:19:20
2350494,on ground automatically,2025-05-19 14:19:21
2350534,on ground automatically,2025-05-19 14:19:21
2350594,on ground automatically,2025-05-19 14:19:21
2350612,on ground automatically,2025-05-19 14:19:21
2350676,on ground automatically,2025-05-19 14:19:21
2350731,on ground automatically,2025-05-19 14:19:21
2350771,on ground automatically,2025-05-19 14:19:22
2350811,on ground automatically,2025-05-19 14:19:22
2350826,on ground automatically,2025-05-19 14:19:22
2349944,rejected,2025-05-19 14:45:26
2348263,rejected,2025-05-19 15:15:08
2349687,rejected,2025-05-19 15:15:12
2348530,rejected,2025-05-19 15:15:16
2348322,rejected,2025-05-19 15:15:20
2350544,rejected,2025-05-19 15:15:23
2350507,accounts - reconciliation automatically,2025-05-19 15:37:00
2350369,rejected,2025-05-19 18:30:43
2350795,rejected,2025-05-19 18:36:48
2350371,rejected,2025-05-19 18:40:18
2350324,rejected,2025-05-19 19:01:23
2350749,rejected,2025-05-19 19:08:31
2350888,rejected,2025-05-19 19:56:15
2347391,rejected,2025-05-19 19:57:51
2348410,rejected,2025-05-19 19:59:07
2350212,rejected,2025-05-19 21:32:44
2349957,rejected,2025-05-19 21:34:05
2350317,rejected,2025-05-19 22:30:04
2350319,rejected,2025-05-19 22:31:47
2349538,rejected,2025-05-19 22:52:55
2349464,accounts - reconciliation automatically,2025-05-20 00:00:02
2350420,accounts - reconciliation automatically,2025-05-20 00:00:02
2350573,on ground automatically,2025-05-20 00:00:03
2350825,on ground automatically,2025-05-20 00:00:03
2350829,rejected after confrmation qa completed,2025-05-20 00:23:28
2347525,on ground,2025-05-20 09:51:49
2350734,rejected,2025-05-20 14:50:18
2350925,rejected,2025-05-20 17:51:04
2349628,rejected,2025-05-20 20:17:09
2348599,rejected,2025-05-20 21:37:42
2349488,rejected,2025-05-20 21:38:39
2348509,accounts - reconciliation automatically,2025-05-21 00:10:01
2350086,auto rejected automatically,2025-05-21 00:10:02
2350255,accounts - reconciliation automatically,2025-05-21 00:10:02
2350256,accounts - reconciliation automatically,2025-05-21 00:10:02
2350678,auto rejected automatically,2025-05-21 00:10:02
2350490,rejected,2025-05-21 14:55:14
2350416,rejected,2025-05-21 16:27:32
2350009,rejected,2025-05-21 16:30:29
2350868,rejected,2025-05-21 16:42:42
2350296,rejected,2025-05-21 20:44:12
2350623,rejected,2025-05-21 20:48:51
2347786,rejected,2025-05-21 21:34:43
2348196,rejected,2025-05-21 21:39:03
2347381,rejected,2025-05-21 21:39:58
2350932,rejected,2025-05-21 21:53:39
2347712,rejected,2025-05-21 21:59:49
2347784,rejected,2025-05-21 22:00:02
2348532,rejected,2025-05-21 22:01:04
2347818,rejected,2025-05-21 22:01:10
2350099,rejected,2025-05-21 22:01:47
2007443,rejected,2025-05-21 22:03:20
2347499,rejected,2025-05-21 22:03:23
2347436,rejected,2025-05-21 22:04:31
2349860,auto rejected automatically,2025-05-22 00:10:02
2349862,auto rejected automatically,2025-05-22 00:10:02
2349955,accounts - reconciliation automatically,2025-05-22 00:10:02
2350425,auto rejected automatically,2025-05-22 00:10:02
2350524,accounts - reconciliation automatically,2025-05-22 00:10:03
2350529,accounts - reconciliation automatically,2025-05-22 00:10:03
2350609,accounts - reconciliation automatically,2025-05-22 00:10:03
2350670,accounts - reconciliation automatically,2025-05-22 00:10:03
2350798,auto rejected automatically,2025-05-22 00:10:03
2350923,auto rejected automatically,2025-05-22 00:10:03
2350929,rejected,2025-05-22 12:15:32
2350218,rejected,2025-05-22 14:58:26
2350930,rejected,2025-05-22 16:44:51
2350973,rejected,2025-05-22 17:23:48
2350857,rejected,2025-05-22 17:51:33
2350061,rejected,2025-05-22 18:25:02
2350913,rejected,2025-05-22 21:32:55
2350911,rejected,2025-05-22 21:33:04
2350959,rejected,2025-05-22 21:36:47
2350694,rejected,2025-05-22 22:28:51
2350575,rejected,2025-05-22 22:34:48
2350121,auto rejected automatically,2025-05-23 00:10:02
2350286,auto rejected automatically,2025-05-23 00:10:02
2350414,auto rejected automatically,2025-05-23 00:10:02
2350718,accounts - reconciliation automatically,2025-05-23 00:10:02
2348321,rejected,2025-05-23 14:59:16
2349857,rejected,2025-05-23 15:01:08
2350585,rejected,2025-05-23 15:03:15
2348587,rejected,2025-05-23 15:07:07
2350543,rejected,2025-05-23 15:11:33
2350659,rejected,2025-05-23 15:14:48
2350024,rejected,2025-05-23 15:36:11
2350017,rejected,2025-05-23 15:39:21
2350027,rejected,2025-05-23 15:41:20
2350238,rejected,2025-05-23 15:44:26
2350667,rejected,2025-05-23 15:44:54
2350831,rejected,2025-05-23 15:52:09
2350934,rejected,2025-05-23 15:57:02
2350470,rejected,2025-05-23 16:00:21
2350484,rejected,2025-05-23 16:07:32
2350223,rejected,2025-05-23 16:32:23
2350546,rejected,2025-05-23 17:23:42
2350675,rejected,2025-05-23 17:25:59
2350467,rejected,2025-05-23 17:53:22
2350131,rejected,2025-05-23 18:37:23
2350464,rejected,2025-05-23 22:05:01
2349810,auto rejected automatically,2025-05-24 00:10:02
2350375,on ground automatically,2025-05-24 00:10:02
2350448,accounts - reconciliation automatically,2025-05-24 00:10:02
2350651,accounts - reconciliation automatically,2025-05-24 00:10:02
2350740,accounts - reconciliation automatically,2025-05-24 00:10:02
2350858,auto rejected automatically,2025-05-24 00:10:02
2350870,auto rejected automatically,2025-05-24 00:10:02
2350898,on ground automatically,2025-05-24 00:10:02
2350936,accounts - reconciliation automatically,2025-05-24 00:10:02
2350525,rejected,2025-05-24 15:22:59
2350527,rejected,2025-05-24 15:23:44
2350669,rejected,2025-05-24 17:21:04
2350452,rejected,2025-05-24 17:33:58
2350721,rejected,2025-05-24 17:45:24
2350352,rejected,2025-05-24 17:55:08
2350588,rejected,2025-05-24 18:27:28
2351011,rejected,2025-05-24 19:41:06
2350755,rejected,2025-05-24 20:31:25
2350752,rejected,2025-05-24 20:31:34
2350493,rejected,2025-05-24 20:38:46
2349959,rejected,2025-05-24 21:16:20
2350742,rejected,2025-05-24 21:47:29
2350512,rejected,2025-05-24 21:58:52
2350246,rejected,2025-05-24 23:18:55
2350170,accounts - reconciliation automatically,2025-05-25 00:10:02
2350786,accounts - reconciliation automatically,2025-05-25 00:10:02
2350842,auto rejected automatically,2025-05-25 00:10:02
2350909,auto rejected automatically,2025-05-25 00:10:02
2350910,auto rejected automatically,2025-05-25 00:10:02
2350045,rejected,2025-05-25 02:02:11
2348546,auto rejected automatically,2025-05-26 00:10:02
2350101,auto rejected automatically,2025-05-26 00:10:02
2350661,auto rejected automatically,2025-05-26 00:10:02
2348529,rejected,2025-05-26 14:58:28
2350505,rejected,2025-05-26 14:59:17
2350501,rejected,2025-05-26 14:59:38
2349440,rejected,2025-05-26 15:02:49
2350011,rejected,2025-05-26 15:03:11
2350250,rejected,2025-05-26 15:04:43
2350903,rejected,2025-05-26 15:10:26
2350780,rejected,2025-05-26 15:24:12
2350945,rejected,2025-05-26 15:25:33
2348438,auto rejected automatically,2025-05-27 00:10:01
2349924,auto rejected automatically,2025-05-27 00:10:01
2350374,auto rejected automatically,2025-05-27 00:10:02
2350946,auto rejected automatically,2025-05-27 00:10:02
2350957,auto rejected automatically,2025-05-27 00:10:02
2350864,rejected,2025-05-27 16:01:46
2349611,rejected,2025-05-27 16:08:21
2350239,rejected,2025-05-27 16:38:31
2350339,rejected,2025-05-27 16:41:38
2350284,rejected,2025-05-27 17:22:52
2350920,rejected,2025-05-27 17:34:26
2347526,accounts - reconciliation automatically,2025-05-28 00:10:01
2350356,accounts - reconciliation automatically,2025-05-28 00:10:02
2350847,accounts - reconciliation automatically,2025-05-28 00:10:02
2350600,rejected,2025-05-28 15:11:00
2350885,rejected,2025-05-28 15:13:16
2349755,rejected,2025-05-28 15:22:38
2350314,rejected,2025-05-28 15:38:17
2350851,rejected,2025-05-28 23:34:37
2350551,accounts - reconciliation automatically,2025-05-29 00:10:02
2350748,accounts - reconciliation automatically,2025-05-29 00:10:02
2350855,accounts - reconciliation automatically,2025-05-29 00:10:02
2351003,auto rejected automatically,2025-05-29 00:10:03
2350248,rejected,2025-05-29 15:01:33
2350586,rejected,2025-05-29 15:56:19
2350861,rejected,2025-05-29 17:12:40
2350445,rejected,2025-05-29 17:16:44
2350444,rejected,2025-05-29 17:17:27
2351069,rejected,2025-05-29 17:28:25
2350727,rejected,2025-05-29 20:03:21
2350741,rejected,2025-05-29 20:42:06
2350970,rejected,2025-05-29 22:11:49
2350614,rejected,2025-05-29 22:21:49
2350838,rejected,2025-05-29 22:25:02
2351043,rejected,2025-05-29 23:07:10
2350422,accounts - reconciliation automatically,2025-05-30 00:10:02
2350807,accepted,2025-05-30 13:16:27
2350848,rejected,2025-05-30 15:04:57
2350276,rejected,2025-05-30 15:13:53
2350387,rejected,2025-05-30 15:19:21
2350818,rejected,2025-05-30 15:40:21
2349379,rejected after confrmation qa completed,2025-05-30 16:31:12
2349543,rejected,2025-05-30 16:35:22
2349985,rejected,2025-05-30 16:38:32
2350521,rejected,2025-05-30 17:39:09
2349952,rejected after confrmation qa completed,2025-05-30 19:13:56
2349826,rejected after confrmation qa completed,2025-05-30 20:24:18
2351089,rejected,2025-05-30 20:42:54
2350941,rejected,2025-05-30 20:49:46
2350901,rejected,2025-05-30 21:13:29
2350904,rejected,2025-05-30 21:13:43
2350297,rejected,2025-05-30 21:55:10
2350989,accounts - reconciliation automatically,2025-05-31 00:10:02
2348233,rejected,2025-05-31 15:04:32
2350561,rejected,2025-05-31 15:06:06
2349989,rejected,2025-05-31 15:07:01
2350044,rejected,2025-05-31 15:32:18
2350789,rejected,2025-05-31 15:45:27
2350479,rejected,2025-05-31 15:45:54
2350359,rejected,2025-05-31 16:27:45
2350875,rejected,2025-05-31 16:52:35
2350423,rejected,2025-05-31 17:37:55
2350577,rejected,2025-05-31 17:41:38
2350666,rejected,2025-05-31 18:12:10
2350111,rejected,2025-05-31 18:47:32
2350110,rejected,2025-05-31 18:49:20
2351044,rejected,2025-05-31 21:39:48
2350279,rejected,2025-05-31 21:45:36
2351026,auto rejected automatically,2025-06-01 00:10:02
2351039,auto rejected automatically,2025-06-01 00:10:02
2307407,auto rejected automatically,2025-06-02 00:10:01
2348489,auto rejected automatically,2025-06-02 00:10:02
2349395,auto rejected automatically,2025-06-02 00:10:02
2349396,auto rejected automatically,2025-06-02 00:10:02
2349785,auto rejected automatically,2025-06-02 00:10:02
2350683,auto rejected automatically,2025-06-02 00:10:02
2350952,accounts - reconciliation automatically,2025-06-02 00:10:02
2351034,auto rejected automatically,2025-06-02 00:10:02
2350937,rejected,2025-06-02 12:22:06
2350891,rejected,2025-06-02 12:45:57
2350596,rejected,2025-06-02 13:10:33
2350605,rejected,2025-06-02 15:12:18
2350769,rejected,2025-06-02 15:13:21
2350761,rejected,2025-06-02 15:19:20
2350762,rejected,2025-06-02 15:20:35
2351018,rejected,2025-06-02 15:26:26
2350949,rejected,2025-06-02 15:44:12
2350092,rejected,2025-06-02 15:50:31
2350273,rejected,2025-06-02 16:06:22
2350257,rejected,2025-06-02 16:06:39
2350785,rejected,2025-06-02 16:32:19
2350790,rejected,2025-06-02 16:32:43
2351008,rejected,2025-06-02 16:43:34
2351005,rejected,2025-06-02 16:44:49
2351006,rejected,2025-06-02 16:44:55
2351007,rejected,2025-06-02 16:45:00
2349556,rejected,2025-06-02 16:47:17
2350821,rejected,2025-06-02 17:04:30
2350750,rejected,2025-06-02 17:08:10
2349588,rejected,2025-06-02 17:09:13
2350884,rejected,2025-06-02 17:11:22
2350723,rejected,2025-06-02 17:16:00
2349609,rejected,2025-06-02 17:24:44
2350167,rejected,2025-06-02 17:26:25
2350320,rejected,2025-06-02 17:26:42
2349420,rejected,2025-06-02 17:33:31
2351045,rejected,2025-06-02 17:49:18
2351029,rejected,2025-06-02 18:03:36
2351030,rejected,2025-06-02 18:04:21
2350919,rejected,2025-06-02 18:27:23
2348574,rejected,2025-06-02 19:12:52
2350662,rejected,2025-06-02 22:40:37
2349858,auto rejected automatically,2025-06-03 00:10:01
2350031,auto rejected automatically,2025-06-03 00:10:01
2351057,auto rejected automatically,2025-06-03 00:10:02
2350506,rejected,2025-06-03 14:33:16
2350487,rejected,2025-06-03 16:42:03
2350195,rejected,2025-06-03 16:44:16
2350877,rejected,2025-06-03 16:46:01
2350563,rejected,2025-06-03 16:48:39
2350629,rejected,2025-06-03 16:51:02
2350758,rejected,2025-06-03 16:54:28
2350856,rejected,2025-06-03 16:56:53
2350548,rejected,2025-06-03 17:24:14
2350481,rejected,2025-06-03 17:26:29
2350690,rejected,2025-06-03 19:55:32
2350574,rejected,2025-06-03 20:09:00
2349540,rejected,2025-06-03 20:11:10
2350882,rejected,2025-06-03 20:22:55
2350469,rejected,2025-06-03 20:25:49
2350784,rejected,2025-06-03 20:53:03
2350735,rejected,2025-06-03 21:04:12
2350457,rejected,2025-06-03 21:34:32
2350726,rejected,2025-06-03 21:42:29
2350995,rejected,2025-06-03 22:29:09
2350793,rejected,2025-06-03 22:39:01
2349630,auto rejected automatically,2025-06-04 00:10:02
2350019,accounts - reconciliation automatically,2025-06-04 00:10:02
2350081,accounts - reconciliation automatically,2025-06-04 00:10:02
2351088,rejected,2025-06-04 14:29:01
2350918,rejected,2025-06-04 17:35:54
2350916,rejected,2025-06-04 17:36:32
2350264,rejected,2025-06-04 18:24:27
2351157,rejected,2025-06-04 21:50:04
2349408,rejected,2025-06-04 22:18:06
2349704,accounts - reconciliation automatically,2025-06-05 00:10:02
2350859,auto rejected automatically,2025-06-05 00:10:02
2350987,auto rejected automatically,2025-06-05 00:10:02
2351169,rejected,2025-06-05 11:36:48
2350992,rejected,2025-06-05 14:48:32
2351016,rejected,2025-06-05 14:57:55
2350536,accounts - reconciliation,2025-06-05 17:06:57
2350834,rejected,2025-06-05 19:09:03
2350835,rejected,2025-06-05 19:09:08
2351180,rejected,2025-06-05 19:18:20
2350274,rejected,2025-06-05 19:23:10
2350779,auto rejected automatically,2025-06-06 00:10:02
2351012,auto rejected automatically,2025-06-06 00:10:02
2350304,rejected,2025-06-06 15:03:53
2351032,rejected,2025-06-06 19:38:57
2350394,rejected,2025-06-06 20:03:39
2350886,rejected,2025-06-06 20:07:21
2350710,rejected,2025-06-06 20:41:20
2350562,rejected,2025-06-06 21:07:55
2351092,rejected,2025-06-06 21:33:33
2350618,rejected after confrmation qa completed,2025-06-06 22:38:38
2347802,auto rejected automatically,2025-06-07 00:10:02
2349754,auto rejected automatically,2025-06-07 00:10:02
2350778,accounts - reconciliation automatically,2025-06-07 00:10:02
2351158,rejected,2025-06-07 16:13:46
2350204,rejected,2025-06-07 19:25:24
2350974,rejected,2025-06-07 20:57:58
2350988,rejected,2025-06-07 21:14:00
2351038,auto rejected automatically,2025-06-08 00:10:02
2351042,accounts - reconciliation automatically,2025-06-08 00:10:02
2351052,auto rejected automatically,2025-06-08 00:10:02
2349456,auto rejected automatically,2025-06-09 00:10:02
2349472,auto rejected automatically,2025-06-09 00:10:02
2350582,auto rejected automatically,2025-06-09 00:10:02
2350719,accounts - reconciliation automatically,2025-06-09 00:10:02
2350926,auto rejected automatically,2025-06-09 00:10:02
2351141,auto rejected automatically,2025-06-09 00:10:02
2350491,rejected,2025-06-09 15:17:53
2349677,rejected,2025-06-09 17:18:49
2351004,rejected,2025-06-09 21:28:28
2350176,rejected,2025-06-09 21:41:47
2351115,rejected,2025-06-09 22:33:13
2350983,rejected,2025-06-09 22:44:58
2347335,auto rejected automatically,2025-06-10 00:10:02
2347336,auto rejected automatically,2025-06-10 00:10:02
2349646,auto rejected automatically,2025-06-10 00:10:02
2350997,auto rejected automatically,2025-06-10 00:10:02
2351104,accounts - reconciliation automatically,2025-06-10 00:10:03
2348287,auto rejected automatically,2025-06-11 00:10:01
2349779,auto rejected automatically,2025-06-11 00:10:02
2350287,auto rejected automatically,2025-06-11 00:10:02
2350338,auto rejected automatically,2025-06-11 00:10:02
2350530,auto rejected automatically,2025-06-11 00:10:02
2350654,auto rejected automatically,2025-06-11 00:10:02
2351071,auto rejected automatically,2025-06-11 00:10:02
2351142,auto rejected automatically,2025-06-11 00:10:02
2351176,auto rejected automatically,2025-06-11 00:10:02
2351027,rejected after confrmation qa completed,2025-06-11 19:37:36
2350895,rejected after confrmation qa completed,2025-06-11 19:40:01
2350606,rejected after confrmation qa completed,2025-06-11 20:10:04
2350680,rejected,2025-06-11 21:03:41
2351208,rejected,2025-06-11 21:07:21
2350689,rejected,2025-06-11 21:07:31
2351211,rejected,2025-06-11 21:08:03
2351210,rejected,2025-06-11 21:08:33
2351209,rejected,2025-06-11 21:09:08
2350463,rejected,2025-06-11 21:12:11
2350753,rejected,2025-06-11 21:18:18
2351098,rejected,2025-06-11 21:35:36
2350318,rejected,2025-06-11 22:04:32
2349836,auto rejected automatically,2025-06-12 00:10:02
2349837,auto rejected automatically,2025-06-12 00:10:02
2350268,auto rejected automatically,2025-06-12 00:10:02
2350483,auto rejected automatically,2025-06-12 00:10:02
2350986,accounts - reconciliation automatically,2025-06-12 00:10:02
2350980,rejected,2025-06-12 01:53:14
2350211,rejected,2025-06-12 15:55:22
2351053,rejected,2025-06-12 17:34:13
2350889,rejected,2025-06-12 18:47:50
2350990,rejected,2025-06-12 19:22:55
2350228,auto rejected automatically,2025-06-13 00:10:01
2351241,accounts - reconciliation automatically,2025-06-13 00:10:02
2351077,rejected,2025-06-13 15:21:06
2351162,rejected,2025-06-13 16:06:49
2351009,rejected after confrmation qa completed,2025-06-13 21:12:06
2349591,auto rejected automatically,2025-06-14 00:10:02
2349622,auto rejected automatically,2025-06-14 00:10:02
2349639,auto rejected automatically,2025-06-14 00:10:02
2350791,auto rejected automatically,2025-06-14 00:10:02
2351050,auto rejected automatically,2025-06-14 00:10:02
2351222,accounts - reconciliation automatically,2025-06-14 00:10:02
2351269,accounts - reconciliation automatically,2025-06-14 00:10:02
2350406,rejected,2025-06-14 17:51:44
2351267,rejected,2025-06-14 21:22:13
2351095,rejected,2025-06-14 21:34:30
2351073,rejected,2025-06-14 21:35:43
2350656,rejected,2025-06-14 21:51:12
2349360,auto rejected automatically,2025-06-15 00:10:02
2350165,auto rejected automatically,2025-06-15 00:10:02
2351296,auto rejected automatically,2025-06-15 00:10:03
2348491,auto rejected automatically,2025-06-16 00:10:01
2349491,auto rejected automatically,2025-06-16 00:10:01
2349492,auto rejected automatically,2025-06-16 00:10:01
2349493,auto rejected automatically,2025-06-16 00:10:01
2349564,auto rejected automatically,2025-06-16 00:10:01
2350069,auto rejected automatically,2025-06-16 00:10:02
2350720,accounts - reconciliation automatically,2025-06-16 00:10:02
2350733,auto rejected automatically,2025-06-16 00:10:02
2351271,accounts - reconciliation automatically,2025-06-16 00:10:02
2350310,rejected,2025-06-16 11:29:03
2351166,rejected,2025-06-16 15:19:09
2351167,rejected,2025-06-16 15:26:43
2350880,rejected,2025-06-16 18:34:13
2350846,rejected,2025-06-16 21:35:11
2350840,rejected,2025-06-16 21:51:16
2350489,rejected,2025-06-16 23:51:54
2349716,auto rejected automatically,2025-06-17 00:10:02
2349964,auto rejected automatically,2025-06-17 00:10:02
2350580,auto rejected automatically,2025-06-17 00:10:02
2350624,auto rejected automatically,2025-06-17 00:10:02
2350813,auto rejected automatically,2025-06-17 00:10:02
2351094,accounts - reconciliation automatically,2025-06-17 00:10:02
2351282,accounts - reconciliation automatically,2025-06-17 00:10:02
2350978,rejected,2025-06-17 14:56:27
2350685,rejected,2025-06-17 15:08:59
2350981,rejected,2025-06-17 15:10:48
2350985,rejected,2025-06-17 15:15:42
2351041,rejected,2025-06-17 15:18:10
2350016,rejected,2025-06-17 18:55:44
2351017,rejected,2025-06-17 23:03:45
2350362,auto rejected automatically,2025-06-18 00:10:02
2350814,auto rejected automatically,2025-06-18 00:10:02
2350854,auto rejected automatically,2025-06-18 00:10:02
2350998,accounts - reconciliation automatically,2025-06-18 00:10:02
2351064,auto rejected automatically,2025-06-18 00:10:02
2351200,accounts - reconciliation automatically,2025-06-18 00:10:02
2351223,accounts - reconciliation automatically,2025-06-18 00:10:02
2351245,rejected,2025-06-18 15:17:16
2351025,rejected,2025-06-18 15:27:26
2349811,rejected,2025-06-18 21:49:12
2351224,rejected,2025-06-18 23:07:11
2351134,rejected,2025-06-18 23:11:28
2351206,rejected,2025-06-18 23:44:19
2350601,rejected,2025-06-18 23:47:54
2350824,rejected,2025-06-18 23:50:03
2351190,rejected,2025-06-19 16:04:31
2351155,rejected,2025-06-19 20:10:20
2351107,rejected,2025-06-19 20:11:18
2350906,rejected,2025-06-19 23:31:22
2350827,rejected,2025-06-19 23:56:06
2350828,rejected,2025-06-19 23:56:36
2351205,auto rejected automatically,2025-06-20 00:10:02
2351235,auto rejected automatically,2025-06-20 00:10:02
2351221,rejected,2025-06-20 14:32:39
2351330,rejected,2025-06-20 16:48:41
2349976,rejected,2025-06-20 17:02:51
2350894,rejected,2025-06-20 17:14:06
2350696,rejected,2025-06-20 17:26:08
2351240,rejected,2025-06-20 17:44:05
2351258,rejected,2025-06-20 19:06:10
2351370,rejected,2025-06-20 20:19:17
2350982,rejected,2025-06-20 22:07:56
2350498,rejected,2025-06-20 22:24:57
2350486,rejected,2025-06-20 22:25:46
2351202,accounts - reconciliation automatically,2025-06-21 00:10:02
2351397,rejected,2025-06-21 14:37:05
2350628,requote,2025-06-21 15:46:43
2350900,rejected,2025-06-21 17:41:02
2351061,rejected,2025-06-21 18:56:34
2350782,rejected,2025-06-21 19:04:40
2350812,rejected,2025-06-21 19:18:37
2350800,rejected,2025-06-21 19:20:02
2351019,rejected,2025-06-21 23:01:52
2350965,rejected,2025-06-21 23:14:31
2348331,accounts - reconciliation automatically,2025-06-22 00:10:01
2350607,auto rejected automatically,2025-06-22 00:10:02
2350972,accounts - reconciliation automatically,2025-06-22 00:10:02
2351102,auto rejected automatically,2025-06-22 00:10:02
2351106,accounts - reconciliation automatically,2025-06-22 00:10:02
2350583,accounts - reconciliation automatically,2025-06-23 00:10:02
2350744,auto rejected automatically,2025-06-23 00:10:02
2351132,rejected,2025-06-23 16:39:42
2351129,rejected,2025-06-23 16:40:17
2350478,rejected,2025-06-23 17:02:18
2350783,rejected,2025-06-23 21:33:40
2351287,rejected,2025-06-23 22:00:43
2350237,rejected after confrmation qa completed,2025-06-23 23:45:45
2348627,auto rejected automatically,2025-06-24 00:10:02
2351196,auto rejected automatically,2025-06-24 00:10:03
2351227,auto rejected automatically,2025-06-24 00:10:03
2351291,auto rejected automatically,2025-06-24 00:10:03
2351342,accounts - reconciliation automatically,2025-06-24 00:10:03
2351353,accounts - reconciliation automatically,2025-06-24 00:10:03
2350833,rejected,2025-06-24 20:42:00
2351021,rejected,2025-06-24 20:54:34
2351110,rejected,2025-06-24 22:18:03
2351063,rejected,2025-06-24 22:33:12
2351177,rejected,2025-06-24 23:58:40
2351112,rejected,2025-06-25 15:23:42
2350809,rejected,2025-06-25 16:44:09
2350817,rejected,2025-06-25 16:44:21
2350137,rejected,2025-06-25 17:34:17
2351213,rejected,2025-06-25 22:26:14
2351212,rejected,2025-06-25 22:26:20
2351352,rejected,2025-06-25 23:31:19
2351321,rejected,2025-06-25 23:33:52
2351174,rejected,2025-06-25 23:48:17
2350556,accounts - reconciliation automatically,2025-06-26 00:10:02
2351020,auto rejected automatically,2025-06-26 00:10:02
2351159,auto rejected automatically,2025-06-26 00:10:02
2351160,auto rejected automatically,2025-06-26 00:10:02
2350514,rejected,2025-06-26 15:41:51
2351304,rejected,2025-06-26 18:12:22
2351111,rejected,2025-06-26 18:17:24
2347386,auto rejected automatically,2025-06-27 00:10:01
2350883,auto rejected automatically,2025-06-27 00:10:02
2351347,rejected,2025-06-27 12:37:29
2351434,rejected,2025-06-27 12:38:32
2351348,rejected,2025-06-27 13:02:53
2350963,rejected,2025-06-27 13:03:49
2350954,rejected,2025-06-27 17:45:58
2351060,rejected,2025-06-27 21:12:07
2349777,rejected,2025-06-27 21:37:17
2350979,rejected,2025-06-27 22:23:32
2350947,rejected,2025-06-27 23:40:51
2350948,rejected,2025-06-27 23:41:45
2347582,auto rejected automatically,2025-06-28 00:10:02
2349521,auto rejected automatically,2025-06-28 00:10:02
2349522,auto rejected automatically,2025-06-28 00:10:02
2351257,accounts - reconciliation automatically,2025-06-29 00:10:03
2349658,auto rejected automatically,2025-06-30 00:10:02
2350454,accounts - reconciliation automatically,2025-06-30 00:10:02
2350774,rejected,2025-06-30 16:54:37
2351423,rejected,2025-06-30 18:13:39
2351140,rejected,2025-06-30 20:23:15
2351409,rejected,2025-06-30 23:50:11
2350999,on ground automatically,2025-07-01 00:10:02
2351015,auto rejected automatically,2025-07-01 00:10:03
2351201,auto rejected automatically,2025-07-01 00:10:03
2350500,rejected,2025-07-01 15:19:13
2351443,rejected,2025-07-01 15:25:08
2350819,rejected,2025-07-01 15:57:56
2351389,rejected,2025-07-01 16:03:02
2350874,rejected,2025-07-01 16:09:26
2350627,rejected,2025-07-01 16:53:20
2351340,rejected,2025-07-01 20:49:41
2351278,rejected,2025-07-01 20:52:34
2350914,rejected,2025-07-01 23:07:42
2350915,rejected,2025-07-01 23:08:10
2350686,auto rejected automatically,2025-07-02 00:10:02
2350905,accounts - reconciliation automatically,2025-07-02 00:10:02
2351406,rejected,2025-07-02 14:49:01
2351548,requote,2025-07-02 14:55:17
2351175,rejected,2025-07-02 15:01:46
2351457,rejected,2025-07-02 15:05:12
2350860,rejected,2025-07-02 15:08:24
2351184,rejected,2025-07-02 15:41:53
2350815,rejected,2025-07-02 15:45:50
2350816,rejected,2025-07-02 15:45:54
2350432,rejected,2025-07-02 15:47:24
2351108,rejected,2025-07-02 15:54:03
2351266,rejected,2025-07-02 15:55:51
2351204,rejected,2025-07-02 17:30:53
2351447,rejected,2025-07-02 19:24:26
2350839,rejected,2025-07-02 20:48:00
2350756,auto rejected automatically,2025-07-03 00:10:02
2350841,accounts - reconciliation automatically,2025-07-03 00:10:02
2351268,accounts - reconciliation automatically,2025-07-03 00:10:02
2351367,rejected,2025-07-03 15:10:02
2351366,rejected,2025-07-03 15:10:17
2351365,rejected,2025-07-03 15:10:37
2350801,rejected,2025-07-03 16:19:12
2351343,rejected,2025-07-03 16:35:12
2351532,rejected,2025-07-03 17:15:19
2351382,rejected,2025-07-03 19:56:22
2351383,rejected,2025-07-03 19:56:33
2351469,rejected,2025-07-03 20:36:49
2351323,rejected after confrmation qa completed,2025-07-03 20:49:42
2351072,rejected,2025-07-03 21:00:42
2351332,rejected,2025-07-03 22:32:35
2351207,accounts - reconciliation automatically,2025-07-04 00:10:03
2351513,rejected,2025-07-04 16:36:53
2351333,rejected,2025-07-04 16:44:40
2350351,auto rejected automatically,2025-07-05 00:10:02
2351156,auto rejected automatically,2025-07-05 00:10:02
2351289,accounts - reconciliation automatically,2025-07-05 00:10:02
2351387,rejected,2025-07-05 15:46:06
2351116,rejected,2025-07-05 16:30:53
2350709,auto rejected automatically,2025-07-06 00:10:01
2350712,auto rejected automatically,2025-07-06 00:10:01
2350716,auto rejected automatically,2025-07-06 00:10:01
2351301,auto rejected automatically,2025-07-06 00:10:02
2351442,auto rejected automatically,2025-07-06 00:10:02
2351620,auto rejected automatically,2025-07-06 00:10:02
2351621,auto rejected automatically,2025-07-06 00:10:02
2351622,auto rejected automatically,2025-07-06 00:10:02
2351623,auto rejected automatically,2025-07-06 00:10:02
2351624,auto rejected automatically,2025-07-06 00:10:02
2351625,auto rejected automatically,2025-07-06 00:10:02
2348566,auto rejected automatically,2025-07-07 00:10:02
2350764,accounts - reconciliation automatically,2025-07-07 00:10:02
2351641,auto rejected automatically,2025-07-07 00:10:02
2350956,rejected,2025-07-07 15:30:17
2351121,rejected,2025-07-07 15:55:32
2351035,rejected,2025-07-07 17:28:44
2351164,rejected,2025-07-07 17:42:10
2350892,rejected,2025-07-07 23:40:35
2349894,auto rejected automatically,2025-07-08 00:10:02
2349895,auto rejected automatically,2025-07-08 00:10:02
2351445,auto rejected automatically,2025-07-08 00:10:02
2351504,auto rejected automatically,2025-07-08 00:10:02
2351539,auto rejected automatically,2025-07-08 00:10:03
2351634,auto rejected automatically,2025-07-08 00:10:03
2351642,auto rejected automatically,2025-07-08 00:10:03
2351645,auto rejected automatically,2025-07-08 00:10:03
2351646,auto rejected automatically,2025-07-08 00:10:03
2351647,auto rejected automatically,2025-07-08 00:10:03
2351649,auto rejected automatically,2025-07-08 00:10:03
2351650,auto rejected automatically,2025-07-08 00:10:03
2351651,auto rejected automatically,2025-07-08 00:10:03
2351627,rejected,2025-07-08 16:12:07
2351024,requote,2025-07-08 20:04:46
2349562,auto rejected automatically,2025-07-09 00:10:01
2351364,auto rejected automatically,2025-07-09 00:10:02
2351644,auto rejected automatically,2025-07-09 00:10:02
2351648,auto rejected automatically,2025-07-09 00:10:02
2351444,rejected,2025-07-09 15:19:48
2351594,rejected,2025-07-09 15:23:08
2350969,rejected,2025-07-09 15:33:51
2350893,rejected,2025-07-09 15:36:35
2351543,rejected,2025-07-09 15:46:45
2351022,rejected,2025-07-09 17:28:27
2351582,rejected,2025-07-09 17:58:00
2351583,rejected,2025-07-09 17:58:18
2351693,rejected,2025-07-09 18:11:35
2351523,rejected,2025-07-09 18:15:58
2351491,rejected,2025-07-09 18:17:48
2351446,rejected,2025-07-09 19:38:47
2351298,rejected,2025-07-09 19:42:33
2351300,rejected,2025-07-09 19:44:11
2348567,auto rejected automatically,2025-07-10 00:10:02
2351573,rejected,2025-07-10 19:11:28
2351542,rejected,2025-07-10 19:24:21
2350665,rejected,2025-07-10 22:19:51
2351165,rejected,2025-07-10 22:20:00
2350962,rejected,2025-07-10 22:20:13
2350465,rejected,2025-07-10 22:21:28
2351181,rejected,2025-07-10 22:30:24
2351130,rejected,2025-07-10 22:33:13
2350853,accounts - reconciliation automatically,2025-07-11 00:10:02
2351351,auto rejected automatically,2025-07-11 00:10:02
2351424,rejected,2025-07-11 16:31:14
2351049,rejected,2025-07-11 16:51:55
2351048,rejected,2025-07-11 16:53:04
2351673,rejected,2025-07-11 17:27:23
2351428,rejected,2025-07-11 17:29:44
2351394,rejected,2025-07-11 17:32:57
2351118,rejected,2025-07-11 17:39:47
2351297,rejected,2025-07-11 17:46:15
2350300,rejected,2025-07-11 17:50:20
2351075,rejected,2025-07-11 17:50:50
2351689,rejected,2025-07-11 17:57:18
2351519,rejected,2025-07-11 18:00:06
2351335,rejected,2025-07-11 20:40:19
2351615,auto rejected automatically,2025-07-12 00:10:02
2351643,auto rejected automatically,2025-07-12 00:10:02
2351414,rejected,2025-07-12 00:11:21
2351739,rejected,2025-07-12 15:55:24
2351605,rejected,2025-07-12 22:44:38
2350766,auto rejected automatically,2025-07-13 00:10:02
2350781,auto rejected automatically,2025-07-13 00:10:02
2351046,auto rejected automatically,2025-07-13 00:10:02
2351280,auto rejected automatically,2025-07-13 00:10:02
2351570,auto rejected automatically,2025-07-13 00:10:02
2351635,auto rejected automatically,2025-07-13 00:10:02
2351748,auto rejected automatically,2025-07-13 00:10:02
2351751,auto rejected automatically,2025-07-13 00:10:02
2351752,auto rejected automatically,2025-07-13 00:10:02
2351753,auto rejected automatically,2025-07-13 00:10:02
2350958,rejected,2025-07-13 16:52:51
2351093,accounts - reconciliation automatically,2025-07-14 00:10:02
2351630,auto rejected automatically,2025-07-14 00:10:02
2351640,auto rejected automatically,2025-07-14 00:10:02
2351309,rejected,2025-07-14 15:24:33
2351529,rejected,2025-07-14 15:25:28
2351440,rejected,2025-07-14 16:35:41
2350303,rejected,2025-07-14 17:24:42
2347297,rejected,2025-07-14 17:31:49
2349774,rejected,2025-07-14 17:38:20
2351714,rejected,2025-07-14 19:39:43
2351460,rejected,2025-07-14 19:40:04
2351632,auto rejected automatically,2025-07-15 00:10:02
2351503,rejected,2025-07-15 16:26:31
2350917,rejected,2025-07-15 16:46:57
2351334,rejected,2025-07-15 17:05:46
2351430,rejected,2025-07-15 19:24:15
2350094,auto rejected automatically,2025-07-16 00:10:02
2350480,auto rejected automatically,2025-07-16 00:10:02
2350652,auto rejected automatically,2025-07-16 00:10:02
2350725,auto rejected automatically,2025-07-16 00:10:02
2350984,auto rejected automatically,2025-07-16 00:10:02
2351113,auto rejected automatically,2025-07-16 00:10:02
2350578,rejected,2025-07-16 17:01:43
2351813,rejected,2025-07-16 17:14:02
2351400,rejected,2025-07-16 17:51:09
2350453,rejected,2025-07-16 19:37:22
2351066,rejected,2025-07-16 21:19:58
2351185,rejected,2025-07-16 21:32:26
2350215,rejected,2025-07-16 22:16:20
2350132,auto rejected automatically,2025-07-17 00:10:02
2351047,auto rejected automatically,2025-07-17 00:10:02
2351413,auto rejected automatically,2025-07-17 00:10:02
2351319,rejected,2025-07-17 16:01:42
2351120,rejected,2025-07-17 16:02:51
2351814,rejected,2025-07-17 16:20:57
2350836,rejected,2025-07-17 16:30:25
2351612,rejected,2025-07-17 16:31:47
2351433,rejected,2025-07-17 17:47:29
2349520,rejected after confrmation qa completed,2025-07-17 18:19:38
2351051,rejected after confrmation qa completed,2025-07-17 19:13:31
2351119,rejected,2025-07-17 20:48:13
2351313,rejected,2025-07-17 20:57:25
2350737,rejected,2025-07-17 20:59:09
2351215,rejected,2025-07-17 21:07:55
2351670,rejected,2025-07-17 23:22:06
2351674,rejected,2025-07-17 23:22:29
2351308,rejected,2025-07-17 23:53:30
2351482,accounts - reconciliation automatically,2025-07-18 00:10:02
2351359,rejected,2025-07-18 15:33:39
2351604,rejected,2025-07-18 15:53:02
2351305,rejected,2025-07-18 16:35:02
2350647,rejected,2025-07-18 17:38:28
2351664,rejected,2025-07-18 21:17:13
2350770,rejected,2025-07-18 23:07:01
2351497,rejected,2025-07-19 16:07:57
2351418,rejected,2025-07-19 16:28:44
2350787,rejected,2025-07-19 20:34:22
2350579,auto rejected automatically,2025-07-20 00:10:02
2351579,accounts - reconciliation automatically,2025-07-20 00:10:02
2351586,accounts - reconciliation automatically,2025-07-20 00:10:02
2351665,accounts - reconciliation automatically,2025-07-20 00:10:02
2351879,auto rejected automatically,2025-07-20 00:10:03
2349965,auto rejected automatically,2025-07-21 00:10:02
2350760,auto rejected automatically,2025-07-21 00:10:02
2350803,auto rejected automatically,2025-07-21 00:10:02
2351840,auto rejected automatically,2025-07-21 00:10:03
2349462,rejected,2025-07-21 17:38:22
2350258,rejected,2025-07-21 19:28:48
2351059,rejected,2025-07-21 19:29:26
2350768,rejected,2025-07-21 19:31:32
2347678,rejected,2025-07-21 19:36:00
2350602,rejected,2025-07-21 19:37:46
2351256,rejected,2025-07-21 19:40:06
2349730,rejected,2025-07-21 19:43:45
2351435,rejected,2025-07-21 20:08:01
2351246,rejected,2025-07-21 20:10:05
2351735,rejected,2025-07-21 20:19:49
2350626,rejected,2025-07-21 20:29:01
2351272,rejected,2025-07-21 20:33:58
2350518,rejected,2025-07-21 20:34:04
2351275,rejected,2025-07-21 20:35:37
2351194,rejected,2025-07-21 20:48:50
2351393,rejected,2025-07-21 21:03:20
2351283,rejected,2025-07-21 21:06:56
2351492,rejected,2025-07-21 21:18:56
2350326,rejected,2025-07-21 21:32:24
2351145,rejected,2025-07-21 21:48:45
2351031,rejected,2025-07-21 21:55:59
2351028,rejected,2025-07-21 21:56:32
2349618,rejected,2025-07-21 21:56:48
2350832,rejected,2025-07-21 22:02:26
2351441,rejected,2025-07-21 22:32:23
2351637,accounts - reconciliation automatically,2025-07-22 00:10:03
2348390,rejected via external portal,2025-07-22 12:32:21
2351498,rejected,2025-07-22 15:09:05
2350739,rejected,2025-07-22 15:58:32
2350928,rejected,2025-07-22 17:02:06
2351557,rejected,2025-07-22 17:08:44
2351265,rejected,2025-07-22 17:20:05
2351285,rejected,2025-07-22 17:36:53
2351411,rejected,2025-07-22 19:53:36
2351234,rejected,2025-07-22 21:29:57
2351416,rejected,2025-07-22 21:33:30
2351231,rejected,2025-07-22 21:34:10
2350961,rejected,2025-07-22 21:36:24
2351354,rejected,2025-07-22 21:40:02
2351574,rejected,2025-07-22 21:45:50
2351229,rejected,2025-07-22 21:47:14
2351198,requote,2025-07-22 21:51:43
2351307,rejected,2025-07-22 22:00:33
2351855,rejected,2025-07-22 22:39:42
2351568,rejected,2025-07-22 22:50:20
2351086,rejected,2025-07-23 15:41:46
2351096,rejected,2025-07-23 15:42:07
2351099,rejected,2025-07-23 15:42:24
2351101,rejected,2025-07-23 15:42:46
2351613,rejected,2025-07-23 16:28:14
2351322,rejected,2025-07-23 16:35:34
2350468,rejected,2025-07-23 16:38:06
2351306,rejected,2025-07-23 16:40:47
2351550,rejected,2025-07-23 17:12:46
2351678,rejected,2025-07-23 17:19:47
2350057,rejected,2025-07-23 17:21:35
2351395,rejected,2025-07-23 17:22:01
2350732,rejected,2025-07-23 17:23:58
2351824,rejected,2025-07-23 20:46:25
2350682,rejected,2025-07-23 21:06:53
2350697,rejected,2025-07-23 21:06:57
2351254,rejected,2025-07-23 21:07:00
2351250,rejected,2025-07-23 21:07:04
2351252,rejected,2025-07-23 21:07:08
2351253,rejected,2025-07-23 21:07:12
2351545,rejected,2025-07-23 21:08:22
2351226,rejected,2025-07-23 21:08:27
2351270,rejected,2025-07-23 21:08:33
2350966,rejected,2025-07-23 21:08:43
2350589,rejected,2025-07-23 22:01:12
2350590,rejected,2025-07-23 22:01:55
2351502,rejected,2025-07-23 22:02:42
2351191,rejected,2025-07-23 22:03:23
2351193,rejected,2025-07-23 22:04:33
2349329,rejected,2025-07-23 22:05:54
2351264,rejected,2025-07-23 22:07:36
2351261,rejected,2025-07-23 22:08:01
2351761,rejected,2025-07-23 22:34:26
2351385,rejected,2025-07-23 22:34:58
2350673,rejected,2025-07-23 22:51:12
2350550,rejected,2025-07-23 22:51:40
2350872,rejected,2025-07-23 22:57:48
2350878,rejected,2025-07-23 23:03:36
2351087,rejected,2025-07-23 23:04:34
2351590,rejected,2025-07-23 23:05:32
2350743,rejected,2025-07-23 23:07:42
2350072,rejected,2025-07-23 23:08:21
2351628,rejected,2025-07-23 23:09:17
2351219,auto rejected automatically,2025-07-24 00:10:02
2351516,accounts - reconciliation automatically,2025-07-24 00:10:02
2351935,created,2025-07-24 15:57:42
2351549,rejected,2025-07-24 16:17:40
2351105,rejected,2025-07-24 16:21:07
2351139,accounts - reconciliation,2025-07-24 16:47:21
2351521,rejected,2025-07-24 16:49:47
2351189,accounts - reconciliation,2025-07-24 16:51:17
2350564,rejected after confrmation qa completed,2025-07-24 17:22:30
2351683,rejected,2025-07-24 19:33:44
2351854,rejected after confrmation qa completed,2025-07-24 19:35:07
2351131,rejected,2025-07-24 19:58:49
2351859,rejected,2025-07-24 20:01:29
2351796,rejected,2025-07-24 20:02:33
2351684,rejected,2025-07-24 20:04:05
2350866,rejected,2025-07-24 20:09:19
2350865,rejected,2025-07-24 20:09:31
2351341,rejected,2025-07-24 21:37:17
2351541,rejected,2025-07-24 22:57:02
2351893,rejected,2025-07-24 22:58:02
2351540,created,2025-07-24 23:36:22
2351553,rejected,2025-07-24 23:43:09
2351563,rejected,2025-07-24 23:43:44
2351546,rejected,2025-07-24 23:44:21
2351564,rejected,2025-07-24 23:44:40
2351552,rejected,2025-07-24 23:44:59
2351716,rejected,2025-07-24 23:46:28
2351721,rejected,2025-07-24 23:46:48
2351723,rejected,2025-07-24 23:47:02
2350402,accounts - reconciliation automatically,2025-07-25 00:10:02
2350806,auto rejected automatically,2025-07-25 00:10:02
2350960,accounts - reconciliation automatically,2025-07-25 00:10:03
2351558,auto rejected automatically,2025-07-25 00:10:03
2351823,rejected,2025-07-25 20:13:20
2350531,auto rejected automatically,2025-07-26 00:10:02
2350967,auto rejected automatically,2025-07-26 00:10:02
2351299,rejected,2025-07-26 20:27:34
2350996,auto rejected automatically,2025-07-27 00:10:02
2351010,auto rejected automatically,2025-07-27 00:10:02
2351390,accounts - reconciliation automatically,2025-07-28 00:10:02
2351792,rejected,2025-07-28 14:52:21
2351431,rejected,2025-07-28 16:06:09
2351776,rejected,2025-07-28 16:07:15
2351405,rejected,2025-07-28 19:07:28
2351998,rejected,2025-07-28 21:36:50
2350439,rejected,2025-07-28 22:12:50
2351522,rejected,2025-07-28 23:28:35
2351376,rejected,2025-07-29 13:51:50
2350767,rejected,2025-07-29 13:52:24
2351375,rejected,2025-07-29 13:52:50
2351192,rejected,2025-07-29 14:01:43
2351037,rejected,2025-07-29 14:05:00
2351871,rejected,2025-07-29 14:41:57
2351756,rejected,2025-07-29 14:43:33
2351770,rejected,2025-07-29 14:44:15
2351033,rejected,2025-07-29 15:53:19
2351662,rejected,2025-07-29 16:22:36
2351373,rejected,2025-07-29 16:23:50
2350863,rejected,2025-07-29 16:23:53
2350747,rejected,2025-07-29 16:24:41
2351168,rejected,2025-07-29 16:29:06
2351759,rejected,2025-07-29 17:47:48
2351755,rejected,2025-07-29 17:48:15
2351638,rejected,2025-07-29 19:21:29
2350363,rejected,2025-07-29 19:22:34
2350792,rejected,2025-07-29 19:31:05
2351580,rejected,2025-07-29 21:51:09
2350964,auto rejected automatically,2025-07-30 00:10:02
2351109,auto rejected automatically,2025-07-30 00:10:02
2351744,rejected,2025-07-30 14:58:48
2351506,rejected,2025-07-30 15:38:56
2351868,rejected,2025-07-30 15:41:49
2351055,rejected,2025-07-30 15:45:16
2350340,rejected,2025-07-30 15:45:28
2351750,rejected,2025-07-30 15:53:13
2351260,rejected,2025-07-30 15:58:50
2351878,rejected,2025-07-30 15:58:55
2351585,rejected,2025-07-30 15:58:56
2351344,rejected,2025-07-30 15:59:03
2351571,rejected,2025-07-30 15:59:08
2351396,rejected,2025-07-30 16:00:01
2351135,rejected,2025-07-30 16:00:06
2351701,rejected,2025-07-30 16:41:51
2350975,rejected,2025-07-30 16:50:19
2352041,rejected after confrmation qa completed,2025-07-30 19:14:17
2351512,rejected,2025-07-30 20:33:48
2350449,accounts - reconciliation automatically,2025-07-31 00:10:02
2350554,auto rejected automatically,2025-07-31 00:10:02
2350587,accounts - reconciliation automatically,2025-07-31 00:10:02
2352047,auto rejected automatically,2025-07-31 00:10:02
2351944,rejected,2025-07-31 01:29:50
2351463,rejected,2025-07-31 01:32:01
2350133,created,2025-08-01 16:50:42
2351929,rejected,2025-08-01 21:09:33
2352094,rejected,2025-08-01 22:02:16
2349405,auto rejected automatically,2025-08-02 00:10:02
2349406,auto rejected automatically,2025-08-02 00:10:02
2351772,rejected,2025-08-02 15:49:19
2352045,rejected,2025-08-02 16:46:08
2351688,rejected,2025-08-02 22:25:35
2351124,auto rejected automatically,2025-08-03 00:10:02
2349771,auto rejected automatically,2025-08-04 00:10:02
2351349,accounts - reconciliation automatically,2025-08-04 00:10:02
2351652,accounts - reconciliation automatically,2025-08-04 00:10:03
2350692,rejected,2025-08-04 01:47:54
2352052,rejected,2025-08-04 15:19:03
2351379,rejected,2025-08-04 15:43:58
2350940,rejected,2025-08-04 19:32:16
2352053,rejected,2025-08-05 20:20:30
2351933,rejected,2025-08-05 22:40:10
2351462,rejected,2025-08-05 23:20:55
2351292,rejected,2025-08-05 23:32:56
2351710,rejected,2025-08-05 23:37:21
2351901,rejected,2025-08-05 23:39:47
2351062,rejected,2025-08-05 23:41:17
2351091,rejected,2025-08-05 23:54:43
2350738,auto rejected automatically,2025-08-06 00:10:02
2351669,rejected,2025-08-06 15:52:11
2350754,rejected,2025-08-06 15:57:11
2351629,rejected,2025-08-06 16:33:20
2351577,rejected,2025-08-06 16:33:30
2351600,rejected,2025-08-06 17:34:04
2351302,rejected,2025-08-06 17:35:05
2351768,rejected,2025-08-06 18:11:26
2352002,rejected,2025-08-06 18:21:57
2351314,rejected,2025-08-06 18:49:04
2350576,rejected,2025-08-06 19:45:21
2351476,rejected,2025-08-06 19:57:24
2350852,rejected,2025-08-06 20:48:23
2350850,rejected,2025-08-06 20:49:20
2351412,rejected,2025-08-06 20:57:50
2351881,rejected,2025-08-06 21:17:36
2351595,rejected,2025-08-06 23:04:27
2349917,rejected,2025-08-06 23:08:59
2351829,auto rejected automatically,2025-08-07 00:10:03
2352051,auto rejected automatically,2025-08-07 00:10:03
2351960,rejected,2025-08-07 17:00:21
2351898,rejected,2025-08-07 17:25:28
2351199,rejected,2025-08-07 17:54:30
2351187,rejected,2025-08-07 17:55:02
2351737,rejected,2025-08-07 18:02:15
2350122,rejected,2025-08-07 18:03:53
2351137,rejected,2025-08-07 22:53:52
2352034,rejected,2025-08-07 23:10:59
2351233,auto rejected automatically,2025-08-08 00:10:02
2351980,rejected,2025-08-08 15:57:26
2351853,accounts - reconciliation automatically,2025-08-10 00:10:02
2352155,accounts - reconciliation automatically,2025-08-10 00:10:02
2349337,auto rejected automatically,2025-08-11 00:10:02
2350924,auto rejected automatically,2025-08-11 00:10:02
2351429,auto rejected automatically,2025-08-11 00:10:02
2351806,auto rejected automatically,2025-08-11 00:10:02
2351835,accounts - reconciliation automatically,2025-08-11 00:10:02
2352043,accounts - reconciliation automatically,2025-08-11 00:10:02
2351195,rejected,2025-08-11 15:28:33
2351080,rejected,2025-08-11 15:29:26
2351994,rejected,2025-08-11 16:05:46
2350282,auto rejected automatically,2025-08-12 00:10:02
2351659,auto rejected automatically,2025-08-12 00:10:03
2352020,accounts - reconciliation automatically,2025-08-12 00:10:03
2352217,auto rejected automatically,2025-08-12 00:10:03
2351559,accepted,2025-08-12 03:11:22
2351378,auto rejected automatically,2025-08-13 00:10:02
2351432,auto rejected automatically,2025-08-13 00:10:02
2351437,auto rejected automatically,2025-08-13 00:10:02
2352226,accounts - reconciliation automatically,2025-08-13 00:10:02
2352183,rejected,2025-08-13 16:18:11
2351845,rejected,2025-08-13 16:31:38
2351686,rejected,2025-08-13 16:38:31
2351875,rejected,2025-08-13 16:51:28
2351315,pre qa - completed,2025-08-13 20:12:34
2351230,auto rejected automatically,2025-08-14 00:10:02
2351822,accounts - reconciliation automatically,2025-08-14 00:10:02
2351617,rejected,2025-08-14 14:59:20
2352141,rejected,2025-08-14 15:02:18
2351945,rejected,2025-08-14 15:17:58
2351887,rejected,2025-08-14 15:33:16
2351798,auto rejected automatically,2025-08-15 00:10:02
2352013,auto rejected automatically,2025-08-15 00:10:02
2350777,auto rejected automatically,2025-08-16 00:10:02
2350823,auto rejected automatically,2025-08-16 00:10:02
2351126,auto rejected automatically,2025-08-16 00:10:03
2351127,auto rejected automatically,2025-08-16 00:10:03
2351337,auto rejected automatically,2025-08-16 00:10:03
2351528,auto rejected automatically,2025-08-16 00:10:03
2351785,accounts - reconciliation automatically,2025-08-16 00:10:03
2352200,auto rejected automatically,2025-08-16 00:10:03
2352210,auto rejected automatically,2025-08-16 00:10:03
2352218,auto rejected automatically,2025-08-16 00:10:03
2350202,auto rejected automatically,2025-08-17 00:10:02
2351324,auto rejected automatically,2025-08-17 00:10:02
2351786,auto rejected automatically,2025-08-17 00:10:03
2351846,accounts - reconciliation automatically,2025-08-17 00:10:03
2351958,accounts - reconciliation automatically,2025-08-17 00:10:03
2352280,auto rejected automatically,2025-08-17 00:10:03
2350745,auto rejected automatically,2025-08-18 00:10:02
2351484,auto rejected automatically,2025-08-18 00:10:03
2352123,rejected,2025-08-18 15:50:03
2350358,rejected,2025-08-18 18:55:14
2349847,auto rejected automatically,2025-08-19 00:10:01
2351345,accounts - reconciliation automatically,2025-08-19 00:10:02
2351456,auto rejected automatically,2025-08-19 00:10:02
2351877,accounts - reconciliation automatically,2025-08-19 00:10:02
2351930,auto rejected automatically,2025-08-19 00:10:02
2352048,auto rejected automatically,2025-08-19 00:10:02
2352154,auto rejected automatically,2025-08-19 00:10:02
2351713,rejected,2025-08-19 15:09:23
2351488,rejected,2025-08-19 18:51:40
2349827,accounts - reconciliation automatically,2025-08-20 00:10:02
2350553,auto rejected automatically,2025-08-20 00:10:02
2351746,auto rejected automatically,2025-08-20 00:10:02
2352255,accepted,2025-08-20 12:32:13
2351619,rejected,2025-08-20 15:01:35
2351962,rejected,2025-08-20 15:05:09
2351867,rejected,2025-08-20 16:17:57
2351123,auto rejected automatically,2025-08-21 00:10:03
2351601,auto rejected automatically,2025-08-21 00:10:03
2351407,rejected,2025-08-21 14:59:29
2351981,rejected,2025-08-21 15:22:04
2351949,rejected,2025-08-21 15:22:41
2351103,rejected,2025-08-21 15:26:36
2351079,rejected,2025-08-21 15:32:38
2352461,rejected,2025-08-21 22:14:30
2350994,auto rejected automatically,2025-08-22 00:10:02
2351997,auto rejected automatically,2025-08-22 00:10:02
2352031,auto rejected automatically,2025-08-22 00:10:02
2352011,rejected,2025-08-22 00:31:20
2350728,rejected,2025-08-22 21:51:39
2349490,auto rejected automatically,2025-08-23 00:10:01
2349535,auto rejected automatically,2025-08-23 00:10:01
2349537,auto rejected automatically,2025-08-23 00:10:01
2351023,auto rejected automatically,2025-08-23 00:10:02
2352087,auto rejected automatically,2025-08-23 00:10:02
2352191,auto rejected automatically,2025-08-23 00:10:02
2352258,auto rejected automatically,2025-08-23 00:10:02
2352300,accounts - reconciliation automatically,2025-08-23 00:10:02
2351937,rejected,2025-08-23 14:40:59
2351534,rejected,2025-08-23 14:45:20
2351085,rejected,2025-08-23 14:57:49
2352077,rejected,2025-08-23 15:06:18
2349452,auto rejected automatically,2025-08-24 00:10:02
2351399,accounts - reconciliation automatically,2025-08-24 00:10:02
2352416,accounts - reconciliation automatically,2025-08-24 00:10:03
2352534,rejected,2025-08-24 00:11:23
2350991,auto rejected automatically,2025-08-25 00:10:02
2352032,auto rejected automatically,2025-08-25 00:10:03
2352241,auto rejected automatically,2025-08-25 00:10:03
2352327,auto rejected automatically,2025-08-25 00:10:03
2351730,rejected,2025-08-25 13:42:04
2351377,rejected,2025-08-25 14:46:50
2352312,rejected,2025-08-25 23:44:10
2349685,auto rejected automatically,2025-08-26 00:10:02
2350845,auto rejected automatically,2025-08-26 00:10:02
2351486,auto rejected automatically,2025-08-26 00:10:02
2351499,auto rejected automatically,2025-08-26 00:10:02
2352379,auto rejected automatically,2025-08-26 00:10:02
2351657,rejected,2025-08-26 15:37:41
2352078,rejected,2025-08-26 16:04:42
2351326,rejected,2025-08-26 17:09:05
2351869,rejected,2025-08-26 23:08:05
2351696,rejected,2025-08-26 23:08:58
2351565,auto rejected automatically,2025-08-27 00:10:02
2351758,auto rejected automatically,2025-08-27 00:10:02
2352039,accounts - reconciliation automatically,2025-08-27 00:10:02
2352388,auto rejected automatically,2025-08-27 00:10:03
2350084,auto rejected automatically,2025-08-28 00:10:02
2350993,auto rejected automatically,2025-08-28 00:10:02
2352147,auto rejected automatically,2025-08-28 00:10:02
2351273,rejected,2025-08-28 15:48:18
2351849,accounts - reconciliation automatically,2025-08-29 00:10:03
2351919,accounts - reconciliation automatically,2025-08-29 00:10:03
2352022,auto rejected automatically,2025-08-29 00:10:03
2352024,auto rejected automatically,2025-08-29 00:10:03
2349972,rejected,2025-08-29 17:27:17
2351778,rejected,2025-08-29 17:51:42
2351926,rejected,2025-08-29 23:29:11
2352088,rejected,2025-08-29 23:29:58
2351938,rejected,2025-08-29 23:30:37
2352340,rejected,2025-08-29 23:31:25
2351922,rejected,2025-08-29 23:33:58
2351925,rejected,2025-08-29 23:34:32
2350971,rejected,2025-08-29 23:36:59
2351816,rejected,2025-08-29 23:38:39
2352090,rejected,2025-08-29 23:41:39
2351961,rejected,2025-08-29 23:58:03
2352439,rejected,2025-08-30 00:00:32
2351995,auto rejected automatically,2025-08-30 00:10:03
2352021,auto rejected automatically,2025-08-30 00:10:03
2352071,auto rejected automatically,2025-08-30 00:10:03
2352337,auto rejected automatically,2025-08-30 00:10:03
2352221,rejected,2025-08-30 15:01:45
2352195,rejected,2025-08-30 15:43:40
2352514,requote,2025-08-30 17:38:43
2352661,rejected,2025-08-30 19:09:32
2352692,rejected,2025-08-30 22:54:28
2350266,auto rejected automatically,2025-08-31 00:10:01
2352092,auto rejected automatically,2025-08-31 00:10:02
2352505,accounts - reconciliation automatically,2025-08-31 00:10:02
2350488,accounts - reconciliation automatically,2025-09-01 00:10:02
2351070,accounts - reconciliation automatically,2025-09-01 00:10:02
2352539,auto rejected automatically,2025-09-01 00:10:02
2352641,rejected,2025-09-01 09:08:02
2352475,rejected,2025-09-01 12:51:09
2351054,rejected,2025-09-01 15:38:19
2352466,rejected,2025-09-01 15:40:15
2352638,rejected,2025-09-01 19:00:13
2352304,rejected,2025-09-01 19:44:21
2351985,rejected,2025-09-01 20:28:45
2352716,rejected,2025-09-01 20:48:07
2351708,rejected,2025-09-01 20:56:08
2351474,rejected,2025-09-01 20:59:33
2351660,rejected,2025-09-01 21:24:39
2349404,auto rejected automatically,2025-09-02 00:10:02
2349407,auto rejected automatically,2025-09-02 00:10:02
2349471,auto rejected automatically,2025-09-02 00:10:02
2349482,auto rejected automatically,2025-09-02 00:10:02
2349489,auto rejected automatically,2025-09-02 00:10:02
2350663,auto rejected automatically,2025-09-02 00:10:02
2351001,auto rejected automatically,2025-09-02 00:10:02
2351133,auto rejected automatically,2025-09-02 00:10:02
2351151,auto rejected automatically,2025-09-02 00:10:02
2351263,auto rejected automatically,2025-09-02 00:10:02
2351286,auto rejected automatically,2025-09-02 00:10:02
2351719,auto rejected automatically,2025-09-02 00:10:02
2351902,auto rejected automatically,2025-09-02 00:10:02
2351904,auto rejected automatically,2025-09-02 00:10:02
2351906,auto rejected automatically,2025-09-02 00:10:02
2352269,accounts - reconciliation automatically,2025-09-02 00:10:03
2352545,auto rejected automatically,2025-09-02 00:10:03
2352649,rejected,2025-09-02 14:42:50
2347930,rejected after confrmation qa completed,2025-09-02 14:46:21
2352057,rejected,2025-09-02 15:16:28
2352548,rejected,2025-09-02 15:35:52
2351903,pre qa - completed,2025-09-02 15:55:14
2351856,rejected,2025-09-02 17:29:58
2349647,rejected,2025-09-02 18:14:56
2351074,rejected,2025-09-02 18:15:38
2351170,rejected,2025-09-02 18:24:54
2349422,rejected,2025-09-02 18:26:01
2351780,rejected,2025-09-02 18:37:54
2351288,rejected,2025-09-02 18:39:09
2351453,rejected,2025-09-02 18:40:27
2352111,rejected,2025-09-02 18:54:41
2351858,rejected,2025-09-02 18:59:00
2352512,rejected,2025-09-02 19:05:59
2352170,rejected,2025-09-02 19:26:21
2351284,rejected,2025-09-02 20:43:33
2349956,auto rejected automatically,2025-09-03 00:10:02
2350598,auto rejected automatically,2025-09-03 00:10:02
2351676,auto rejected automatically,2025-09-03 00:10:03
2352737,auto rejected automatically,2025-09-03 00:10:03
2352554,rejected,2025-09-03 14:46:10
2352102,rejected,2025-09-03 15:36:12
2350867,rejected,2025-09-03 15:51:43
2351356,rejected,2025-09-03 15:57:00
2352257,rejected,2025-09-03 16:01:44
2351566,rejected,2025-09-03 16:24:49
2352350,rejected,2025-09-03 17:12:15
2352691,rejected,2025-09-03 18:16:20
2351384,rejected,2025-09-03 18:19:29
2350613,rejected,2025-09-03 18:27:56
2352408,rejected,2025-09-03 22:33:04
2352410,rejected,2025-09-03 22:33:08
2352411,rejected,2025-09-03 22:33:14
2352412,rejected,2025-09-03 22:33:20
2352062,rejected,2025-09-03 22:33:50
2352171,rejected,2025-09-03 22:35:15
2352212,rejected,2025-09-03 22:35:19
2352213,rejected,2025-09-03 22:35:24
2351380,auto rejected automatically,2025-09-04 00:10:02
2351888,accounts - reconciliation automatically,2025-09-04 00:10:02
2351900,auto rejected automatically,2025-09-04 00:10:02
2351952,accounts - reconciliation automatically,2025-09-04 00:10:02
2352398,auto rejected automatically,2025-09-04 00:10:02
2350931,rejected,2025-09-04 15:36:59
2350881,rejected,2025-09-04 15:40:37
2352550,rejected,2025-09-04 15:46:33
2352517,rejected,2025-09-04 15:47:59
2350908,rejected,2025-09-04 15:55:53
2352450,rejected,2025-09-04 17:47:55
2352272,rejected,2025-09-04 20:36:21
2351616,rejected,2025-09-04 20:37:44
2350065,auto rejected automatically,2025-09-05 00:10:02
2350347,auto rejected automatically,2025-09-05 00:10:02
2350361,auto rejected automatically,2025-09-05 00:10:02
2350499,auto rejected automatically,2025-09-05 00:10:02
2350681,auto rejected automatically,2025-09-05 00:10:02
2351837,auto rejected automatically,2025-09-05 00:10:02
2352469,accounts - reconciliation automatically,2025-09-05 00:10:03
2350899,rejected,2025-09-05 17:00:01
2351707,rejected,2025-09-05 17:02:20
2351575,rejected,2025-09-05 17:04:04
2351040,rejected,2025-09-05 19:13:59
2350927,auto rejected automatically,2025-09-06 00:10:02
2351178,auto rejected automatically,2025-09-06 00:10:02
2351262,auto rejected automatically,2025-09-06 00:10:02
2351471,auto rejected automatically,2025-09-06 00:10:03
2351478,accounts - reconciliation automatically,2025-09-06 00:10:03
2351584,accounts - reconciliation automatically,2025-09-06 00:10:03
2351639,auto rejected automatically,2025-09-06 00:10:03
2351704,auto rejected automatically,2025-09-06 00:10:03
2351720,auto rejected automatically,2025-09-06 00:10:03
2351732,auto rejected automatically,2025-09-06 00:10:03
2351803,auto rejected automatically,2025-09-06 00:10:03
2351886,auto rejected automatically,2025-09-06 00:10:03
2352142,auto rejected automatically,2025-09-06 00:10:03
2352158,accounts - reconciliation automatically,2025-09-06 00:10:03
2352234,auto rejected automatically,2025-09-06 00:10:03
2352816,rejected,2025-09-06 14:14:51
2352103,rejected,2025-09-06 16:11:44
2352567,rejected,2025-09-06 22:02:25
2352573,rejected,2025-09-06 22:23:54
2352859,rejected,2025-09-06 22:35:30
2350485,accounts - reconciliation automatically,2025-09-07 00:10:02
2351150,auto rejected automatically,2025-09-07 00:10:02
2352444,accounts - reconciliation automatically,2025-09-07 00:10:02
2350751,auto rejected automatically,2025-09-08 00:10:02
2351581,accounts - reconciliation automatically,2025-09-08 00:10:02
2351838,auto rejected automatically,2025-09-08 00:10:02
2352050,auto rejected automatically,2025-09-08 00:10:02
2352056,auto rejected automatically,2025-09-08 00:10:02
2352063,auto rejected automatically,2025-09-08 00:10:02
2352081,auto rejected automatically,2025-09-08 00:10:02
2352227,auto rejected automatically,2025-09-08 00:10:02
2352600,accounts - reconciliation automatically,2025-09-08 00:10:02
2351144,rejected,2025-09-08 17:32:46
2352884,rejected,2025-09-08 19:54:32
2352259,rejected,2025-09-08 21:00:02
2350706,auto rejected automatically,2025-09-09 00:10:02
2350799,auto rejected automatically,2025-09-09 00:10:02
2351281,auto rejected automatically,2025-09-09 00:10:02
2351851,accounts - reconciliation automatically,2025-09-09 00:10:02
2351894,auto rejected automatically,2025-09-09 00:10:02
2351967,auto rejected automatically,2025-09-09 00:10:02
2352010,accounts - reconciliation automatically,2025-09-09 00:10:02
2352148,auto rejected automatically,2025-09-09 00:10:02
2352543,accounts - reconciliation automatically,2025-09-09 00:10:03
2352562,rejected,2025-09-09 12:53:44
2352662,rejected,2025-09-09 14:42:35
2351656,rejected,2025-09-09 15:10:30
2352720,rejected,2025-09-09 15:15:47
2352144,rejected,2025-09-09 15:21:18
2352768,rejected,2025-09-09 15:33:12
2352654,rejected,2025-09-09 15:47:42
2352906,rejected,2025-09-09 21:11:59
2352750,rejected,2025-09-09 23:11:37
2347314,auto rejected automatically,2025-09-10 00:10:01
2351895,accounts - reconciliation automatically,2025-09-10 00:10:02
2352449,auto rejected automatically,2025-09-10 00:10:02
2352509,auto rejected automatically,2025-09-10 00:10:02
2352702,accounts - reconciliation automatically,2025-09-10 00:10:02
2352875,auto rejected automatically,2025-09-10 00:10:02
2351841,rejected,2025-09-10 14:50:05
2352689,rejected,2025-09-10 15:40:02
2351117,rejected,2025-09-10 16:24:28
2351977,rejected,2025-09-10 16:35:40
2352533,rejected,2025-09-10 16:47:52
2350765,auto rejected automatically,2025-09-11 00:10:02
2351090,auto rejected automatically,2025-09-11 00:10:02
2351153,auto rejected automatically,2025-09-11 00:10:02
2351276,auto rejected automatically,2025-09-11 00:10:02
2351439,auto rejected automatically,2025-09-11 00:10:02
2351680,auto rejected automatically,2025-09-11 00:10:03
2351709,auto rejected automatically,2025-09-11 00:10:03
2352417,auto rejected automatically,2025-09-11 00:10:03
2352308,rejected,2025-09-11 15:01:17
2350695,rejected,2025-09-11 15:05:08
2351671,rejected,2025-09-11 15:11:49
2352486,rejected,2025-09-11 17:26:07
2351339,rejected,2025-09-11 19:19:28
2351114,rejected,2025-09-11 19:27:11
2351422,rejected,2025-09-11 19:54:52
2351464,rejected,2025-09-11 20:00:20
2350773,rejected,2025-09-11 20:03:39
2351500,rejected,2025-09-11 20:09:41
2351606,rejected,2025-09-11 21:04:04
2350597,auto rejected automatically,2025-09-12 00:10:03
2352442,auto rejected automatically,2025-09-12 00:10:03
2352872,auto rejected automatically,2025-09-12 00:10:03
2351971,rejected,2025-09-12 14:37:26
2352204,rejected,2025-09-12 14:40:44
2352283,rejected,2025-09-12 15:33:56
2351228,rejected,2025-09-12 17:34:56
2351861,rejected,2025-09-12 17:49:19
2351666,rejected,2025-09-12 20:53:49
2351602,rejected,2025-09-12 21:21:37
2351734,rejected,2025-09-12 21:31:55
2351790,rejected,2025-09-12 21:45:23
2351459,rejected,2025-09-12 21:48:38
2351458,rejected,2025-09-12 21:49:04
2351520,rejected,2025-09-12 22:25:19
2352231,rejected,2025-09-12 22:28:58
2351982,rejected,2025-09-12 22:30:35
2351976,rejected,2025-09-12 22:38:53
2351986,rejected,2025-09-12 22:39:28
2352279,rejected,2025-09-12 22:55:42
2350051,auto rejected automatically,2025-09-13 00:10:02
2352384,auto rejected automatically,2025-09-13 00:10:03
2352603,auto rejected automatically,2025-09-13 00:10:03
2352888,on ground automatically,2025-09-13 00:10:03
2352345,rejected,2025-09-13 14:56:21
2351182,auto rejected automatically,2025-09-14 00:10:03
2351225,accounts - reconciliation automatically,2025-09-14 00:10:03
2351473,auto rejected automatically,2025-09-14 00:10:03
2352871,auto rejected automatically,2025-09-14 00:10:03
2351681,auto rejected automatically,2025-09-15 00:10:02
2351955,auto rejected automatically,2025-09-15 00:10:03
2352040,accounts - reconciliation automatically,2025-09-15 00:10:03
2352446,auto rejected automatically,2025-09-15 00:10:03
2353011,auto rejected automatically,2025-09-15 00:10:03
2352765,rejected,2025-09-15 16:19:39
2351992,rejected after confrmation qa pending,2025-09-15 18:22:55
2351247,rejected,2025-09-15 20:12:59
2352464,rejected,2025-09-15 20:19:30
2352476,rejected,2025-09-15 20:21:38
2352230,rejected,2025-09-15 20:29:29
2352357,rejected,2025-09-15 20:44:53
2351255,rejected,2025-09-15 21:07:12
2351830,rejected,2025-09-15 22:13:57
2351487,auto rejected automatically,2025-09-16 00:10:03
2351725,auto rejected automatically,2025-09-16 00:10:03
2351766,accounts - reconciliation automatically,2025-09-16 00:10:03
2352165,auto rejected automatically,2025-09-16 00:10:03
2352224,auto rejected automatically,2025-09-16 00:10:03
2352386,auto rejected automatically,2025-09-16 00:10:03
2352349,rejected,2025-09-16 10:55:36
2352736,rejected,2025-09-16 14:29:02
2352634,rejected,2025-09-16 14:42:15
2351609,rejected,2025-09-16 14:50:28
2352727,rejected,2025-09-16 14:51:50
2352826,rejected,2025-09-16 14:52:05
2352628,rejected,2025-09-16 14:52:48
2353039,rejected,2025-09-16 15:15:09
2352767,rejected,2025-09-16 19:11:41
2351905,rejected,2025-09-16 19:33:04
2351728,rejected,2025-09-16 19:34:18
2352176,rejected,2025-09-16 19:56:59
2352559,rejected,2025-09-16 19:58:15
2352788,rejected,2025-09-16 19:58:34
2352744,rejected,2025-09-16 20:53:21
2352101,rejected,2025-09-16 20:53:47
2352853,rejected,2025-09-16 21:24:02
2352845,rejected,2025-09-16 21:24:30
2352782,rejected,2025-09-16 21:24:57
2352655,rejected,2025-09-16 21:25:26
2352642,rejected,2025-09-16 21:27:04
2353013,rejected,2025-09-16 21:30:15
2352482,rejected,2025-09-16 22:40:08
2352818,rejected,2025-09-16 22:42:37
2352317,rejected,2025-09-16 23:20:11
2352876,rejected,2025-09-16 23:36:17
2352879,rejected,2025-09-16 23:36:55
2349865,auto rejected automatically,2025-09-17 00:10:02
2349871,auto rejected automatically,2025-09-17 00:10:02
2350458,auto rejected automatically,2025-09-17 00:10:02
2352072,auto rejected automatically,2025-09-17 00:10:02
2352153,rejected,2025-09-17 10:05:34
2352473,rejected,2025-09-17 10:08:27
2352440,rejected,2025-09-17 15:39:44
2351884,rejected,2025-09-17 17:11:14
2351897,rejected,2025-09-17 17:11:54
2349929,rejected,2025-09-17 17:58:18
2351667,rejected,2025-09-17 18:04:47
2352894,rejected,2025-09-17 19:06:35
2352547,rejected,2025-09-17 21:37:17
2352320,rejected,2025-09-17 22:13:32
2351775,auto rejected automatically,2025-09-18 00:10:03
2353022,created,2025-09-18 10:32:08
2350560,rejected after confrmation qa completed,2025-09-18 13:00:25
2352425,rejected after confrmation qa pending,2025-09-18 17:03:16
2351239,rejected,2025-09-18 17:28:21
2352323,rejected,2025-09-18 17:52:06
2352430,rejected,2025-09-18 19:56:30
2352291,rejected,2025-09-18 20:20:01
2350869,rejected,2025-09-18 20:40:09
2352368,rejected,2025-09-18 20:41:57
2352152,rejected,2025-09-18 20:48:21
2351381,rejected,2025-09-18 20:48:32
2351295,rejected,2025-09-18 20:51:43
2351386,rejected,2025-09-18 20:51:47
2352143,rejected,2025-09-18 20:51:52
2350955,rejected,2025-09-18 21:00:02
2351593,rejected,2025-09-18 21:02:23
2351655,rejected,2025-09-18 21:02:30
2352119,rejected,2025-09-18 21:04:55
2351874,rejected,2025-09-18 21:10:48
2351014,rejected,2025-09-18 21:28:03
2352453,rejected,2025-09-18 21:30:31
2353058,rejected,2025-09-18 21:38:14
2353061,rejected,2025-09-18 21:38:47
2351836,rejected,2025-09-18 23:54:38
2352901,rejected,2025-09-19 00:01:01
2352665,rejected,2025-09-19 00:08:47
2351425,auto rejected automatically,2025-09-19 00:10:03
2351782,auto rejected automatically,2025-09-19 00:10:03
2353095,rejected,2025-09-19 15:07:54
2352627,rejected,2025-09-19 15:22:33
2351687,rejected,2025-09-19 15:25:46
2352499,rejected,2025-09-19 15:29:23
2353100,rejected,2025-09-19 17:46:31
2352061,rejected,2025-09-19 18:52:26
2353041,rejected,2025-09-19 19:36:30
2352919,requote,2025-09-19 21:48:14
2352685,rejected,2025-09-19 21:54:43
2351940,rejected,2025-09-19 22:13:57
2352243,rejected,2025-09-19 22:53:32
2352242,rejected,2025-09-19 22:54:12
2351797,auto rejected automatically,2025-09-20 00:10:02
2352100,accounts - reconciliation automatically,2025-09-20 00:10:02
2352489,accounts - reconciliation automatically,2025-09-20 00:10:02
2352570,accounts - reconciliation automatically,2025-09-20 00:10:02
2352914,accounts - reconciliation automatically,2025-09-20 00:10:02
2352966,auto rejected automatically,2025-09-20 00:10:02
2353093,auto rejected automatically,2025-09-20 00:10:02
2352484,rejected,2025-09-20 18:07:46
2352167,rejected,2025-09-20 20:40:15
2351363,auto rejected automatically,2025-09-21 00:10:02
2351537,auto rejected automatically,2025-09-21 00:10:02
2352498,auto rejected automatically,2025-09-21 00:10:02
2353173,auto rejected automatically,2025-09-21 00:10:02
2350434,accounts - reconciliation automatically,2025-09-22 00:10:02
2351420,accounts - reconciliation automatically,2025-09-22 00:10:03
2352198,accounts - reconciliation automatically,2025-09-22 00:10:03
2352273,accounts - reconciliation automatically,2025-09-22 00:10:03
2352690,auto rejected automatically,2025-09-22 00:10:03
2352724,auto rejected automatically,2025-09-22 00:10:03
2352806,auto rejected automatically,2025-09-22 00:10:03
2352837,auto rejected automatically,2025-09-22 00:10:03
2351547,rejected after confrmation qa completed,2025-09-22 16:00:30
2352729,rejected,2025-09-22 17:18:17
2351232,rejected,2025-09-22 17:28:14
2352650,rejected,2025-09-22 17:38:08
2351143,rejected,2025-09-22 17:40:32
2352042,rejected,2025-09-22 17:45:51
2352084,rejected,2025-09-22 17:52:44
2352030,rejected,2025-09-22 18:34:46
2352029,rejected,2025-09-22 18:35:02
2352126,rejected,2025-09-22 18:37:13
2352497,rejected,2025-09-22 18:39:30
2352532,rejected,2025-09-22 18:42:39
2351711,rejected,2025-09-22 18:43:21
2351712,rejected,2025-09-22 18:43:33
2352860,rejected,2025-09-22 18:46:12
2352931,rejected,2025-09-22 18:46:34
2352313,rejected,2025-09-22 18:46:50
2352636,rejected,2025-09-22 18:48:33
2351948,rejected,2025-09-22 18:49:29
2351259,rejected,2025-09-22 18:49:46
2351754,rejected,2025-09-22 18:50:25
2351993,rejected,2025-09-22 18:52:28
2352122,rejected,2025-09-22 18:52:57
2353115,rejected,2025-09-22 18:58:43
2352601,rejected,2025-09-22 19:03:28
2352187,rejected,2025-09-22 19:09:04
2352797,rejected,2025-09-22 19:10:23
2353116,rejected,2025-09-22 19:11:20
2351831,rejected,2025-09-22 19:18:39
2351056,rejected,2025-09-22 19:19:17
2352558,rejected,2025-09-22 19:20:17
2352108,rejected,2025-09-22 19:26:05
2351912,rejected,2025-09-22 19:26:31
2352717,rejected,2025-09-22 19:39:55
2352232,rejected,2025-09-22 19:41:11
2352474,rejected,2025-09-22 19:47:54
2351358,rejected,2025-09-22 19:50:49
2352378,rejected,2025-09-22 19:54:00
2352501,rejected,2025-09-22 19:55:59
2351749,rejected,2025-09-22 20:08:26
2352821,rejected,2025-09-22 20:10:14
2352679,rejected,2025-09-22 20:15:37
2351946,rejected,2025-09-22 20:30:39
2352678,rejected,2025-09-22 20:51:04
2350822,rejected,2025-09-22 20:56:36
2352958,rejected,2025-09-22 21:05:00
2353051,rejected,2025-09-22 21:09:27
2353027,rejected,2025-09-22 21:10:22
2352284,rejected,2025-09-22 21:19:52
2352847,rejected,2025-09-22 21:21:09
2352861,rejected,2025-09-22 21:29:47
2351128,rejected,2025-09-22 21:36:05
2351959,rejected,2025-09-22 21:38:36
2352421,rejected,2025-09-22 21:49:41
2352714,rejected,2025-09-22 22:24:26
2349842,auto rejected automatically,2025-09-23 00:10:01
2351274,auto rejected automatically,2025-09-23 00:10:02
2351727,auto rejected automatically,2025-09-23 00:10:02
2351765,auto rejected automatically,2025-09-23 00:10:02
2352225,auto rejected automatically,2025-09-23 00:10:02
2352520,auto rejected automatically,2025-09-23 00:10:02
2352817,auto rejected automatically,2025-09-23 00:10:02
2352863,auto rejected automatically,2025-09-23 00:10:02
2353044,accounts - reconciliation automatically,2025-09-23 00:10:02
2353057,auto rejected automatically,2025-09-23 00:10:02
2352480,rejected,2025-09-23 09:37:29
2351391,rejected,2025-09-23 09:39:23
2351470,rejected,2025-09-23 14:13:07
2352128,rejected,2025-09-23 15:06:06
2349829,rejected after confrmation qa completed,2025-09-23 15:08:21
2352949,rejected,2025-09-23 15:14:32
2351607,rejected,2025-09-23 16:16:09
2352780,rejected,2025-09-23 16:18:58
2352007,rejected,2025-09-23 16:19:45
2352656,rejected,2025-09-23 16:23:50
2351942,rejected,2025-09-23 16:51:39
2351956,rejected,2025-09-23 16:52:04
2352943,rejected,2025-09-23 17:06:48
2352537,rejected,2025-09-23 17:09:48
2352886,rejected,2025-09-23 17:37:00
2351533,rejected,2025-09-23 17:41:46
2351618,rejected,2025-09-23 17:43:26
2352868,rejected,2025-09-23 18:18:27
2351692,rejected,2025-09-23 18:21:17
2351974,rejected,2025-09-23 18:26:09
2352235,rejected,2025-09-23 18:34:33
2351481,rejected,2025-09-23 18:38:08
2351795,rejected,2025-09-23 18:39:29
2352208,rejected,2025-09-23 18:39:43
2352618,rejected,2025-09-23 19:24:11
2352987,rejected,2025-09-23 19:52:45
2351626,rejected,2025-09-23 20:05:26
2351477,rejected,2025-09-23 21:28:00
2351931,rejected,2025-09-23 21:38:05
2352996,rejected,2025-09-23 21:41:08
2352400,rejected,2025-09-23 21:43:21
2351844,rejected,2025-09-23 21:46:18
2352785,rejected,2025-09-23 21:49:49
2349806,auto rejected automatically,2025-09-24 00:10:01
2351801,auto rejected automatically,2025-09-24 00:10:02
2351449,rejected,2025-09-24 10:21:08
2352145,rejected,2025-09-24 14:36:08
2352046,rejected,2025-09-24 14:44:18
2352281,rejected,2025-09-24 15:13:11
2352518,rejected,2025-09-24 15:17:53
2352133,rejected,2025-09-24 15:48:31
2352380,rejected,2025-09-24 15:57:04
2351555,rejected,2025-09-24 15:58:36
2351392,rejected,2025-09-24 15:59:52
2350896,rejected,2025-09-24 16:00:45
2352640,rejected,2025-09-24 16:22:41
2351218,rejected,2025-09-24 16:37:31
2352174,rejected,2025-09-24 16:40:55
2352898,rejected,2025-09-24 16:42:49
2352016,rejected,2025-09-24 21:24:23
2353255,rejected,2025-09-24 22:34:12
2353238,rejected,2025-09-24 22:34:24
2349802,auto rejected automatically,2025-09-25 00:10:02
2349828,accounts - reconciliation automatically,2025-09-25 00:10:02
2350921,auto rejected automatically,2025-09-25 00:10:02
2350922,auto rejected automatically,2025-09-25 00:10:02
2352164,auto rejected automatically,2025-09-25 00:10:03
2351828,rejected,2025-09-25 13:10:01
2351825,rejected,2025-09-25 13:10:45
2351819,rejected,2025-09-25 13:11:36
2351818,rejected,2025-09-25 13:12:03
2351815,rejected,2025-09-25 13:12:26
2351812,rejected,2025-09-25 13:12:43
2353166,rejected,2025-09-25 18:18:43
2351320,rejected,2025-09-25 20:13:27
2352080,rejected,2025-09-25 20:50:51
2351934,rejected,2025-09-25 20:53:48
2351355,rejected after confrmation qa pending,2025-09-25 21:19:44
2352055,rejected,2025-09-25 22:57:42
2352058,rejected,2025-09-25 22:58:10
2351203,rejected,2025-09-25 23:30:18
2351173,auto rejected automatically,2025-09-26 00:10:03
2351510,auto rejected automatically,2025-09-26 00:10:03
2353196,pre qa - completed,2025-09-26 13:33:44
2350461,rejected after confrmation qa completed,2025-09-26 14:58:36
2352105,rejected,2025-09-26 15:39:11
2352107,rejected,2025-09-26 15:39:17
2353038,pre qa - pending,2025-09-26 15:56:04
2351700,rejected,2025-09-26 16:01:38
2352862,rejected,2025-09-26 16:04:55
2352172,rejected,2025-09-26 16:13:06
2352054,rejected after confrmation qa completed,2025-09-26 16:42:38
2352451,rejected,2025-09-26 17:46:35
2350074,rejected after confrmation qa completed,2025-09-26 19:22:55
2351896,rejected,2025-09-26 21:51:12
2353014,rejected,2025-09-26 22:05:02
2350206,accounts - reconciliation automatically,2025-09-27 00:10:02
2351773,auto rejected automatically,2025-09-27 00:10:02
2352150,auto rejected automatically,2025-09-27 00:10:02
2353071,auto rejected automatically,2025-09-27 00:10:03
2353225,auto rejected automatically,2025-09-27 00:10:03
2351597,accounts - reconciliation automatically,2025-09-28 00:10:03
2352035,auto rejected automatically,2025-09-28 00:10:03
2352267,auto rejected automatically,2025-09-28 00:10:03
2352671,auto rejected automatically,2025-09-28 00:10:03
2353048,auto rejected automatically,2025-09-28 00:10:03
2351058,auto rejected automatically,2025-09-29 00:10:02
2351556,accounts - reconciliation automatically,2025-09-29 00:10:02
2351996,auto rejected automatically,2025-09-29 00:10:02
2352069,accounts - reconciliation automatically,2025-09-29 00:10:02
2353305,auto rejected automatically,2025-09-29 00:10:02
2349831,rejected after confrmation qa pending,2025-09-29 15:38:41
2350950,rejected,2025-09-29 17:05:07
2352978,rejected,2025-09-29 17:40:39
2352985,rejected,2025-09-29 17:41:07
2352986,rejected,2025-09-29 17:41:28
2348394,rejected after confrmation qa completed,2025-09-29 20:54:53
2352536,rejected,2025-09-29 21:56:34
2352771,rejected,2025-09-29 22:09:44
2351489,rejected after confrmation qa completed,2025-09-29 22:19:34
2352734,rejected,2025-09-29 23:04:31
2351870,rejected,2025-09-29 23:07:13
2352916,rejected,2025-09-29 23:09:50
2352740,rejected,2025-09-30 12:18:25
2353218,rejected,2025-09-30 12:28:51
2352504,rejected,2025-09-30 14:40:33
2352672,rejected,2025-09-30 14:49:32
2352637,rejected,2025-09-30 14:51:07
2352658,rejected,2025-09-30 14:51:26
2352834,rejected,2025-09-30 15:57:27
2352346,rejected,2025-09-30 17:38:35
2351913,rejected,2025-09-30 17:59:06
2353301,created,2025-09-30 17:59:29
2352676,rejected,2025-09-30 18:05:39
2353003,rejected,2025-09-30 19:54:42
2351524,rejected,2025-09-30 19:56:00
2350245,accounts - reconciliation automatically,2025-10-01 00:10:02
2350687,auto rejected automatically,2025-10-01 00:10:03
2351848,accounts - reconciliation automatically,2025-10-01 00:10:03
2352271,auto rejected automatically,2025-10-01 00:10:03
2352288,auto rejected automatically,2025-10-01 00:10:03
2352426,auto rejected automatically,2025-10-01 00:10:03
2352982,accounts - reconciliation automatically,2025-10-01 00:10:03
2353074,auto rejected automatically,2025-10-01 00:10:03
2353243,auto rejected automatically,2025-10-01 00:10:03
2351733,rejected,2025-10-01 13:26:37
2352413,rejected,2025-10-01 14:30:19
2353206,rejected,2025-10-01 14:54:19
2352938,rejected,2025-10-01 15:56:11
2352710,rejected,2025-10-01 15:56:45
2352709,rejected,2025-10-01 15:58:18
2352707,rejected,2025-10-01 15:58:57
2352705,rejected,2025-10-01 16:01:32
2352704,rejected,2025-10-01 16:02:23
2352703,rejected,2025-10-01 16:06:48
2351388,rejected,2025-10-01 17:06:36
2349714,auto rejected automatically,2025-10-02 00:10:01
2350360,auto rejected automatically,2025-10-02 00:10:01
2351969,accounts - reconciliation automatically,2025-10-02 00:10:02
2352542,auto rejected automatically,2025-10-02 00:10:02
2353197,auto rejected automatically,2025-10-02 00:10:02
2351163,auto rejected automatically,2025-10-03 00:10:02
2351663,accounts - reconciliation automatically,2025-10-03 00:10:03
2351954,auto rejected automatically,2025-10-03 00:10:03
2352325,auto rejected automatically,2025-10-03 00:10:03
2353272,auto rejected automatically,2025-10-03 00:10:03
2353257,rejected,2025-10-03 14:05:12
2352632,rejected,2025-10-03 16:09:16
2352929,rejected,2025-10-03 17:11:31
2351743,rejected,2025-10-03 17:16:29
2353030,rejected,2025-10-03 17:17:49
2352820,rejected,2025-10-03 22:20:31
2352074,auto rejected automatically,2025-10-04 00:10:02
2353283,rejected,2025-10-04 14:09:46
2350552,accounts - reconciliation automatically,2025-10-05 00:10:02
2353199,auto rejected automatically,2025-10-05 00:10:02
2353306,accounts - reconciliation automatically,2025-10-05 00:10:02
2347427,auto rejected automatically,2025-10-06 00:10:02
2350645,auto rejected automatically,2025-10-06 00:10:02
2351188,auto rejected automatically,2025-10-06 00:10:03
2352205,rejected,2025-10-06 06:00:50
2352303,rejected,2025-10-06 06:01:32
2352302,rejected,2025-10-06 06:02:07
2353135,rejected,2025-10-06 14:58:55
2353324,rejected,2025-10-06 21:26:33
2353323,rejected,2025-10-06 21:26:42
2351125,on ground automatically,2025-10-07 00:10:02
2351827,accounts - reconciliation automatically,2025-10-07 00:10:02
2352216,accounts - reconciliation automatically,2025-10-07 00:10:02
2352228,on ground automatically,2025-10-07 00:10:02
2352236,on ground automatically,2025-10-07 00:10:02
2352290,accepted,2025-10-07 16:44:38
2353394,rejected,2025-10-07 17:10:08
2353395,rejected,2025-10-07 17:10:31
2353396,rejected,2025-10-07 17:10:57
2353397,rejected,2025-10-07 17:11:21
2352751,rejected after confrmation qa completed,2025-10-07 17:22:38
2352789,rejected,2025-10-07 19:17:58
2352419,rejected,2025-10-07 19:30:22
2352830,rejected,2025-10-07 19:32:25
2352998,rejected,2025-10-07 19:36:56
2352443,rejected,2025-10-07 20:04:03
2353065,rejected,2025-10-07 20:15:55
2352607,rejected,2025-10-07 20:17:26
2351717,rejected,2025-10-07 20:34:21
2351294,rejected,2025-10-07 21:21:49
2352718,rejected,2025-10-07 21:24:38
2351588,rejected,2025-10-07 21:41:18
2352624,rejected,2025-10-07 21:52:32
2353291,rejected,2025-10-07 22:00:48
2353131,rejected,2025-10-07 22:01:42
2352027,rejected,2025-10-07 22:29:57
2352470,rejected,2025-10-07 22:35:36
2351360,rejected,2025-10-07 22:47:39
2350843,rejected,2025-10-07 22:55:17
2352500,rejected,2025-10-07 23:30:49
2352038,accounts - reconciliation automatically,2025-10-08 00:10:02
2353423,accounts - reconciliation automatically,2025-10-08 00:10:03
2353452,auto rejected automatically,2025-10-08 00:10:03
2351217,rejected,2025-10-08 11:47:38
2352651,rejected,2025-10-08 16:18:14
2352774,rejected,2025-10-08 16:31:15
2353203,rejected,2025-10-08 18:55:15
2353092,rejected,2025-10-08 21:51:50
2351154,accounts - reconciliation automatically,2025-10-09 00:10:02
2353325,rejected,2025-10-09 14:57:09
2351214,rejected,2025-10-09 16:47:21
2351526,rejected,2025-10-09 16:48:00
2351927,rejected,2025-10-09 16:53:09
2352117,rejected,2025-10-09 16:53:26
2351661,rejected,2025-10-09 16:53:43
2353129,rejected,2025-10-09 16:54:01
2352310,rejected,2025-10-09 16:54:17
2351438,rejected,2025-10-09 17:27:33
2352576,rejected,2025-10-09 19:01:13
2352855,rejected,2025-10-09 19:02:56
2353028,rejected,2025-10-09 19:20:10
2352132,accounts - reconciliation automatically,2025-10-10 00:10:03
2351864,rejected after confrmation qa completed,2025-10-10 15:27:32
2351587,rejected,2025-10-10 19:15:26
2352341,rejected,2025-10-10 19:30:10
2353120,rejected,2025-10-10 21:25:09
2351654,accounts - reconciliation automatically,2025-10-11 00:10:03
2352891,accounts - reconciliation automatically,2025-10-11 00:10:03
2353018,auto rejected automatically,2025-10-11 00:10:03
2348575,accounts - reconciliation automatically,2025-10-12 00:10:01
2351237,auto rejected automatically,2025-10-12 00:10:02
2351238,auto rejected automatically,2025-10-12 00:10:02
2351318,accounts - reconciliation automatically,2025-10-12 00:10:02
2351677,accounts - reconciliation automatically,2025-10-12 00:10:02
2351760,accounts - reconciliation automatically,2025-10-12 00:10:02
2352825,auto rejected automatically,2025-10-12 00:10:02
2353153,auto rejected automatically,2025-10-12 00:10:02
2353227,auto rejected automatically,2025-10-12 00:10:02
2350943,accounts - reconciliation automatically,2025-10-13 00:10:02
2353171,rejected,2025-10-13 14:56:36
2349830,rejected after confrmation qa completed,2025-10-13 16:07:33
2353294,rejected,2025-10-13 16:18:07
2351515,rejected after confrmation qa completed,2025-10-13 17:10:52
2352116,rejected after confrmation qa completed,2025-10-13 18:02:37
2351450,rejected,2025-10-13 19:41:40
2350693,rejected after confrmation qa completed,2025-10-13 20:57:00
2350890,auto rejected automatically,2025-10-14 00:10:02
2352014,auto rejected automatically,2025-10-14 00:10:02
2353439,on ground automatically,2025-10-14 00:10:03
2352762,rejected,2025-10-15 09:23:29
2353509,rejected,2025-10-15 12:12:39
2353456,rejected,2025-10-15 15:10:07
2351658,rejected after confrmation qa completed,2025-10-15 15:57:04
2352435,rejected,2025-10-15 16:36:29
2353333,rejected,2025-10-15 16:38:02
2351249,rejected after confrmation qa pending,2025-10-15 17:10:14
2350873,rejected after confrmation qa completed,2025-10-15 17:24:54
2353280,rejected after confrmation qa pending,2025-10-15 18:19:12
2347885,rejected after confrmation qa completed,2025-10-15 19:04:09
2352347,rejected after confrmation qa completed,2025-10-15 19:48:14
2353231,rejected after confrmation qa completed,2025-10-15 19:56:47
2351465,rejected after confrmation qa completed,2025-10-15 20:42:41
2350933,auto rejected automatically,2025-10-16 00:10:03
2351065,auto rejected automatically,2025-10-16 00:10:03
2351807,auto rejected automatically,2025-10-16 00:10:03
2351833,accounts - reconciliation automatically,2025-10-16 00:10:03
2352121,auto rejected automatically,2025-10-16 00:10:03
2353230,accounts - reconciliation automatically,2025-10-16 00:10:03
2352629,rejected after confrmation qa pending,2025-10-16 14:57:54
2351738,auto rejected automatically,2025-10-17 00:10:02
2353372,auto rejected automatically,2025-10-17 00:10:03
2352577,rejected,2025-10-17 14:44:13
2350702,rejected after confrmation qa completed,2025-10-17 16:25:33
2353246,rejected,2025-10-17 17:23:23
2350722,auto rejected automatically,2025-10-18 00:10:02
2351799,auto rejected automatically,2025-10-18 00:10:03
2352815,accounts - reconciliation automatically,2025-10-18 00:10:03
2352463,rejected after confrmation qa pending,2025-10-18 11:32:31
2353567,rejected,2025-10-18 21:23:29
2351336,auto rejected automatically,2025-10-19 00:10:02
2351455,auto rejected automatically,2025-10-19 00:10:02
2351951,auto rejected automatically,2025-10-19 00:10:02
2353235,auto rejected automatically,2025-10-19 00:10:03
2352755,auto rejected automatically,2025-10-20 00:10:03
2352761,auto rejected automatically,2025-10-20 00:10:03
2353098,auto rejected automatically,2025-10-20 00:10:03
2353340,auto rejected automatically,2025-10-20 00:10:03
2353449,accounts - reconciliation automatically,2025-10-20 00:10:03
2351518,auto rejected automatically,2025-10-21 00:10:02
2352124,auto rejected automatically,2025-10-21 00:10:02
2352125,auto rejected automatically,2025-10-21 00:10:02
2352285,auto rejected automatically,2025-10-21 00:10:02
2352568,accounts - reconciliation automatically,2025-10-21 00:10:02
2353077,auto rejected automatically,2025-10-21 00:10:03
2353573,auto rejected automatically,2025-10-21 00:10:03
2353576,auto rejected automatically,2025-10-21 00:10:03
2352365,auto rejected automatically,2025-10-22 00:10:03
2353017,auto rejected automatically,2025-10-22 00:10:03
2353565,on ground automatically,2025-10-22 00:10:04
2352177,pre qa - completed,2025-10-22 15:14:05
2353339,rejected,2025-10-22 15:37:35
2352372,rejected after confrmation qa completed,2025-10-22 15:52:08
2351136,rejected after confrmation qa completed,2025-10-22 15:55:30
2352585,rejected after confrmation qa completed,2025-10-22 18:10:25
2352004,auto rejected automatically,2025-10-23 00:10:02
2352322,auto rejected automatically,2025-10-23 00:10:02
2353405,auto rejected automatically,2025-10-23 00:10:03
2352586,rejected after confrmation qa completed,2025-10-23 16:30:23
2352193,auto rejected automatically,2025-10-24 00:10:03
2352206,auto rejected automatically,2025-10-24 00:10:03
2352333,auto rejected automatically,2025-10-24 00:10:03
2352551,auto rejected automatically,2025-10-24 00:10:03
2352599,auto rejected automatically,2025-10-24 00:10:03
2352623,auto rejected automatically,2025-10-24 00:10:03
2352869,auto rejected automatically,2025-10-24 00:10:03
2353337,auto rejected automatically,2025-10-24 00:10:04
2353575,accounts - reconciliation automatically,2025-10-24 00:10:04
2353660,on ground automatically,2025-10-24 00:10:04
2352572,rejected after confrmation qa completed,2025-10-24 14:44:11
2352993,rejected after confrmation qa completed,2025-10-24 15:10:11
2352044,rejected after confrmation qa completed,2025-10-24 15:51:42
2352161,rejected after confrmation qa completed,2025-10-24 16:24:35
2352964,rejected after confrmation qa completed,2025-10-24 17:50:57
2351083,rejected after confrmation qa completed,2025-10-24 18:51:12
2353541,rejected after confrmation qa completed,2025-10-24 18:56:34
2352639,rejected after confrmation qa completed,2025-10-24 19:05:46
2350451,rejected,2025-10-24 20:31:48
2351983,rejected,2025-10-24 20:33:52
2353277,rejected,2025-10-24 20:37:14
2353054,rejected,2025-10-24 20:42:31
2352934,rejected,2025-10-24 20:45:56
2352988,rejected,2025-10-24 20:58:19
2352893,rejected,2025-10-24 21:15:23
2353363,rejected,2025-10-24 21:37:00
2350570,rejected,2025-10-24 21:50:44
2352515,rejected,2025-10-24 21:54:41
2351100,auto rejected automatically,2025-10-25 00:10:02
2351972,auto rejected automatically,2025-10-25 00:10:03
2352494,auto rejected automatically,2025-10-25 00:10:03
2352510,auto rejected automatically,2025-10-25 00:10:03
2353429,accounts - reconciliation automatically,2025-10-25 00:10:03
2353683,on ground automatically,2025-10-25 00:10:03
2352546,rejected,2025-10-25 20:09:32
2349882,auto rejected automatically,2025-10-26 00:10:02
2350700,auto rejected automatically,2025-10-26 00:10:02
2351082,auto rejected automatically,2025-10-26 00:10:02
2351569,accounts - reconciliation automatically,2025-10-27 00:10:02
2352275,accounts - reconciliation automatically,2025-10-27 00:10:02
2352602,auto rejected automatically,2025-10-27 00:10:02
2352622,accounts - reconciliation automatically,2025-10-27 00:10:02
2353112,auto rejected automatically,2025-10-27 00:10:03
2353154,auto rejected automatically,2025-10-27 00:10:03
2353359,accounts - reconciliation automatically,2025-10-27 00:10:03
2353438,auto rejected automatically,2025-10-27 00:10:03
2353458,auto rejected automatically,2025-10-27 00:10:03
2353523,accounts - reconciliation automatically,2025-10-27 00:10:03
2353568,accounts - reconciliation automatically,2025-10-27 00:10:03
2351805,rejected after confrmation qa completed,2025-10-27 17:27:20
2353465,rejected after confrmation qa completed,2025-10-27 17:42:45
2352405,rejected after confrmation qa completed,2025-10-27 18:30:38
2351401,auto rejected automatically,2025-10-28 00:10:03
2353146,on ground automatically,2025-10-28 00:10:04
2353639,accounts - reconciliation automatically,2025-10-28 00:10:05
2352858,created,2025-10-28 20:59:52
2347891,auto rejected automatically,2025-10-29 00:10:02
2351968,auto rejected automatically,2025-10-29 00:10:03
2352535,auto rejected automatically,2025-10-29 00:10:03
2352923,accounts - reconciliation automatically,2025-10-29 00:10:03
2353157,auto rejected automatically,2025-10-29 00:10:03
2353236,rejected,2025-10-29 16:34:05
2352684,accounts - reconciliation automatically,2025-10-30 00:10:03
2352887,auto rejected automatically,2025-10-30 00:10:03
2353756,auto rejected automatically,2025-10-30 00:10:04
2352356,auto rejected automatically,2025-10-31 00:10:03
2353686,accounts - reconciliation automatically,2025-10-31 00:10:03
2353778,auto rejected automatically,2025-10-31 00:10:03
2353554,rejected after confrmation qa completed,2025-10-31 14:06:06
2353654,rejected,2025-10-31 17:57:04
2351999,auto rejected automatically,2025-11-01 00:10:03
2352068,accounts - reconciliation automatically,2025-11-01 00:10:03
2353258,auto rejected automatically,2025-11-01 00:10:03
2353275,accounts - reconciliation automatically,2025-11-01 00:10:03
2353550,auto rejected automatically,2025-11-01 00:10:03
2350336,accounts - reconciliation automatically,2025-11-02 00:10:02
2351279,auto rejected automatically,2025-11-02 00:10:02
2351809,auto rejected automatically,2025-11-02 00:10:02
2352180,accounts - reconciliation automatically,2025-11-02 00:10:02
2352296,auto rejected automatically,2025-11-02 00:10:03
2352561,auto rejected automatically,2025-11-02 00:10:03
2352677,auto rejected automatically,2025-11-02 00:10:03
2352682,auto rejected automatically,2025-11-02 00:10:03
2352683,accounts - reconciliation automatically,2025-11-02 00:10:03
2352725,auto rejected automatically,2025-11-02 00:10:03
2352733,auto rejected automatically,2025-11-02 00:10:03
2352779,auto rejected automatically,2025-11-02 00:10:03
2352783,auto rejected automatically,2025-11-02 00:10:03
2352840,auto rejected automatically,2025-11-02 00:10:03
2352903,auto rejected automatically,2025-11-02 00:10:03
2352953,auto rejected automatically,2025-11-02 00:10:03
2352959,accounts - reconciliation automatically,2025-11-02 00:10:03
2353114,auto rejected automatically,2025-11-02 00:10:03
2353271,auto rejected automatically,2025-11-02 00:10:03
2353594,auto rejected automatically,2025-11-02 00:10:03
2353789,auto rejected automatically,2025-11-02 00:10:03
2350871,auto rejected automatically,2025-11-03 00:10:03
2351697,auto rejected automatically,2025-11-03 00:10:03
2352113,auto rejected automatically,2025-11-03 00:10:03
2352120,auto rejected automatically,2025-11-03 00:10:03
2352173,accounts - reconciliation automatically,2025-11-03 00:10:03
2352358,auto rejected automatically,2025-11-03 00:10:03
2353162,accounts - reconciliation automatically,2025-11-03 00:10:03
2353248,auto rejected automatically,2025-11-03 00:10:03
2353355,auto rejected automatically,2025-11-03 00:10:03
2353574,accounts - reconciliation automatically,2025-11-03 00:10:03
2351892,rejected after confrmation qa pending,2025-11-03 13:40:41
2353516,rejected,2025-11-03 16:20:59
2353085,rejected after confrmation qa pending,2025-11-03 17:13:40
2352134,auto rejected automatically,2025-11-04 00:10:02
2352201,auto rejected automatically,2025-11-04 00:10:02
2352663,auto rejected automatically,2025-11-04 00:10:02
2353289,auto rejected automatically,2025-11-04 00:10:03
2353672,auto rejected automatically,2025-11-04 00:10:03
2351466,auto rejected automatically,2025-11-05 00:10:03
2351608,auto rejected automatically,2025-11-05 00:10:03
2352175,accounts - reconciliation automatically,2025-11-05 00:10:03
2353178,auto rejected automatically,2025-11-05 00:10:03
2353768,auto rejected automatically,2025-11-05 00:10:04
2353113,rejected,2025-11-05 13:53:16
2353447,rejected,2025-11-05 15:19:33
2353648,created,2025-11-05 21:07:55
2352371,rejected,2025-11-05 23:41:32
2351531,auto rejected automatically,2025-11-06 00:10:02
2351800,auto rejected automatically,2025-11-06 00:10:02
2351928,accounts - reconciliation automatically,2025-11-06 00:10:02
2352404,accounts - reconciliation automatically,2025-11-06 00:10:03
2352445,accounts - reconciliation automatically,2025-11-06 00:10:03
2352730,auto rejected automatically,2025-11-06 00:10:03
2352741,accounts - reconciliation automatically,2025-11-06 00:10:03
2353156,auto rejected automatically,2025-11-06 00:10:03
2353295,auto rejected automatically,2025-11-06 00:10:03
2353591,auto rejected automatically,2025-11-06 00:10:03
2353664,auto rejected automatically,2025-11-06 00:10:03
2353886,accepted,2025-11-06 10:54:39
2353326,rejected,2025-11-06 12:18:13
2353916,accepted,2025-11-06 14:43:37
2353647,rejected,2025-11-06 15:42:41
2353298,rejected,2025-11-06 19:49:17
2353345,rejected,2025-11-06 19:50:18
2352409,rejected,2025-11-06 19:50:55
2353413,rejected,2025-11-06 19:51:24
2353151,rejected,2025-11-06 19:52:47
2353273,rejected,2025-11-06 19:54:25
2353318,rejected,2025-11-06 19:54:46
2353624,rejected,2025-11-06 19:55:10
2353708,rejected,2025-11-06 19:55:29
2352593,rejected,2025-11-06 19:55:52
2351909,rejected,2025-11-06 19:56:02
2352079,rejected,2025-11-06 20:00:36
2352282,rejected,2025-11-06 20:05:10
2352856,rejected,2025-11-06 20:07:36
2353338,rejected,2025-11-06 20:10:11
2351248,rejected,2025-11-06 20:14:15
2352927,rejected,2025-11-06 20:14:49
2353308,rejected,2025-11-06 20:15:56
2351511,rejected,2025-11-06 20:16:19
2352748,rejected,2025-11-06 20:17:10
2353569,rejected,2025-11-06 20:17:29
2351682,rejected,2025-11-06 20:24:54
2352454,rejected,2025-11-06 20:42:54
2352564,rejected,2025-11-06 20:43:08
2353354,rejected,2025-11-06 20:43:39
2353417,rejected,2025-11-06 20:44:52
2353418,rejected,2025-11-06 20:44:57
2353651,rejected,2025-11-06 20:53:17
2351726,rejected,2025-11-06 20:54:54
2352972,rejected,2025-11-06 20:57:22
2353263,rejected,2025-11-06 20:59:52
2353374,rejected,2025-11-06 21:03:53
2352169,rejected,2025-11-06 21:04:45
2353832,rejected,2025-11-06 21:08:07
2351572,rejected,2025-11-06 21:10:53
2353237,rejected,2025-11-06 21:12:09
2352127,rejected,2025-11-06 21:15:46
2350389,rejected,2025-11-06 21:21:35
2352246,rejected,2025-11-06 21:22:35
2352256,rejected,2025-11-06 21:22:52
2353662,rejected,2025-11-06 21:27:17
2353823,rejected,2025-11-06 21:29:53
2352516,rejected,2025-11-06 21:31:36
2352488,rejected,2025-11-06 21:31:42
2353008,rejected,2025-11-06 21:34:37
2353515,rejected,2025-11-06 21:36:16
2352668,rejected,2025-11-06 21:37:19
2353106,rejected,2025-11-06 21:38:26
2353056,rejected,2025-11-06 21:41:20
2352073,rejected,2025-11-06 21:42:05
2352493,rejected,2025-11-06 21:44:20
2352854,rejected,2025-11-06 21:52:21
2352495,rejected,2025-11-06 21:58:50
2353032,rejected,2025-11-06 22:00:26
2351915,rejected,2025-11-06 22:07:52
2352373,rejected,2025-11-06 22:08:42
2352890,rejected,2025-11-06 22:09:32
2352823,rejected,2025-11-06 22:10:47
2353412,rejected,2025-11-06 22:11:16
2352097,rejected,2025-11-06 22:12:18
2352950,rejected,2025-11-06 22:14:56
2352330,rejected,2025-11-06 22:15:34
2353311,rejected,2025-11-06 22:15:42
2353194,rejected,2025-11-06 22:17:40
2353276,rejected,2025-11-06 22:20:45
2353389,rejected,2025-11-06 22:26:15
2353668,rejected,2025-11-06 22:30:31
2352479,rejected,2025-11-06 22:32:56
2352984,rejected,2025-11-06 22:34:47
2353137,rejected,2025-11-06 22:36:14
2352870,rejected,2025-11-06 22:52:28
2353043,rejected,2025-11-06 22:53:51
2352503,rejected,2025-11-06 22:54:38
2350557,rejected,2025-11-06 23:31:27
2352483,accounts - reconciliation automatically,2025-11-07 00:10:03
2353552,on ground automatically,2025-11-07 00:10:03
2353623,on ground automatically,2025-11-07 00:10:03
2353069,accepted,2025-11-07 11:43:34
2353898,rejected,2025-11-07 15:53:20
2353572,rejected,2025-11-07 16:40:57
2353514,rejected,2025-11-07 20:14:03
2353141,requote,2025-11-07 20:45:34
2352920,rejected,2025-11-07 20:55:02
2353103,rejected,2025-11-07 21:01:11
2353758,rejected,2025-11-07 21:29:21
2353142,rejected,2025-11-07 21:30:19
2353147,rejected,2025-11-07 21:33:08
2353209,rejected,2025-11-07 21:36:32
2351475,rejected,2025-11-07 21:39:08
2353467,rejected,2025-11-07 21:39:49
2351538,rejected,2025-11-07 21:43:08
2351966,rejected,2025-11-07 21:45:39
2352723,rejected,2025-11-07 21:46:23
2353247,rejected,2025-11-07 22:03:06
2352738,rejected,2025-11-07 22:04:29
2353138,rejected,2025-11-07 22:05:45
2353719,rejected,2025-11-07 22:09:23
2351172,rejected,2025-11-07 22:14:49
2352086,accounts - reconciliation automatically,2025-11-08 00:10:02
2352194,auto rejected automatically,2025-11-08 00:10:02
2352643,accounts - reconciliation automatically,2025-11-08 00:10:03
2352839,auto rejected automatically,2025-11-08 00:10:03
2353553,accounts - reconciliation automatically,2025-11-08 00:10:03
2353598,accounts - reconciliation automatically,2025-11-08 00:10:03
2348604,auto rejected automatically,2025-11-09 00:10:02
2351236,auto rejected automatically,2025-11-09 00:10:03
2353931,auto rejected automatically,2025-11-09 00:10:06
2351242,auto rejected automatically,2025-11-10 00:10:03
2351889,auto rejected automatically,2025-11-10 00:10:03
2352070,accounts - reconciliation automatically,2025-11-10 00:10:03
2352214,auto rejected automatically,2025-11-10 00:10:03
2352732,accounts - reconciliation automatically,2025-11-10 00:10:03
2352793,auto rejected automatically,2025-11-10 00:10:03
2353362,auto rejected automatically,2025-11-10 00:10:04
2353406,accounts - reconciliation automatically,2025-11-10 00:10:04
2353618,auto rejected automatically,2025-11-10 00:10:04
2352555,rejected,2025-11-10 16:57:03
2353820,rejected,2025-11-10 20:27:15
2353622,rejected,2025-11-10 20:31:47
2350897,auto rejected automatically,2025-11-11 00:10:03
2351244,auto rejected automatically,2025-11-11 00:10:03
2352025,auto rejected automatically,2025-11-11 00:10:03
2352552,auto rejected automatically,2025-11-11 00:10:03
2352881,auto rejected automatically,2025-11-11 00:10:03
2353328,on ground automatically,2025-11-11 00:10:03
2353383,accounts - reconciliation automatically,2025-11-11 00:10:04
2353831,auto rejected automatically,2025-11-11 00:10:04
2353159,rejected after confrmation qa pending,2025-11-11 13:30:20
2352316,rejected,2025-11-11 15:58:08
2351763,rejected,2025-11-11 15:58:28
2352342,accounts - reconciliation,2025-11-11 17:15:17
2353024,rejected,2025-11-11 20:25:41
2353918,rejected,2025-11-11 20:26:01
2352521,rejected,2025-11-11 20:30:39
2353730,rejected,2025-11-11 20:32:56
2353865,rejected,2025-11-11 20:35:45
2353174,rejected,2025-11-11 20:37:20
2352880,rejected,2025-11-11 20:38:21
2353269,rejected,2025-11-11 20:40:08
2353267,rejected,2025-11-11 20:41:50
2353520,rejected,2025-11-11 20:42:47
2352060,rejected,2025-11-11 20:47:17
2353816,rejected,2025-11-11 20:48:29
2353713,rejected,2025-11-11 20:50:25
2353139,rejected,2025-11-11 20:54:46
2353700,rejected,2025-11-11 20:57:30
2351081,rejected,2025-11-11 21:10:19
2352708,rejected,2025-11-11 21:13:25
2352851,rejected,2025-11-11 21:16:42
2352186,rejected,2025-11-11 21:21:14
2352319,rejected,2025-11-11 21:25:10
2352418,rejected,2025-11-11 21:25:27
2352361,rejected,2025-11-11 21:25:34
2352799,rejected,2025-11-11 21:27:57
2353875,rejected,2025-11-11 21:32:36
2352844,rejected,2025-11-11 21:33:22
2351303,rejected,2025-11-11 21:33:54
2353076,rejected,2025-11-11 21:36:42
2352265,rejected,2025-11-11 21:37:22
2353836,rejected,2025-11-11 21:40:02
2353750,rejected,2025-11-11 21:43:26
2353629,rejected,2025-11-11 21:55:39
2352591,rejected,2025-11-11 22:07:19
2352385,rejected,2025-11-11 22:10:11
2352666,rejected,2025-11-11 22:10:34
2353130,rejected,2025-11-11 22:13:23
2353752,rejected,2025-11-11 22:20:13
2352848,rejected,2025-11-11 22:22:27
2352933,rejected,2025-11-11 22:24:05
2353175,rejected,2025-11-11 22:26:28
2353201,rejected,2025-11-11 22:29:19
2353388,rejected,2025-11-11 22:30:20
2353604,rejected,2025-11-11 22:31:02
2353571,rejected,2025-11-11 22:39:37
2353501,rejected,2025-11-11 22:39:41
2351186,rejected,2025-11-11 22:40:59
2353424,rejected,2025-11-11 22:42:40
2352196,rejected,2025-11-11 22:44:38
2353414,rejected,2025-11-11 22:45:06
2353006,rejected,2025-11-11 22:46:00
2353757,rejected,2025-11-11 22:48:38
2353229,rejected,2025-11-11 22:55:33
2352753,rejected,2025-11-11 23:09:06
2353025,rejected,2025-11-11 23:09:11
2352781,rejected,2025-11-11 23:16:08
2353357,rejected,2025-11-11 23:16:35
2353140,rejected,2025-11-11 23:20:51
2353361,payment received - release vouchers,2025-11-11 23:46:08
2351251,accounts - reconciliation automatically,2025-11-12 00:10:03
2351530,auto rejected automatically,2025-11-12 00:10:03
2351668,auto rejected automatically,2025-11-12 00:10:03
2351695,auto rejected automatically,2025-11-12 00:10:03
2352008,accounts - reconciliation automatically,2025-11-12 00:10:03
2352202,auto rejected automatically,2025-11-12 00:10:03
2352248,auto rejected automatically,2025-11-12 00:10:03
2352752,auto rejected automatically,2025-11-12 00:10:03
2353009,auto rejected automatically,2025-11-12 00:10:03
2353775,on ground automatically,2025-11-12 00:10:04
2348447,completed (accounts),2025-11-12 12:51:51
2348449,completed (accounts),2025-11-12 12:52:18
2353856,rejected,2025-11-12 15:15:55
2352620,rejected after confrmation qa pending,2025-11-12 16:09:42
2352406,rejected,2025-11-12 19:22:27
2353964,rejected,2025-11-12 19:35:46
2353963,rejected,2025-11-12 19:35:58
2353826,rejected,2025-11-12 21:43:28
2352112,auto rejected automatically,2025-11-13 00:10:03
2352502,accounts - reconciliation automatically,2025-11-13 00:10:03
2352754,auto rejected automatically,2025-11-13 00:10:03
2350977,accounts - reconciliation,2025-11-13 17:30:50
2347814,accounts - reconciliation,2025-11-13 17:58:21
2353939,rejected,2025-11-13 19:28:08
2353941,rejected,2025-11-13 19:28:12
2353957,created,2025-11-13 23:53:10
2351747,auto rejected automatically,2025-11-14 00:10:02
2353596,accounts - reconciliation automatically,2025-11-14 00:10:03
2353954,on ground automatically,2025-11-14 00:10:03
2353902,rejected,2025-11-14 15:15:57
2352907,rejected,2025-11-14 16:11:30
2353376,rejected,2025-11-14 16:12:27
2354033,rejected,2025-11-14 17:27:04
2353905,rejected,2025-11-14 18:20:05
2354029,rejected,2025-11-14 18:27:38
2351847,rejected,2025-11-14 21:17:43
2352660,rejected,2025-11-14 23:13:10
2353110,rejected,2025-11-14 23:28:40
2351293,accounts - reconciliation automatically,2025-11-15 00:10:02
2351408,auto rejected automatically,2025-11-15 00:10:02
2353375,accounts - reconciliation automatically,2025-11-15 00:10:03
2353676,rejected,2025-11-15 16:52:38
2353220,rejected,2025-11-15 19:08:55
2350953,accounts - reconciliation automatically,2025-11-16 00:10:07
2351243,auto rejected automatically,2025-11-16 00:10:07
2352252,accounts - reconciliation automatically,2025-11-16 00:10:10
2353180,auto rejected automatically,2025-11-16 00:10:12
2353181,auto rejected automatically,2025-11-16 00:10:12
2353293,auto rejected automatically,2025-11-16 00:10:12
2353300,auto rejected automatically,2025-11-16 00:10:12
2353895,accounts - reconciliation automatically,2025-11-16 00:10:13
2350462,accounts - reconciliation automatically,2025-11-17 00:10:02
2352367,accounts - reconciliation automatically,2025-11-17 00:10:02
2353182,auto rejected automatically,2025-11-17 00:10:03
2353404,accounts - reconciliation automatically,2025-11-17 00:10:03
2354051,rejected,2025-11-17 10:46:50
2353693,rejected,2025-11-17 22:13:44
2351536,rejected,2025-11-17 22:26:48
2353630,rejected,2025-11-17 22:30:11
2352749,rejected,2025-11-17 22:35:28
2351939,auto rejected automatically,2025-11-18 00:10:03
2351990,auto rejected automatically,2025-11-18 00:10:03
2353037,accounts - reconciliation automatically,2025-11-18 00:10:03
2353687,accounts - reconciliation automatically,2025-11-18 00:10:04
2353956,auto rejected automatically,2025-11-18 00:10:04
2353426,rejected after confrmation qa pending,2025-11-18 12:29:30
2350907,rejected,2025-11-18 15:45:07
2353633,rejected,2025-11-18 18:43:40
2352420,rejected,2025-11-18 18:43:55
2352366,pre qa - pending,2025-11-18 18:50:51
2354099,rejected,2025-11-18 20:18:43
2354117,rejected,2025-11-18 20:57:17
2352424,accounts - reconciliation automatically,2025-11-19 00:10:03
2353927,auto rejected automatically,2025-11-19 00:10:03
2354055,rejected,2025-11-19 15:32:06
2354118,created,2025-11-19 19:12:39
2352764,on ground automatically,2025-11-20 00:10:03
2353643,on ground automatically,2025-11-20 00:10:04
2353655,on ground automatically,2025-11-20 00:10:04
2353749,on ground automatically,2025-11-20 00:10:04
2353871,on ground automatically,2025-11-20 00:10:04
2353917,on ground automatically,2025-11-20 00:10:04
2353952,on ground automatically,2025-11-20 00:10:04
2353320,created,2025-11-20 09:26:15
2352364,accounts - reconciliation,2025-11-20 17:18:03
2353748,rejected,2025-11-20 21:59:09
2353245,accounts - reconciliation automatically,2025-11-21 00:10:03
2353706,auto rejected automatically,2025-11-21 00:10:03
2354141,auto rejected automatically,2025-11-21 00:10:03
2352731,rejected after confrmation qa pending,2025-11-21 17:19:47
2353377,rejected,2025-11-21 20:52:58
2350565,accounts - reconciliation automatically,2025-11-22 00:10:02
2350939,accounts - reconciliation automatically,2025-11-23 00:10:02
2351501,auto rejected automatically,2025-11-23 00:10:03
2352833,auto rejected automatically,2025-11-23 00:10:04
2354075,auto rejected automatically,2025-11-23 00:10:04
2353192,auto rejected automatically,2025-11-24 00:10:02
2353485,auto rejected automatically,2025-11-24 00:10:02
2353811,rejected,2025-11-24 15:40:57
2354065,rejected,2025-11-24 15:54:49
2352393,rejected after confrmation qa completed,2025-11-24 17:21:25
2352395,rejected after confrmation qa completed,2025-11-24 17:21:54
2354059,rejected,2025-11-24 18:29:28
2353365,rejected,2025-11-24 22:12:14
2352527,accounts - reconciliation automatically,2025-11-25 00:10:03
2352874,auto rejected automatically,2025-11-25 00:10:03
2353327,auto rejected automatically,2025-11-25 00:10:03
2353321,rejected after confrmation qa pending,2025-11-25 12:45:35
2352588,rejected,2025-11-25 18:36:52
2353477,rejected,2025-11-25 18:38:26
2353470,created,2025-11-25 23:25:43
2352415,auto rejected automatically,2025-11-26 00:10:03
2351525,rejected after confrmation qa pending,2025-11-26 12:25:32
2352619,rejected,2025-11-26 12:32:36
2354299,rejected,2025-11-26 22:07:09
2351876,accounts - reconciliation automatically,2025-11-27 00:10:02
2353595,on ground automatically,2025-11-27 00:10:03
2353607,accounts - reconciliation automatically,2025-11-27 00:10:03
2353866,rejected,2025-11-27 19:50:59
2351179,auto rejected automatically,2025-11-28 00:10:02
2354066,auto rejected automatically,2025-11-28 00:10:03
2354260,auto rejected automatically,2025-11-28 00:10:03
2352140,rejected after confrmation qa pending,2025-11-28 11:31:25
2354287,rejected,2025-11-28 11:46:06
2351325,rejected after confrmation qa pending,2025-11-28 13:00:19
2353186,rejected,2025-11-28 19:13:55
2353455,rejected,2025-11-28 19:15:13
2353297,rejected,2025-11-28 22:43:21
2352297,auto rejected automatically,2025-11-30 00:10:02
2353967,auto rejected automatically,2025-11-30 00:10:03
2352037,accounts - reconciliation automatically,2025-12-01 00:10:02
2352335,auto rejected automatically,2025-12-01 00:10:02
2354230,auto rejected automatically,2025-12-01 00:10:03
2354246,rejected,2025-12-01 13:45:22
2351789,rejected,2025-12-01 16:44:45
2351787,auto rejected automatically,2025-12-02 00:10:03
2352664,auto rejected automatically,2025-12-02 00:10:03
2352865,accounts - reconciliation automatically,2025-12-02 00:10:03
2353198,accounts - reconciliation automatically,2025-12-02 00:10:03
2353878,accounts - reconciliation automatically,2025-12-02 00:10:03
2354089,rejected,2025-12-02 16:49:06
2354026,rejected,2025-12-02 17:18:36
2353525,rejected,2025-12-02 19:18:32
2350763,auto rejected automatically,2025-12-03 00:10:02
2351943,accounts - reconciliation automatically,2025-12-03 00:10:02
2352798,auto rejected automatically,2025-12-03 00:10:03
2353285,accounts - reconciliation automatically,2025-12-03 00:10:03
2354365,rejected after confrmation qa pending,2025-12-03 18:31:29
2353608,rejected,2025-12-03 18:34:34
2353981,rejected,2025-12-03 21:39:29
2350293,auto rejected automatically,2025-12-04 00:10:02
2351493,auto rejected automatically,2025-12-04 00:10:03
2352326,on ground automatically,2025-12-04 00:10:03
2352757,on ground automatically,2025-12-04 00:10:03
2352900,auto rejected automatically,2025-12-04 00:10:03
2353249,on ground automatically,2025-12-04 00:10:03
2353714,on ground automatically,2025-12-04 00:10:04
2353808,on ground automatically,2025-12-04 00:10:04
2353908,on ground automatically,2025-12-04 00:10:04
2353920,on ground automatically,2025-12-04 00:10:04
2354020,auto rejected automatically,2025-12-04 00:10:04
2354009,rejected,2025-12-04 18:48:31
2352581,rejected,2025-12-04 18:49:37
2354433,rejected,2025-12-05 01:40:36
2352156,rejected after confrmation qa pending,2025-12-05 12:50:52
2354391,rejected,2025-12-05 17:26:54
2353593,rejected,2025-12-05 18:13:16
2353787,rejected after confrmation qa pending,2025-12-05 22:29:55
2353527,accounts - reconciliation automatically,2025-12-06 00:10:03
2354381,rejected,2025-12-06 18:06:31
2353698,accounts - reconciliation automatically,2025-12-07 00:10:07
2353729,auto rejected automatically,2025-12-07 00:10:07
2354114,accounts - reconciliation automatically,2025-12-07 00:10:08
2354388,auto rejected automatically,2025-12-07 00:10:09
2354467,rejected,2025-12-07 00:49:55
2354429,auto rejected automatically,2025-12-08 00:10:04
2354471,rejected,2025-12-08 14:32:11
2354466,rejected,2025-12-08 20:38:40
2353780,rejected,2025-12-08 22:03:20
2354311,auto rejected automatically,2025-12-09 00:10:03
2354266,pre qa - pending,2025-12-09 11:42:42
2354492,accounts - reconciliation,2025-12-09 19:26:58
2350064,accounts - reconciliation automatically,2025-12-10 00:10:02
2353266,rejected after confrmation qa pending,2025-12-11 13:21:02
2353265,rejected after confrmation qa pending,2025-12-11 13:59:00
2354291,created,2025-12-11 20:56:32
2352763,accounts - reconciliation automatically,2025-12-12 00:10:03
2354370,rejected,2025-12-12 00:17:06
2354367,rejected after confrmation qa pending,2025-12-12 15:23:36
2354286,rejected,2025-12-12 18:54:01
2351821,auto rejected automatically,2025-12-13 00:10:02
2352211,auto rejected automatically,2025-12-13 00:10:02
2354243,accounts - reconciliation automatically,2025-12-13 00:10:03
2354375,rejected,2025-12-13 20:40:24
2352138,accounts - reconciliation automatically,2025-12-14 00:10:03
2353233,on ground automatically,2025-12-14 00:10:04
2353370,accounts - reconciliation automatically,2025-12-14 00:10:04
2353827,on ground automatically,2025-12-14 00:10:04
2354006,on ground automatically,2025-12-14 00:10:05
2354071,on ground automatically,2025-12-14 00:10:05
2354188,on ground automatically,2025-12-14 00:10:05
2354432,auto rejected automatically,2025-12-14 00:10:05
2349943,auto rejected automatically,2025-12-15 00:10:02
2352376,accounts - reconciliation automatically,2025-12-15 00:10:02
2354330,accounts - reconciliation automatically,2025-12-15 00:10:03
2354493,auto rejected automatically,2025-12-15 00:10:04
2353688,rejected after confrmation qa pending,2025-12-15 13:07:49
2354345,rejected,2025-12-15 13:34:37
2354203,rejected,2025-12-15 15:51:09
2354431,rejected,2025-12-15 16:58:46
2354545,rejected,2025-12-15 16:59:20
2354369,rejected,2025-12-15 16:59:49
2354436,rejected,2025-12-15 17:00:09
2354483,rejected,2025-12-15 17:01:37
2354153,rejected,2025-12-15 17:02:14
2354271,rejected,2025-12-15 17:02:55
2354457,rejected,2025-12-15 17:03:16
2354386,rejected,2025-12-15 17:08:35
2352457,rejected,2025-12-15 17:09:54
2354478,rejected,2025-12-15 17:10:20
2354472,rejected,2025-12-15 17:10:49
2354538,rejected,2025-12-15 17:14:56
2354041,rejected,2025-12-15 17:15:24
2353838,rejected,2025-12-15 17:16:03
2353592,rejected,2025-12-15 17:16:47
2351467,rejected,2025-12-15 17:21:11
2354473,rejected,2025-12-15 17:25:58
2353288,rejected,2025-12-15 17:26:53
2353942,rejected,2025-12-15 17:27:16
2354535,rejected,2025-12-15 17:28:00
2353391,rejected,2025-12-15 17:28:54
2354526,rejected,2025-12-15 17:29:14
2352915,rejected,2025-12-15 17:29:33
2353793,rejected,2025-12-15 17:29:50
2354047,rejected,2025-12-15 17:30:16
2354082,rejected,2025-12-15 17:30:36
2354507,rejected,2025-12-15 17:31:10
2353483,rejected,2025-12-15 17:31:45
2354527,rejected,2025-12-15 17:32:06
2354048,rejected,2025-12-15 17:32:51
2354547,rejected,2025-12-15 17:33:15
2353906,rejected,2025-12-15 17:41:39
2353461,rejected,2025-12-15 17:44:23
2353358,rejected,2025-12-15 17:54:59
2353858,rejected,2025-12-15 17:57:07
2354548,created,2025-12-15 19:41:30
2353727,rejected,2025-12-15 20:38:52
2353021,accounts - reconciliation automatically,2025-12-16 00:10:03
2354107,rejected,2025-12-16 19:46:38
2354313,rejected,2025-12-16 21:44:50
2352253,rejected after confrmation qa pending,2025-12-17 14:09:48
2352262,rejected after confrmation qa pending,2025-12-17 14:10:09
2354510,rejected,2025-12-17 17:01:24
2354562,rejected,2025-12-17 17:39:53
2354486,created,2025-12-17 18:20:00
2354176,created,2025-12-17 22:55:26
2350844,accounts - reconciliation automatically,2025-12-18 00:10:02
2354602,pre qa - completed,2025-12-18 13:24:15
2352085,rejected after confrmation qa completed,2025-12-18 13:48:28
2353143,auto rejected automatically,2025-12-19 00:10:03
2353616,accounts - reconciliation automatically,2025-12-19 00:10:03
2354022,auto rejected automatically,2025-12-19 00:10:03
2352238,rejected after confrmation qa pending,2025-12-19 16:33:06
2354238,requote,2025-12-19 18:34:44
2351975,accounts - reconciliation automatically,2025-12-20 00:10:03
2353833,accounts - reconciliation automatically,2025-12-20 00:10:03
2354178,accounts - reconciliation automatically,2025-12-20 00:10:04
2354563,rejected,2025-12-20 00:10:36
2350431,accounts - reconciliation automatically,2025-12-21 00:10:02
2350668,auto rejected automatically,2025-12-21 00:10:02
2351804,accounts - reconciliation automatically,2025-12-21 00:10:02
2353183,auto rejected automatically,2025-12-21 00:10:03
2353193,auto rejected automatically,2025-12-21 00:10:03
2353712,auto rejected automatically,2025-12-21 00:10:03
2353959,auto rejected automatically,2025-12-21 00:10:03
2354551,auto rejected automatically,2025-12-21 00:10:04
2354300,auto rejected automatically,2025-12-22 00:10:04
2354564,auto rejected automatically,2025-12-22 00:10:04
2354627,auto rejected automatically,2025-12-22 00:10:04
2354332,rejected,2025-12-22 12:08:21
2349504,auto rejected automatically,2025-12-23 00:10:02
2349510,auto rejected automatically,2025-12-23 00:10:02
2351338,auto rejected automatically,2025-12-23 00:10:02
2352082,auto rejected automatically,2025-12-23 00:10:03
2352609,accounts - reconciliation automatically,2025-12-23 00:10:03
2353330,accounts - reconciliation automatically,2025-12-23 00:10:03
2353874,auto rejected automatically,2025-12-23 00:10:04
2354414,accounts - reconciliation automatically,2025-12-23 00:10:04
2350621,created,2025-12-23 11:25:27
2354573,rejected,2025-12-23 23:48:03
2352115,auto rejected automatically,2025-12-24 00:10:02
2353986,auto rejected automatically,2025-12-24 00:10:04
2350435,accounts - reconciliation,2025-12-24 04:59:33
2350625,pre qa - pending,2025-12-24 12:06:48
2353907,rejected,2025-12-24 17:09:58
2354704,rejected,2025-12-24 23:17:05
2352181,accounts - reconciliation automatically,2025-12-25 00:10:03
2353462,accounts - reconciliation automatically,2025-12-25 00:10:04
2354423,auto rejected automatically,2025-12-25 00:10:05
2353937,auto rejected automatically,2025-12-26 00:10:04
2354477,auto rejected automatically,2025-12-26 00:10:04
2350144,auto rejected automatically,2025-12-27 00:10:02
2352118,auto rejected automatically,2025-12-27 00:10:02
2354679,auto rejected automatically,2025-12-27 00:10:04
2354646,pre qa - pending,2025-12-27 17:33:13
2349447,auto rejected automatically,2025-12-29 00:10:02
2349474,auto rejected automatically,2025-12-29 00:10:02
2352631,accounts - reconciliation automatically,2025-12-29 00:10:03
2354144,accounts - reconciliation automatically,2025-12-29 00:10:04
2354523,rejected,2025-12-29 10:03:59
2354739,auto rejected automatically,2025-12-30 00:10:04
2353935,rejected after confrmation qa pending,2025-12-30 16:04:52
2353619,auto rejected automatically,2025-12-31 00:10:03
2352190,auto rejected automatically,2026-01-01 00:10:02
2352630,accounts - reconciliation automatically,2026-01-01 00:10:02
2350876,accounts - reconciliation automatically,2026-01-02 00:10:03
2352005,auto rejected automatically,2026-01-02 00:10:03
2352110,on ground automatically,2026-01-03 00:10:03
2352237,on ground automatically,2026-01-03 00:10:03
2352314,on ground automatically,2026-01-03 00:10:03
2352569,on ground automatically,2026-01-03 00:10:03
2352621,on ground automatically,2026-01-03 00:10:03
2352675,on ground automatically,2026-01-03 00:10:03
2353207,on ground automatically,2026-01-03 00:10:04
2353366,on ground automatically,2026-01-03 00:10:04
2353891,on ground automatically,2026-01-03 00:10:05
2353944,on ground automatically,2026-01-03 00:10:05
2353987,on ground automatically,2026-01-03 00:10:05
2354032,on ground automatically,2026-01-03 00:10:05
2354151,on ground automatically,2026-01-03 00:10:06
2354279,on ground automatically,2026-01-03 00:10:06
2354334,on ground automatically,2026-01-03 00:10:06
2354374,on ground automatically,2026-01-03 00:10:06
2354468,on ground automatically,2026-01-03 00:10:06
2354476,on ground automatically,2026-01-03 00:10:06
2354513,on ground automatically,2026-01-03 00:10:06
2354561,on ground automatically,2026-01-03 00:10:07
2354630,on ground automatically,2026-01-03 00:10:07
2353250,rejected,2026-01-03 23:05:45
2351372,auto rejected automatically,2026-01-04 00:10:02
2353813,accounts - reconciliation automatically,2026-01-04 00:10:03
2354054,accounts - reconciliation automatically,2026-01-04 00:10:03
2354491,auto rejected automatically,2026-01-04 00:10:04
2351076,accounts - reconciliation automatically,2026-01-05 00:10:02
2352331,auto rejected automatically,2026-01-05 00:10:02
2353489,accounts - reconciliation automatically,2026-01-05 00:10:03
2354549,auto rejected automatically,2026-01-05 00:10:04
2354644,rejected,2026-01-05 21:20:23
2354309,rejected,2026-01-05 21:25:13
2351149,auto rejected automatically,2026-01-06 00:10:03
2351576,auto rejected automatically,2026-01-06 00:10:03
2352006,auto rejected automatically,2026-01-06 00:10:03
2352023,accounts - reconciliation automatically,2026-01-06 00:10:03
2352344,auto rejected automatically,2026-01-06 00:10:03
2353468,accounts - reconciliation automatically,2026-01-06 00:10:04
2353685,accounts - reconciliation automatically,2026-01-06 00:10:04
2354409,auto rejected automatically,2026-01-06 00:10:04
2353975,rejected,2026-01-06 16:30:54
2353482,rejected,2026-01-06 21:00:44
2352455,accounts - reconciliation automatically,2026-01-07 00:10:02
2353491,accounts - reconciliation automatically,2026-01-07 00:10:03
2354160,auto rejected automatically,2026-01-07 00:10:03
2354196,accounts - reconciliation automatically,2026-01-07 00:10:03
2354410,auto rejected automatically,2026-01-07 00:10:03
2354632,rejected,2026-01-07 11:13:29
2354070,pre qa - pending,2026-01-07 16:54:36
2354620,rejected,2026-01-07 18:08:17
2354035,rejected after confrmation qa pending,2026-01-07 19:25:39
2353733,accounts - reconciliation automatically,2026-01-08 00:10:03
2354604,rejected after confrmation qa pending,2026-01-08 15:18:13
2354574,rejected,2026-01-08 16:00:35
2354572,rejected,2026-01-08 17:26:51
2354791,rejected,2026-01-08 18:06:57
2353349,rejected after confrmation qa pending,2026-01-08 18:28:07
2353533,auto rejected automatically,2026-01-09 00:10:03
2353371,rejected after confrmation qa pending,2026-01-09 10:47:25
2354661,accepted,2026-01-09 18:13:28
2354542,on ground automatically,2026-01-10 00:10:04
2354742,on ground automatically,2026-01-10 00:10:05
2351483,auto rejected automatically,2026-01-11 00:10:03
2351885,auto rejected automatically,2026-01-11 00:10:03
2353615,auto rejected automatically,2026-01-11 00:10:04
2353988,auto rejected automatically,2026-01-11 00:10:04
2354139,on ground automatically,2026-01-11 00:10:04
2354401,auto rejected automatically,2026-01-11 00:10:04
2354402,auto rejected automatically,2026-01-11 00:10:04
2354459,auto rejected automatically,2026-01-11 00:10:04
2354533,auto rejected automatically,2026-01-11 00:10:04
2354743,accounts - reconciliation automatically,2026-01-11 00:10:05
2354822,auto rejected automatically,2026-01-11 00:10:05
2353036,accounts - reconciliation automatically,2026-01-12 00:10:03
2354184,auto rejected automatically,2026-01-12 00:10:04
2354296,auto rejected automatically,2026-01-12 00:10:04
2354664,auto rejected automatically,2026-01-12 00:10:05
2354754,auto rejected automatically,2026-01-12 00:10:05
2354809,auto rejected automatically,2026-01-12 00:10:05
2354870,auto rejected automatically,2026-01-12 00:10:05
2354893,auto rejected automatically,2026-01-12 00:10:05
2354894,auto rejected automatically,2026-01-12 00:10:05
2354716,rejected,2026-01-12 18:36:50
2351882,auto rejected automatically,2026-01-13 00:10:02
2353646,auto rejected automatically,2026-01-13 00:10:03
2354537,auto rejected automatically,2026-01-13 00:10:04
2354688,auto rejected automatically,2026-01-13 00:10:04
2354683,rejected,2026-01-13 10:32:02
2351152,auto rejected automatically,2026-01-14 00:10:02
2352541,auto rejected automatically,2026-01-14 00:10:03
2354445,accounts - reconciliation automatically,2026-01-14 00:10:04
2354456,on ground automatically,2026-01-14 00:10:04
2354605,auto rejected automatically,2026-01-14 00:10:04
2354761,auto rejected automatically,2026-01-14 00:10:04
2354586,rejected,2026-01-14 13:44:35
2354978,rejected,2026-01-14 22:28:46
2352766,on ground automatically,2026-01-15 00:10:02
2352910,auto rejected automatically,2026-01-15 00:10:03
2353427,accounts - reconciliation automatically,2026-01-15 00:10:03
2353742,accounts - reconciliation automatically,2026-01-15 00:10:03
2353759,accounts - reconciliation automatically,2026-01-15 00:10:03
2354534,auto rejected automatically,2026-01-15 00:10:04
2354779,on ground automatically,2026-01-15 00:10:04
2354800,on ground automatically,2026-01-15 00:10:04
2354972,auto rejected automatically,2026-01-15 00:10:04
2352370,auto rejected automatically,2026-01-16 00:10:03
2353403,auto rejected automatically,2026-01-16 00:10:03
2353433,auto rejected automatically,2026-01-16 00:10:03
2353656,auto rejected automatically,2026-01-16 00:10:03
2354012,accounts - reconciliation automatically,2026-01-16 00:10:04
2354191,auto rejected automatically,2026-01-16 00:10:04
2354242,auto rejected automatically,2026-01-16 00:10:04
2354314,auto rejected automatically,2026-01-16 00:10:04
2354339,auto rejected automatically,2026-01-16 00:10:04
2354346,auto rejected automatically,2026-01-16 00:10:04
2354823,auto rejected automatically,2026-01-16 00:10:04
2352883,rejected,2026-01-16 13:11:55
2352976,rejected,2026-01-16 13:17:51
2353124,rejected,2026-01-16 13:18:22
2354385,rejected,2026-01-16 13:20:29
2353185,rejected,2026-01-16 13:21:53
2354333,rejected,2026-01-16 13:55:58
2351791,rejected,2026-01-16 15:27:17
2353562,rejected,2026-01-16 15:37:51
2352254,rejected after confrmation qa pending,2026-01-16 16:25:07
2354953,rejected,2026-01-16 17:54:08
2353929,auto rejected automatically,2026-01-17 00:10:04
2354223,accounts - reconciliation automatically,2026-01-17 00:10:04
2354224,auto rejected automatically,2026-01-17 00:10:04
2354482,auto rejected automatically,2026-01-17 00:10:04
2354856,accounts - reconciliation automatically,2026-01-17 00:10:04
2354887,auto rejected automatically,2026-01-17 00:10:04
2354921,auto rejected automatically,2026-01-17 00:10:04
2353774,auto rejected automatically,2026-01-18 00:10:03
2354327,auto rejected automatically,2026-01-18 00:10:03
2354366,auto rejected automatically,2026-01-18 00:10:03
2354571,accounts - reconciliation automatically,2026-01-18 00:10:03
2354599,auto rejected automatically,2026-01-18 00:10:03
2354642,auto rejected automatically,2026-01-18 00:10:03
2354895,auto rejected automatically,2026-01-18 00:10:04
2354073,rejected,2026-01-18 00:27:34
2353776,rejected,2026-01-18 00:27:38
2353777,rejected,2026-01-18 00:27:41
2354660,rejected,2026-01-18 00:28:24
2353279,accounts - reconciliation automatically,2026-01-19 00:10:04
2353842,auto rejected automatically,2026-01-19 00:10:04
2354556,auto rejected automatically,2026-01-19 00:10:05
2353259,rejected,2026-01-19 18:21:30
2352633,rejected,2026-01-19 18:21:52
2354052,rejected,2026-01-19 18:24:24
2353919,rejected,2026-01-19 18:27:17
2353761,rejected,2026-01-19 18:28:07
2354331,rejected,2026-01-19 18:31:38
2354127,rejected,2026-01-19 18:33:43
2352151,rejected,2026-01-19 18:35:03
2352956,rejected,2026-01-19 18:50:17
2354201,rejected,2026-01-19 18:50:21
2352104,rejected,2026-01-19 18:50:30
2354247,rejected,2026-01-19 18:50:40
2353353,rejected,2026-01-19 19:00:46
2353563,rejected,2026-01-19 19:00:51
2353882,rejected,2026-01-19 19:01:09
2351907,rejected,2026-01-19 19:01:13
2353564,rejected,2026-01-19 19:01:28
2353589,rejected,2026-01-19 19:01:33
2353590,rejected,2026-01-19 19:01:42
2353486,rejected,2026-01-19 19:05:23
2352185,rejected,2026-01-19 19:09:10
2353420,rejected,2026-01-19 20:24:47
2354444,rejected,2026-01-19 20:24:52
2352790,rejected,2026-01-19 20:25:35
2352726,rejected,2026-01-19 20:29:03
2354567,rejected,2026-01-19 20:32:54
2352251,accounts - reconciliation automatically,2026-01-20 00:10:02
2353436,accounts - reconciliation automatically,2026-01-20 00:10:03
2353637,auto rejected automatically,2026-01-20 00:10:03
2354689,auto rejected automatically,2026-01-20 00:10:03
2354110,rejected,2026-01-20 15:09:48
2354726,rejected,2026-01-20 15:10:36
2353848,rejected,2026-01-20 15:10:57
2354645,rejected,2026-01-20 15:11:06
2354293,accepted,2026-01-20 19:47:40
2351705,rejected,2026-01-20 22:29:49
2351706,rejected,2026-01-20 22:40:49
2353876,rejected,2026-01-20 22:43:14
2353897,rejected,2026-01-20 22:45:45
2353910,rejected,2026-01-20 22:46:29
2354010,rejected,2026-01-20 22:51:53
2354060,rejected,2026-01-20 22:53:04
2354061,rejected,2026-01-20 22:53:21
2354068,rejected,2026-01-20 22:58:04
2354109,rejected,2026-01-20 22:59:58
2354156,rejected,2026-01-20 23:00:36
2353762,rejected,2026-01-20 23:09:35
2354171,rejected,2026-01-20 23:10:09
2354185,rejected,2026-01-20 23:12:37
2354190,rejected,2026-01-20 23:13:33
2354193,rejected,2026-01-20 23:14:57
2354206,rejected,2026-01-20 23:15:21
2354239,rejected,2026-01-20 23:15:43
2354252,rejected,2026-01-20 23:16:07
2354272,rejected,2026-01-20 23:16:28
2354282,rejected,2026-01-20 23:18:25
2354292,rejected,2026-01-20 23:19:41
2354359,rejected,2026-01-20 23:21:11
2354360,rejected,2026-01-20 23:22:10
2353191,rejected,2026-01-20 23:23:51
2353302,rejected,2026-01-20 23:24:09
2353504,rejected,2026-01-20 23:24:36
2353663,rejected,2026-01-20 23:25:24
2351817,rejected,2026-01-20 23:26:38
2351857,rejected,2026-01-20 23:26:59
2352233,rejected,2026-01-20 23:28:39
2352777,rejected,2026-01-20 23:29:44
2352791,rejected,2026-01-20 23:30:19
2353119,rejected,2026-01-20 23:30:41
2352616,auto rejected automatically,2026-01-21 00:10:03
2353435,accounts - reconciliation automatically,2026-01-21 00:10:03
2353824,auto rejected automatically,2026-01-21 00:10:03
2353867,auto rejected automatically,2026-01-21 00:10:03
2354518,auto rejected automatically,2026-01-21 00:10:04
2354924,rejected,2026-01-21 00:32:36
2354666,rejected,2026-01-21 09:54:43
2352918,rejected,2026-01-21 15:57:20
2354676,rejected,2026-01-21 16:00:54
2353107,rejected,2026-01-21 16:55:21
2352352,accounts - reconciliation automatically,2026-01-22 00:10:03
2353443,created,2026-01-22 12:58:43
2354957,rejected,2026-01-22 16:37:26
2353496,accounts - reconciliation automatically,2026-01-23 00:10:03
2353540,accounts - reconciliation automatically,2026-01-23 00:10:03
2354092,auto rejected automatically,2026-01-23 00:10:03
2354093,auto rejected automatically,2026-01-23 00:10:03
2355043,auto rejected automatically,2026-01-23 00:10:04
2351216,rejected,2026-01-23 02:39:45
2353771,rejected,2026-01-23 02:50:41
2353678,rejected,2026-01-23 02:51:10
2354154,rejected,2026-01-23 02:51:55
2352321,rejected after confrmation qa pending,2026-01-23 13:26:27
2354970,rejected,2026-01-23 16:40:34
2355109,rejected,2026-01-23 17:34:53
2354380,rejected,2026-01-23 23:02:04
2354607,rejected after confrmation qa pending,2026-01-24 14:22:16
2353356,auto rejected automatically,2026-01-25 00:10:03
2353445,auto rejected automatically,2026-01-25 00:10:03
2353934,accounts - reconciliation automatically,2026-01-25 00:10:04
2354319,auto rejected automatically,2026-01-25 00:10:04
2354479,auto rejected automatically,2026-01-25 00:10:04
2355132,auto rejected automatically,2026-01-25 00:10:05
2353744,auto rejected automatically,2026-01-26 00:10:04
2354017,auto rejected automatically,2026-01-26 00:10:04
2354531,auto rejected automatically,2026-01-26 00:10:04
2354827,auto rejected automatically,2026-01-26 00:10:04
2353015,on ground automatically,2026-01-27 00:10:03
2354712,rejected after confrmation qa pending,2026-01-27 11:28:48
2352263,rejected after confrmation qa pending,2026-01-27 17:58:44
2355152,rejected,2026-01-27 22:47:54
2354219,on ground automatically,2026-01-28 00:10:03
2354577,auto rejected automatically,2026-01-28 00:10:04
2355023,auto rejected automatically,2026-01-28 00:10:04
2354983,rejected,2026-01-28 15:04:24
2354626,rejected,2026-01-28 15:10:08
2354989,rejected,2026-01-28 15:10:40
2354926,rejected,2026-01-28 21:10:25
2353200,rejected,2026-01-28 22:06:53
2352712,rejected,2026-01-28 22:08:27
2353172,rejected,2026-01-28 22:13:00
2353026,rejected,2026-01-28 22:15:57
2352688,rejected,2026-01-28 22:22:10
2352776,rejected,2026-01-28 22:28:07
2352109,rejected,2026-01-28 22:31:17
2354155,rejected,2026-01-28 22:32:32
2353278,rejected,2026-01-28 22:32:47
2352566,rejected,2026-01-28 22:34:16
2352462,rejected,2026-01-28 22:34:20
2352401,rejected,2026-01-28 22:34:26
2352363,rejected,2026-01-28 22:34:33
2352067,rejected,2026-01-28 22:34:51
2351965,rejected,2026-01-28 22:35:00
2351957,rejected,2026-01-28 22:35:07
2351742,rejected,2026-01-28 22:35:18
2352971,rejected,2026-01-28 22:51:38
2353128,rejected,2026-01-28 22:51:43
2352792,rejected,2026-01-28 22:51:47
2353205,rejected,2026-01-28 22:51:53
2353148,rejected,2026-01-28 22:51:57
2352625,auto rejected automatically,2026-01-29 00:10:03
2353767,on ground automatically,2026-01-29 00:10:04
2353791,on ground automatically,2026-01-29 00:10:04
2354606,auto rejected automatically,2026-01-29 00:10:05
2354635,auto rejected automatically,2026-01-29 00:10:05
2354787,auto rejected automatically,2026-01-29 00:10:05
2354936,on ground automatically,2026-01-29 00:10:05
2355032,on ground automatically,2026-01-29 00:10:05
2355111,on ground automatically,2026-01-29 00:10:05
2355122,on ground automatically,2026-01-29 00:10:05
2353705,rejected,2026-01-29 18:30:09
2353513,rejected,2026-01-29 18:34:22
2353519,rejected,2026-01-29 18:35:28
2353709,rejected,2026-01-29 18:41:20
2353558,rejected,2026-01-29 18:54:33
2353681,rejected,2026-01-29 18:55:17
2355115,rejected after confrmation qa pending,2026-01-29 18:55:49
2353805,rejected,2026-01-29 18:58:38
2353666,rejected,2026-01-29 19:01:08
2353490,rejected,2026-01-29 19:04:39
2353689,rejected,2026-01-29 19:11:26
2353696,rejected,2026-01-29 19:31:06
2353650,rejected,2026-01-29 19:33:30
2353723,rejected,2026-01-29 20:28:36
2353792,rejected,2026-01-29 20:29:38
2353649,rejected,2026-01-29 20:30:20
2353790,rejected,2026-01-29 20:31:14
2353675,rejected,2026-01-29 20:33:24
2353408,rejected,2026-01-29 20:34:09
2353670,rejected,2026-01-29 20:42:04
2353606,rejected,2026-01-29 21:03:35
2354812,rejected,2026-01-29 21:42:19
2355184,rejected,2026-01-29 23:27:34
2352896,accounts - reconciliation automatically,2026-01-30 00:10:03
2353581,accounts - reconciliation automatically,2026-01-30 00:10:03
2353968,auto rejected automatically,2026-01-30 00:10:04
2355077,rejected after confrmation qa pending,2026-01-30 11:51:09
2355155,rejected,2026-01-30 13:17:13
2355195,rejected,2026-01-30 15:03:52
2354353,rejected,2026-01-30 16:27:15
2354719,rejected,2026-01-30 16:29:57
2354217,rejected,2026-01-30 16:32:47
2354216,rejected,2026-01-30 16:33:14
2354650,rejected,2026-01-30 16:33:44
2353810,rejected,2026-01-30 17:58:23
2353911,rejected,2026-01-30 18:03:05
2354788,rejected,2026-01-30 18:10:46
2354264,rejected,2026-01-30 18:17:42
2354350,rejected,2026-01-30 19:29:54
2354015,rejected,2026-01-30 19:33:35
2354034,rejected,2026-01-30 19:35:46
2354232,rejected,2026-01-30 19:37:30
2354326,rejected,2026-01-30 19:39:30
2353977,rejected,2026-01-30 19:41:37
2354102,rejected,2026-01-30 19:44:36
2353953,rejected,2026-01-30 19:47:08
2354234,rejected,2026-01-30 19:57:03
2354231,rejected,2026-01-30 20:03:04
2354316,rejected,2026-01-30 20:14:34
2353982,rejected,2026-01-30 20:22:44
2354806,rejected,2026-01-30 20:23:26
2354480,rejected,2026-01-30 20:30:05
2354338,rejected,2026-01-30 20:31:52
2354337,rejected,2026-01-30 20:32:01
2354540,rejected,2026-01-30 20:33:59
2354614,rejected,2026-01-30 20:36:09
2354306,rejected,2026-01-30 21:50:51
2352589,accounts - reconciliation automatically,2026-01-31 00:10:03
2355058,accounts - reconciliation automatically,2026-01-31 00:10:04
2355087,rejected,2026-01-31 15:42:52
2355030,rejected,2026-01-31 16:06:34
2354336,rejected,2026-01-31 17:44:01
2354019,rejected,2026-01-31 17:46:35
2354007,rejected,2026-01-31 17:47:01
2354349,rejected,2026-01-31 17:50:11
2354001,rejected,2026-01-31 17:50:57
2354263,rejected,2026-01-31 17:51:06
2353861,rejected,2026-01-31 17:59:39
2353892,rejected,2026-01-31 18:02:06
2354244,rejected,2026-01-31 18:02:09
2354236,rejected,2026-01-31 18:02:35
2353893,rejected,2026-01-31 18:02:59
2354199,rejected,2026-01-31 18:04:03
2354220,rejected,2026-01-31 18:04:21
2354122,rejected,2026-01-31 18:04:22
2354098,rejected,2026-01-31 18:04:26
2354142,rejected,2026-01-31 18:04:29
2354126,rejected,2026-01-31 18:04:33
2354343,rejected,2026-01-31 18:04:36
2354175,rejected,2026-01-31 18:04:37
2353983,rejected,2026-01-31 18:04:59
2354257,rejected,2026-01-31 18:05:23
2354278,rejected,2026-01-31 18:07:20
2354167,rejected,2026-01-31 18:09:19
2354307,rejected,2026-01-31 18:09:47
2353849,rejected,2026-01-31 18:13:38
2354323,rejected,2026-01-31 18:19:10
2354324,rejected,2026-01-31 18:20:29
2354248,rejected,2026-01-31 18:21:03
2354233,rejected,2026-01-31 18:38:35
2354210,rejected,2026-01-31 18:43:25
2354411,rejected,2026-01-31 18:44:58
2354298,rejected,2026-01-31 18:46:40
2354435,rejected,2026-01-31 18:46:59
2354623,rejected,2026-01-31 19:20:45
2354119,rejected,2026-01-31 19:22:36
2354749,rejected,2026-01-31 19:23:58
2354728,rejected,2026-01-31 19:31:28
2354550,rejected,2026-01-31 19:32:35
2354707,rejected,2026-01-31 19:33:30
2354711,rejected,2026-01-31 19:34:45
2354751,rejected,2026-01-31 19:36:36
2354514,rejected,2026-01-31 19:37:33
2354744,rejected,2026-01-31 19:40:02
2354746,rejected,2026-01-31 19:40:32
2354484,rejected,2026-01-31 20:22:37
2354497,rejected,2026-01-31 20:22:47
2354413,rejected,2026-01-31 20:24:37
2354489,rejected,2026-01-31 20:25:42
2354706,rejected,2026-01-31 20:27:41
2354648,rejected,2026-01-31 20:28:26
2354736,rejected,2026-01-31 20:49:16
2353701,accounts - reconciliation automatically,2026-02-01 00:10:03
2355013,rejected,2026-02-01 14:21:46
2355014,rejected,2026-02-01 14:22:24
2355202,rejected,2026-02-02 16:56:21
2354698,rejected,2026-02-02 17:12:08
2354446,rejected,2026-02-02 17:15:12
2354407,rejected,2026-02-02 17:22:00
2354634,rejected,2026-02-02 17:28:39
2354499,rejected,2026-02-02 17:29:00
2354516,rejected,2026-02-02 17:31:40
2354597,rejected,2026-02-02 17:32:50
2354408,rejected,2026-02-02 17:34:29
2354463,rejected,2026-02-02 17:38:36
2354426,rejected,2026-02-02 17:42:56
2354731,rejected,2026-02-02 17:45:42
2355112,rejected,2026-02-02 17:52:55
2354520,rejected,2026-02-02 17:59:38
2354378,rejected,2026-02-02 18:08:29
2354703,rejected,2026-02-02 18:12:42
2354727,rejected,2026-02-02 18:24:44
2354730,rejected,2026-02-02 18:29:09
2354721,rejected,2026-02-02 19:12:42
2354544,rejected,2026-02-02 19:39:17
2354395,rejected,2026-02-02 20:55:14
2353971,rejected,2026-02-02 22:32:05
2354358,rejected,2026-02-02 22:32:11
2351448,auto rejected automatically,2026-02-03 00:10:02
2351461,auto rejected automatically,2026-02-03 00:10:02
2351560,on ground automatically,2026-02-03 00:10:02
2354947,auto rejected automatically,2026-02-03 00:10:04
2354430,rejected,2026-02-03 17:24:05
2354393,rejected,2026-02-03 17:28:12
2354677,rejected,2026-02-03 17:30:19
2354387,rejected,2026-02-03 17:30:29
2354521,rejected,2026-02-03 17:30:48
2354705,rejected,2026-02-03 17:37:58
2354652,rejected,2026-02-03 17:38:22
2354615,rejected,2026-02-03 17:38:42
2354613,rejected,2026-02-03 17:38:49
2354612,rejected,2026-02-03 17:38:54
2354611,rejected,2026-02-03 17:38:59
2354687,rejected,2026-02-03 17:39:05
2354596,rejected,2026-02-03 17:39:09
2354502,rejected,2026-02-03 17:42:24
2354651,rejected,2026-02-03 17:50:56
2354760,rejected,2026-02-03 17:52:27
2354469,rejected,2026-02-03 17:57:02
2354701,rejected,2026-02-03 18:06:01
2355186,rejected after confrmation qa pending,2026-02-03 18:16:57
2354558,rejected,2026-02-03 18:17:48
2354494,rejected,2026-02-03 18:23:21
2354780,rejected,2026-02-03 18:35:19
2354668,rejected,2026-02-03 18:37:25
2354649,rejected,2026-02-03 18:38:06
2354709,rejected,2026-02-03 18:38:52
2354708,rejected,2026-02-03 18:38:56
2354778,rejected,2026-02-03 18:40:19
2354394,rejected,2026-02-03 18:48:40
2354616,rejected,2026-02-03 18:53:46
2354784,rejected,2026-02-03 19:02:24
2354487,rejected,2026-02-03 19:04:42
2354793,rejected,2026-02-03 19:18:05
2354504,rejected,2026-02-03 19:21:22
2354783,rejected,2026-02-03 19:31:40
2354500,rejected,2026-02-03 19:39:46
2354452,rejected,2026-02-03 19:42:41
2354412,rejected,2026-02-03 19:54:30
2354773,rejected,2026-02-03 20:31:43
2354776,rejected,2026-02-03 20:34:02
2354802,rejected,2026-02-03 21:02:41
2354801,rejected,2026-02-03 21:03:52
2354794,rejected,2026-02-03 21:13:21
2354803,rejected,2026-02-03 21:17:27
2354804,rejected,2026-02-03 21:17:52
2354835,rejected,2026-02-03 21:23:55
2354829,rejected,2026-02-03 21:24:23
2354831,rejected,2026-02-03 21:36:27
2354843,rejected,2026-02-03 21:44:06
2354305,rejected,2026-02-03 21:46:15
2354841,rejected,2026-02-03 21:52:08
2354814,rejected,2026-02-03 21:59:40
2354737,rejected,2026-02-03 22:07:51
2354825,rejected,2026-02-03 22:07:53
2354752,rejected,2026-02-03 22:08:22
2354832,rejected,2026-02-03 22:11:13
2354735,rejected,2026-02-03 22:17:02
2354828,rejected,2026-02-03 22:21:41
2354824,rejected,2026-02-03 22:28:51
2354838,rejected,2026-02-03 22:38:06
2354839,rejected,2026-02-03 22:38:19
2354840,rejected,2026-02-03 22:38:30
2354818,rejected,2026-02-03 22:44:31
2354817,rejected,2026-02-03 22:50:15
2354797,rejected,2026-02-03 22:58:52
2353317,on ground automatically,2026-02-04 00:10:03
2353556,on ground automatically,2026-02-04 00:10:03
2354008,on ground automatically,2026-02-04 00:10:04
2354128,auto rejected automatically,2026-02-04 00:10:04
2354397,on ground automatically,2026-02-04 00:10:04
2354461,on ground automatically,2026-02-04 00:10:04
2355123,auto rejected automatically,2026-02-04 00:10:05
2355128,on ground automatically,2026-02-04 00:10:05
2354915,rejected,2026-02-04 09:57:19
2353946,rejected after confrmation qa pending,2026-02-04 12:02:34
2354851,rejected,2026-02-04 12:48:16
2354852,rejected,2026-02-04 12:48:35
2355012,rejected,2026-02-04 12:49:00
2354603,rejected,2026-02-04 16:40:16
2354692,rejected,2026-02-04 16:40:46
2354795,rejected,2026-02-04 16:56:22
2354931,rejected,2026-02-04 21:41:55
2354934,rejected,2026-02-04 21:56:24
2354847,rejected,2026-02-04 21:56:37
2354860,rejected,2026-02-04 22:13:31
2355226,rejected,2026-02-04 22:30:03
2355022,rejected,2026-02-04 22:40:21
2355188,rejected,2026-02-04 22:53:49
2355009,rejected,2026-02-04 22:58:44
2355096,rejected,2026-02-04 23:39:48
2352969,accounts - reconciliation automatically,2026-02-05 00:10:03
2354038,accounts - reconciliation automatically,2026-02-05 00:10:04
2354194,auto rejected automatically,2026-02-05 00:10:04
2355029,auto rejected automatically,2026-02-05 00:10:04
2355044,auto rejected automatically,2026-02-05 00:10:04
2354072,accounts - reconciliation automatically,2026-02-06 00:10:03
2355153,auto rejected automatically,2026-02-06 00:10:04
2355085,rejected,2026-02-06 15:49:20
2354946,accounts - reconciliation automatically,2026-02-07 00:10:04
2355069,auto rejected automatically,2026-02-07 00:10:04
2354975,rejected,2026-02-07 22:23:12
2354589,on ground automatically,2026-02-08 00:10:04
2354837,accounts - reconciliation automatically,2026-02-08 00:10:04
2355035,accounts - reconciliation automatically,2026-02-08 00:10:04
2355174,auto rejected automatically,2026-02-08 00:10:04
2355299,rejected,2026-02-09 15:07:34
2352276,rejected after confrmation qa pending,2026-02-09 16:11:02
2355301,rejected,2026-02-09 16:52:25
2354890,rejected,2026-02-09 17:16:44
2354865,rejected,2026-02-09 17:31:51
2354777,rejected,2026-02-09 17:39:37
2354879,rejected,2026-02-09 18:27:02
2354880,rejected,2026-02-09 18:27:28
2354881,rejected,2026-02-09 18:27:49
2354508,rejected,2026-02-09 18:55:45
2354908,rejected,2026-02-09 18:59:25
2354897,rejected,2026-02-09 19:01:29
2354876,rejected,2026-02-09 19:02:58
2354889,rejected,2026-02-09 19:03:39
2354867,rejected,2026-02-09 19:15:41
2354529,rejected,2026-02-09 19:17:34
2354764,rejected,2026-02-09 19:22:09
2354665,rejected,2026-02-09 19:28:55
2354819,rejected,2026-02-09 19:39:58
2354866,rejected,2026-02-09 19:42:36
2354781,rejected,2026-02-09 19:47:43
2354858,rejected,2026-02-09 20:11:15
2354898,rejected,2026-02-09 20:14:05
2354470,rejected,2026-02-09 20:24:57
2354622,rejected,2026-02-09 20:28:18
2354715,rejected,2026-02-09 20:29:09
2355121,rejected,2026-02-09 20:29:19
2354501,rejected,2026-02-09 20:29:54
2354882,rejected,2026-02-09 20:33:41
2354675,rejected,2026-02-09 20:36:22
2354725,rejected,2026-02-09 21:01:18
2354732,rejected,2026-02-09 21:27:11
2354377,rejected,2026-02-09 21:36:04
2354680,rejected,2026-02-09 21:44:04
2355000,rejected,2026-02-09 21:57:06
2354138,auto rejected automatically,2026-02-10 00:10:03
2355233,rejected,2026-02-10 15:25:49
2354854,rejected,2026-02-10 16:46:07
2355329,rejected,2026-02-10 17:57:58
2354729,rejected,2026-02-10 18:31:51
2354639,rejected,2026-02-10 18:36:57
2354485,rejected,2026-02-10 18:38:06
2355257,rejected,2026-02-10 18:47:19
2354753,rejected,2026-02-10 18:56:48
2354756,rejected,2026-02-10 18:58:53
2354757,rejected,2026-02-10 18:59:54
2354559,rejected,2026-02-10 19:13:12
2354697,rejected,2026-02-10 19:23:57
2354807,rejected,2026-02-10 20:13:29
2355241,rejected,2026-02-10 20:19:59
2353488,rejected,2026-02-10 20:25:24
2355103,rejected,2026-02-10 20:27:44
2354758,rejected,2026-02-10 21:20:30
2354609,rejected,2026-02-10 21:35:33
2355049,rejected,2026-02-10 22:03:28
2355034,rejected,2026-02-10 22:07:32
2354999,rejected,2026-02-10 22:10:04
2354941,rejected,2026-02-10 22:11:33
2354958,rejected,2026-02-10 22:46:24
2355062,rejected,2026-02-10 22:47:48
2355061,rejected,2026-02-10 22:47:51
2355026,rejected,2026-02-10 22:49:19
2355010,rejected,2026-02-10 22:51:21
2355053,rejected,2026-02-10 22:51:56
2355054,rejected,2026-02-10 22:54:27
2354891,rejected,2026-02-10 23:37:45
2353505,accounts - reconciliation automatically,2026-02-11 00:10:02
2354643,accounts - reconciliation automatically,2026-02-11 00:10:03
2354901,accounts - reconciliation automatically,2026-02-11 00:10:03
2355196,auto rejected automatically,2026-02-11 00:10:03
2355319,auto rejected automatically,2026-02-11 00:10:03
2355230,rejected,2026-02-11 06:19:51
2355145,rejected,2026-02-11 06:21:10
2354579,rejected after confrmation qa pending,2026-02-11 13:26:21
2354684,rejected,2026-02-11 14:29:48
2355065,rejected,2026-02-11 14:35:48
2354235,rejected,2026-02-11 14:37:26
2354186,rejected,2026-02-11 14:38:49
2354927,rejected,2026-02-11 14:48:22
2354262,rejected,2026-02-11 15:00:57
2354734,rejected,2026-02-11 15:01:08
2354905,rejected,2026-02-11 15:18:28
2354902,rejected,2026-02-11 15:20:29
2354808,rejected,2026-02-11 15:51:57
2354069,rejected,2026-02-11 16:00:01
2354681,rejected,2026-02-11 16:34:02
2354820,rejected,2026-02-11 16:34:58
2355090,rejected,2026-02-11 16:36:08
2354522,rejected,2026-02-11 16:46:04
2353382,rejected,2026-02-11 16:50:33
2353240,rejected,2026-02-11 16:52:27
2355070,rejected,2026-02-11 16:56:37
2354770,rejected,2026-02-11 16:56:57
2354771,rejected,2026-02-11 16:58:20
2353632,rejected,2026-02-11 16:59:43
2355353,rejected,2026-02-11 17:52:18
2355351,rejected,2026-02-11 17:52:47
2355253,rejected,2026-02-11 18:18:45
2355285,rejected,2026-02-11 18:21:31
2355352,rejected,2026-02-11 18:33:59
2355267,rejected,2026-02-11 18:41:51
2354759,rejected,2026-02-11 19:11:48
2355292,rejected,2026-02-11 20:01:07
2355281,rejected,2026-02-11 20:11:51
2355273,rejected,2026-02-11 20:58:28
2354506,rejected,2026-02-11 21:03:29
2354973,rejected,2026-02-11 21:07:46
2354775,rejected,2026-02-11 21:09:32
2355001,rejected,2026-02-11 21:16:28
2354940,rejected,2026-02-11 21:30:49
2354951,rejected,2026-02-11 21:30:54
2355270,rejected,2026-02-11 21:46:33
2354994,rejected,2026-02-11 22:01:32
2350759,accounts - reconciliation automatically,2026-02-12 00:10:02
2353472,rejected,2026-02-12 21:15:06
2352961,accounts - reconciliation automatically,2026-02-13 00:10:03
2354355,rejected after confrmation qa pending,2026-02-13 15:14:34
2355005,rejected,2026-02-13 17:00:29
2355340,rejected,2026-02-13 17:45:27
2355266,rejected,2026-02-13 18:04:15
2355279,rejected,2026-02-13 18:15:53
2355330,rejected,2026-02-13 18:31:56
2354928,rejected,2026-02-13 20:10:47
2355008,rejected,2026-02-13 21:05:16
2355021,rejected,2026-02-13 21:18:38
2354977,rejected,2026-02-13 21:28:31
2354909,rejected,2026-02-13 21:36:42
2354861,rejected,2026-02-13 21:37:47
2355016,rejected,2026-02-13 21:39:04
2354987,rejected,2026-02-13 21:48:20
2354986,rejected,2026-02-13 21:48:26
2354057,rejected,2026-02-13 21:54:53
2354982,rejected,2026-02-13 21:57:21
2354919,rejected,2026-02-13 22:06:30
2354922,rejected,2026-02-13 22:06:34
2354981,rejected,2026-02-13 22:06:47
2354581,rejected,2026-02-13 22:07:42
2354979,rejected,2026-02-13 22:14:24
2355040,rejected,2026-02-13 22:19:21
2354903,rejected,2026-02-13 22:19:28
2355147,rejected,2026-02-13 22:23:37
2352423,auto rejected automatically,2026-02-14 00:10:02
2355208,auto rejected automatically,2026-02-14 00:10:03
2355055,rejected,2026-02-14 00:18:32
2354464,rejected after confrmation qa pending,2026-02-14 11:55:59
2355320,rejected after confrmation qa pending,2026-02-14 12:04:42
2355078,auto rejected automatically,2026-02-15 00:10:04
2353102,accounts - reconciliation automatically,2026-02-16 00:10:03
2353476,accounts - reconciliation automatically,2026-02-16 00:10:03
2354371,accounts - reconciliation automatically,2026-02-16 00:10:04
2354765,auto rejected automatically,2026-02-16 00:10:04
2355361,auto rejected automatically,2026-02-16 00:10:04
2355198,rejected,2026-02-16 15:35:44
2355215,rejected,2026-02-16 15:43:47
2355231,rejected,2026-02-16 17:33:49
2355317,rejected,2026-02-16 17:49:30
2355119,rejected,2026-02-16 18:05:28
2355220,rejected,2026-02-16 18:31:21
2355142,rejected,2026-02-16 18:33:52
2355080,rejected,2026-02-16 18:49:41
2355124,rejected,2026-02-16 19:21:34
2354578,rejected,2026-02-16 21:27:01
2355048,rejected,2026-02-16 22:18:47
2354933,rejected,2026-02-16 22:49:54
2355071,rejected,2026-02-16 23:14:18
2354952,rejected,2026-02-16 23:17:13
2354954,rejected,2026-02-16 23:17:20
2352778,accounts - reconciliation automatically,2026-02-17 00:10:03
2355206,auto rejected automatically,2026-02-17 00:10:04
2354067,accepted,2026-02-17 14:22:33
2355384,rejected,2026-02-17 18:11:12
2355357,rejected,2026-02-17 18:15:27
2354925,rejected,2026-02-17 19:15:24
2355354,rejected,2026-02-17 19:18:01
2355006,rejected,2026-02-17 21:51:24
2355178,rejected,2026-02-17 22:11:53
2355205,rejected,2026-02-17 22:12:40
2355183,rejected,2026-02-17 22:19:09
2352857,on ground automatically,2026-02-18 00:11:31
2354183,auto rejected automatically,2026-02-18 00:13:06
2355038,auto rejected automatically,2026-02-18 00:16:03
2355256,auto rejected automatically,2026-02-18 00:16:41
2353980,on ground,2026-02-18 11:01:47
2354923,rejected after confrmation qa pending,2026-02-18 14:49:44
2355249,rejected,2026-02-18 14:54:22
2353770,rejected,2026-02-18 15:17:58
2354637,rejected,2026-02-18 15:19:57
2354509,rejected,2026-02-18 16:00:21
2354772,rejected,2026-02-18 16:00:26
2355050,rejected,2026-02-18 16:17:41
2355108,rejected,2026-02-18 16:43:11
2355101,rejected,2026-02-18 16:44:45
2355083,rejected,2026-02-18 16:48:19
2355102,rejected,2026-02-18 16:52:01
2355114,rejected,2026-02-18 17:21:33
2355335,rejected,2026-02-18 20:44:17
2353998,auto rejected automatically,2026-02-19 00:10:04
2355239,auto rejected automatically,2026-02-19 00:10:05
2355316,accounts - reconciliation automatically,2026-02-19 00:10:05
2355271,rejected,2026-02-19 15:58:22
2355432,rejected,2026-02-19 18:53:33
2354503,accounts - reconciliation automatically,2026-02-20 00:10:04
2354723,accounts - reconciliation automatically,2026-02-20 00:10:04
2355138,rejected,2026-02-20 05:46:23
2355295,pre qa - pending,2026-02-20 12:33:28
2353464,pre qa - pending,2026-02-20 14:08:12
2354427,rejected,2026-02-20 19:25:18
2355284,rejected,2026-02-20 20:30:24
2353915,auto rejected automatically,2026-02-21 00:10:03
2354180,accounts - reconciliation automatically,2026-02-21 00:10:03
2355037,auto rejected automatically,2026-02-21 00:10:04
2353896,rejected,2026-02-21 15:28:03
2354674,rejected,2026-02-21 15:33:24
2353111,auto rejected automatically,2026-02-22 00:10:03
2355244,accounts - reconciliation automatically,2026-02-22 00:11:04
2355328,auto rejected automatically,2026-02-23 00:10:04
2355410,auto rejected automatically,2026-02-23 00:10:04
2353797,rejected,2026-02-23 14:59:25
2354329,rejected,2026-02-23 15:05:28
2354240,rejected,2026-02-23 15:05:42
2354438,rejected,2026-02-23 15:06:10
2354653,rejected,2026-02-23 15:08:59
2353996,rejected,2026-02-23 15:14:15
2354555,rejected,2026-02-23 15:15:41
2354911,rejected,2026-02-23 15:21:31
2354918,rejected,2026-02-23 15:23:30
2355020,rejected,2026-02-23 15:25:42
2355081,rejected,2026-02-23 15:34:00
2355113,rejected,2026-02-23 17:06:33
2355227,rejected,2026-02-23 17:17:54
2355093,rejected,2026-02-23 17:26:32
2355082,rejected,2026-02-23 17:44:36
2354878,rejected,2026-02-23 18:11:51
2354904,rejected,2026-02-23 18:13:41
2354900,rejected,2026-02-23 18:16:19
2355160,rejected,2026-02-23 18:18:08
2354859,rejected,2026-02-23 18:18:20
2354748,rejected,2026-02-23 18:22:49
2354383,rejected,2026-02-23 18:25:22
2355150,rejected,2026-02-23 18:30:10
2354450,rejected,2026-02-23 18:32:18
2355148,rejected,2026-02-23 18:48:20
2355144,rejected,2026-02-23 19:00:45
2354888,rejected,2026-02-23 19:07:43
2354315,rejected,2026-02-23 19:09:01
2354747,rejected,2026-02-23 19:15:27
2354733,rejected,2026-02-23 19:16:27
2354714,rejected,2026-02-23 19:18:32
2354631,rejected,2026-02-23 20:22:41
2354696,rejected,2026-02-23 20:25:36
2354886,rejected,2026-02-23 20:32:29
2354864,rejected,2026-02-23 20:42:29
2351362,auto rejected automatically,2026-02-24 00:10:02
2354899,rejected,2026-02-24 17:12:09
2354750,rejected,2026-02-24 17:22:44
2353890,rejected,2026-02-24 17:29:16
2354836,rejected,2026-02-24 17:31:38
2354565,rejected,2026-02-24 18:18:51
2354883,rejected,2026-02-24 18:21:00
2354250,rejected,2026-02-24 18:43:43
2354845,rejected,2026-02-24 18:52:54
2353999,rejected,2026-02-24 18:53:38
2354088,rejected,2026-02-24 18:54:15
2354844,rejected,2026-02-24 18:59:56
2354368,rejected,2026-02-24 19:01:13
2354874,rejected,2026-02-24 19:04:26
2354702,rejected,2026-02-24 19:07:33
2355129,rejected,2026-02-24 19:10:01
2355163,rejected,2026-02-24 19:13:27
2355086,rejected,2026-02-24 19:22:44
2355185,rejected,2026-02-24 20:20:17
2355169,rejected,2026-02-24 20:33:20
2355131,rejected,2026-02-24 20:42:22
2355209,rejected,2026-02-24 21:08:27
2355177,rejected,2026-02-24 21:27:15
2354907,rejected,2026-02-24 22:16:56
2355470,rejected,2026-02-24 22:55:53
2352332,auto rejected automatically,2026-02-25 00:10:03
2354621,rejected,2026-02-25 18:48:02
2352334,auto rejected automatically,2026-02-26 00:10:03
2352336,auto rejected automatically,2026-02-26 00:10:03
2353802,accounts - reconciliation automatically,2026-02-26 00:10:03
2348404,accounts - reconciliation,2026-02-26 15:18:42
2348436,accounts - reconciliation,2026-02-26 15:18:57
2348163,accounts - reconciliation,2026-02-26 15:19:02
2348448,accounts - reconciliation,2026-02-26 15:19:06
2355234,rejected,2026-02-26 17:24:17
2354532,rejected,2026-02-26 17:49:04
2354790,rejected,2026-02-26 17:50:51
2355381,rejected,2026-02-26 20:21:35
2355358,rejected,2026-02-26 20:25:20
2355378,rejected,2026-02-26 20:29:13
2355356,rejected,2026-02-26 20:32:16
2355376,rejected,2026-02-26 20:35:43
2355466,rejected,2026-02-26 20:44:40
2355374,rejected,2026-02-26 20:47:09
2355443,rejected,2026-02-26 20:53:42
2355445,rejected,2026-02-26 20:53:50
2355512,rejected,2026-02-26 20:55:48
2355379,rejected,2026-02-26 21:11:47
2355404,rejected,2026-02-26 21:15:42
2355514,rejected,2026-02-26 21:16:40
2355477,rejected,2026-02-26 21:18:56
2352129,auto rejected automatically,2026-02-27 00:10:02
2354763,on ground automatically,2026-02-27 00:11:04
2355245,on ground automatically,2026-02-27 00:13:26
2355429,on ground automatically,2026-02-27 00:20:08
2355377,rejected,2026-02-27 15:11:12
2355537,rejected,2026-02-28 15:33:47
2354425,rejected,2026-02-28 21:21:42
2354662,rejected,2026-02-28 21:21:48
2353551,accounts - reconciliation automatically,2026-03-01 00:10:04
2354724,accounts - reconciliation automatically,2026-03-01 00:10:04
2352136,auto rejected automatically,2026-03-02 00:10:03
2353242,auto rejected automatically,2026-03-02 00:10:03
2353475,accounts - reconciliation automatically,2026-03-02 00:10:03
2354132,auto rejected automatically,2026-03-02 00:10:04
2354133,auto rejected automatically,2026-03-02 00:10:04
2354134,auto rejected automatically,2026-03-02 00:10:04
2354135,auto rejected automatically,2026-03-02 00:10:04
2354136,auto rejected automatically,2026-03-02 00:10:04
2354137,auto rejected automatically,2026-03-02 00:10:04
2354517,accounts - reconciliation automatically,2026-03-02 00:10:04
2354641,auto rejected automatically,2026-03-02 00:10:04
2354885,auto rejected automatically,2026-03-02 00:10:04
2355425,accounts - reconciliation automatically,2026-03-02 00:11:12
2354920,rejected,2026-03-02 15:48:46
2355489,rejected,2026-03-02 17:52:33
2355274,rejected,2026-03-02 18:04:37
2355216,rejected,2026-03-02 18:16:59
2355403,rejected,2026-03-02 18:19:46
2355405,rejected,2026-03-02 18:19:51
2355019,rejected,2026-03-02 18:20:24
2355280,rejected,2026-03-02 18:21:59
2355311,rejected,2026-03-02 18:26:35
2355287,rejected,2026-03-02 18:26:40
2355004,rejected,2026-03-02 18:28:34
2355207,rejected,2026-03-02 18:32:20
2355011,rejected,2026-03-02 18:35:38
2355221,rejected,2026-03-02 18:38:06
2355571,rejected,2026-03-02 18:40:56
2355293,rejected,2026-03-02 18:42:47
2355289,rejected,2026-03-02 18:43:44
2355159,rejected,2026-03-02 18:44:41
2355189,rejected,2026-03-02 18:47:21
2354956,rejected,2026-03-02 18:50:52
2355261,rejected,2026-03-02 18:54:53
2355180,rejected,2026-03-02 18:55:59
2355133,rejected,2026-03-02 19:05:33
2355550,rejected,2026-03-02 19:05:46
2355449,rejected,2026-03-02 19:06:51
2355018,rejected,2026-03-02 19:07:18
2354930,rejected,2026-03-02 19:08:01
2355007,rejected,2026-03-02 19:11:05
2354944,rejected,2026-03-02 19:13:28
2355472,rejected,2026-03-02 19:13:37
2355569,rejected,2026-03-02 19:16:53
2355217,rejected,2026-03-02 19:17:32
2355431,rejected,2026-03-02 19:22:01
2355515,rejected,2026-03-02 19:24:04
2355203,rejected,2026-03-02 20:13:07
2355173,rejected,2026-03-02 20:16:32
2355248,rejected,2026-03-02 20:20:29
2355092,rejected,2026-03-02 20:33:04
2355172,rejected,2026-03-02 20:46:35
2354855,rejected,2026-03-02 20:52:01
2355363,rejected,2026-03-02 20:56:58
2355362,rejected,2026-03-02 20:57:26
2355303,rejected,2026-03-02 21:00:08
2351452,auto rejected automatically,2026-03-03 00:10:03
2351472,auto rejected automatically,2026-03-03 00:10:03
2353260,auto rejected automatically,2026-03-03 00:10:03
2354949,rejected after confrmation qa pending,2026-03-03 11:27:25
2351917,rejected after confrmation qa pending,2026-03-03 11:50:05
2354938,rejected after confrmation qa pending,2026-03-03 12:08:05
2355615,rejected,2026-03-03 20:15:22
2353381,auto rejected automatically,2026-03-04 00:10:03
2355498,auto rejected automatically,2026-03-04 00:11:04
2355525,auto rejected automatically,2026-03-04 00:11:04
2351527,accounts - reconciliation automatically,2026-03-05 00:10:02
2354058,auto rejected automatically,2026-03-05 00:10:03
2355373,accounts - reconciliation automatically,2026-03-05 00:10:04
2355213,rejected after confrmation qa pending,2026-03-05 14:49:15
2355588,rejected,2026-03-05 16:13:22
2355474,rejected,2026-03-05 16:52:58
2355402,rejected,2026-03-05 16:55:17
2355204,rejected,2026-03-05 16:55:40
2355175,rejected,2026-03-05 19:21:41
2355607,rejected,2026-03-05 20:31:37
2354826,rejected,2026-03-05 22:35:37
2353951,accounts - reconciliation automatically,2026-03-06 00:10:05
2354658,auto rejected automatically,2026-03-06 00:10:05
2355116,auto rejected automatically,2026-03-06 00:10:07
2355117,auto rejected automatically,2026-03-06 00:10:07
2355372,accounts - reconciliation automatically,2026-03-06 00:10:07
2355606,rejected,2026-03-06 21:33:32
2353704,accounts - reconciliation automatically,2026-03-07 00:10:44
2355214,accounts - reconciliation automatically,2026-03-07 00:10:56
2355017,rejected,2026-03-07 15:28:00
2354657,accounts - reconciliation automatically,2026-03-09 00:10:05
2355486,rejected,2026-03-09 15:49:44
2355327,rejected,2026-03-09 16:55:08
2355644,rejected,2026-03-09 17:01:08
2355228,rejected,2026-03-09 17:03:09
2354842,rejected,2026-03-09 17:08:49
2354990,rejected,2026-03-09 17:19:14
2355682,rejected,2026-03-09 17:22:50
2355654,rejected,2026-03-09 17:22:54
2355578,rejected,2026-03-09 17:29:54
2355688,rejected,2026-03-09 17:58:37
2355286,rejected,2026-03-09 18:17:35
2355543,rejected,2026-03-09 22:57:53
2351514,auto rejected automatically,2026-03-10 00:10:02
2351715,auto rejected automatically,2026-03-10 00:10:02
2351718,auto rejected automatically,2026-03-10 00:10:02
2351722,auto rejected automatically,2026-03-10 00:10:02
2355426,auto rejected automatically,2026-03-10 00:10:04
2351698,auto rejected automatically,2026-03-11 00:10:03
2351703,auto rejected automatically,2026-03-11 00:10:03
2351724,auto rejected automatically,2026-03-11 00:10:03
2351729,auto rejected automatically,2026-03-11 00:10:03
2351740,auto rejected automatically,2026-03-11 00:10:03
2351745,auto rejected automatically,2026-03-11 00:10:03
2351783,auto rejected automatically,2026-03-11 00:10:03
2351842,auto rejected automatically,2026-03-11 00:10:03
2351862,auto rejected automatically,2026-03-11 00:10:03
2351914,auto rejected automatically,2026-03-11 00:10:03
2351991,auto rejected automatically,2026-03-11 00:10:03
2352000,auto rejected automatically,2026-03-11 00:10:03
2352003,auto rejected automatically,2026-03-11 00:10:03
2352012,auto rejected automatically,2026-03-11 00:10:03
2352028,auto rejected automatically,2026-03-11 00:10:03
2352036,auto rejected automatically,2026-03-11 00:10:03
2352098,auto rejected automatically,2026-03-11 00:10:03
2352106,auto rejected automatically,2026-03-11 00:10:03
2355667,auto rejected automatically,2026-03-11 00:10:05
2355678,auto rejected automatically,2026-03-11 00:10:05
2355613,rejected,2026-03-11 15:37:49
2353702,on ground automatically,2026-03-12 00:13:08
2354269,on ground automatically,2026-03-12 00:18:30
2354655,auto rejected automatically,2026-03-12 00:20:10
2354935,on ground automatically,2026-03-12 00:20:10
2355275,auto rejected automatically,2026-03-12 00:24:27
2355577,on ground automatically,2026-03-12 00:24:27
2355511,rejected,2026-03-12 16:57:57
2355524,rejected,2026-03-12 16:58:02
2355732,rejected,2026-03-12 20:54:12
2355621,rejected,2026-03-12 20:55:26
2354815,rejected after confrmation qa pending,2026-03-12 23:56:50
2354417,auto rejected automatically,2026-03-13 00:10:04
2354418,auto rejected automatically,2026-03-13 00:10:04
2354490,auto rejected automatically,2026-03-13 00:10:04
2355412,rejected,2026-03-13 04:19:00
2355626,rejected,2026-03-13 04:20:42
2353402,auto rejected automatically,2026-03-14 00:10:03
2354971,accounts - reconciliation automatically,2026-03-14 00:10:04
2355601,auto rejected automatically,2026-03-14 00:10:04
2355602,auto rejected automatically,2026-03-14 00:10:04
2354362,accounts - reconciliation automatically,2026-03-15 00:10:04
2354659,auto rejected automatically,2026-03-15 00:10:05
2354997,accounts - reconciliation automatically,2026-03-15 00:10:05
2353446,accounts - reconciliation automatically,2026-03-16 00:10:03
2354640,auto rejected automatically,2026-03-16 00:10:05
2354718,auto rejected automatically,2026-03-16 00:10:05
2354767,auto rejected automatically,2026-03-16 00:10:05
2354955,auto rejected automatically,2026-03-16 00:10:05
2355171,auto rejected automatically,2026-03-16 00:10:05
2355530,auto rejected automatically,2026-03-16 00:10:05
2355664,auto rejected automatically,2026-03-16 00:10:05
2351479,pre qa - pending,2026-03-16 10:58:50
2355685,rejected,2026-03-16 11:32:49
2355492,rejected,2026-03-16 17:14:56
2355681,rejected,2026-03-16 20:53:29
2352563,auto rejected automatically,2026-03-17 00:10:03
2352575,auto rejected automatically,2026-03-17 00:10:03
2352644,auto rejected automatically,2026-03-17 00:10:03
2352645,auto rejected automatically,2026-03-17 00:10:03
2352646,auto rejected automatically,2026-03-17 00:10:03
2353534,auto rejected automatically,2026-03-17 00:10:04
2355716,pre qa - pending,2026-03-17 13:32:17
2355240,auto rejected automatically,2026-03-18 00:10:04
2355346,auto rejected automatically,2026-03-18 00:10:04
2355247,pre qa - completed,2026-03-18 15:02:13
2355754,rejected,2026-03-18 17:27:56
2355668,pre qa - pending,2026-03-18 18:11:21
2354939,rejected,2026-03-18 18:40:14
2355406,rejected,2026-03-18 18:55:23
2354275,auto rejected automatically,2026-03-19 00:10:04
2355423,auto rejected automatically,2026-03-19 00:11:50
2355726,auto rejected automatically,2026-03-19 00:11:50
2355375,rejected,2026-03-19 00:11:55
2355310,rejected,2026-03-19 00:26:17
2355318,rejected,2026-03-19 15:09:01
2355421,rejected,2026-03-19 15:10:22
2355176,rejected,2026-03-19 16:15:00
2355428,rejected,2026-03-19 17:13:06
2355437,rejected,2026-03-19 17:19:45
2355768,rejected,2026-03-19 17:20:10
2355224,rejected,2026-03-19 17:21:06
2355595,rejected,2026-03-19 17:21:47
2355559,rejected,2026-03-19 17:22:18
2355051,rejected,2026-03-19 17:43:14
2355025,rejected,2026-03-19 18:06:55
2355677,rejected,2026-03-19 18:39:00
2355736,rejected,2026-03-19 18:53:59
2355476,rejected,2026-03-19 19:25:10
2355831,rejected,2026-03-19 21:58:29
2354799,rejected,2026-03-19 22:09:44
2355095,rejected,2026-03-19 22:39:12
2352250,accounts - reconciliation automatically,2026-03-20 00:10:03
2353807,accounts - reconciliation automatically,2026-03-20 00:10:05
2355400,rejected,2026-03-20 16:38:31
2355002,rejected,2026-03-20 16:38:59
2354050,rejected,2026-03-20 16:39:05
2354774,rejected,2026-03-20 16:39:11
2355761,rejected,2026-03-20 16:39:16
2355003,rejected,2026-03-20 21:07:09
2355788,rejected,2026-03-20 21:19:28
2352083,accounts - reconciliation automatically,2026-03-21 00:10:02
2355333,auto rejected automatically,2026-03-21 00:10:04
2355775,pre qa - pending,2026-03-21 13:18:48
2355094,rejected,2026-03-21 15:09:04
2355339,rejected,2026-03-21 16:16:53
2355250,rejected,2026-03-21 16:30:34
2355343,rejected,2026-03-21 16:38:16
2355580,rejected,2026-03-21 16:48:32
2355557,rejected,2026-03-21 17:08:18
2355785,rejected,2026-03-21 17:10:02
2355068,rejected,2026-03-21 17:49:50
2355307,rejected,2026-03-21 17:52:22
2355638,rejected,2026-03-21 17:53:56
2355242,rejected,2026-03-21 18:54:29
2355581,rejected,2026-03-21 22:24:21
2355409,rejected,2026-03-21 22:28:09
2355079,accounts - reconciliation automatically,2026-03-22 00:10:07
2355201,auto rejected automatically,2026-03-22 00:10:07
2355212,accounts - reconciliation automatically,2026-03-22 00:10:08
2355575,rejected,2026-03-22 01:34:58
2354120,rejected after confrmation qa pending,2026-03-22 11:25:47
2354295,accounts - reconciliation automatically,2026-03-23 00:10:04
2354310,auto rejected automatically,2026-03-23 00:10:04
2355496,auto rejected automatically,2026-03-23 00:10:05
2354980,rejected,2026-03-23 12:43:06
2355447,rejected after confrmation qa pending,2026-03-23 12:57:03
2354281,rejected after confrmation qa pending,2026-03-23 13:29:03
2355326,rejected,2026-03-23 16:12:23
2355699,rejected,2026-03-23 16:17:25
2355627,rejected,2026-03-23 16:32:47
2355341,rejected,2026-03-23 16:39:11
2355590,rejected,2026-03-23 16:52:58
2355597,rejected,2026-03-23 17:08:04
2355283,rejected,2026-03-23 17:44:42
2355757,rejected,2026-03-23 17:57:35
2355495,rejected,2026-03-23 18:03:22
2355834,rejected,2026-03-23 18:12:01
2355545,rejected,2026-03-23 18:16:12
2355269,rejected,2026-03-23 18:17:03
2355210,rejected,2026-03-23 19:59:44
2355440,rejected,2026-03-23 21:48:46
2352995,auto rejected automatically,2026-03-24 00:10:03
2352999,auto rejected automatically,2026-03-24 00:10:03
2353000,auto rejected automatically,2026-03-24 00:10:03
2353001,auto rejected automatically,2026-03-24 00:10:03
2353002,auto rejected automatically,2026-03-24 00:10:03
2355140,auto rejected automatically,2026-03-24 00:10:43
2355342,rejected,2026-03-24 00:48:45
2355734,accepted,2026-03-24 12:13:57
2355729,rejected,2026-03-24 15:55:46
2355755,rejected,2026-03-24 15:55:49
2355305,rejected,2026-03-24 16:37:14
2355724,rejected,2026-03-24 16:42:35
2354663,rejected after confrmation qa pending,2026-03-24 17:02:38
2355750,rejected,2026-03-24 17:06:01
2355364,rejected,2026-03-24 17:59:05
2355146,rejected,2026-03-24 19:41:17
2353144,auto rejected automatically,2026-03-25 00:10:03
2353348,accounts - reconciliation automatically,2026-03-25 00:10:03
2354505,accounts - reconciliation automatically,2026-03-25 00:10:04
2354693,auto rejected automatically,2026-03-25 00:10:04
2355430,auto rejected automatically,2026-03-25 00:10:05
2355697,rejected,2026-03-25 14:39:32
2355687,rejected,2026-03-25 14:40:10
2355833,rejected,2026-03-25 15:40:32
2355610,rejected,2026-03-25 15:59:50
2355721,rejected,2026-03-25 16:06:04
2355454,rejected,2026-03-25 16:10:24
2355698,rejected,2026-03-25 16:27:46
2355458,rejected,2026-03-25 16:37:01
2355360,rejected,2026-03-25 18:02:38
2353764,rejected after confrmation qa pending,2026-03-25 18:33:13
2355475,rejected,2026-03-25 18:57:30
2352311,auto rejected automatically,2026-03-26 00:10:04
2355118,auto rejected automatically,2026-03-26 00:11:26
2355321,auto rejected automatically,2026-03-26 00:11:26
2355795,auto rejected automatically,2026-03-26 00:11:26
2355830,auto rejected automatically,2026-03-26 00:11:26
2354967,rejected after confrmation qa completed,2026-03-26 10:39:13
2355452,rejected,2026-03-26 16:51:06
2355141,rejected,2026-03-26 18:23:26
2355074,rejected,2026-03-26 18:23:45
2355036,rejected,2026-03-26 21:06:59
2355568,auto rejected automatically,2026-03-27 00:10:42
2355730,auto rejected automatically,2026-03-27 00:10:42
2355772,rejected,2026-03-27 16:24:02
2355442,rejected,2026-03-27 16:51:59
2355444,rejected,2026-03-27 16:55:15
2355939,rejected,2026-03-27 18:58:57
2355796,rejected after confrmation qa completed,2026-03-27 20:04:54
2355380,accounts - reconciliation automatically,2026-03-28 00:10:04
2355460,accounts - reconciliation automatically,2026-03-28 00:10:04
2355868,rejected,2026-03-28 00:14:43
2355786,pre qa - pending,2026-03-28 16:34:01
2355435,rejected,2026-03-28 17:15:51
2353726,rejected after confrmation qa pending,2026-03-28 17:24:55
2355955,rejected,2026-03-28 19:25:37
2354985,auto rejected automatically,2026-03-29 00:10:04
2354993,auto rejected automatically,2026-03-29 00:10:04
2355665,accounts - reconciliation automatically,2026-03-29 00:10:05
2352402,auto rejected automatically,2026-03-30 00:10:03
2353214,auto rejected automatically,2026-03-30 00:10:03
2355075,auto rejected automatically,2026-03-30 00:10:05
2355763,auto rejected automatically,2026-03-30 00:10:05
2354963,accepted,2026-03-30 11:04:15
2355622,rejected,2026-03-30 14:47:44
2355485,rejected after confrmation qa pending,2026-03-30 17:06:08
2355399,rejected,2026-03-30 17:26:57
2355265,rejected,2026-03-30 17:33:25
2355487,rejected,2026-03-30 18:37:39
2354587,auto rejected automatically,2026-03-31 00:10:06
2354991,auto rejected automatically,2026-03-31 00:10:06
2355391,auto rejected automatically,2026-03-31 00:10:07
2355422,auto rejected automatically,2026-03-31 00:10:07
2355482,auto rejected automatically,2026-03-31 00:10:07
2355819,auto rejected automatically,2026-03-31 00:10:07
2354984,rejected after confrmation qa pending,2026-03-31 09:34:43
2355922,rejected,2026-03-31 13:33:55
2355978,rejected,2026-03-31 13:35:03
2355710,rejected,2026-03-31 16:52:00
2355850,rejected,2026-03-31 16:53:36
2355197,rejected,2026-03-31 16:56:27
2355883,rejected,2026-03-31 17:09:05
2355015,rejected,2026-03-31 17:12:45
2355791,rejected,2026-03-31 17:58:59
2355715,rejected,2026-03-31 18:12:21
2355027,rejected,2026-03-31 19:13:03
2355529,rejected,2026-03-31 19:32:53
2355325,auto rejected automatically,2026-04-01 00:10:05
2355896,rejected,2026-04-01 17:36:07
2355854,rejected,2026-04-01 18:07:30
2355593,rejected,2026-04-01 18:17:36
2355979,rejected,2026-04-01 21:55:13
2355691,rejected,2026-04-01 22:09:46
2354846,rejected,2026-04-01 22:18:37
2351290,auto rejected automatically,2026-04-02 00:10:02
2352935,auto rejected automatically,2026-04-02 00:10:04
2354458,accounts - reconciliation automatically,2026-04-02 00:10:04
2354830,auto rejected automatically,2026-04-02 00:10:05
2354912,auto rejected automatically,2026-04-02 00:10:05
2354916,auto rejected automatically,2026-04-02 00:10:05
2355076,auto rejected automatically,2026-04-02 00:10:05
2355104,auto rejected automatically,2026-04-02 00:10:05
2355105,auto rejected automatically,2026-04-02 00:10:05
2355918,auto rejected automatically,2026-04-02 00:10:05
2355848,rejected,2026-04-02 15:48:45
2355973,rejected,2026-04-02 16:20:57
2355855,rejected,2026-04-02 16:59:13
2355756,rejected,2026-04-02 17:11:08
2355294,rejected,2026-04-02 17:12:49
2355620,rejected,2026-04-02 17:46:25
2355170,rejected,2026-04-02 18:05:19
2355797,rejected,2026-04-02 21:24:58
2355798,rejected,2026-04-02 21:36:53
2354700,accounts - reconciliation automatically,2026-04-03 00:10:04
2355268,auto rejected automatically,2026-04-03 00:10:04
2355574,rejected,2026-04-03 16:26:02
2355742,rejected,2026-04-03 16:45:25
2355596,rejected,2026-04-03 17:05:35
2355889,rejected,2026-04-03 17:07:24
2355561,rejected,2026-04-03 17:27:46
2355288,rejected,2026-04-03 17:30:40
2355992,rejected,2026-04-03 17:33:42
2355815,rejected,2026-04-03 17:41:19
2351310,accounts - reconciliation automatically,2026-04-04 00:10:02
2355028,auto rejected automatically,2026-04-04 00:10:06
2355740,rejected,2026-04-04 17:00:53
2354896,rejected,2026-04-04 17:53:06
2355857,rejected,2026-04-04 17:54:45
2355957,rejected,2026-04-04 19:03:44
2355471,rejected,2026-04-04 19:06:07
2351371,auto rejected automatically,2026-04-05 00:10:02
2352264,accounts - reconciliation automatically,2026-04-05 00:10:02
2355981,auto rejected automatically,2026-04-05 00:10:04
2356014,auto rejected automatically,2026-04-05 00:10:05
2354654,auto rejected automatically,2026-04-06 00:10:04
2354850,auto rejected automatically,2026-04-06 00:10:04
2355139,auto rejected automatically,2026-04-06 00:10:04
2355389,auto rejected automatically,2026-04-06 00:10:04
2355560,auto rejected automatically,2026-04-06 00:10:04
2355747,rejected,2026-04-06 16:23:43
2355858,rejected,2026-04-06 16:28:03
2356066,rejected,2026-04-06 16:28:11
2355513,rejected,2026-04-06 16:46:35
2355899,rejected,2026-04-06 16:48:36
2355700,rejected,2026-04-06 17:01:15
2355300,rejected,2026-04-06 17:10:27
2356005,rejected,2026-04-06 19:28:48
2355844,accepted,2026-04-06 22:09:48
2351731,auto rejected automatically,2026-04-07 00:10:02
2354695,accounts - reconciliation automatically,2026-04-07 00:10:04
2355965,rejected,2026-04-07 15:14:49
2356019,rejected,2026-04-07 15:15:04
2356009,rejected,2026-04-07 15:15:58
2355934,rejected,2026-04-07 15:16:17
2355564,rejected,2026-04-07 15:16:43
2355837,rejected,2026-04-07 15:16:59
2355057,rejected,2026-04-07 15:17:06
2355344,rejected,2026-04-07 15:17:18
2355067,rejected,2026-04-07 15:18:00
2355942,rejected,2026-04-07 15:56:38
2355893,rejected,2026-04-07 16:00:26
2356072,rejected,2026-04-07 16:14:07
2355805,rejected,2026-04-07 18:40:03
2355666,rejected,2026-04-07 18:47:13
2355807,rejected,2026-04-07 19:20:41
2355382,rejected,2026-04-07 19:45:38
2355836,rejected,2026-04-07 19:47:29
2355904,rejected,2026-04-07 19:53:30
2356060,rejected,2026-04-07 20:10:13
2356052,rejected,2026-04-07 20:10:16
2355843,rejected,2026-04-07 20:31:51
2355643,rejected,2026-04-07 20:38:10
2355865,rejected,2026-04-07 21:20:20
2355408,auto rejected automatically,2026-04-08 00:10:05
2355481,auto rejected automatically,2026-04-08 00:10:05
2355813,rejected,2026-04-08 10:42:24
2355808,rejected,2026-04-08 10:47:12
2355873,rejected,2026-04-08 14:34:14
2356025,rejected,2026-04-08 14:46:43
2355753,rejected,2026-04-08 15:09:33
2355714,rejected,2026-04-08 15:09:38
2356031,rejected,2026-04-08 15:10:44
2355898,rejected,2026-04-08 15:38:03
2355570,rejected,2026-04-08 16:28:24
2355690,rejected,2026-04-08 17:44:28
2355290,rejected,2026-04-08 22:21:43
2354992,auto rejected automatically,2026-04-09 00:10:05
2356074,auto rejected automatically,2026-04-09 00:10:06
2351374,rejected after confrmation qa pending,2026-04-09 12:14:29
2355655,rejected,2026-04-09 15:37:15
2354062,auto rejected automatically,2026-04-10 00:10:06
2355417,auto rejected automatically,2026-04-10 00:10:07
2355673,auto rejected automatically,2026-04-10 00:10:07
2355804,rejected,2026-04-10 14:41:23
2355225,rejected after confrmation qa pending,2026-04-10 14:59:30
2355719,accepted,2026-04-10 18:12:37
2356152,rejected,2026-04-11 00:04:49
2354768,accounts - reconciliation automatically,2026-04-11 00:10:04
2354976,auto rejected automatically,2026-04-11 00:10:04
2355046,auto rejected automatically,2026-04-11 00:10:04
2355047,auto rejected automatically,2026-04-11 00:10:04
2355059,auto rejected automatically,2026-04-11 00:10:04
2355091,auto rejected automatically,2026-04-11 00:10:05
2355167,auto rejected automatically,2026-04-11 00:10:05
2355395,auto rejected automatically,2026-04-11 00:10:06
2355397,auto rejected automatically,2026-04-11 00:10:06
2355434,auto rejected automatically,2026-04-11 00:10:06
2355701,auto rejected automatically,2026-04-11 00:10:06
2355717,auto rejected automatically,2026-04-11 00:10:06
2356091,auto rejected automatically,2026-04-11 00:10:07
2356095,rejected,2026-04-11 11:19:36
2356070,rejected,2026-04-11 15:40:21
2355453,rejected,2026-04-11 16:27:19
2355994,rejected,2026-04-11 16:28:31
2355969,rejected,2026-04-11 16:28:54
2355723,rejected,2026-04-11 16:34:57
2355941,rejected,2026-04-11 18:09:46
2356090,rejected,2026-04-11 23:54:55
2354833,auto rejected automatically,2026-04-12 00:12:21
2355156,auto rejected automatically,2026-04-13 00:10:04
2355773,auto rejected automatically,2026-04-13 00:10:05
2353677,rejected,2026-04-13 11:58:06
2355735,rejected,2026-04-13 14:32:56
2355608,rejected,2026-04-13 16:32:16
2355336,rejected,2026-04-13 16:54:15
2355164,rejected,2026-04-13 16:54:59
2355165,rejected,2026-04-13 16:55:05
2355534,rejected,2026-04-13 16:59:39
2355840,rejected,2026-04-13 17:01:32
2356056,rejected,2026-04-13 17:11:09
2355191,rejected,2026-04-13 17:21:01
2355762,rejected,2026-04-13 17:23:53
2355359,rejected,2026-04-13 17:24:51
2355839,rejected,2026-04-13 17:26:43
2355881,rejected,2026-04-13 17:33:01
2354585,auto rejected automatically,2026-04-14 00:11:40
2355974,rejected,2026-04-14 15:41:22
2355851,rejected,2026-04-14 15:43:21
2355847,rejected,2026-04-14 16:41:11
2355594,rejected,2026-04-14 16:45:26
2354969,rejected,2026-04-14 16:50:46
2355952,rejected,2026-04-14 16:58:16
2356196,rejected,2026-04-14 21:09:42
2356081,rejected,2026-04-14 21:11:06
2356082,rejected,2026-04-14 21:11:49
2355331,rejected,2026-04-14 21:12:25
2355222,rejected,2026-04-14 21:14:13
2355794,rejected,2026-04-14 21:20:14
2355532,rejected,2026-04-14 21:21:37
2355823,rejected,2026-04-14 21:26:15
2355424,rejected,2026-04-14 21:27:59
2355642,rejected,2026-04-14 21:29:42
2355659,rejected,2026-04-14 21:29:47
2355684,rejected,2026-04-14 21:31:50
2355347,rejected,2026-04-14 21:34:24
2355718,rejected,2026-04-14 21:36:50
2356165,rejected,2026-04-14 21:48:51
2356175,rejected,2026-04-14 21:49:00
2356103,rejected,2026-04-14 21:54:03
2355709,auto rejected automatically,2026-04-15 00:14:21
2355816,on ground automatically,2026-04-15 00:14:21
2355999,on ground automatically,2026-04-15 00:14:45
2356002,on ground automatically,2026-04-15 00:15:05
2355749,rejected,2026-04-15 14:25:06
2355694,rejected,2026-04-15 14:53:41
2355938,rejected,2026-04-15 15:09:07
2355387,rejected,2026-04-15 16:09:49
2355386,rejected,2026-04-15 16:10:00
2356020,rejected,2026-04-15 16:11:32
2355066,rejected,2026-04-15 16:15:37
2355835,rejected,2026-04-15 16:17:47
2355692,rejected,2026-04-15 17:06:52
2351762,accounts - reconciliation automatically,2026-04-16 00:10:02
2354948,auto rejected automatically,2026-04-16 00:10:04
2355110,auto rejected automatically,2026-04-16 00:10:04
2355264,on ground automatically,2026-04-16 00:10:04
2355367,auto rejected automatically,2026-04-16 00:10:57
2355518,auto rejected automatically,2026-04-16 00:10:57
2355779,on ground automatically,2026-04-16 00:10:57
2355982,accounts - reconciliation automatically,2026-04-16 00:11:34
2355987,auto rejected automatically,2026-04-16 00:11:34
2356107,rejected,2026-04-16 14:38:31
2355494,rejected,2026-04-16 15:43:40
2355219,rejected,2026-04-16 15:43:40
2355125,rejected,2026-04-16 15:45:45
2354276,rejected,2026-04-16 15:46:12
2356125,rejected,2026-04-16 15:52:25
2355314,rejected,2026-04-16 15:54:16
2355542,rejected,2026-04-16 15:56:31
2355526,rejected,2026-04-16 15:56:41
2355619,rejected,2026-04-16 16:00:37
2355948,rejected,2026-04-16 16:10:15
2355806,rejected,2026-04-16 16:22:20
2355187,rejected,2026-04-16 16:23:03
2356050,rejected,2026-04-16 16:25:18
2355968,rejected,2026-04-16 16:38:19
2355278,rejected,2026-04-16 16:39:58
2355366,rejected,2026-04-16 16:52:29
2355744,rejected,2026-04-16 16:53:50
2355838,rejected,2026-04-16 17:04:22
2355956,rejected,2026-04-16 17:17:39
2355962,rejected,2026-04-16 17:18:46
2355780,rejected,2026-04-16 17:33:04
2355895,rejected,2026-04-16 17:45:37
2355874,rejected,2026-04-16 17:58:46
2356183,rejected,2026-04-16 18:00:10
2355871,rejected,2026-04-16 18:00:12
2355875,rejected,2026-04-16 18:00:31
2356127,rejected,2026-04-16 18:00:52
2356093,rejected,2026-04-16 21:40:35
2356112,rejected,2026-04-16 22:07:40
2354455,auto rejected automatically,2026-04-17 00:10:04
2355996,auto rejected automatically,2026-04-17 00:10:05
2356185,rejected,2026-04-17 16:03:36
2356132,rejected,2026-04-17 16:05:39
2355618,rejected,2026-04-17 16:14:31
2355929,rejected,2026-04-17 16:15:51
2355640,rejected,2026-04-17 20:34:02
2354342,accounts - reconciliation automatically,2026-04-18 00:10:04
2355031,accounts - reconciliation automatically,2026-04-18 00:10:05
2355464,auto rejected automatically,2026-04-18 00:10:05
2355766,accounts - reconciliation automatically,2026-04-18 00:10:05
2356223,auto rejected automatically,2026-04-18 00:10:43
2356047,rejected,2026-04-18 15:59:54
2355769,rejected,2026-04-18 16:25:34
2356130,rejected,2026-04-18 18:55:15
2356131,rejected,2026-04-18 22:05:11
2355911,rejected,2026-04-18 22:26:08
2355368,rejected,2026-04-18 22:39:16
2355743,auto rejected automatically,2026-04-19 00:10:25
2356003,auto rejected automatically,2026-04-19 00:10:25
2356193,accounts - reconciliation automatically,2026-04-19 00:10:25
2353329,auto rejected automatically,2026-04-20 00:10:03
2355457,auto rejected automatically,2026-04-20 00:10:04
2355499,auto rejected automatically,2026-04-20 00:10:04
2355720,accounts - reconciliation automatically,2026-04-20 00:10:05
2355876,auto rejected automatically,2026-04-20 00:10:19
2355879,accounts - reconciliation automatically,2026-04-20 00:10:19
2356055,auto rejected automatically,2026-04-20 00:10:19
2356122,rejected,2026-04-20 09:35:54
2356150,rejected,2026-04-20 14:29:51
2355063,rejected,2026-04-20 15:08:42
2355064,rejected,2026-04-20 15:09:41
2356190,rejected,2026-04-20 15:20:45
2356124,rejected,2026-04-20 15:25:16
2355686,rejected,2026-04-20 15:53:04
2354363,rejected,2026-04-20 15:58:06
2356067,rejected,2026-04-20 16:49:54
2355963,rejected,2026-04-20 16:58:51
2354720,rejected,2026-04-20 17:05:29
2355411,rejected,2026-04-20 17:05:32
2355388,rejected after confrmation qa completed,2026-04-20 17:43:27
2355072,rejected,2026-04-20 17:44:28
2355484,rejected,2026-04-20 18:15:33
2355162,rejected,2026-04-20 18:22:55
2355770,rejected,2026-04-20 18:33:42
2355708,rejected,2026-04-20 18:34:08
2351350,auto rejected automatically,2026-04-21 00:10:03
2351866,auto rejected automatically,2026-04-21 00:10:03
2352009,auto rejected automatically,2026-04-21 00:10:03
2353109,auto rejected automatically,2026-04-21 00:10:04
2354789,auto rejected automatically,2026-04-21 00:10:05
2354929,auto rejected automatically,2026-04-21 00:10:05
2355647,accounts - reconciliation automatically,2026-04-21 00:10:05
2355814,rejected,2026-04-21 15:57:26
2356278,rejected,2026-04-21 16:22:05
2356250,rejected,2026-04-21 16:27:38
2356216,rejected,2026-04-21 16:44:31
2356228,rejected,2026-04-21 20:29:50
2354192,auto rejected automatically,2026-04-22 00:10:03
2355194,accounts - reconciliation automatically,2026-04-22 00:10:04
2355573,accounts - reconciliation automatically,2026-04-22 00:10:04
2356197,auto rejected automatically,2026-04-22 00:10:04
2356086,rejected,2026-04-22 16:51:35
2354813,accounts - reconciliation automatically,2026-04-23 00:10:05
2355901,auto rejected automatically,2026-04-23 00:10:05
2356088,rejected,2026-04-23 14:29:54
2356270,rejected,2026-04-23 14:40:58
2355765,rejected,2026-04-23 15:14:30
2356304,rejected,2026-04-23 15:26:39
2355913,rejected,2026-04-23 15:39:39
2356069,rejected,2026-04-23 15:41:07
2355630,requote,2026-04-23 15:57:06
2356291,rejected,2026-04-23 18:35:04
2356176,accepted,2026-04-23 18:48:11
2356204,rejected,2026-04-23 19:52:53
2356215,rejected,2026-04-23 21:19:22
2355084,accounts - reconciliation automatically,2026-04-24 00:10:04
2355193,auto rejected automatically,2026-04-24 00:10:05
2355731,accounts - reconciliation automatically,2026-04-24 00:10:05
2356061,on ground automatically,2026-04-24 00:10:05
2356281,accounts - reconciliation automatically,2026-04-24 00:13:16
2356075,rejected,2026-04-24 10:13:20
2355983,rejected,2026-04-24 10:14:49
2356213,rejected,2026-04-24 15:21:30
2356118,rejected,2026-04-24 16:10:45
2356299,rejected,2026-04-24 18:26:01
2355990,rejected,2026-04-24 19:10:38
2355971,rejected,2026-04-24 19:17:42
2355800,rejected,2026-04-24 20:02:42
2355725,rejected,2026-04-24 20:18:56
2352912,auto rejected automatically,2026-04-25 00:10:03
2355825,accounts - reconciliation automatically,2026-04-25 00:10:05
2356240,accounts - reconciliation automatically,2026-04-25 00:10:05
2355369,rejected,2026-04-25 15:35:13
2355746,rejected,2026-04-25 16:11:32
2356288,rejected,2026-04-25 16:14:07
2354995,accounts - reconciliation automatically,2026-04-26 00:10:04
2355045,auto rejected automatically,2026-04-26 00:10:04
2355585,accounts - reconciliation automatically,2026-04-26 00:11:42
2356129,auto rejected automatically,2026-04-26 00:11:42
2356260,accounts - reconciliation automatically,2026-04-26 00:11:42
2356177,rejected,2026-04-26 18:09:36
2355931,auto rejected automatically,2026-04-27 00:10:05
2356239,rejected,2026-04-27 09:14:02
2356249,rejected,2026-04-27 14:34:57
2356161,rejected,2026-04-27 14:41:36
2352338,rejected after confrmation qa pending,2026-04-27 15:46:16
2355024,rejected after confrmation qa completed,2026-04-27 15:51:11
2356004,rejected,2026-04-27 16:12:20
2356080,rejected,2026-04-27 16:28:48
2356077,rejected,2026-04-27 16:29:19
2356078,rejected,2026-04-27 16:29:44
2356079,rejected,2026-04-27 16:29:48
2356242,rejected,2026-04-27 16:57:07
2356199,rejected,2026-04-27 17:08:42
2356236,rejected,2026-04-27 17:16:04
2355988,rejected,2026-04-27 17:21:59
2355832,rejected,2026-04-27 17:25:46
2355383,rejected,2026-04-27 17:32:37
2355584,rejected,2026-04-27 17:56:30
2355940,rejected,2026-04-27 18:18:02
2356361,rejected,2026-04-27 18:23:16
2355975,rejected,2026-04-27 18:23:47
2354745,rejected,2026-04-27 18:49:04
2355503,rejected,2026-04-27 18:54:36
2355882,rejected,2026-04-27 19:00:59
2356018,rejected,2026-04-27 19:15:04
2355897,rejected,2026-04-27 19:20:55
2355308,rejected,2026-04-27 20:50:34
2355407,rejected,2026-04-27 21:00:19
2355657,rejected,2026-04-27 21:04:59
2355964,rejected,2026-04-27 21:22:28
2356245,rejected,2026-04-27 21:58:08
2353766,rejected,2026-04-27 22:14:13
2355861,rejected,2026-04-27 22:26:39
2355612,rejected,2026-04-27 22:34:59
2356282,accounts - reconciliation automatically,2026-04-28 00:10:37
2355919,rejected after confrmation qa pending,2026-04-28 14:10:39
2355886,rejected,2026-04-28 15:07:57
2356342,rejected,2026-04-28 15:25:37
2355860,rejected,2026-04-28 15:32:22
2355355,rejected,2026-04-28 15:34:41
2356362,rejected,2026-04-28 15:36:51
2355461,rejected,2026-04-28 15:49:33
2355828,rejected,2026-04-28 16:33:02
2356012,rejected,2026-04-28 16:33:24
2355959,rejected,2026-04-28 16:47:21
2355670,rejected,2026-04-28 16:53:21
2356263,rejected,2026-04-28 17:12:19
2356027,rejected,2026-04-28 18:00:15
2355541,rejected,2026-04-28 18:52:08
2356287,rejected,2026-04-28 20:35:56
2355255,accounts - reconciliation automatically,2026-04-29 00:10:05
2355604,auto rejected automatically,2026-04-29 00:10:05
2355679,auto rejected automatically,2026-04-29 00:10:05
2356266,auto rejected automatically,2026-04-29 00:10:33
2355439,rejected,2026-04-29 16:17:33
2355947,rejected,2026-04-29 17:19:55
2356006,rejected,2026-04-29 17:32:54
2355954,rejected,2026-04-29 17:42:15
2356064,rejected,2026-04-29 17:47:05
2356214,rejected,2026-04-29 18:06:58
2355658,rejected,2026-04-29 20:58:06
2353772,on ground automatically,2026-04-30 00:11:19
2356059,on ground automatically,2026-04-30 00:14:07
2355733,rejected,2026-04-30 14:43:10
2355309,rejected,2026-04-30 15:52:58
2355921,rejected,2026-04-30 15:59:16
2356030,rejected,2026-04-30 16:02:43
2354595,rejected,2026-04-30 16:11:31
2355672,rejected,2026-04-30 16:16:06
2355676,rejected,2026-04-30 17:14:19
2356283,rejected,2026-04-30 19:09:33
2355866,rejected,2026-04-30 20:37:59
2348051,rejected,2026-05-01 12:33:40
2355565,rejected,2026-05-02 15:07:59
2355501,rejected,2026-05-02 15:13:20
2354610,rejected,2026-05-02 15:37:56
2355450,rejected,2026-05-02 16:55:32
2355880,rejected,2026-05-02 17:05:45
2354584,auto rejected automatically,2026-05-03 00:10:04
2354834,auto rejected automatically,2026-05-03 00:10:05
2355060,auto rejected automatically,2026-05-03 00:10:33
2355338,auto rejected automatically,2026-05-03 00:10:34
2355527,auto rejected automatically,2026-05-03 00:10:34
2355531,auto rejected automatically,2026-05-03 00:10:34
2355579,auto rejected automatically,2026-05-03 00:10:34
2355693,auto rejected automatically,2026-05-03 00:10:34
2356136,auto rejected automatically,2026-05-03 00:14:17
2356182,accounts - reconciliation automatically,2026-05-03 00:14:17
2354691,auto rejected automatically,2026-05-04 00:10:04
2355521,auto rejected automatically,2026-05-04 00:10:04
2355544,auto rejected automatically,2026-05-04 00:10:04
2356029,auto rejected automatically,2026-05-04 00:10:06
2356198,auto rejected automatically,2026-05-04 00:10:06
2356429,auto rejected automatically,2026-05-04 00:10:06
2356100,rejected,2026-05-04 09:24:21
2356123,rejected,2026-05-04 12:00:47
2356368,rejected after confrmation qa pending,2026-05-04 12:29:32
2356447,rejected,2026-05-04 15:16:38
2356317,rejected,2026-05-04 16:44:08
2355776,rejected after confrmation qa pending,2026-05-04 16:52:23
2356022,rejected,2026-05-04 17:04:19
2356053,rejected,2026-05-04 17:07:25
2356038,rejected,2026-05-04 17:09:05
2355600,rejected,2026-05-04 17:11:35
2355315,rejected,2026-05-04 17:21:08
2355951,rejected,2026-05-04 17:36:50
2356413,rejected,2026-05-04 17:39:12
2356000,rejected,2026-05-04 18:41:39
2355592,rejected,2026-05-04 18:47:47
2356089,rejected,2026-05-04 19:10:11
2356087,rejected,2026-05-04 19:29:42
2355660,rejected,2026-05-04 19:36:42
2353710,auto rejected automatically,2026-05-05 00:10:03
2354129,auto rejected automatically,2026-05-05 00:10:04
2354449,auto rejected automatically,2026-05-05 00:10:04
2354950,auto rejected automatically,2026-05-05 00:12:18
2355259,auto rejected automatically,2026-05-05 00:12:18
2355589,auto rejected automatically,2026-05-05 00:12:18
2356431,auto rejected automatically,2026-05-05 00:15:22
2356433,auto rejected automatically,2026-05-05 00:15:22
2356457,auto rejected automatically,2026-05-05 00:15:22
2355467,rejected,2026-05-05 16:34:41
2356382,rejected,2026-05-05 16:51:32
2356145,rejected,2026-05-05 17:13:01
2355946,rejected,2026-05-05 17:19:06
2356417,rejected,2026-05-05 17:19:39
2356290,rejected,2026-05-05 17:20:38
2356109,rejected,2026-05-05 17:38:41
2356309,rejected,2026-05-05 17:44:40
2355986,rejected,2026-05-05 17:52:12
2356305,rejected,2026-05-05 18:10:59
2355641,rejected,2026-05-05 18:13:06
2355799,rejected,2026-05-05 18:13:37
2355605,rejected,2026-05-05 18:35:25
2355539,rejected,2026-05-05 18:49:27
2356157,rejected,2026-05-05 18:50:39
2356310,rejected,2026-05-05 20:00:43
2355566,rejected,2026-05-05 21:06:54
2356217,rejected,2026-05-05 21:07:06
2356057,rejected,2026-05-05 21:34:27
2351311,on ground automatically,2026-05-06 00:10:03
2351480,on ground automatically,2026-05-06 00:11:25
2351788,on ground automatically,2026-05-06 00:14:14
2352137,on ground automatically,2026-05-06 00:15:01
2353016,on ground automatically,2026-05-06 00:21:15
2354568,on ground automatically,2026-05-06 00:21:16
2354769,on ground automatically,2026-05-06 00:23:22
2355158,on ground automatically,2026-05-06 00:25:55
2355254,auto rejected automatically,2026-05-06 00:27:28
2355505,auto rejected automatically,2026-05-06 00:27:28
2355793,auto rejected automatically,2026-05-06 00:27:29
2355849,auto rejected automatically,2026-05-06 00:27:29
2356101,rejected,2026-05-06 06:42:05
2356142,rejected,2026-05-06 06:43:18
2355696,rejected,2026-05-06 15:55:50
2355211,rejected,2026-05-06 15:58:26
2355867,rejected,2026-05-06 15:59:10
2355995,rejected,2026-05-06 16:00:10
2356195,rejected,2026-05-06 16:16:11
2355166,rejected,2026-05-06 16:19:06
2356209,rejected,2026-05-06 16:56:04
2356120,rejected,2026-05-06 17:59:27
2356219,rejected,2026-05-06 18:23:58
2356285,rejected,2026-05-06 21:53:47
2355792,rejected,2026-05-06 22:29:48
2352229,auto rejected automatically,2026-05-07 00:10:03
2354996,accounts - reconciliation automatically,2026-05-07 00:10:04
2355877,accounts - reconciliation automatically,2026-05-07 00:10:05
2355614,rejected,2026-05-07 14:33:05
2356008,rejected,2026-05-07 16:14:26
2356042,rejected,2026-05-07 16:22:27
2355872,rejected,2026-05-07 17:17:37
2355151,rejected,2026-05-07 18:03:45
2354798,rejected,2026-05-07 18:13:06
2356084,rejected,2026-05-07 20:38:40
2353711,auto rejected automatically,2026-05-08 00:10:04
2355039,auto rejected automatically,2026-05-08 00:10:05
2355277,accounts - reconciliation automatically,2026-05-08 00:10:05
2355933,auto rejected automatically,2026-05-08 00:10:06
2355949,auto rejected automatically,2026-05-08 00:10:06
2356241,accounts - reconciliation automatically,2026-05-08 00:10:06
2356046,rejected,2026-05-08 16:16:36
2355909,rejected,2026-05-08 16:29:25
2355908,rejected,2026-05-08 16:29:51
2356201,rejected,2026-05-08 17:01:45
2355258,auto rejected automatically,2026-05-09 00:10:04
2355661,auto rejected automatically,2026-05-09 00:10:04
2356514,auto rejected automatically,2026-05-09 00:10:05
2356489,rejected,2026-05-09 13:42:04
2356519,rejected,2026-05-09 14:32:33
2356505,rejected,2026-05-09 14:38:04
2356480,rejected,2026-05-09 14:40:22
2355802,rejected,2026-05-09 14:51:34
2356412,rejected,2026-05-09 14:54:13
2355894,rejected,2026-05-09 14:56:23
2356256,rejected,2026-05-09 14:56:56
2356235,rejected,2026-05-09 14:59:38
2356230,rejected,2026-05-09 15:00:51
2356296,rejected,2026-05-09 15:22:26
2356117,rejected,2026-05-09 15:47:00
2356491,rejected,2026-05-09 16:45:29
2356492,rejected,2026-05-09 17:21:24
2356276,rejected,2026-05-09 19:20:53
2356549,rejected,2026-05-09 22:53:26
2356550,rejected,2026-05-09 22:55:28
2356552,rejected,2026-05-09 23:09:23
2356553,rejected,2026-05-09 23:19:23
2356554,rejected,2026-05-09 23:22:24
2354566,auto rejected automatically,2026-05-10 00:10:04
2355182,auto rejected automatically,2026-05-10 00:10:05
2355238,auto rejected automatically,2026-05-10 00:10:05
2356151,auto rejected automatically,2026-05-10 00:12:35
2354821,auto rejected automatically,2026-05-11 00:10:04
2355479,auto rejected automatically,2026-05-11 00:10:14
2355483,auto rejected automatically,2026-05-11 00:10:14
2355752,auto rejected automatically,2026-05-11 00:10:14
2355903,auto rejected automatically,2026-05-11 00:10:14
2355917,auto rejected automatically,2026-05-11 00:10:14
2356143,auto rejected automatically,2026-05-11 00:10:14
2356308,auto rejected automatically,2026-05-11 00:10:14
2356437,rejected,2026-05-11 14:39:33
2356508,rejected,2026-05-11 18:24:06
2354699,rejected,2026-05-11 18:34:10
2356495,rejected,2026-05-11 19:01:46
2354187,auto rejected automatically,2026-05-12 00:10:04
2354810,auto rejected automatically,2026-05-12 00:11:54
2355033,accounts - reconciliation automatically,2026-05-12 00:11:54
2355468,auto rejected automatically,2026-05-12 00:11:55
2355576,auto rejected automatically,2026-05-12 00:11:55
2355945,auto rejected automatically,2026-05-12 00:11:55
2355961,auto rejected automatically,2026-05-12 00:11:55
2355966,auto rejected automatically,2026-05-12 00:11:55
2356297,rejected,2026-05-12 09:40:30
2355916,rejected after confrmation qa pending,2026-05-12 12:06:35
2355745,rejected,2026-05-12 14:32:46
2355704,rejected,2026-05-12 14:32:53
2355912,rejected,2026-05-12 15:52:04
2356338,rejected,2026-05-12 15:57:47
2356128,rejected,2026-05-12 16:00:17
2355555,rejected,2026-05-12 16:30:50
2356466,rejected,2026-05-12 16:49:31
2356344,rejected,2026-05-12 21:32:24
2356551,rejected,2026-05-12 22:26:49
2354159,accounts - reconciliation automatically,2026-05-13 00:10:04
2354685,accounts - reconciliation automatically,2026-05-13 00:10:04
2355237,auto rejected automatically,2026-05-13 00:10:04
2356521,auto rejected automatically,2026-05-13 00:11:37
2356373,rejected,2026-05-13 14:52:43
2356349,rejected,2026-05-13 15:26:13
2356170,rejected,2026-05-13 15:35:12
2356525,rejected,2026-05-13 16:01:09
2356229,rejected,2026-05-13 16:10:17
2356227,rejected,2026-05-13 16:53:13
2355923,rejected,2026-05-13 19:40:07
2356440,rejected,2026-05-13 19:40:43
2356385,rejected,2026-05-13 19:43:52
2356200,rejected,2026-05-13 19:46:49
2355504,rejected,2026-05-13 20:17:45
2356477,rejected,2026-05-13 20:29:06
2356329,rejected,2026-05-13 20:40:40
2356398,rejected,2026-05-13 20:43:06
2356292,rejected,2026-05-13 20:47:09
2356479,rejected,2026-05-13 20:48:56
2356247,rejected,2026-05-13 21:23:14
2356571,rejected,2026-05-13 21:25:38
2356596,rejected,2026-05-13 22:09:14
2356303,rejected,2026-05-13 23:12:15
2355587,rejected,2026-05-13 23:14:16
2355263,accounts - reconciliation automatically,2026-05-14 00:11:43
2355469,auto rejected automatically,2026-05-14 00:11:44
2355712,accounts - reconciliation automatically,2026-05-14 00:11:44
2355822,auto rejected automatically,2026-05-14 00:12:22
2355824,accounts - reconciliation automatically,2026-05-14 00:12:22
2356306,auto rejected automatically,2026-05-14 00:12:23
2356364,accounts - reconciliation automatically,2026-05-14 00:12:23
2356026,rejected,2026-05-14 15:23:00
2356370,rejected,2026-05-14 15:23:51
2355675,rejected,2026-05-14 16:54:00
2356269,rejected,2026-05-14 22:12:45
2354943,auto rejected automatically,2026-05-15 00:10:04
2355456,auto rejected automatically,2026-05-15 00:10:05
2355562,auto rejected automatically,2026-05-15 00:11:20
2355683,auto rejected automatically,2026-05-15 00:11:20
2355811,auto rejected automatically,2026-05-15 00:11:21
2356387,accounts - reconciliation automatically,2026-05-15 00:11:23
2356490,auto rejected automatically,2026-05-15 00:11:23
2356520,auto rejected automatically,2026-05-15 00:11:23
2356565,auto rejected automatically,2026-05-15 00:11:24
2356149,rejected,2026-05-15 15:27:42
2356334,rejected,2026-05-15 15:30:22
2356365,rejected,2026-05-15 15:37:10
2356530,rejected,2026-05-15 15:41:26
2355591,rejected,2026-05-15 17:51:58
2355563,rejected,2026-05-15 17:52:16
2355818,rejected,2026-05-15 17:54:28
2355989,rejected,2026-05-15 17:54:48
2356032,rejected,2026-05-15 17:55:12
2356013,rejected,2026-05-15 18:19:56
2356540,rejected,2026-05-15 18:21:39
2356049,rejected,2026-05-15 18:28:38
2356348,rejected,2026-05-15 18:32:03
2356399,rejected,2026-05-15 18:32:52
2356436,rejected,2026-05-15 23:08:19
2354569,auto rejected automatically,2026-05-16 00:10:05
2355365,auto rejected automatically,2026-05-16 00:10:06
2355506,auto rejected automatically,2026-05-16 00:10:06
2355817,auto rejected automatically,2026-05-16 00:10:06
2355900,auto rejected automatically,2026-05-16 00:10:06
2356220,rejected,2026-05-16 14:53:52
2356298,rejected,2026-05-16 17:17:16
2353739,auto rejected automatically,2026-05-17 00:10:04
2353740,auto rejected automatically,2026-05-17 00:10:04
2355463,auto rejected automatically,2026-05-17 00:10:05
2355509,auto rejected automatically,2026-05-17 00:10:05
2355586,auto rejected automatically,2026-05-17 00:10:05
2355801,auto rejected automatically,2026-05-17 00:10:05
2355967,accounts - reconciliation automatically,2026-05-17 00:14:39
2356102,auto rejected automatically,2026-05-17 00:14:40
2356135,auto rejected automatically,2026-05-17 00:14:40
2354690,auto rejected automatically,2026-05-18 00:10:04
2354871,auto rejected automatically,2026-05-18 00:10:04
2355759,auto rejected automatically,2026-05-18 00:10:05
2355812,auto rejected automatically,2026-05-18 00:10:05
2355907,accounts - reconciliation automatically,2026-05-18 00:10:05
2356284,auto rejected automatically,2026-05-18 00:10:05
2356289,auto rejected automatically,2026-05-18 00:10:05
2356396,auto rejected automatically,2026-05-18 00:10:05
2356507,accounts - reconciliation automatically,2026-05-18 00:10:05
2356555,accounts - reconciliation automatically,2026-05-18 00:10:05
2356561,rejected,2026-05-18 10:46:22
2356432,rejected,2026-05-18 15:15:57
2356134,rejected,2026-05-18 16:34:19
2355582,rejected,2026-05-18 16:37:18
2356007,rejected,2026-05-18 16:46:54
2355767,rejected,2026-05-18 16:54:19
2355276,rejected,2026-05-18 16:54:55
2355549,rejected,2026-05-18 16:55:08
2355695,rejected,2026-05-18 16:55:39
2356420,rejected,2026-05-18 16:56:49
2356324,rejected,2026-05-18 16:59:34
2356425,rejected,2026-05-18 17:13:47
2352447,on ground automatically,2026-05-19 00:10:03
2354913,accounts - reconciliation automatically,2026-05-19 00:11:49
2355099,accounts - reconciliation automatically,2026-05-19 00:11:49
2355869,auto rejected automatically,2026-05-19 00:11:50
2355910,auto rejected automatically,2026-05-19 00:11:50
2356633,on ground automatically,2026-05-19 00:13:22
2356645,rejected,2026-05-19 14:47:51
2355441,rejected,2026-05-19 16:12:57
2356533,rejected,2026-05-19 17:05:14
2356430,rejected,2026-05-19 17:15:09
2356121,rejected,2026-05-19 17:19:20
2356497,rejected,2026-05-19 17:40:03
2356608,rejected,2026-05-19 17:54:02
2355790,rejected,2026-05-19 18:02:44
2356381,rejected,2026-05-19 18:05:54
2355282,rejected,2026-05-19 18:21:14
2356407,rejected,2026-05-19 18:39:37
2355243,rejected,2026-05-19 18:53:16
2356451,accepted,2026-05-19 19:48:37
2356586,rejected,2026-05-19 20:32:09
2355878,rejected,2026-05-19 20:32:15
2356144,rejected,2026-05-19 20:32:19
2356498,rejected,2026-05-19 20:39:43
2354598,accounts - reconciliation automatically,2026-05-20 00:12:20
2355737,auto rejected automatically,2026-05-20 00:13:40
2356225,auto rejected automatically,2026-05-20 00:15:05
2356367,rejected,2026-05-20 14:50:46
2355680,rejected,2026-05-20 15:03:47
2355760,rejected,2026-05-20 15:06:03
2356534,rejected,2026-05-20 15:11:14
2356428,rejected,2026-05-20 15:26:41
2356173,rejected,2026-05-20 15:28:18
2356146,rejected,2026-05-20 15:30:03
2356527,rejected,2026-05-20 15:40:14
2354710,rejected after confrmation qa completed,2026-05-20 15:48:57
2354937,rejected,2026-05-20 16:11:56
2356293,rejected,2026-05-20 16:24:12
2356592,rejected,2026-05-20 17:03:08
2356627,rejected,2026-05-20 17:05:25
2356613,accepted,2026-05-20 17:45:19
2356632,rejected,2026-05-20 18:16:10
2356526,rejected,2026-05-20 18:27:52
2356593,rejected,2026-05-20 18:37:50
2356581,rejected,2026-05-20 19:21:20
2356502,rejected,2026-05-20 21:24:20
2356543,rejected,2026-05-20 21:26:02
2353584,auto rejected automatically,2026-05-21 00:10:03
2353587,auto rejected automatically,2026-05-21 00:10:03
2355420,auto rejected automatically,2026-05-21 00:10:53
2355491,auto rejected automatically,2026-05-21 00:10:53
2355713,accounts - reconciliation automatically,2026-05-21 00:10:53
2356033,auto rejected automatically,2026-05-21 00:10:53
2356083,accounts - reconciliation automatically,2026-05-21 00:10:53
2356085,auto rejected automatically,2026-05-21 00:10:53
2356350,auto rejected automatically,2026-05-21 00:10:53
2356617,rejected,2026-05-21 16:24:57
2356607,rejected,2026-05-21 17:02:24
2356628,accepted,2026-05-21 18:27:09
2356301,rejected,2026-05-21 18:48:32
2356275,rejected,2026-05-21 18:58:26
2356272,rejected,2026-05-21 18:58:53
2356463,rejected,2026-05-21 22:02:01
2356476,rejected,2026-05-21 22:04:33
2356383,rejected,2026-05-21 22:06:06
2356384,rejected,2026-05-21 22:06:11
2356515,rejected,2026-05-21 22:26:27
2356255,rejected,2026-05-21 22:28:54
2356254,rejected,2026-05-21 22:29:00
2355551,accounts - reconciliation automatically,2026-05-22 00:10:05
2355789,auto rejected automatically,2026-05-22 00:10:05
2356110,accounts - reconciliation automatically,2026-05-22 00:10:05
2356194,auto rejected automatically,2026-05-22 00:12:07
2356332,auto rejected automatically,2026-05-22 00:14:38
2355711,rejected,2026-05-22 14:34:37
2355583,rejected,2026-05-22 14:34:46
2356580,rejected,2026-05-22 14:36:06
2355970,rejected after confrmation qa completed,2026-05-22 17:06:19
2356503,rejected,2026-05-22 17:49:55
2356688,rejected,2026-05-22 21:03:08
2356669,rejected,2026-05-22 21:03:54
2355120,rejected,2026-05-22 21:06:13
2355313,rejected,2026-05-22 21:11:19
2356406,rejected,2026-05-22 21:28:44
2356692,accepted,2026-05-22 23:26:37
2355507,auto rejected automatically,2026-05-23 00:11:17
2355852,auto rejected automatically,2026-05-23 00:11:17
2353469,auto rejected automatically,2026-05-24 00:10:03
2354575,accounts - reconciliation automatically,2026-05-24 00:10:04
2356374,auto rejected automatically,2026-05-24 00:10:07
2356636,accounts - reconciliation automatically,2026-05-24 00:10:07
2356643,accounts - reconciliation automatically,2026-05-24 00:10:07
2355478,auto rejected automatically,2026-05-25 00:10:05
2355490,auto rejected automatically,2026-05-25 00:10:05
2355845,accounts - reconciliation automatically,2026-05-25 00:11:06
2355976,auto rejected automatically,2026-05-25 00:11:06
2356232,accounts - reconciliation automatically,2026-05-25 00:11:06
2356261,auto rejected automatically,2026-05-25 00:11:06
2356564,auto rejected automatically,2026-05-25 00:11:25
2356668,auto rejected automatically,2026-05-25 00:12:06
2354906,rejected,2026-05-25 10:41:54
2356115,rejected,2026-05-25 10:42:17
2355625,rejected,2026-05-25 10:42:40
2356116,rejected,2026-05-25 10:42:50
2356493,rejected,2026-05-25 15:09:59
2356063,rejected after confrmation qa completed,2026-05-25 16:42:25
2355127,auto rejected automatically,2026-05-26 00:10:05
2355246,auto rejected automatically,2026-05-26 00:10:05
2355401,auto rejected automatically,2026-05-26 00:10:05
2356510,rejected,2026-05-26 15:07:11
2356582,rejected,2026-05-26 15:45:32
2356345,rejected,2026-05-26 15:47:44
2356439,rejected,2026-05-26 15:49:13
2356536,rejected,2026-05-26 15:50:52
2356465,rejected,2026-05-26 15:59:33
2356184,rejected,2026-05-26 16:03:11
2356048,rejected,2026-05-26 16:07:55
2356036,rejected,2026-05-26 16:29:25
2356226,rejected,2026-05-26 16:52:37
2356532,rejected,2026-05-26 17:10:20
2356259,rejected,2026-05-26 18:09:27
2356473,rejected,2026-05-26 18:10:41
2356167,rejected,2026-05-26 18:12:50
2355502,rejected,2026-05-26 18:36:31
2356676,rejected,2026-05-26 18:37:57
2356675,rejected,2026-05-26 18:48:18
2356665,rejected,2026-05-26 18:49:13
2355864,rejected,2026-05-26 19:32:50
2355887,rejected,2026-05-26 20:38:58
2355190,accounts - reconciliation automatically,2026-05-27 00:10:04
2355631,auto rejected automatically,2026-05-27 00:12:25
2356154,auto rejected automatically,2026-05-27 00:12:26
2356211,auto rejected automatically,2026-05-27 00:12:26
2356218,accounts - reconciliation automatically,2026-05-27 00:12:26
2356388,auto rejected automatically,2026-05-27 00:12:26
2356316,rejected,2026-05-27 15:33:09
2355935,rejected,2026-05-27 15:55:01
2355943,rejected,2026-05-27 16:52:58
2356455,rejected,2026-05-27 17:12:23
2356277,rejected,2026-05-27 18:12:28
2356568,rejected,2026-05-27 22:20:02
2356707,rejected,2026-05-27 22:20:22
2356513,rejected,2026-05-27 22:22:50
2356590,rejected,2026-05-27 22:23:27
2356602,rejected,2026-05-27 22:24:04
2356360,rejected,2026-05-27 22:46:56
2356336,rejected,2026-05-27 22:47:43
2356320,rejected,2026-05-27 22:47:59
2356728,rejected,2026-05-27 23:03:00
2355337,auto rejected automatically,2026-05-28 00:10:05
2355611,auto rejected automatically,2026-05-28 00:10:05
2356567,auto rejected automatically,2026-05-28 00:10:06
2356579,on ground automatically,2026-05-28 00:10:06
2355546,accepted,2026-05-28 14:06:25
2355528,accepted,2026-05-28 14:08:31
2356504,rejected,2026-05-28 16:30:22
2356212,rejected,2026-05-28 17:27:26
2356321,rejected,2026-05-28 17:29:07
2356416,rejected,2026-05-28 17:30:41
2354932,rejected,2026-05-28 17:33:50
2356010,rejected,2026-05-28 17:34:40
2355803,rejected,2026-05-28 17:37:09
2356325,rejected,2026-05-28 17:37:38
2356531,rejected,2026-05-28 17:58:07
2355920,rejected,2026-05-28 18:01:10
2356300,rejected,2026-05-28 18:05:13
2355758,rejected,2026-05-28 18:06:08
2356001,rejected,2026-05-28 18:26:14
2356667,rejected,2026-05-28 18:36:44
2356666,rejected,2026-05-28 18:36:52
2356738,rejected,2026-05-28 18:54:54
2356619,rejected,2026-05-28 20:11:56
2356405,rejected,2026-05-28 20:21:27
2356708,rejected,2026-05-28 20:42:14
2354373,accounts - reconciliation automatically,2026-05-29 00:10:04
2354588,auto rejected automatically,2026-05-29 00:10:05
2354600,auto rejected automatically,2026-05-29 00:10:05
2356094,auto rejected automatically,2026-05-29 00:10:23
2356258,accounts - reconciliation automatically,2026-05-29 00:10:23
2356294,auto rejected automatically,2026-05-29 00:10:23
2356690,auto rejected automatically,2026-05-29 00:10:24
2356745,accepted,2026-05-29 11:31:11
2356747,accepted,2026-05-29 13:44:06
2356723,rejected,2026-05-29 17:14:50
2356635,rejected,2026-05-29 17:16:40
2351331,auto rejected automatically,2026-05-30 00:10:02
2355552,auto rejected automatically,2026-05-30 00:10:05
2355646,auto rejected automatically,2026-05-30 00:10:05
2356108,auto rejected automatically,2026-05-30 00:10:05
2356522,rejected,2026-05-30 17:23:48
2354875,accounts - reconciliation automatically,2026-05-31 00:10:05
2355536,auto rejected automatically,2026-05-31 00:10:05
2355774,auto rejected automatically,2026-05-31 00:10:05
2355928,accounts - reconciliation automatically,2026-05-31 00:10:05
2356730,auto rejected automatically,2026-05-31 00:10:06
2353806,accounts - reconciliation automatically,2026-06-01 00:10:03
2356409,accounts - reconciliation automatically,2026-06-01 00:10:05
2356419,auto rejected automatically,2026-06-01 00:10:05
2356445,accounts - reconciliation automatically,2026-06-01 00:10:05
2356448,accounts - reconciliation automatically,2026-06-01 00:10:05
2356642,accounts - reconciliation automatically,2026-06-01 00:10:05
2356691,rejected,2026-06-01 15:25:59
2356253,rejected,2026-06-01 17:09:10
2355349,rejected,2026-06-01 17:10:44
2356681,rejected,2026-06-01 17:23:01
2356262,rejected,2026-06-01 17:44:10
2356421,rejected,2026-06-01 17:45:09
2356174,rejected,2026-06-01 17:46:10
2356544,rejected,2026-06-01 17:48:21
2356459,rejected,2026-06-01 18:13:37
2352596,auto rejected automatically,2026-06-02 00:10:03
2352597,auto rejected automatically,2026-06-02 00:10:03
2354024,auto rejected automatically,2026-06-02 00:10:03
2355519,auto rejected automatically,2026-06-02 00:10:04
2356016,auto rejected automatically,2026-06-02 00:10:05
2356017,auto rejected automatically,2026-06-02 00:10:05
2356148,auto rejected automatically,2026-06-02 00:10:05
2356375,auto rejected automatically,2026-06-02 00:10:05
2356741,rejected,2026-06-02 15:02:23
2356729,rejected,2026-06-02 15:48:55
2355042,rejected,2026-06-02 15:57:36
2355041,rejected,2026-06-02 15:57:39
2356725,rejected,2026-06-02 16:01:24
2356462,rejected,2026-06-02 16:02:37
2354424,rejected,2026-06-02 17:25:44
2356751,rejected,2026-06-02 17:26:53
2356011,rejected,2026-06-02 17:27:07
2356133,rejected,2026-06-02 17:29:26
2356714,rejected,2026-06-02 19:38:08
2356105,rejected,2026-06-02 19:53:20
2356172,rejected,2026-06-02 19:56:08
2355334,rejected,2026-06-02 19:58:09
2355656,rejected,2026-06-02 20:00:54
2355645,rejected,2026-06-02 20:24:21
2354863,accounts - reconciliation automatically,2026-06-03 00:10:04
2355846,auto rejected automatically,2026-06-03 00:12:26
2356273,auto rejected automatically,2026-06-03 00:12:26
2356378,auto rejected automatically,2026-06-03 00:12:26
2356641,rejected,2026-06-03 15:17:16
2356618,rejected,2026-06-03 15:58:45
2356210,rejected,2026-06-03 18:29:06
2356111,rejected,2026-06-03 18:30:32
2356764,rejected,2026-06-03 20:07:46
2356789,rejected,2026-06-03 20:51:07
2353885,auto rejected automatically,2026-06-04 00:10:04
2353913,auto rejected automatically,2026-06-04 00:10:04
2356147,accounts - reconciliation automatically,2026-06-04 00:10:06
2356718,rejected,2026-06-04 16:33:59
2356312,rejected,2026-06-04 17:56:29
2356793,rejected,2026-06-04 17:58:21
2356478,rejected,2026-06-04 18:04:16
2356470,rejected,2026-06-04 18:07:16
2356323,rejected,2026-06-04 18:17:31
2356771,rejected,2026-06-04 18:28:27
2355829,rejected,2026-06-04 18:37:42
2354441,rejected,2026-06-04 21:10:07
2355345,rejected,2026-06-04 21:11:13
2355777,rejected,2026-06-04 21:11:42
2355547,accounts - reconciliation automatically,2026-06-05 00:10:05
2355603,auto rejected automatically,2026-06-05 00:10:05
2356065,auto rejected automatically,2026-06-05 00:10:05
2356186,auto rejected automatically,2026-06-05 00:10:05
2356224,auto rejected automatically,2026-06-05 00:10:05
2356566,accounts - reconciliation automatically,2026-06-05 00:10:05
2356830,rejected,2026-06-05 11:43:47
2356663,rejected,2026-06-05 16:18:33
2356829,rejected,2026-06-05 20:41:00
2355820,rejected,2026-06-05 20:53:54
2353888,auto rejected automatically,2026-06-06 00:10:04
2355433,auto rejected automatically,2026-06-06 00:10:05
2355459,accounts - reconciliation automatically,2026-06-06 00:10:05
2355764,auto rejected automatically,2026-06-06 00:11:22
2355782,auto rejected automatically,2026-06-06 00:11:22
2355826,auto rejected automatically,2026-06-06 00:11:22
2356023,auto rejected automatically,2026-06-06 00:11:22
2356039,auto rejected automatically,2026-06-06 00:11:22
2356268,auto rejected automatically,2026-06-06 00:12:48
2356403,auto rejected automatically,2026-06-06 00:12:49
2356474,auto rejected automatically,2026-06-06 00:12:49
2356650,rejected,2026-06-06 19:35:28
2356453,accounts - reconciliation automatically,2026-06-07 00:10:06
2356649,auto rejected automatically,2026-06-07 00:10:06
2355398,auto rejected automatically,2026-06-08 00:10:04
2355856,auto rejected automatically,2026-06-08 00:10:05
2356015,auto rejected automatically,2026-06-08 00:10:05
2356559,auto rejected automatically,2026-06-08 00:10:05
2356795,rejected,2026-06-08 14:50:17
2356791,rejected,2026-06-08 15:21:14
2356785,rejected,2026-06-08 15:37:24
2356854,rejected,2026-06-08 15:39:40
2356634,rejected,2026-06-08 16:42:25
2356755,rejected,2026-06-08 16:50:03
2356267,auto rejected automatically,2026-06-09 00:10:05
2356331,auto rejected automatically,2026-06-09 00:10:05
2356346,accounts - reconciliation automatically,2026-06-09 00:10:05
2356715,auto rejected automatically,2026-06-09 00:10:05
2356673,rejected,2026-06-09 18:48:41
2356264,rejected,2026-06-09 18:51:09
2356454,rejected,2026-06-09 19:02:02
2356639,rejected,2026-06-09 19:06:50
2356271,rejected,2026-06-09 19:47:20
2356637,rejected,2026-06-09 19:48:15
2356866,rejected,2026-06-09 21:39:11
2353914,auto rejected automatically,2026-06-10 00:10:04
2355332,auto rejected automatically,2026-06-10 00:10:05
2355842,accounts - reconciliation automatically,2026-06-10 00:10:07
2356482,auto rejected automatically,2026-06-10 00:11:50
2356749,accounts - reconciliation automatically,2026-06-10 00:11:51
2356164,rejected,2026-06-10 15:55:26
2356658,rejected,2026-06-10 16:00:38
2355821,rejected,2026-06-10 16:04:34
2356418,rejected,2026-06-10 16:05:55
2356395,rejected,2026-06-10 16:08:49
2356604,rejected,2026-06-10 16:10:16
2356689,rejected,2026-06-10 16:15:27
2356076,rejected,2026-06-10 16:22:48
2356286,rejected,2026-06-10 16:23:04
2356397,rejected,2026-06-10 16:34:40
2356597,rejected,2026-06-10 16:34:47
2356512,rejected,2026-06-10 16:36:35
2356626,rejected,2026-06-10 16:42:29
2356787,rejected,2026-06-10 20:07:57
2356062,auto rejected automatically,2026-06-11 00:10:06
2356798,on ground automatically,2026-06-11 00:11:52
2356711,rejected,2026-06-11 11:10:18
2356855,rejected,2026-06-11 14:51:36
2356845,rejected,2026-06-11 15:27:10
2356846,rejected,2026-06-11 15:27:37
2356366,rejected,2026-06-11 16:27:03
2356660,rejected,2026-06-11 16:36:16
2356340,rejected,2026-06-11 16:38:01
2356614,rejected,2026-06-11 16:38:43
2356615,rejected,2026-06-11 16:39:48
2356774,rejected,2026-06-11 16:40:01
2356588,rejected,2026-06-11 17:18:26
2355538,accounts - reconciliation automatically,2026-06-12 00:10:05
2356400,auto rejected automatically,2026-06-12 00:10:05
2356844,rejected,2026-06-12 19:44:23
2356315,auto rejected automatically,2026-06-13 00:10:16
2356748,accounts - reconciliation automatically,2026-06-13 00:10:17
2356234,rejected,2026-06-13 15:47:20
2356901,rejected,2026-06-13 15:50:04
2356638,rejected,2026-06-13 15:51:45
2356894,rejected,2026-06-13 15:57:37
2356517,rejected,2026-06-13 15:59:44
2356813,rejected,2026-06-13 16:33:29
2356862,rejected,2026-06-13 16:34:12
2356882,rejected,2026-06-13 16:50:13
2356917,rejected,2026-06-13 16:57:39
2355993,rejected,2026-06-13 17:21:29
2356659,rejected,2026-06-13 17:29:54
2356875,rejected,2026-06-13 18:28:44
2355702,auto rejected automatically,2026-06-14 00:10:04
2356071,accounts - reconciliation automatically,2026-06-14 00:10:05
2356547,auto rejected automatically,2026-06-14 00:10:05
2356905,accounts - reconciliation automatically,2026-06-14 00:10:05
2356936,accepted,2026-06-14 18:12:38
2356404,auto rejected automatically,2026-06-15 00:10:06
2356523,auto rejected automatically,2026-06-15 00:10:06
2356786,rejected after confrmation qa pending,2026-06-15 09:54:30
2356768,rejected,2026-06-15 14:44:07
2356640,rejected,2026-06-15 14:52:30
2356021,rejected,2026-06-15 15:03:27
2356924,rejected,2026-06-15 15:28:32
2356682,rejected,2026-06-15 15:28:48
2356414,rejected,2026-06-15 15:30:20
2356670,rejected,2026-06-15 15:37:03
2356759,rejected,2026-06-15 15:39:51
2356587,rejected,2026-06-15 15:45:40
2355312,rejected,2026-06-15 15:47:51
2356739,rejected,2026-06-15 17:09:52
2356717,rejected,2026-06-15 17:16:52
2355179,rejected,2026-06-15 17:42:51
2356933,rejected,2026-06-15 17:45:34
2356411,rejected,2026-06-15 17:45:51
2356842,rejected,2026-06-15 17:48:25
2356661,rejected,2026-06-15 17:51:26
2356766,rejected,2026-06-15 18:37:17
2356605,rejected,2026-06-15 18:41:34
2356948,rejected,2026-06-15 20:58:16
2355748,rejected,2026-06-15 22:04:57
2356873,rejected,2026-06-15 22:09:21
2351923,auto rejected automatically,2026-06-16 00:10:02
2356205,auto rejected automatically,2026-06-16 00:10:06
2356390,auto rejected automatically,2026-06-16 00:10:06
2356560,auto rejected automatically,2026-06-16 00:10:06
2356610,accounts - reconciliation automatically,2026-06-16 00:10:06
2356955,auto rejected automatically,2026-06-16 00:10:07
2356630,rejected,2026-06-16 15:25:42
2356631,rejected,2026-06-16 16:12:02
2356252,rejected,2026-06-16 16:16:40
2356898,rejected,2026-06-16 16:19:08
2356415,rejected,2026-06-16 17:11:30
2356472,rejected,2026-06-16 17:37:40
2356885,rejected,2026-06-16 17:54:35
2355859,rejected,2026-06-16 17:58:06
2356202,rejected,2026-06-16 18:28:18
2356203,rejected,2026-06-16 18:28:26
2356886,rejected,2026-06-16 18:32:05
2356849,rejected,2026-06-16 18:37:55
2356051,rejected,2026-06-16 20:05:37
2356363,rejected,2026-06-16 20:07:31
2356662,rejected,2026-06-16 20:10:14
2355493,accounts - reconciliation automatically,2026-06-17 00:10:05
2355639,auto rejected automatically,2026-06-17 00:11:24
2356562,auto rejected automatically,2026-06-17 00:11:24
2356848,auto rejected automatically,2026-06-17 00:11:25
2356965,auto rejected automatically,2026-06-17 00:11:25
2356797,rejected,2026-06-17 17:39:21
2356393,rejected,2026-06-17 17:39:35
2356583,rejected,2026-06-17 18:13:32
2356776,rejected,2026-06-17 18:16:21
2356867,rejected,2026-06-17 18:30:15
2356754,rejected,2026-06-17 18:36:57
2356944,rejected,2026-06-17 18:44:05
2356992,rejected,2026-06-17 19:05:42
2356993,rejected,2026-06-17 19:05:46
2356683,rejected,2026-06-17 19:35:21
2356997,rejected,2026-06-17 19:56:58
2356599,rejected,2026-06-17 20:39:17
2356251,rejected,2026-06-17 20:41:22
2356674,rejected,2026-06-17 20:49:20
2356790,rejected,2026-06-17 20:51:12
2355936,rejected,2026-06-17 20:57:54
2356925,rejected,2026-06-17 21:07:06
2356817,rejected,2026-06-17 21:18:21
2356847,on ground automatically,2026-06-18 00:10:06
2356606,accepted,2026-06-18 05:17:09
2356073,accounts - reconciliation,2026-06-18 12:17:27
2356119,rejected,2026-06-18 21:16:19
2356443,rejected,2026-06-18 21:16:49
2355416,rejected,2026-06-18 23:16:59
2357016,rejected,2026-06-18 23:25:12
2355324,auto rejected automatically,2026-06-19 00:12:38
2356092,auto rejected automatically,2026-06-19 00:12:38
2356313,accounts - reconciliation automatically,2026-06-20 00:11:34
2357023,rejected,2026-06-20 16:51:15
2355706,accepted,2026-06-20 17:31:04
2355924,auto rejected automatically,2026-06-21 00:10:15
2356058,accounts - reconciliation automatically,2026-06-21 00:10:15
2356883,auto rejected automatically,2026-06-21 00:12:25
2353781,on ground automatically,2026-06-22 00:10:04
2354762,auto rejected automatically,2026-06-22 00:10:28
2355390,accounts - reconciliation automatically,2026-06-22 00:10:29
2356438,accounts - reconciliation automatically,2026-06-22 00:11:27
2356735,accounts - reconciliation automatically,2026-06-22 00:12:56
2356820,auto rejected automatically,2026-06-22 00:12:56
2356821,auto rejected automatically,2026-06-22 00:12:56
2356852,auto rejected automatically,2026-06-22 00:12:56
2356970,accounts - reconciliation automatically,2026-06-22 00:12:56
2356987,accounts - reconciliation automatically,2026-06-22 00:12:56
2356206,accepted,2026-06-22 11:01:43
2356335,rejected,2026-06-22 16:59:46
2356333,rejected,2026-06-22 16:59:59
2356126,rejected,2026-06-22 17:00:30
2356528,rejected,2026-06-22 17:06:11
2356594,rejected,2026-06-22 17:09:32
2355371,accounts - reconciliation,2026-06-22 17:21:23
2355727,accounts - reconciliation,2026-06-22 17:22:06
2355223,accounts - reconciliation,2026-06-22 17:22:46
2354608,accounts - reconciliation,2026-06-22 17:23:25
2354617,accounts - reconciliation,2026-06-22 17:24:05
2355218,accounts - reconciliation,2026-06-22 17:24:44
2355998,pre qa - pending,2026-06-22 19:25:44
2357082,rejected,2026-06-22 21:43:07
2353638,auto rejected automatically,2026-06-23 00:10:03
2355633,accounts - reconciliation automatically,2026-06-23 00:10:05
2356539,auto rejected automatically,2026-06-23 00:10:05
2356548,accounts - reconciliation automatically,2026-06-23 00:10:05
2356569,accounts - reconciliation automatically,2026-06-23 00:10:05
2356677,on ground automatically,2026-06-23 00:10:05
2356156,rejected,2026-06-23 10:31:29
2347898,accounts - reconciliation,2026-06-23 11:33:51
2311427,accounts - reconciliation,2026-06-23 11:35:09
2347432,accounts - reconciliation,2026-06-23 11:36:43
2356767,rejected,2026-06-23 14:41:35
2356788,rejected,2026-06-23 16:49:49
2356756,rejected,2026-06-23 16:49:54
2356720,rejected,2026-06-23 17:17:49
2356915,rejected,2026-06-23 17:22:19
2356169,rejected,2026-06-23 17:30:53
2357057,rejected,2026-06-23 20:17:30
2356930,rejected,2026-06-23 21:04:15
2356827,rejected,2026-06-23 21:34:37
2356188,accounts - reconciliation automatically,2026-06-24 00:10:05
2356950,rejected,2026-06-24 18:47:00
2356712,rejected,2026-06-24 21:16:57
2354917,rejected,2026-06-25 00:07:26
2354964,auto rejected automatically,2026-06-25 00:10:04
2356794,accounts - reconciliation automatically,2026-06-25 00:10:06
2356988,accounts - reconciliation automatically,2026-06-25 00:11:32
2356678,rejected,2026-06-25 00:11:56
2356265,accounts - reconciliation,2026-06-25 17:53:29
2357086,rejected,2026-06-25 22:03:58
2356974,rejected,2026-06-25 22:43:30
2355251,auto rejected automatically,2026-06-26 00:10:05
2356475,auto rejected automatically,2026-06-26 00:10:05
2356485,auto rejected automatically,2026-06-26 00:10:05
2356644,accounts - reconciliation automatically,2026-06-26 00:10:05
2356672,auto rejected automatically,2026-06-26 00:10:05
2355663,rejected,2026-06-26 03:24:56
2357113,rejected,2026-06-26 14:37:19
2355870,rejected,2026-06-26 15:26:40
2356343,rejected,2026-06-26 15:30:01
2356347,rejected,2026-06-26 15:31:49
2356651,rejected,2026-06-26 15:45:33
2356589,rejected,2026-06-26 15:49:25
2357013,rejected,2026-06-26 17:07:10
2357014,rejected,2026-06-26 17:07:14
2356958,rejected,2026-06-26 17:07:29
2356897,rejected,2026-06-26 17:24:58
2356319,rejected,2026-06-26 20:11:52
2356841,rejected,2026-06-26 20:11:56
2356410,rejected,2026-06-26 21:48:44
2356611,accepted,2026-06-26 21:52:16
2356629,accounts - reconciliation automatically,2026-06-27 00:10:05
2356989,accounts - reconciliation automatically,2026-06-27 00:10:05
2356231,rejected,2026-06-27 17:33:19
2357170,rejected,2026-06-27 22:35:48
2355098,accounts - reconciliation automatically,2026-06-28 00:10:04
2356945,accounts - reconciliation automatically,2026-06-28 00:10:06
2356452,accounts - reconciliation automatically,2026-06-29 00:10:05
2356956,auto rejected automatically,2026-06-29 00:10:05
2356595,rejected,2026-06-29 14:45:03
2357077,rejected,2026-06-29 15:04:40
2355393,rejected,2026-06-29 15:26:27
2356578,rejected,2026-06-29 15:26:31
2357040,rejected,2026-06-29 16:06:13
2354942,rejected,2026-06-29 16:57:12
2354945,rejected,2026-06-29 16:57:26
2356902,rejected,2026-06-29 16:59:18
2355235,rejected,2026-06-29 17:13:05
2355130,rejected,2026-06-29 17:17:45
2355107,rejected,2026-06-29 17:17:48
2356153,rejected,2026-06-29 17:24:00
2356834,rejected,2026-06-29 18:07:31
2355192,rejected,2026-06-29 18:43:52
2356957,accepted,2026-06-29 18:44:57
2356024,rejected,2026-06-29 19:02:45
2356371,rejected,2026-06-29 20:05:44
2356909,rejected,2026-06-29 20:44:41
2357042,rejected,2026-06-29 20:52:54
2354108,rejected,2026-06-29 21:06:13
2356040,rejected,2026-06-29 21:08:37
2355771,rejected,2026-06-29 21:08:44
2355778,rejected,2026-06-29 21:08:50
2355827,rejected,2026-06-29 21:13:56
2357068,rejected,2026-06-29 21:24:30
2355628,rejected,2026-06-29 21:24:33
2355636,rejected,2026-06-29 21:25:02
2355902,rejected,2026-06-29 21:32:52
2355500,rejected,2026-06-29 22:12:06
2355707,rejected,2026-06-29 22:16:01
2356295,rejected,2026-06-29 22:16:54
2357128,rejected,2026-06-29 22:17:45
2357048,rejected,2026-06-29 22:44:56
2356850,rejected,2026-06-29 23:07:11
2355394,auto rejected automatically,2026-06-30 00:10:05
2356737,accounts - reconciliation automatically,2026-06-30 00:10:06
2357167,auto rejected automatically,2026-06-30 00:10:06
2356913,accepted,2026-06-30 09:40:44
2356978,rejected,2026-06-30 17:16:43
2347883,rejected after confrmation qa completed,2026-06-30 17:53:03
2347645,accounts - reconciliation,2026-06-30 17:54:01
2347098,accounts - reconciliation,2026-06-30 17:55:50
2347637,completed (accounts),2026-06-30 17:58:51
2348349,rejected after confrmation qa completed,2026-06-30 18:00:12
2348452,accounts - reconciliation,2026-06-30 18:03:58
2347643,accounts - reconciliation,2026-06-30 18:04:54
2347378,accounts - reconciliation,2026-06-30 18:06:53
2352261,accounts - reconciliation,2026-06-30 18:09:59
2357157,rejected,2026-06-30 19:05:23
2357163,rejected,2026-06-30 19:15:04
2357164,rejected,2026-06-30 19:25:06
2357169,rejected,2026-06-30 19:30:12
2355199,rejected,2026-06-30 20:48:48
2356243,rejected,2026-06-30 20:54:40
2356043,rejected,2026-06-30 21:20:38
2354848,rejected,2026-06-30 21:43:56
2355396,rejected,2026-06-30 21:44:34
2355516,rejected,2026-06-30 21:45:52
2356648,rejected,2026-06-30 21:53:16
2355488,rejected,2026-06-30 22:09:41
2356624,rejected,2026-06-30 22:14:21
2355632,accounts - reconciliation automatically,2026-07-01 00:10:04
2356158,auto rejected automatically,2026-07-01 00:10:05
2356159,auto rejected automatically,2026-07-01 00:10:05
2356575,auto rejected automatically,2026-07-01 00:10:05
2356576,auto rejected automatically,2026-07-01 00:10:05
2356779,accounts - reconciliation automatically,2026-07-01 00:10:05
2357121,auto rejected automatically,2026-07-01 00:10:05
2357187,auto rejected automatically,2026-07-01 00:10:05
2355635,rejected,2026-07-01 04:39:53
2356891,rejected,2026-07-01 14:52:24
2356542,rejected,2026-07-01 16:01:23
2356541,rejected,2026-07-01 16:02:10
2356775,rejected,2026-07-01 16:28:57
2356456,rejected,2026-07-01 16:55:19
2356903,rejected,2026-07-01 17:11:59
2357015,rejected,2026-07-01 17:12:21
2357004,rejected,2026-07-01 17:24:19
2357053,rejected,2026-07-01 18:17:11
2356981,rejected,2026-07-01 19:59:14
2357144,rejected,2026-07-01 22:29:17
2357189,rejected,2026-07-01 22:29:25
2356840,rejected,2026-07-01 22:37:33
2356137,auto rejected automatically,2026-07-02 00:10:05
2356138,auto rejected automatically,2026-07-02 00:10:05
2356140,auto rejected automatically,2026-07-02 00:10:05
2356141,auto rejected automatically,2026-07-02 00:10:05
2356237,auto rejected automatically,2026-07-02 00:10:05
2356311,auto rejected automatically,2026-07-02 00:10:05
2356422,auto rejected automatically,2026-07-02 00:10:05
2356423,auto rejected automatically,2026-07-02 00:10:05
2356488,auto rejected automatically,2026-07-02 00:10:05
2356805,auto rejected automatically,2026-07-02 00:10:05
2356889,auto rejected automatically,2026-07-02 00:10:05
2356401,rejected,2026-07-02 00:43:23
2355168,rejected,2026-07-02 03:59:13
2356585,rejected,2026-07-02 04:00:44
2356600,rejected,2026-07-02 04:02:08
2356621,rejected,2026-07-02 04:02:15
2356426,rejected,2026-07-02 04:05:26
2356760,rejected,2026-07-02 04:40:44
2355473,rejected,2026-07-02 15:43:47
2356471,rejected,2026-07-02 15:49:57
2355229,rejected,2026-07-02 16:13:38
2355161,rejected,2026-07-02 16:57:26
2348274,accounts - reconciliation,2026-07-02 17:00:46
2347732,accounts - reconciliation,2026-07-02 17:01:41
2348283,accounts - reconciliation,2026-07-02 17:03:14
2356679,rejected,2026-07-02 17:03:19
2348579,accounts - reconciliation,2026-07-02 17:04:23
2356923,rejected,2026-07-02 17:52:46
2356435,rejected,2026-07-02 18:26:13
2357159,rejected,2026-07-02 19:33:32
2356740,rejected,2026-07-02 19:38:21
2357112,rejected,2026-07-02 20:43:30
2356446,rejected,2026-07-02 20:43:41
2356444,rejected,2026-07-02 20:43:51
2355508,rejected,2026-07-02 21:26:32
2356994,rejected,2026-07-02 21:29:56
2357010,rejected,2026-07-02 21:33:51
2356646,rejected,2026-07-02 22:07:32
2356537,accounts - reconciliation automatically,2026-07-03 00:10:05
2357205,accepted,2026-07-03 12:35:44
2350520,accounts - reconciliation,2026-07-03 13:31:05
2350808,accounts - reconciliation,2026-07-03 13:31:39
2355448,rejected,2026-07-03 16:37:51
2357000,rejected,2026-07-03 16:44:03
2357109,rejected,2026-07-03 16:50:28
2356494,rejected,2026-07-03 16:52:01
2356622,rejected,2026-07-03 16:54:10
2355252,rejected,2026-07-03 17:18:18
2357115,rejected,2026-07-03 17:43:19
2356467,rejected,2026-07-03 18:08:43
2357093,rejected,2026-07-03 18:18:09
2356772,rejected,2026-07-03 18:19:58
2356864,rejected,2026-07-03 19:12:48
2356686,rejected,2026-07-03 19:29:27
2356178,rejected,2026-07-03 19:33:52
2357094,rejected,2026-07-03 20:22:21
2356892,rejected,2026-07-03 20:30:20
2356693,rejected,2026-07-03 20:31:51
2355960,rejected,2026-07-03 20:49:40
2356274,rejected,2026-07-03 20:55:24
2357117,rejected,2026-07-03 21:57:44
2357175,rejected,2026-07-03 22:02:58
2357130,rejected,2026-07-03 22:06:26
2357166,rejected,2026-07-03 22:35:03
2357096,rejected,2026-07-04 14:46:18
2355741,rejected,2026-07-04 16:45:30
2357161,rejected,2026-07-04 16:47:17
2356826,rejected,2026-07-04 17:13:57
2356857,rejected,2026-07-04 17:14:03
2356655,rejected,2026-07-04 17:15:01
2356408,auto rejected automatically,2026-07-05 00:10:05
2356427,auto rejected automatically,2026-07-05 00:10:05
2355906,auto rejected automatically,2026-07-06 00:10:06
2357124,rejected,2026-07-06 14:32:15
2356887,rejected,2026-07-06 16:46:21
2357080,rejected,2026-07-06 16:46:27
2357195,rejected,2026-07-06 17:05:16
2357129,rejected,2026-07-06 17:38:35
2357133,rejected,2026-07-06 17:43:34
2356352,rejected,2026-07-06 17:46:53
2356499,rejected,2026-07-06 17:58:39
2356716,rejected,2026-07-06 17:58:45
2357246,rejected,2026-07-06 18:10:50
2356982,rejected,2026-07-06 18:50:42
2356752,rejected,2026-07-06 19:47:52
2356763,rejected,2026-07-06 19:47:55
2357198,rejected,2026-07-06 20:01:44
2356895,rejected,2026-07-06 20:02:20
2357104,rejected,2026-07-06 20:12:49
2356998,accepted,2026-07-06 20:14:10
2356952,rejected,2026-07-06 20:18:23
2357031,rejected,2026-07-06 20:19:43
2357146,rejected,2026-07-06 20:22:13
2357097,rejected,2026-07-06 20:24:21
2355689,rejected,2026-07-06 21:32:50
2357056,rejected,2026-07-06 21:38:34
2356954,rejected,2026-07-06 21:59:00
2356962,rejected,2026-07-06 21:59:07
2356888,rejected,2026-07-06 22:33:32
2357047,rejected,2026-07-06 22:33:36
2355143,accounts - reconciliation automatically,2026-07-07 00:10:04
2356114,auto rejected automatically,2026-07-07 00:10:05
2356180,auto rejected automatically,2026-07-07 00:10:05
2356355,auto rejected automatically,2026-07-07 00:10:05
2357058,auto rejected automatically,2026-07-07 00:10:05
2357091,accepted,2026-07-07 05:10:38
2356501,rejected,2026-07-07 14:49:09
2356921,rejected,2026-07-07 14:49:18
2357027,rejected,2026-07-07 16:51:17
2357079,rejected,2026-07-07 17:05:24
2356761,rejected,2026-07-07 17:11:11
2357043,rejected,2026-07-07 18:24:11
2357206,rejected,2026-07-07 18:48:37
2357156,rejected,2026-07-07 19:39:09
2357171,rejected,2026-07-07 19:55:30
2356391,rejected,2026-07-07 20:18:42
2356496,rejected,2026-07-07 20:18:51
2356392,rejected,2026-07-07 20:18:58
2356573,rejected,2026-07-07 20:19:57
2357234,rejected,2026-07-07 20:20:13
2356612,rejected,2026-07-07 20:22:20
2357158,rejected,2026-07-07 20:22:44
2356461,rejected,2026-07-07 20:25:52
2356824,rejected,2026-07-07 20:46:52
2356859,rejected,2026-07-07 20:49:56
2356831,rejected,2026-07-07 21:08:48
2356871,rejected,2026-07-07 21:15:36
2357201,rejected,2026-07-07 21:33:37
2357051,rejected,2026-07-07 22:11:43
2357212,rejected,2026-07-07 22:21:17
2354553,rejected,2026-07-07 22:21:29
2355985,rejected,2026-07-07 22:21:36
2355370,rejected,2026-07-07 23:47:03
2354811,auto rejected automatically,2026-07-08 00:10:05
2356977,rejected,2026-07-08 10:49:26
2357271,accepted,2026-07-08 11:05:51
2357141,rejected,2026-07-08 12:05:43
2356326,created,2026-07-08 13:13:30
2357185,accepted,2026-07-08 13:21:08
2354091,rejected,2026-07-08 16:56:13
2355306,rejected,2026-07-08 16:57:01
2357160,rejected,2026-07-08 17:09:32
2357087,rejected,2026-07-08 17:23:11
2356687,rejected,2026-07-08 17:23:16
2357217,rejected,2026-07-08 17:27:27
2357007,rejected,2026-07-08 17:57:20
2357202,rejected,2026-07-08 18:04:25
2355535,rejected,2026-07-08 18:44:18
2357067,rejected,2026-07-08 18:53:16
2356979,rejected,2026-07-08 20:36:24
2356280,rejected,2026-07-08 20:39:29
2356379,rejected,2026-07-08 20:41:49
2356703,rejected,2026-07-08 20:42:28
2356699,rejected,2026-07-08 20:42:45
2356623,rejected,2026-07-08 20:43:45
2356557,rejected,2026-07-08 20:55:57
2356558,rejected,2026-07-08 20:59:47
2356518,rejected,2026-07-08 21:04:08
2356481,rejected,2026-07-08 21:05:47
2355787,auto rejected automatically,2026-07-09 00:10:05
2355950,accounts - reconciliation automatically,2026-07-09 00:10:05
2356045,requote,2026-07-09 00:15:36
2357243,requote,2026-07-09 00:16:03
2357287,rejected,2026-07-09 12:56:10
2356572,accepted,2026-07-09 16:10:13
2356328,rejected,2026-07-09 17:15:53
2357270,rejected,2026-07-09 17:19:06
2355291,rejected,2026-07-09 17:58:36
2355653,rejected,2026-07-09 18:04:40
2356034,rejected,2026-07-09 18:06:24
2356434,rejected,2026-07-09 19:30:01
2355517,rejected,2026-07-09 20:14:05
2355436,rejected,2026-07-09 20:57:58
2356684,rejected,2026-07-09 21:09:08
2355930,rejected,2026-07-09 21:11:12
2356932,rejected,2026-07-09 21:13:35
2355599,rejected,2026-07-09 21:18:43
2356984,rejected,2026-07-09 21:35:54
2356696,rejected,2026-07-09 21:43:15
2357100,accepted,2026-07-09 21:59:19
2356506,rejected,2026-07-09 22:18:02
2356770,rejected,2026-07-09 22:18:40
2356781,rejected,2026-07-09 22:19:40
2357197,rejected,2026-07-09 22:19:58
2356529,rejected,2026-07-09 22:23:16
2355236,rejected,2026-07-09 22:29:34
2354667,rejected,2026-07-09 22:29:50
2354670,rejected,2026-07-09 22:30:01
2355888,rejected,2026-07-09 22:30:39
2356028,rejected,2026-07-09 22:31:08
2355413,rejected,2026-07-09 22:33:23
2355414,rejected,2026-07-09 22:33:42
2356598,rejected,2026-07-09 22:38:05
2357101,accepted,2026-07-09 23:03:29
2356500,rejected,2026-07-09 23:18:49
2356394,rejected,2026-07-10 15:25:52
2357274,requote,2026-07-10 18:05:19
2357294,rejected,2026-07-10 18:50:19
2357296,rejected,2026-07-10 18:50:29
2356486,rejected,2026-07-10 21:31:16
2356843,accounts - reconciliation automatically,2026-07-11 00:10:06
2357083,accounts - reconciliation automatically,2026-07-11 00:10:06
2357268,accepted,2026-07-11 15:10:08
2356450,rejected,2026-07-11 17:29:40
2357281,rejected,2026-07-11 17:29:52
2357107,rejected,2026-07-11 17:31:50
2357304,rejected,2026-07-11 17:33:08
2357297,rejected,2026-07-11 18:33:13
2357300,rejected,2026-07-11 18:33:35
2357298,rejected,2026-07-11 20:23:52
2357299,rejected,2026-07-11 20:24:01
2355958,rejected,2026-07-11 21:41:01
2356656,rejected,2026-07-11 21:42:29
2356244,rejected,2026-07-11 21:43:50
2356246,rejected,2026-07-11 21:44:01
2356380,rejected,2026-07-11 21:45:15
2355556,accepted,2026-07-12 00:25:44
2356918,rejected,2026-07-13 17:32:45
2356929,rejected,2026-07-13 17:32:56
2357111,rejected,2026-07-13 18:48:02
2356709,rejected,2026-07-13 18:56:44
2357123,rejected,2026-07-13 20:19:30
2357293,rejected,2026-07-13 20:35:24
2356870,rejected,2026-07-13 20:48:18
2357029,rejected,2026-07-13 21:13:50
2356377,rejected,2026-07-13 21:52:30
2356799,rejected,2026-07-13 21:52:53
2356386,rejected,2026-07-13 22:08:53
2356814,rejected,2026-07-13 22:11:42
2357310,accepted,2026-07-14 10:53:44
2357126,rejected,2026-07-14 14:58:46
2357214,rejected,2026-07-14 15:21:09
2356743,rejected after confrmation qa pending,2026-07-14 17:17:13
2357278,rejected,2026-07-14 17:51:51
2357325,rejected,2026-07-14 17:56:10
2356877,rejected,2026-07-14 18:16:47
2357045,rejected,2026-07-14 18:37:10
2357174,rejected,2026-07-14 18:38:39
2357135,rejected,2026-07-14 19:24:22
2357008,rejected,2026-07-14 19:36:04
2357333,rejected,2026-07-14 20:01:26
2357280,rejected,2026-07-14 20:14:33
2356869,rejected,2026-07-14 20:30:58
2357350,rejected,2026-07-14 20:51:35
2356931,rejected,2026-07-14 20:58:09
2354130,auto rejected automatically,2026-07-15 00:10:04
2355728,accounts - reconciliation automatically,2026-07-15 00:10:05
2356654,accounts - reconciliation automatically,2026-07-15 00:10:05
2357110,accepted,2026-07-15 13:59:48
2357255,rejected,2026-07-15 14:20:53
2357204,accepted,2026-07-15 14:36:02
2357017,rejected after confrmation qa pending,2026-07-15 15:58:00
2356339,rejected,2026-07-15 16:54:13
2356861,rejected,2026-07-15 17:03:00
2355558,rejected,2026-07-15 17:24:32
2357339,rejected,2026-07-15 17:28:52
2357054,rejected,2026-07-15 17:45:50
2357351,rejected,2026-07-15 18:14:14
2355739,rejected,2026-07-15 20:08:45
2356860,rejected,2026-07-15 20:08:56
2357329,rejected,2026-07-15 20:09:08
2357345,rejected,2026-07-15 20:12:35
2357347,rejected,2026-07-15 20:15:22
2357368,rejected,2026-07-15 20:49:05
2354554,auto rejected automatically,2026-07-16 00:10:05
2354914,auto rejected automatically,2026-07-16 00:10:05
2356358,rejected,2026-07-16 11:03:10
2357286,rejected,2026-07-16 11:04:01
2357382,rejected,2026-07-16 14:57:04
2357282,rejected,2026-07-16 17:27:20
2356947,rejected,2026-07-16 17:38:57
2357392,accepted,2026-07-16 20:43:51
2356832,rejected,2026-07-16 20:48:25
2356782,accounts - reconciliation automatically,2026-07-17 00:10:05
2357073,accounts - reconciliation automatically,2026-07-17 00:10:05
2356511,on ground,2026-07-17 17:18:49
2356591,rejected,2026-07-17 18:33:30
2356833,rejected,2026-07-17 20:11:49
2356975,rejected,2026-07-17 21:16:20
2357285,rejected,2026-07-17 21:53:16
2357415,created,2026-07-17 22:13:29
2355451,accounts - reconciliation automatically,2026-07-18 00:10:04
2355649,auto rejected automatically,2026-07-18 00:10:04
2357360,accepted,2026-07-18 14:44:55
2356900,rejected,2026-07-18 20:19:24
2357370,rejected,2026-07-18 20:39:32
2356609,rejected,2026-07-18 20:55:23
2356238,accounts - reconciliation automatically,2026-07-19 00:10:05
2356986,auto rejected automatically,2026-07-19 00:11:04
2357018,accounts - reconciliation automatically,2026-07-19 00:11:05
2354131,auto rejected automatically,2026-07-20 00:10:04
2354241,auto rejected automatically,2026-07-20 00:10:04
2356802,auto rejected automatically,2026-07-20 00:10:05
2357178,accounts - reconciliation automatically,2026-07-20 00:10:05
2357199,rejected,2026-07-20 15:53:04
2357323,rejected,2026-07-20 15:56:01
2355905,rejected,2026-07-20 18:13:37
2357116,rejected,2026-07-20 18:47:41
2356920,rejected,2026-07-20 20:26:23
2356442,auto rejected automatically,2026-07-21 00:10:05
2357003,on ground automatically,2026-07-21 00:10:05
2355497,created,2026-07-21 11:53:30
2356815,accepted,2026-07-21 13:24:46
2357136,rejected,2026-07-21 15:15:46
2357139,rejected,2026-07-21 16:35:01
2356372,rejected,2026-07-21 17:21:21
2356753,rejected,2026-07-21 17:33:51
2356671,rejected,2026-07-21 18:26:20
2356960,rejected,2026-07-21 18:26:27
2357349,rejected,2026-07-21 20:40:47
2357395,rejected,2026-07-21 20:46:35
2357231,rejected,2026-07-21 20:52:32
2356341,rejected,2026-07-21 21:17:38
2357401,rejected,2026-07-21 21:18:49
2357436,rejected,2026-07-21 22:01:19
2356838,auto rejected automatically,2026-07-22 00:10:06
2357193,auto rejected automatically,2026-07-22 00:10:06
2357225,auto rejected automatically,2026-07-22 00:10:06
2357372,auto rejected automatically,2026-07-22 00:10:06
2357465,rejected,2026-07-22 14:24:53
2357207,rejected,2026-07-22 15:01:23
2356181,rejected after confrmation qa pending,2026-07-22 16:54:41
2355455,accepted,2026-07-22 16:58:14
2356890,rejected,2026-07-22 17:33:24
2357191,rejected,2026-07-22 17:44:04
2357137,rejected,2026-07-22 17:46:11
2357138,rejected,2026-07-22 17:46:16
2356685,rejected,2026-07-22 17:48:18
2356911,rejected,2026-07-22 17:51:49
2356914,rejected,2026-07-22 17:53:50
2355157,rejected,2026-07-22 17:55:00
2357331,rejected,2026-07-22 18:05:16
2357257,rejected,2026-07-22 18:58:27
2356322,rejected,2026-07-22 18:59:21
2356721,auto rejected automatically,2026-07-23 00:10:05
2356758,auto rejected automatically,2026-07-23 00:10:05
2357404,accounts - reconciliation automatically,2026-07-23 00:10:06
2355980,rejected after confrmation qa pending,2026-07-23 18:18:27
2356899,rejected,2026-07-23 18:24:15
2357353,rejected,2026-07-23 18:26:55
2356884,rejected,2026-07-23 18:51:45
2357348,rejected,2026-07-23 18:53:14
2357258,rejected,2026-07-23 18:53:59
2357460,rejected,2026-07-23 19:01:08
2356162,rejected,2026-07-23 19:36:08
2356919,rejected,2026-07-23 19:58:33
2357036,rejected,2026-07-23 20:10:12
2357284,accepted,2026-07-23 21:16:45
2356697,auto rejected automatically,2026-07-24 00:10:05
2357026,on ground automatically,2026-07-24 00:10:06
2354961,created,2026-07-24 09:57:06
2357177,rejected,2026-07-24 15:48:47
2356449,rejected,2026-07-24 15:49:12
2357090,accepted,2026-07-24 15:56:35
2357037,accepted,2026-07-24 16:01:47
2357210,rejected,2026-07-24 16:59:09
2357215,rejected,2026-07-24 17:01:33
2356744,rejected,2026-07-24 17:01:39
2357216,rejected,2026-07-24 17:02:22
2356376,rejected,2026-07-24 17:10:43
2356337,rejected,2026-07-24 17:12:58
2357055,rejected,2026-07-24 17:13:35
2356825,rejected,2026-07-24 17:13:48
2356906,accounts - reconciliation,2026-07-24 17:36:46
2356935,rejected,2026-07-24 17:50:09
2355705,rejected,2026-07-24 17:50:40
2356879,rejected,2026-07-24 17:53:34
2357084,rejected,2026-07-24 18:46:06
2355533,auto rejected automatically,2026-07-25 00:10:04
2356369,accounts - reconciliation automatically,2026-07-25 00:10:05
2357283,accounts - reconciliation automatically,2026-07-25 00:10:05
2356359,rejected,2026-07-25 17:03:59
2356705,rejected,2026-07-25 17:07:19
2357506,rejected,2026-07-25 18:58:14
2356835,rejected,2026-07-25 21:56:49
2357006,rejected,2026-07-25 21:57:36
2357009,rejected,2026-07-25 21:58:33
2356464,auto rejected automatically,2026-07-26 00:10:05
2357362,accounts - reconciliation automatically,2026-07-26 00:10:05
2355598,accounts - reconciliation automatically,2026-07-27 00:10:04
2356460,accounts - reconciliation automatically,2026-07-27 00:10:05
2357527,created,2026-07-27 17:05:00
2357151,rejected,2026-07-27 18:14:36
2356922,accepted,2026-07-27 19:15:34
2357050,rejected,2026-07-27 22:07:00
2357072,rejected,2026-07-27 22:08:16
2356037,rejected,2026-07-27 22:12:44
2357005,rejected,2026-07-27 22:30:38
2357105,accounts - reconciliation automatically,2026-07-28 00:10:17
2357473,created,2026-07-28 04:35:25
2357474,created,2026-07-28 05:42:59
2357561,created,2026-07-28 14:45:30
2357153,accepted,2026-07-28 15:19:58
2357462,requote,2026-07-28 15:27:24
2357466,requote,2026-07-28 15:27:27
2357152,accepted,2026-07-28 16:37:41
2357061,rejected,2026-07-28 17:00:56
2357432,rejected,2026-07-28 17:05:58
2357433,rejected,2026-07-28 17:09:38
2356041,rejected,2026-07-28 17:23:41
2357354,rejected,2026-07-28 17:28:49
2357467,rejected,2026-07-28 17:32:43
2357438,requote,2026-07-28 17:32:56
2357316,rejected,2026-07-28 17:34:39
2357150,rejected,2026-07-28 18:11:34
2356980,rejected,2026-07-28 18:50:11
2356765,rejected,2026-07-28 18:51:30
2357550,rejected,2026-07-28 19:01:08
2357531,rejected,2026-07-28 19:01:15
2357052,rejected,2026-07-28 20:23:46
2357168,rejected,2026-07-28 20:35:40
2357534,rejected,2026-07-28 20:39:10
2355385,rejected,2026-07-28 21:57:50
2357551,rejected,2026-07-28 22:32:53
2357533,accepted,2026-07-28 22:39:26
2356942,auto rejected automatically,2026-07-29 00:10:05
2356959,accounts - reconciliation automatically,2026-07-29 00:10:06
2357562,created,2026-07-29 06:55:32
2357569,rejected,2026-07-29 16:18:37
2356750,rejected,2026-07-29 16:51:54
2356248,rejected,2026-07-29 16:53:21
2356538,rejected,2026-07-29 16:54:38
2357251,rejected,2026-07-29 16:55:38
2356546,rejected,2026-07-29 17:55:44
2354849,requote,2026-07-29 19:41:19
2357034,rejected,2026-07-29 19:43:27
2356912,rejected,2026-07-29 20:05:57
2357224,rejected,2026-07-29 20:06:55
2357099,accepted,2026-07-29 20:21:03
2357371,rejected,2026-07-29 21:05:03
2356625,rejected,2026-07-29 21:25:52
2357219,rejected,2026-07-29 21:30:20
2357081,rejected,2026-07-29 21:31:12
2357554,accepted,2026-07-29 22:47:18
2357555,accepted,2026-07-30 00:02:15
2356810,accounts - reconciliation automatically,2026-07-30 00:10:06
2356940,accounts - reconciliation automatically,2026-07-30 00:10:06
2357220,accounts - reconciliation automatically,2026-07-30 00:10:06
2357269,accounts - reconciliation automatically,2026-07-30 00:10:06
2357475,accepted,2026-07-30 10:55:02
2355783,accepted,2026-07-30 11:47:34
2356314,accepted,2026-07-30 12:24:16
2357505,rejected,2026-07-30 14:51:35
2357598,accepted,2026-07-30 15:00:35
2357232,accepted,2026-07-30 20:20:03
2356620,rejected,2026-07-30 20:32:18
2356695,rejected,2026-07-30 20:41:40
2356967,rejected,2026-07-30 20:44:22
2357380,rejected,2026-07-30 21:20:58
2356441,rejected,2026-07-30 21:38:50
2357559,rejected,2026-07-30 21:48:50
2357535,rejected,2026-07-30 21:48:55
2357277,rejected,2026-07-30 21:54:17
2357265,rejected,2026-07-30 22:19:12
2356189,rejected,2026-07-30 22:22:36
2357549,rejected,2026-07-31 00:20:44
2357192,rejected,2026-07-31 15:20:28
2357275,rejected,2026-07-31 15:22:56
2357566,rejected,2026-07-31 16:00:34
2357567,rejected,2026-07-31 16:00:43
2357586,rejected,2026-07-31 16:00:51
2356904,pre qa - pending,2026-07-31 16:16:14
2357558,accepted,2026-07-31 17:03:08
2357397,rejected,2026-07-31 17:34:09
2357451,rejected,2026-07-31 17:45:47
2357292,rejected,2026-07-31 20:19:18
2356858,rejected,2026-07-31 22:09:39
2357427,rejected,2026-07-31 22:13:36
2357579,auto rejected automatically,2026-08-01 00:10:34
2357629,rejected,2026-08-01 15:00:04
2357500,rejected,2026-08-01 17:23:40
2356601,rejected,2026-08-01 17:37:35
2357470,requote,2026-08-01 17:45:46
2357039,rejected,2026-08-01 18:02:02
2357211,rejected,2026-08-01 18:40:02
2357320,rejected,2026-08-01 18:50:00
2357363,accepted,2026-08-01 19:22:44
2357454,accepted,2026-08-01 20:07:59
2354525,rejected after confrmation qa completed,2026-08-01 20:15:41
2357477,accepted,2026-08-01 22:03:05
2355134,auto rejected automatically,2026-08-02 00:10:06
2356702,auto rejected automatically,2026-08-02 00:10:07
2357384,accounts - reconciliation automatically,2026-08-02 00:10:08
2356179,auto rejected automatically,2026-08-03 00:10:05
2355137,accepted,2026-08-03 13:21:45
2357641,accepted,2026-08-03 15:04:14
2357645,accepted,2026-08-03 15:11:23
2355944,rejected,2026-08-03 15:46:30
2357221,rejected,2026-08-03 15:51:19
2356726,rejected,2026-08-03 15:57:59
2356796,rejected,2026-08-03 16:13:48
2356951,rejected,2026-08-03 16:14:22
2357610,accepted,2026-08-03 16:28:22
2357155,rejected,2026-08-03 17:05:23
2356330,rejected,2026-08-03 17:19:44
2357654,requote,2026-08-03 17:32:45
2356701,rejected,2026-08-03 19:47:30
2357074,rejected,2026-08-03 20:07:38
2357491,rejected,2026-08-03 20:48:44
2357352,rejected,2026-08-03 21:29:03
2357131,rejected,2026-08-03 22:41:11
2357103,rejected,2026-08-03 22:48:26
2352711,rejected,2026-08-03 22:50:49
2356803,auto rejected automatically,2026-08-04 00:10:05
2357666,rejected,2026-08-04 14:56:37
2357667,accepted,2026-08-04 14:59:19
2357676,rejected,2026-08-04 15:34:53
2357262,rejected,2026-08-04 16:15:17
2357517,rejected,2026-08-04 16:55:56
2357609,rejected,2026-08-04 18:04:08
2357611,rejected,2026-08-04 18:04:19
2357396,rejected,2026-08-04 19:36:57
2356516,rejected,2026-08-04 19:38:57
2356545,rejected,2026-08-04 19:39:08
2357279,rejected,2026-08-04 19:51:53
2357485,rejected,2026-08-04 20:06:33
2357486,rejected,2026-08-04 20:06:37
2357693,rejected,2026-08-04 20:44:15
2357383,rejected,2026-08-04 21:15:29
2357463,rejected,2026-08-04 21:58:55
2357421,rejected,2026-08-04 23:08:34
2357423,rejected,2026-08-04 23:08:51
2357028,accounts - reconciliation automatically,2026-08-05 00:10:05
2357295,accounts - reconciliation automatically,2026-08-05 00:10:05
2357311,rejected,2026-08-05 09:05:24
2357046,accepted,2026-08-05 14:33:11
2357484,rejected,2026-08-05 16:26:48
2356806,rejected,2026-08-05 16:50:56
2356910,rejected,2026-08-05 16:52:24
2357635,accepted,2026-08-05 16:59:09
2357538,rejected,2026-08-05 17:07:43
2357556,rejected,2026-08-05 17:15:02
2357480,rejected,2026-08-05 17:22:41
2355465,rejected,2026-08-05 17:39:48
2356535,rejected,2026-08-05 17:47:22
2356863,rejected,2026-08-05 18:15:37
2356302,rejected,2026-08-05 19:46:50
2356878,rejected,2026-08-05 19:50:03
2356893,rejected,2026-08-05 19:50:14
2357200,accepted,2026-08-05 20:56:49
2357367,rejected,2026-08-05 21:33:16
2357369,rejected,2026-08-05 21:33:25
2356976,rejected,2026-08-05 21:35:30
2356616,rejected,2026-08-05 21:36:27
2356792,rejected,2026-08-05 21:38:19
2357002,rejected,2026-08-05 21:55:16
2356710,accounts - reconciliation automatically,2026-08-06 00:10:05
2356896,accounts - reconciliation automatically,2026-08-06 00:10:05
2353239,created,2026-08-06 15:04:39
2357632,rejected,2026-08-06 15:26:46
2357302,rejected,2026-08-06 16:54:08
2357303,rejected,2026-08-06 16:54:20
2356742,rejected,2026-08-06 17:10:30
2357456,rejected,2026-08-06 17:19:26
2357490,rejected,2026-08-06 17:21:29
2357290,rejected,2026-08-06 18:17:31
2357301,rejected,2026-08-06 19:26:08
2357447,rejected,2026-08-06 19:33:30
2357713,rejected,2026-08-06 19:42:34
2357715,rejected,2026-08-06 19:44:27
2356757,auto rejected automatically,2026-08-07 00:11:14
2357580,accounts - reconciliation automatically,2026-08-07 00:11:15
2356351,accepted,2026-08-07 08:01:13
2356104,rejected,2026-08-07 14:45:57
2356106,rejected,2026-08-07 14:46:06
2357711,rejected,2026-08-07 15:11:07
2357186,rejected,2026-08-07 15:15:07
2357247,rejected,2026-08-07 17:39:26
2357434,rejected,2026-08-07 18:02:05
2357768,rejected,2026-08-07 18:06:29
2356570,rejected,2026-08-07 18:10:29
2357375,rejected,2026-08-07 18:13:33
2357041,rejected,2026-08-07 18:14:02
2357060,rejected,2026-08-07 18:14:15
2357739,rejected,2026-08-07 20:17:38
2356389,accounts - reconciliation automatically,2026-08-08 00:10:05
2357757,auto rejected automatically,2026-08-08 00:10:06
2357514,rejected,2026-08-08 16:56:02
2357515,rejected,2026-08-08 16:56:16
2357355,rejected,2026-08-08 17:04:00
2357496,rejected,2026-08-08 17:06:03
2356469,rejected,2026-08-08 17:35:26
2354796,auto rejected automatically,2026-08-09 00:10:04
2356868,auto rejected automatically,2026-08-09 00:10:05
2356096,auto rejected automatically,2026-08-10 00:10:05
2357273,requote,2026-08-10 00:34:26
2356556,requote,2026-08-10 00:34:49
2357407,rejected,2026-08-10 09:07:56
2357319,rejected,2026-08-10 14:47:10
2357313,rejected,2026-08-10 15:15:02
2357250,rejected,2026-08-10 16:43:03
2357489,rejected,2026-08-10 17:09:00
2357699,rejected,2026-08-10 17:10:06
2357498,rejected,2026-08-10 17:32:38
2357468,rejected,2026-08-10 17:33:51
2356995,accepted,2026-08-10 17:59:07
2357254,rejected,2026-08-10 18:06:47
2357394,rejected,2026-08-10 18:15:58
2357143,rejected,2026-08-10 18:17:43
2357119,rejected,2026-08-10 20:30:57
2357335,rejected,2026-08-10 20:48:49
2357817,rejected,2026-08-10 20:49:24
2357588,rejected,2026-08-10 20:53:53
2357574,accepted,2026-08-10 22:20:21
2354869,accounts - reconciliation automatically,2026-08-11 00:10:04
2357512,rejected,2026-08-11 14:50:55
2357324,rejected after confrmation qa pending,2026-08-11 15:48:09
2357406,rejected after confrmation qa pending,2026-08-11 16:25:50
2355617,accepted,2026-08-11 16:29:13
2357403,accepted,2026-08-11 16:38:32
2357032,rejected,2026-08-11 17:35:19
2356773,rejected,2026-08-11 17:38:12
2357033,rejected,2026-08-11 18:06:08
2357513,rejected,2026-08-11 20:03:27
2357145,rejected,2026-08-11 20:13:33
2357516,rejected,2026-08-11 20:14:38
2357530,rejected,2026-08-11 20:20:01
2357837,rejected,2026-08-11 21:40:05
2356746,accounts - reconciliation automatically,2026-08-12 00:10:05
2355126,rejected after confrmation qa pending,2026-08-12 13:13:37
2357272,rejected,2026-08-12 14:33:41
2357482,rejected,2026-08-12 14:41:36
2357796,rejected,2026-08-12 16:12:29
2357830,rejected,2026-08-12 16:23:14
2357374,rejected,2026-08-12 17:03:00
2357595,accepted,2026-08-12 18:10:24
2357259,rejected,2026-08-12 19:08:59
2357233,rejected,2026-08-12 19:22:37
2357364,rejected,2026-08-12 19:25:00
2357526,rejected,2026-08-12 19:27:42
2357318,rejected,2026-08-12 20:07:15
2357553,rejected,2026-08-12 20:15:24
2357314,rejected,2026-08-12 20:27:58
2357418,rejected,2026-08-12 20:39:14
2357639,rejected,2026-08-12 20:42:13
2357536,rejected,2026-08-12 20:59:58
2357821,accepted,2026-08-12 21:07:57
2357102,rejected,2026-08-12 21:17:47
2354962,auto rejected automatically,2026-08-13 00:10:05
2356139,accounts - reconciliation automatically,2026-08-13 00:10:05
2357122,accounts - reconciliation automatically,2026-08-13 00:10:06
2357252,rejected,2026-08-13 10:55:18
2356872,final qa,2026-08-13 16:43:51
2357346,rejected,2026-08-13 16:52:58
2356996,delivered,2026-08-13 17:34:25
2357328,rejected after confrmation qa pending,2026-08-13 17:51:18
2357581,rejected,2026-08-13 20:54:12
2357585,rejected,2026-08-13 20:55:13
2357652,rejected,2026-08-13 20:56:36
2357887,rejected,2026-08-13 22:38:11
2355322,auto rejected automatically,2026-08-14 00:10:05
2356926,auto rejected automatically,2026-08-14 00:10:05
2356968,auto rejected automatically,2026-08-14 00:10:05
2357142,auto rejected automatically,2026-08-14 00:10:05
2357856,accepted,2026-08-14 14:38:03
2357898,accepted,2026-08-14 14:38:17
2356191,pre qa - pending,2026-08-14 14:48:15
2357745,accepted,2026-08-14 15:41:43
2357897,rejected,2026-08-14 16:46:23
2356187,rejected after confrmation qa pending,2026-08-14 16:55:39
2357852,rejected,2026-08-14 17:17:04
2357811,rejected,2026-08-14 17:49:34
2357839,rejected,2026-08-14 17:54:03
2357190,rejected,2026-08-14 17:57:19
2357338,rejected,2026-08-14 17:58:17
2357573,rejected,2026-08-14 18:20:04
2356927,rejected,2026-08-14 18:26:59
2357590,rejected,2026-08-14 18:27:43
2357735,rejected,2026-08-14 18:29:20
2357589,rejected,2026-08-14 18:29:37
2357502,rejected,2026-08-14 18:29:49
2357605,rejected,2026-08-14 18:30:09
2357426,rejected,2026-08-14 19:27:44
2357848,rejected,2026-08-14 19:41:34
2357891,created,2026-08-14 19:45:47
2357597,rejected,2026-08-14 19:47:28
2357833,rejected,2026-08-14 19:49:19
2357890,rejected,2026-08-14 19:54:36
2357820,accepted,2026-08-14 22:41:44
2357912,accepted,2026-08-14 22:50:43
2357377,auto rejected automatically,2026-08-16 00:10:06
2357379,auto rejected automatically,2026-08-16 00:10:06
2357437,accounts - reconciliation automatically,2026-08-16 00:10:06
2356941,auto rejected automatically,2026-08-17 00:10:06
2357614,auto rejected automatically,2026-08-17 00:10:06
2357317,accepted,2026-08-17 12:24:57
2357851,pre qa - pending,2026-08-17 13:34:18
2356839,accepted,2026-08-17 14:17:16
2356809,rejected,2026-08-17 15:18:20
2357647,rejected,2026-08-17 15:18:39
2356257,rejected,2026-08-17 15:20:23
2356865,rejected,2026-08-17 15:22:38
2356990,rejected,2026-08-17 15:23:18
2356657,rejected,2026-08-17 15:24:46
2357464,rejected,2026-08-17 15:29:44
2357873,rejected,2026-08-17 15:31:54
2357702,rejected,2026-08-17 15:31:58
2357874,rejected,2026-08-17 15:32:32
2357858,rejected,2026-08-17 17:17:17
2357626,requote,2026-08-17 17:24:15
2357728,requote,2026-08-17 17:24:29
2357412,rejected,2026-08-17 17:46:39
2357869,rejected,2026-08-17 18:22:12
2357870,rejected,2026-08-17 18:22:54
2357494,rejected,2026-08-17 18:36:57
2356991,rejected,2026-08-17 18:48:40
2356999,rejected,2026-08-17 18:50:36
2355890,rejected,2026-08-17 18:53:37
2356818,rejected,2026-08-17 19:09:37
2357059,rejected,2026-08-17 20:00:01
2357356,rejected,2026-08-17 20:04:04
2357602,rejected,2026-08-17 20:16:37
2357692,rejected,2026-08-17 20:23:25
2357627,rejected,2026-08-17 20:38:58
2357245,rejected,2026-08-17 20:45:02
2357733,rejected,2026-08-17 20:47:01
2357488,rejected,2026-08-17 20:48:47
2357487,rejected,2026-08-17 20:49:03
2357572,rejected,2026-08-17 20:51:58
2357900,rejected,2026-08-17 20:55:43
2357762,rejected,2026-08-17 21:49:05
2357721,rejected,2026-08-17 21:50:06
2357673,rejected,2026-08-17 22:01:17
2357633,rejected,2026-08-17 22:04:24
2357416,rejected,2026-08-17 22:37:51
2357818,accepted,2026-08-17 22:54:11
2357793,accepted,2026-08-17 23:01:58
2357376,rejected,2026-08-17 23:06:21
2357154,rejected,2026-08-17 23:16:31
2356762,rejected,2026-08-17 23:17:24
2356653,auto rejected automatically,2026-08-18 00:10:05
2357600,auto rejected automatically,2026-08-18 00:10:06
2356698,rejected,2026-08-18 08:53:36
2357218,rejected,2026-08-18 09:24:30
2357088,delivered,2026-08-18 10:32:47
2356458,rejected,2026-08-18 15:30:46
2357668,rejected,2026-08-18 15:44:37
2357620,rejected,2026-08-18 15:45:49
2357564,rejected,2026-08-18 15:53:05
2357766,rejected,2026-08-18 16:58:43
2357248,rejected,2026-08-18 18:07:13
2357892,created,2026-08-18 18:25:31
2357648,rejected,2026-08-18 18:44:55
2357483,rejected,2026-08-18 18:57:48
2357373,rejected,2026-08-18 20:17:15
2354524,on ground automatically,2026-08-19 00:10:04
2354960,auto rejected automatically,2026-08-19 00:12:14
2356804,auto rejected automatically,2026-08-19 00:12:14
2356807,accounts - reconciliation automatically,2026-08-19 00:12:14
2357076,auto rejected automatically,2026-08-19 00:12:15
2357754,created,2026-08-19 07:16:21
2357824,delivered,2026-08-19 09:44:01
2357263,pre qa - pending,2026-08-19 16:56:34
2356509,rejected after confrmation qa pending,2026-08-19 17:36:23
2357012,delivered,2026-08-19 18:29:37
2357939,accepted,2026-08-19 20:15:44
2357665,accepted,2026-08-19 22:16:58
2357011,on ground automatically,2026-08-20 00:10:05
2357591,accounts - reconciliation automatically,2026-08-20 00:10:06
2357929,auto rejected automatically,2026-08-20 00:10:06
2357660,rejected,2026-08-20 09:51:34
2357969,created,2026-08-20 10:23:58
2357402,delivered,2026-08-20 13:58:25
2357646,rejected,2026-08-20 14:35:06
2357914,accepted,2026-08-20 14:40:16
2357993,accepted,2026-08-21 12:26:52
2356577,rejected,2026-09-01 11:04:23
2357997,accepted,2026-09-02 10:04:29
2357617,created,2026-09-02 11:54:34
2357756,rejected,2026-09-02 11:54:44
2356524,accepted,2026-09-03 11:19:42
2358002,accepted,2026-09-04 11:29:13
2356853,rejected,2026-09-04 15:50:13
2357180,rejected,2026-09-04 16:03:46
2357763,accepted,2026-09-04 16:07:23
2357410,created,2026-09-04 16:09:52
2357424,rejected,2026-09-04 16:10:15
2357546,rejected,2026-09-04 16:10:41
